{"type":"FeatureCollection", "features": [
{"type":"Feature","geometry":{"type":"Polygon","coordinates":[[[21.7876,51.4201],[21.8013,51.4276],[21.8283,51.4258],[21.8392,51.4176],[21.851,51.4306],[21.8545,51.4475],[21.8681,51.4628],[21.8732,51.4749],[21.8564,51.4776],[21.847,51.488],[21.8553,51.5104],[21.8434,51.5222],[21.8318,51.5406],[21.8331,51.5484],[21.8278,51.5596],[21.8174,51.5642],[21.7824,51.5686],[21.7558,51.5604],[21.6961,51.5701],[21.678,51.5774],[21.6556,51.5824],[21.6484,51.603],[21.6254,51.6101],[21.6155,51.6176],[21.5861,51.6246],[21.5597,51.6435],[21.5507,51.6596],[21.5432,51.6642],[21.5024,51.6655],[21.4837,51.6616],[21.4728,51.6648],[21.4636,51.6873],[21.4451,51.7043],[21.4454,51.7208],[21.4285,51.7289],[21.4103,51.745],[21.4126,51.7538],[21.4328,51.7701],[21.4351,51.7838],[21.4132,51.8037],[21.3823,51.8221],[21.3105,51.8427],[21.2916,51.8539],[21.2864,51.8617],[21.2621,51.8532],[21.255,51.8464],[21.2683,51.8345],[21.2829,51.8293],[21.2864,51.8172],[21.2673,51.8073],[21.2428,51.7984],[21.2327,51.7901],[21.2361,51.7859],[21.2036,51.7832],[21.2006,51.7723],[21.1769,51.7596],[21.1659,51.7703],[21.1489,51.7627],[21.1578,51.7578],[21.1483,51.7511],[21.1413,51.7563],[21.1309,51.7508],[21.1338,51.7439],[21.1228,51.7452],[21.1179,51.7392],[21.1304,51.733],[21.1248,51.7279],[21.1375,51.7225],[21.1488,51.7321],[21.176,51.7321],[21.1715,51.6906],[21.1561,51.7021],[21.1585,51.691],[21.1542,51.6825],[21.1584,51.6724],[21.1833,51.6715],[21.1967,51.6641],[21.1997,51.6687],[21.214,51.6664],[21.2145,51.6521],[21.2066,51.6446],[21.2219,51.6489],[21.2429,51.6367],[21.2315,51.6355],[21.2254,51.6154],[21.2187,51.6072],[21.2063,51.607],[21.2047,51.5987],[21.2161,51.5965],[21.2055,51.5887],[21.2309,51.5849],[21.2575,51.5663],[21.2908,51.5575],[21.3037,51.5585],[21.3116,51.5503],[21.3577,51.5396],[21.3844,51.5362],[21.4182,51.5356],[21.4386,51.5144],[21.4604,51.5277],[21.4642,51.54],[21.4721,51.5369],[21.4874,51.5457],[21.518,51.5577],[21.5374,51.546],[21.5422,51.5378],[21.5584,51.5395],[21.5666,51.5242],[21.5655,51.5159],[21.5544,51.4983],[21.5451,51.4905],[21.5471,51.4765],[21.537,51.455],[21.55,51.4446],[21.5568,51.4517],[21.6068,51.4515],[21.6137,51.4579],[21.6067,51.4725],[21.6252,51.4761],[21.6513,51.4697],[21.6717,51.4765],[21.6931,51.4721],[21.699,51.4771],[21.7038,51.4948],[21.7339,51.5008],[21.7299,51.4857],[21.7423,51.4782],[21.7423,51.4724],[21.7156,51.4709],[21.7167,51.467],[21.7362,51.4644],[21.7356,51.4541],[21.7503,51.4404],[21.7524,51.4272],[21.7637,51.4224],[21.7876,51.4201]]]},"properties":{"code":"1407","name":"powiat kozienicki","country":"PL","level":"district","parent":"14","grodzki":false,"type":"powiat"}},
{"type":"Feature","geometry":{"type":"MultiPolygon","coordinates":[[[[19.8822,49.975],[19.8792,49.9714],[19.8633,49.9748],[19.8645,49.9832],[19.8488,49.9852],[19.8495,49.9947],[19.8192,49.997],[19.8095,49.9922],[19.7961,49.9958],[19.7922,50.0118],[19.8058,50.0261],[19.821,50.0206],[19.8287,50.0247],[19.8263,50.0324],[19.8134,50.0354],[19.811,50.0429],[19.8213,50.0577],[19.8045,50.0621],[19.8017,50.0692],[19.8112,50.0802],[19.8515,50.0944],[19.8614,50.0927],[19.8674,50.0992],[19.8618,50.1059],[19.8753,50.111],[19.8792,50.1188],[19.9005,50.1255],[19.9086,50.1179],[19.9151,50.1009],[19.9277,50.1051],[19.925,50.114],[19.9474,50.1193],[19.9581,50.1083],[19.9867,50.1048],[20.0153,50.1067],[20.0275,50.1044],[20.0419,50.1135],[20.0469,50.1094],[20.0585,50.1147],[20.0785,50.1126],[20.0784,50.1083],[20.0961,50.1193],[20.12,50.1165],[20.1208,50.1085],[20.1431,50.1065],[20.1468,50.1143],[20.16,50.1215],[20.1854,50.1168],[20.2013,50.1204],[20.2045,50.1297],[20.1947,50.1337],[20.1882,50.143],[20.1762,50.1498],[20.146,50.155],[20.1481,50.1621],[20.1698,50.1704],[20.1608,50.1795],[20.1749,50.1868],[20.1648,50.1952],[20.1656,50.2026],[20.1557,50.2042],[20.1634,50.2284],[20.1541,50.2268],[20.1452,50.2377],[20.1353,50.2416],[20.1263,50.2606],[20.1382,50.2709],[20.1734,50.2759],[20.1769,50.2901],[20.1504,50.2998],[20.1214,50.3052],[20.1173,50.3101],[20.0901,50.3066],[20.0964,50.297],[20.078,50.2982],[20.0742,50.2942],[20.0469,50.2983],[20.0343,50.2928],[20.0185,50.2935],[20.0164,50.2888],[19.9957,50.2827],[19.9634,50.2806],[19.9461,50.2823],[19.9382,50.2644],[19.9205,50.2597],[19.9288,50.2749],[19.9113,50.2802],[19.9014,50.2761],[19.8936,50.2655],[19.8775,50.2718],[19.8733,50.2785],[19.8503,50.2568],[19.8375,50.251],[19.8342,50.2635],[19.8126,50.2781],[19.8024,50.2691],[19.7746,50.2714],[19.7776,50.2761],[19.7455,50.2885],[19.7182,50.2924],[19.7041,50.2996],[19.6909,50.2954],[19.6739,50.2958],[19.6779,50.2825],[19.6732,50.2767],[19.6758,50.2651],[19.686,50.2628],[19.6778,50.2413],[19.6576,50.2253],[19.6562,50.2152],[19.6444,50.2085],[19.6481,50.2],[19.6294,50.1919],[19.5954,50.1896],[19.5887,50.1981],[19.5684,50.2007],[19.5253,50.2007],[19.5286,50.1889],[19.5471,50.1843],[19.5597,50.1716],[19.5422,50.1696],[19.541,50.1604],[19.5469,50.1397],[19.5319,50.1407],[19.5397,50.1238],[19.5392,50.1117],[19.5506,50.099],[19.5779,50.092],[19.5878,50.0778],[19.6053,50.0624],[19.6075,50.0486],[19.6269,50.0381],[19.6229,50.0291],[19.6014,50.0329],[19.5851,50.0213],[19.5593,50.0198],[19.5603,50.0121],[19.5662,50.0019],[19.5809,49.9889],[19.5921,49.9912],[19.5968,50.0006],[19.6048,49.9883],[19.6007,49.9823],[19.6233,49.9849],[19.637,49.9806],[19.6457,49.9912],[19.6508,49.9837],[19.6691,49.9787],[19.6522,49.9684],[19.6618,49.9532],[19.6762,49.9486],[19.6961,49.9485],[19.698,49.957],[19.7193,49.9581],[19.7176,49.9475],[19.7324,49.9177],[19.7424,49.9119],[19.7567,49.9165],[19.7577,49.9099],[19.7727,49.893],[19.8011,49.8892],[19.8103,49.8852],[19.824,49.8938],[19.8317,49.9065],[19.8523,49.913],[19.8502,49.9313],[19.86,49.9262],[19.883,49.9241],[19.8799,49.917],[19.8931,49.9115],[19.9015,49.9021],[19.9016,49.9021],[19.9015,49.9021],[19.9016,49.9021],[19.9037,49.9013],[19.9038,49.9013],[19.9037,49.9013],[19.9038,49.9013],[19.9145,49.8988],[19.9337,49.909],[19.9327,49.9154],[19.9435,49.9238],[19.9588,49.9212],[19.9802,49.9315],[20.0013,49.9311],[20.0071,49.9405],[20.0037,49.9498],[19.9818,49.9493],[19.9823,49.9601],[19.9693,49.9602],[19.9634,49.9686],[19.9557,49.9687],[19.9257,49.9813],[19.8874,49.9798],[19.8823,49.975],[19.8822,49.975],[19.8823,49.975],[19.8822,49.975]]],[[[20.3538,50.1171],[20.3387,50.1226],[20.3218,50.1223],[20.3187,50.1374],[20.3324,50.1455],[20.3226,50.159],[20.3065,50.1547],[20.2844,50.1593],[20.2766,50.1574],[20.2827,50.1461],[20.2774,50.1306],[20.266,50.1345],[20.2628,50.1201],[20.2348,50.1111],[20.2091,50.1156],[20.1974,50.1083],[20.1916,50.0976],[20.193,50.0705],[20.2068,50.0647],[20.2173,50.0534],[20.2286,50.0592],[20.2342,50.0678],[20.2549,50.0662],[20.2596,50.0746],[20.2748,50.0768],[20.2887,50.0837],[20.2993,50.0979],[20.3396,50.0919],[20.3483,50.0999],[20.3397,50.1091],[20.3538,50.1171]]]]},"properties":{"code":"1206","name":"powiat krakowski","country":"PL","level":"district","parent":"12","grodzki":false,"type":"powiat"}},
{"type":"Feature","geometry":{"type":"Polygon","coordinates":[[[19.9634,49.9686],[19.9644,49.9777],[19.9822,49.9797],[19.9813,49.9726],[20.0081,49.975],[20.0186,49.9859],[20.0027,49.9991],[20.0185,50.0042],[20.0478,49.999],[20.0481,50.004],[20.0657,50.0078],[20.0677,50.0254],[20.089,50.0449],[20.0922,50.038],[20.1069,50.0424],[20.1251,50.0397],[20.1423,50.0457],[20.154,50.043],[20.1844,50.0481],[20.21,50.0454],[20.2173,50.0534],[20.2068,50.0647],[20.193,50.0705],[20.1916,50.0976],[20.1974,50.1083],[20.2091,50.1156],[20.2013,50.1204],[20.1854,50.1168],[20.16,50.1215],[20.1468,50.1143],[20.1431,50.1065],[20.1208,50.1085],[20.12,50.1165],[20.0961,50.1193],[20.0784,50.1083],[20.0785,50.1126],[20.0585,50.1147],[20.0469,50.1094],[20.0419,50.1135],[20.0275,50.1044],[20.0153,50.1067],[19.9867,50.1048],[19.9581,50.1083],[19.9474,50.1193],[19.925,50.114],[19.9277,50.1051],[19.9151,50.1009],[19.9086,50.1179],[19.9005,50.1255],[19.8792,50.1188],[19.8753,50.111],[19.8618,50.1059],[19.8674,50.0992],[19.8614,50.0927],[19.8515,50.0944],[19.8112,50.0802],[19.8017,50.0692],[19.8045,50.0621],[19.8213,50.0577],[19.811,50.0429],[19.8134,50.0354],[19.8263,50.0324],[19.8287,50.0247],[19.821,50.0206],[19.8058,50.0261],[19.7922,50.0118],[19.7961,49.9958],[19.8095,49.9922],[19.8192,49.997],[19.8495,49.9947],[19.8488,49.9852],[19.8645,49.9832],[19.8633,49.9748],[19.8792,49.9714],[19.8822,49.975],[19.8823,49.975],[19.8822,49.975],[19.8823,49.975],[19.8874,49.9798],[19.9257,49.9813],[19.9557,49.9687],[19.9634,49.9686]]]},"properties":{"code":"1261","name":"powiat Kraków","country":"PL","level":"district","parent":"12","grodzki":true,"type":"miasto na prawach powiatu"}},
{"type":"Feature","geometry":{"type":"Polygon","coordinates":[[[18.118,50.5543],[18.1052,50.5538],[18.0952,50.5604],[18.0676,50.555],[18.0488,50.5564],[18.0424,50.5623],[18.0134,50.5494],[17.9971,50.5526],[17.9911,50.547],[17.952,50.5472],[17.9463,50.5518],[17.9393,50.5448],[17.9157,50.5475],[17.8971,50.5462],[17.8838,50.5255],[17.873,50.5017],[17.8138,50.5302],[17.7788,50.5006],[17.7575,50.4858],[17.7581,50.4725],[17.7642,50.4623],[17.7616,50.4393],[17.7515,50.4337],[17.7535,50.4212],[17.7659,50.4083],[17.775,50.423],[17.7944,50.4167],[17.7953,50.4088],[17.8064,50.4129],[17.8165,50.4099],[17.8238,50.4185],[17.8188,50.425],[17.8291,50.4263],[17.8464,50.4196],[17.8293,50.3974],[17.8329,50.3964],[17.8574,50.4123],[17.8816,50.4056],[17.89,50.4062],[17.8715,50.3971],[17.8763,50.3885],[17.8886,50.3885],[17.8867,50.3813],[17.9244,50.3725],[17.9185,50.3653],[17.92,50.3499],[17.9278,50.3623],[17.9458,50.3591],[17.9466,50.3548],[17.9656,50.3592],[17.9869,50.3551],[18.0066,50.3567],[18.0142,50.3514],[18.0217,50.3579],[18.0323,50.346],[18.0498,50.3433],[18.06,50.3615],[18.0558,50.3675],[18.0344,50.3753],[18.0346,50.3859],[18.0416,50.3919],[18.0589,50.3956],[18.0491,50.4048],[18.0625,50.4099],[18.0679,50.4169],[18.0857,50.4096],[18.098,50.4156],[18.1064,50.4118],[18.1015,50.4062],[18.1124,50.39],[18.1096,50.3752],[18.1255,50.3705],[18.1535,50.3866],[18.1481,50.3913],[18.1604,50.3999],[18.1449,50.4061],[18.1535,50.4144],[18.1479,50.4297],[18.1568,50.434],[18.1634,50.4486],[18.1513,50.4459],[18.1466,50.4563],[18.1573,50.462],[18.129,50.4804],[18.1051,50.4859],[18.0758,50.5079],[18.0908,50.5118],[18.1069,50.5327],[18.118,50.5543]]]},"properties":{"code":"1605","name":"powiat krapkowicki","country":"PL","level":"district","parent":"16","grodzki":false,"type":"powiat"}},
{"type":"Feature","geometry":{"type":"Polygon","coordinates":[[[22.8881,50.8078],[22.9098,50.81],[22.9344,50.804],[22.9482,50.8242],[22.989,50.8226],[23.0044,50.845],[23.023,50.8568],[23.0336,50.8691],[23.0603,50.8601],[23.0652,50.8541],[23.083,50.8516],[23.0809,50.8426],[23.0959,50.8437],[23.1174,50.8403],[23.1377,50.8416],[23.1534,50.8506],[23.1516,50.8762],[23.1868,50.8701],[23.1997,50.8655],[23.2018,50.8502],[23.2151,50.8488],[23.2477,50.8551],[23.2481,50.8619],[23.2597,50.873],[23.2412,50.8825],[23.2476,50.8876],[23.2652,50.8876],[23.2891,50.9068],[23.2979,50.9092],[23.3185,50.8986],[23.375,50.8905],[23.3975,50.8967],[23.4234,50.8935],[23.45,50.8776],[23.4584,50.8767],[23.4653,50.8873],[23.4795,50.8983],[23.4611,50.9064],[23.4505,50.9237],[23.4319,50.9328],[23.4273,50.9518],[23.4176,50.9543],[23.4125,50.9638],[23.3857,50.9786],[23.4036,50.986],[23.4118,50.9941],[23.449,51.0078],[23.455,51.0151],[23.4486,51.0416],[23.429,51.0384],[23.4138,51.0444],[23.3588,51.0502],[23.3418,51.0452],[23.3101,51.0502],[23.3146,51.0559],[23.29,51.0548],[23.2748,51.057],[23.2296,51.0719],[23.2213,51.0815],[23.2065,51.0851],[23.1918,51.0777],[23.17,51.0989],[23.1584,51.0947],[23.1466,51.0962],[23.1263,51.0854],[23.1252,51.0919],[23.0756,51.0851],[23.0648,51.0974],[23.0363,51.0876],[23.0056,51.0929],[22.9997,51.1061],[22.9738,51.1114],[22.9594,51.1197],[22.9381,51.1178],[22.9296,51.1221],[22.9163,51.111],[22.9083,51.0968],[22.8875,51.0695],[22.8806,51.0702],[22.8803,51.0493],[22.8934,51.0491],[22.9015,51.0243],[22.9519,51.0211],[22.9469,51.0012],[22.9264,50.9972],[22.9297,50.9924],[22.9166,50.989],[22.9177,50.9765],[22.879,50.9652],[22.8447,50.9743],[22.836,50.9786],[22.8266,50.9728],[22.8135,50.9734],[22.7861,50.9646],[22.7891,50.95],[22.7814,50.9357],[22.7872,50.9371],[22.8007,50.926],[22.7731,50.9214],[22.7731,50.9139],[22.7617,50.9069],[22.7712,50.8844],[22.8013,50.8779],[22.8046,50.8698],[22.8041,50.8453],[22.8092,50.8352],[22.8541,50.815],[22.8656,50.8119],[22.8717,50.8203],[22.8861,50.8211],[22.8981,50.811],[22.8881,50.8078]]]},"properties":{"code":"0606","name":"powiat krasnostawski","country":"PL","level":"district","parent":"06","grodzki":false,"type":"powiat"}},
{"type":"Feature","geometry":{"type":"Polygon","coordinates":[[[22.163,50.7973],[22.1807,50.8151],[22.1919,50.8139],[22.2137,50.8251],[22.2249,50.8368],[22.2352,50.8346],[22.2481,50.8422],[22.2601,50.8391],[22.2626,50.8315],[22.2798,50.8244],[22.2752,50.8143],[22.2809,50.806],[22.2747,50.7968],[22.2921,50.7985],[22.2969,50.8141],[22.3197,50.7993],[22.3311,50.8048],[22.3305,50.7979],[22.3397,50.7876],[22.363,50.7949],[22.3598,50.8093],[22.3527,50.8144],[22.3671,50.8169],[22.3734,50.8235],[22.4043,50.8183],[22.3993,50.8341],[22.4098,50.8483],[22.4135,50.865],[22.4035,50.8743],[22.4128,50.8822],[22.4219,50.882],[22.4176,50.8894],[22.439,50.8852],[22.4693,50.8854],[22.4702,50.9026],[22.4748,50.9129],[22.454,50.9168],[22.4431,50.9256],[22.4564,50.9246],[22.4739,50.9369],[22.479,50.9488],[22.4774,50.9633],[22.4686,50.9547],[22.4467,50.9721],[22.4526,50.9835],[22.4265,50.9917],[22.3872,50.9992],[22.3855,51.0111],[22.3761,51.0373],[22.3547,51.0503],[22.3191,51.0509],[22.3182,51.0392],[22.2721,51.0316],[22.21,51.033],[22.1925,51.0364],[22.1776,51.0355],[22.1676,51.0442],[22.1388,51.0505],[22.0947,51.0497],[22.0826,51.0472],[22.064,51.0517],[22.0531,51.0593],[22.0397,51.0479],[22.0312,51.0517],[22.0204,51.0401],[22.0199,51.0213],[22.0317,51.0095],[22.0279,50.9997],[22.0349,50.9875],[22.0305,50.9841],[21.9959,50.992],[21.9855,51.0011],[21.9743,50.9958],[21.9709,50.9855],[21.9845,50.9847],[21.9713,50.9771],[21.9609,50.9627],[21.9503,50.9604],[21.9293,50.9673],[21.9297,50.9593],[21.9133,50.9524],[21.9161,50.959],[21.9077,50.9661],[21.8752,50.979],[21.8406,50.9819],[21.8172,50.974],[21.8195,50.9641],[21.8129,50.9551],[21.8129,50.9345],[21.8307,50.905],[21.829,50.896],[21.8358,50.8783],[21.8474,50.8617],[21.8416,50.8443],[21.8467,50.8352],[21.8665,50.8221],[21.869,50.8136],[21.8643,50.8027],[21.8747,50.7982],[21.8797,50.7889],[21.8754,50.7796],[21.8954,50.7797],[21.9206,50.7746],[21.9502,50.7716],[21.9724,50.7878],[21.9944,50.7832],[22.0133,50.7959],[22.0412,50.8099],[22.0521,50.8205],[22.0943,50.8141],[22.1374,50.801],[22.163,50.7973]]]},"properties":{"code":"0607","name":"powiat kraśnicki","country":"PL","level":"district","parent":"06","grodzki":false,"type":"powiat"}},
{"type":"Feature","geometry":{"type":"Polygon","coordinates":[[[21.7126,49.7314],[21.6993,49.7185],[21.6947,49.7085],[21.7031,49.7021],[21.7023,49.6841],[21.7109,49.6776],[21.7228,49.6785],[21.7498,49.6687],[21.7763,49.6506],[21.8002,49.66],[21.8221,49.6522],[21.828,49.6552],[21.8202,49.6628],[21.8031,49.6638],[21.7999,49.6749],[21.8113,49.7002],[21.8043,49.7006],[21.7874,49.7116],[21.7585,49.7221],[21.7277,49.7207],[21.7126,49.7314]]]},"properties":{"code":"1861","name":"powiat Krosno","country":"PL","level":"district","parent":"18","grodzki":true,"type":"miasto na prawach powiatu"}},
{"type":"Feature","geometry":{"type":"Polygon","coordinates":[[[21.5803,49.4353],[21.6016,49.4353],[21.6148,49.4448],[21.6309,49.4473],[21.6441,49.4313],[21.6566,49.4244],[21.6589,49.4168],[21.6847,49.4114],[21.6975,49.4183],[21.7235,49.4108],[21.7258,49.3992],[21.7634,49.3835],[21.7662,49.3672],[21.778,49.356],[21.7906,49.3595],[21.7877,49.366],[21.803,49.3822],[21.8174,49.3843],[21.8258,49.3908],[21.8402,49.3915],[21.8476,49.3786],[21.859,49.3686],[21.8755,49.3736],[21.8873,49.369],[21.8934,49.3572],[21.9038,49.35],[21.918,49.3542],[21.932,49.3464],[21.9522,49.35],[21.9404,49.3666],[21.9339,49.3867],[21.9392,49.3961],[21.9307,49.4025],[21.9364,49.4189],[21.9294,49.4202],[21.926,49.4345],[21.9591,49.4443],[21.9725,49.4546],[21.9669,49.463],[21.9503,49.4757],[21.9693,49.4885],[21.9508,49.501],[21.9395,49.5046],[21.9239,49.5338],[21.9359,49.5527],[21.9303,49.5761],[21.9154,49.5821],[21.9157,49.5944],[21.9088,49.604],[21.9236,49.6025],[21.927,49.6149],[21.9345,49.6205],[21.9443,49.6173],[21.9639,49.6179],[21.9453,49.6253],[21.9398,49.6239],[21.9223,49.6311],[21.9169,49.6403],[21.9041,49.6382],[21.9016,49.6325],[21.8832,49.6335],[21.875,49.6424],[21.8519,49.6439],[21.8581,49.6503],[21.8526,49.6585],[21.8702,49.679],[21.8824,49.7032],[21.8934,49.7087],[21.9121,49.7248],[21.9064,49.74],[21.8782,49.7505],[21.8537,49.7474],[21.8509,49.7512],[21.863,49.7598],[21.8828,49.7679],[21.8948,49.7811],[21.8583,49.7918],[21.837,49.7912],[21.8117,49.7812],[21.7726,49.8006],[21.7419,49.7939],[21.7352,49.7958],[21.7169,49.8121],[21.6869,49.827],[21.6606,49.8438],[21.6422,49.8297],[21.6287,49.8231],[21.6401,49.816],[21.6375,49.8058],[21.6181,49.7979],[21.627,49.7921],[21.6342,49.7739],[21.6461,49.7749],[21.6452,49.7678],[21.6324,49.7614],[21.6114,49.763],[21.6153,49.7565],[21.6037,49.7458],[21.6136,49.7426],[21.622,49.7292],[21.62,49.7088],[21.6019,49.7047],[21.5951,49.6934],[21.5798,49.6921],[21.5797,49.6737],[21.5855,49.6713],[21.5841,49.6575],[21.5881,49.6508],[21.5727,49.6418],[21.5724,49.6319],[21.5939,49.6266],[21.5981,49.6354],[21.6172,49.6367],[21.6252,49.6244],[21.6178,49.6143],[21.6031,49.6073],[21.6137,49.6052],[21.6109,49.5918],[21.5984,49.5845],[21.581,49.5494],[21.5933,49.5451],[21.6011,49.5314],[21.6039,49.5119],[21.6142,49.4969],[21.6039,49.4951],[21.5892,49.4845],[21.591,49.4706],[21.5696,49.4565],[21.5768,49.4486],[21.5803,49.4353]],[[21.7126,49.7314],[21.7277,49.7207],[21.7585,49.7221],[21.7874,49.7116],[21.8043,49.7006],[21.8113,49.7002],[21.7999,49.6749],[21.8031,49.6638],[21.8202,49.6628],[21.828,49.6552],[21.8221,49.6522],[21.8002,49.66],[21.7763,49.6506],[21.7498,49.6687],[21.7228,49.6785],[21.7109,49.6776],[21.7023,49.6841],[21.7031,49.7021],[21.6947,49.7085],[21.6993,49.7185],[21.7126,49.7314]]]},"properties":{"code":"1807","name":"powiat krośnieński","country":"PL","level":"district","parent":"18","grodzki":false,"type":"powiat"}},
{"type":"Feature","geometry":{"type":"Polygon","coordinates":[[[15.1065,51.8629],[15.1663,51.8829],[15.1753,51.8906],[15.2111,51.9006],[15.2324,51.8991],[15.2393,51.9061],[15.2354,51.912],[15.2502,51.9334],[15.2692,51.9315],[15.2933,51.9621],[15.2765,51.9742],[15.281,51.9808],[15.2714,51.9996],[15.262,52.0013],[15.2648,52.016],[15.2781,52.0216],[15.269,52.0341],[15.2758,52.0394],[15.2707,52.0585],[15.2631,52.0659],[15.2567,52.0848],[15.2733,52.086],[15.2786,52.0759],[15.289,52.089],[15.286,52.1053],[15.2889,52.1152],[15.3058,52.1313],[15.2928,52.1432],[15.304,52.1903],[15.3144,52.2026],[15.3048,52.2042],[15.2884,52.214],[15.2545,52.2084],[15.2208,52.1946],[15.2146,52.2076],[15.2039,52.2058],[15.1978,52.2188],[15.1554,52.2113],[15.1538,52.2147],[15.101,52.205],[15.0913,52.2261],[15.0868,52.2317],[15.0675,52.2328],[15.0569,52.2254],[15.0239,52.2165],[14.9823,52.2189],[14.9636,52.2093],[14.9371,52.2111],[14.9242,52.206],[14.9133,52.2099],[14.8889,52.2065],[14.8832,52.1945],[14.8963,52.1829],[14.8814,52.1765],[14.8888,52.1665],[14.8693,52.1538],[14.8796,52.1552],[14.8865,52.1378],[14.8714,52.1344],[14.8715,52.1411],[14.8592,52.1466],[14.8363,52.1485],[14.809,52.1341],[14.8125,52.1094],[14.7965,52.1087],[14.8049,52.0947],[14.7898,52.0833],[14.8047,52.0746],[14.7902,52.0705],[14.7724,52.0811],[14.7628,52.0702],[14.7552,52.07],[14.7573,52.0607],[14.7452,52.0539],[14.7499,52.042],[14.7408,52.0228],[14.714,52.0037],[14.7217,51.9951],[14.7162,51.9824],[14.707,51.9796],[14.7073,51.9657],[14.7209,51.953],[14.7194,51.942],[14.7066,51.9354],[14.7055,51.9242],[14.6913,51.9081],[14.6936,51.9013],[14.6734,51.8895],[14.6631,51.8905],[14.6442,51.8674],[14.6071,51.8522],[14.6124,51.8455],[14.5905,51.8387],[14.591,51.8199],[14.6049,51.805],[14.6431,51.7968],[14.65,51.7865],[14.674,51.7858],[14.6833,51.793],[14.693,51.8105],[14.7135,51.815],[14.7358,51.8101],[14.7262,51.8384],[14.7514,51.8358],[14.7766,51.8391],[14.7551,51.8453],[14.753,51.8525],[14.7623,51.8579],[14.7817,51.8563],[14.7862,51.8501],[14.818,51.8484],[14.8256,51.8532],[14.8584,51.8497],[14.8489,51.8756],[14.8572,51.8812],[14.8821,51.8716],[14.9066,51.8729],[14.9272,51.8788],[14.9187,51.8873],[14.9389,51.8937],[14.9499,51.889],[14.9942,51.8831],[15.0151,51.888],[15.0314,51.8805],[15.0693,51.8728],[15.0706,51.8645],[15.0817,51.8608],[15.1065,51.8629]]]},"properties":{"code":"0802","name":"powiat krośnieński","country":"PL","level":"district","parent":"08","grodzki":false,"type":"powiat"}},
{"type":"Feature","geometry":{"type":"Polygon","coordinates":[[[17.6042,51.8202],[17.6077,51.8304],[17.5712,51.8387],[17.5624,51.8348],[17.5304,51.8386],[17.5211,51.8476],[17.5267,51.8609],[17.517,51.8733],[17.514,51.9008],[17.4706,51.893],[17.4417,51.8964],[17.418,51.8809],[17.404,51.8792],[17.3974,51.8734],[17.3812,51.8762],[17.3713,51.8735],[17.3672,51.8822],[17.3368,51.8856],[17.3342,51.8808],[17.3193,51.88],[17.3159,51.8752],[17.3366,51.8635],[17.3231,51.8546],[17.3067,51.8605],[17.2912,51.8548],[17.2975,51.8466],[17.3171,51.8486],[17.3381,51.8346],[17.3286,51.8159],[17.3172,51.813],[17.3207,51.7952],[17.3182,51.7872],[17.3303,51.7829],[17.3225,51.7613],[17.2928,51.7567],[17.2924,51.7527],[17.2714,51.7514],[17.2761,51.7654],[17.2696,51.7783],[17.2578,51.7815],[17.2559,51.7723],[17.2429,51.7711],[17.2215,51.7755],[17.2228,51.781],[17.2044,51.7872],[17.1805,51.7912],[17.1755,51.7758],[17.1798,51.7712],[17.1655,51.7619],[17.1528,51.746],[17.1836,51.7379],[17.1758,51.7147],[17.1606,51.7167],[17.1533,51.7108],[17.128,51.7161],[17.1281,51.702],[17.1419,51.7008],[17.1384,51.6934],[17.154,51.6927],[17.1908,51.6769],[17.2098,51.6821],[17.2326,51.6714],[17.2405,51.6549],[17.2399,51.6418],[17.2574,51.6428],[17.2898,51.6438],[17.3243,51.648],[17.3586,51.643],[17.3804,51.636],[17.4185,51.6306],[17.4382,51.6329],[17.4698,51.6265],[17.4866,51.6167],[17.499,51.6157],[17.5036,51.6093],[17.5213,51.6057],[17.5218,51.5903],[17.5563,51.5843],[17.5714,51.59],[17.578,51.6137],[17.5888,51.6198],[17.5826,51.6297],[17.5698,51.6278],[17.5666,51.622],[17.5496,51.6232],[17.5612,51.6497],[17.5527,51.6506],[17.5477,51.6644],[17.5633,51.6717],[17.6044,51.6747],[17.6193,51.6981],[17.6324,51.6967],[17.6277,51.7032],[17.6614,51.715],[17.6576,51.7287],[17.6608,51.7363],[17.6793,51.7385],[17.6945,51.7356],[17.693,51.743],[17.7072,51.7446],[17.712,51.7568],[17.6891,51.7601],[17.6819,51.7747],[17.6683,51.7763],[17.6612,51.7843],[17.6453,51.7903],[17.6467,51.7956],[17.634,51.7917],[17.6152,51.7938],[17.6102,51.7993],[17.6042,51.8202]]]},"properties":{"code":"3012","name":"powiat krotoszyński","country":"PL","level":"district","parent":"30","grodzki":false,"type":"powiat"}},
{"type":"Feature","geometry":{"type":"Polygon","coordinates":[[[19.5314,52.1249],[19.5769,52.1214],[19.5797,52.1238],[19.6085,52.1158],[19.6231,52.1214],[19.6348,52.1202],[19.6465,52.1375],[19.661,52.1325],[19.6657,52.1441],[19.698,52.1435],[19.7016,52.1528],[19.689,52.1723],[19.7004,52.1785],[19.7173,52.1794],[19.7124,52.192],[19.7137,52.2038],[19.7376,52.2091],[19.7429,52.2223],[19.764,52.2294],[19.7615,52.2423],[19.7502,52.2534],[19.7361,52.2586],[19.7291,52.2682],[19.6993,52.2785],[19.684,52.2628],[19.6895,52.2595],[19.6483,52.2537],[19.6345,52.2562],[19.6238,52.264],[19.6344,52.2744],[19.6137,52.2764],[19.616,52.2882],[19.5786,52.2898],[19.5492,52.2941],[19.5361,52.3021],[19.5196,52.3043],[19.5057,52.3151],[19.4915,52.3203],[19.5021,52.3333],[19.4628,52.3429],[19.4476,52.3516],[19.444,52.3446],[19.4261,52.3373],[19.4072,52.3389],[19.4059,52.3451],[19.3585,52.3415],[19.3493,52.3471],[19.3222,52.3484],[19.3287,52.3607],[19.3154,52.3716],[19.297,52.3686],[19.2935,52.377],[19.3089,52.3816],[19.3021,52.3915],[19.2892,52.3927],[19.2727,52.3939],[19.2639,52.3842],[19.2364,52.3693],[19.2367,52.3622],[19.2101,52.3656],[19.2091,52.3535],[19.2249,52.3442],[19.2183,52.3412],[19.2007,52.3513],[19.1996,52.36],[19.1874,52.3485],[19.1596,52.3408],[19.1482,52.3468],[19.124,52.3428],[19.1008,52.3479],[19.0687,52.3378],[19.06,52.3324],[19.0471,52.3328],[19.045,52.3185],[19.0363,52.3154],[19.0385,52.2993],[19.0457,52.2957],[19.038,52.2799],[19.0301,52.2731],[19.05,52.2734],[19.0948,52.2706],[19.1003,52.2659],[19.1025,52.2425],[19.0805,52.2385],[19.0799,52.2307],[19.0709,52.2284],[19.0821,52.2228],[19.0898,52.2067],[19.0776,52.2001],[19.1061,52.2],[19.1161,52.1945],[19.1359,52.1954],[19.1428,52.2057],[19.1635,52.2036],[19.1786,52.2054],[19.1862,52.197],[19.1761,52.1926],[19.1815,52.1878],[19.2046,52.1923],[19.2138,52.1818],[19.2319,52.1834],[19.2467,52.1902],[19.2486,52.1777],[19.2668,52.163],[19.2824,52.1672],[19.2786,52.1714],[19.2933,52.1767],[19.3038,52.1665],[19.3182,52.1737],[19.3331,52.1549],[19.3482,52.147],[19.3548,52.1134],[19.3677,52.1087],[19.3909,52.1098],[19.4306,52.1186],[19.4505,52.12],[19.4547,52.1308],[19.4621,52.1322],[19.4748,52.1254],[19.4889,52.1295],[19.5295,52.1321],[19.5314,52.1249]]]},"properties":{"code":"1002","name":"powiat kutnowski","country":"PL","level":"district","parent":"10","grodzki":false,"type":"powiat"}},
{"type":"Feature","geometry":{"type":"Polygon","coordinates":[[[19.323,53.8139],[19.2886,53.8238],[19.2628,53.823],[19.2111,53.8391],[19.1724,53.8415],[19.1256,53.8151],[19.0996,53.8056],[19.0908,53.8102],[19.0997,53.8136],[19.0798,53.8262],[19.0762,53.8338],[19.0877,53.8417],[19.0691,53.8451],[19.052,53.8543],[19.0551,53.86],[19.0319,53.8669],[19.0058,53.8537],[18.9982,53.856],[18.9931,53.8668],[18.9765,53.867],[18.9929,53.8802],[18.9613,53.8964],[18.967,53.9026],[18.9327,53.8992],[18.8858,53.9156],[18.8787,53.91],[18.8884,53.9002],[18.8833,53.882],[18.8553,53.848],[18.8405,53.8352],[18.84,53.8182],[18.8498,53.8056],[18.8389,53.7847],[18.8424,53.7667],[18.8565,53.7489],[18.8519,53.7327],[18.8449,53.7274],[18.789,53.7021],[18.7715,53.6769],[18.753,53.6635],[18.7393,53.6446],[18.7405,53.6323],[18.7616,53.6049],[18.7735,53.607],[18.8253,53.6048],[18.8432,53.602],[18.89,53.5995],[18.9063,53.5942],[18.9031,53.5779],[18.9151,53.5795],[18.9248,53.591],[18.9436,53.5882],[18.9873,53.5899],[18.9888,53.5951],[19.0187,53.591],[19.0498,53.5967],[19.0966,53.5967],[19.1293,53.5883],[19.1304,53.6083],[19.1387,53.61],[19.1629,53.6243],[19.1791,53.6403],[19.2064,53.6377],[19.2151,53.6492],[19.2146,53.6694],[19.2237,53.6687],[19.213,53.6914],[19.2249,53.7043],[19.2403,53.7123],[19.2644,53.7302],[19.2778,53.7324],[19.3009,53.7522],[19.3041,53.7673],[19.2989,53.7787],[19.3089,53.7881],[19.3111,53.8045],[19.323,53.8139]]]},"properties":{"code":"2207","name":"powiat kwidzyński","country":"PL","level":"district","parent":"22","grodzki":false,"type":"powiat"}},
{"type":"Feature","geometry":{"type":"Polygon","coordinates":[[[20.9151,52.354],[20.9241,52.3596],[20.9392,52.3584],[20.9436,52.3664],[20.9661,52.3682],[20.9713,52.359],[21.0057,52.3641],[21.0095,52.3568],[21.0233,52.3574],[21.0446,52.364],[21.0606,52.3626],[21.0738,52.3673],[21.0817,52.3541],[21.0852,52.3374],[21.1009,52.3495],[21.1167,52.3684],[21.1076,52.3703],[21.0978,52.3832],[21.0961,52.4018],[21.1166,52.4066],[21.1208,52.4112],[21.0976,52.4319],[21.1114,52.4421],[21.1087,52.4563],[21.0917,52.471],[21.0925,52.477],[21.0646,52.4777],[21.0802,52.5078],[21.0945,52.5083],[21.1276,52.5184],[21.1428,52.519],[21.1501,52.5276],[21.1409,52.532],[21.1196,52.5315],[21.1178,52.5491],[21.1218,52.5536],[21.1343,52.5662],[21.0982,52.5597],[21.0864,52.5491],[21.0501,52.5468],[21.0599,52.5426],[21.0534,52.5346],[21.0348,52.5346],[21.0138,52.5458],[21.0059,52.5351],[20.986,52.5408],[20.977,52.5384],[20.9698,52.5571],[20.9305,52.5589],[20.9243,52.5369],[20.9168,52.5268],[20.903,52.5175],[20.8948,52.5029],[20.891,52.4839],[20.8403,52.4865],[20.8187,52.4849],[20.7631,52.4686],[20.765,52.4492],[20.7589,52.4462],[20.7613,52.4246],[20.756,52.4161],[20.7388,52.4135],[20.737,52.4064],[20.7617,52.4045],[20.8107,52.3861],[20.8205,52.3789],[20.8415,52.3768],[20.8761,52.3793],[20.8968,52.3746],[20.912,52.3626],[20.9151,52.354]]]},"properties":{"code":"1408","name":"powiat legionowski","country":"PL","level":"district","parent":"14","grodzki":false,"type":"powiat"}},
{"type":"Feature","geometry":{"type":"Polygon","coordinates":[[[16.1282,51.2002],[16.1143,51.1922],[16.0847,51.1816],[16.0994,51.18],[16.1057,51.1668],[16.1354,51.162],[16.1841,51.1607],[16.1953,51.1933],[16.2173,51.1882],[16.2302,51.1987],[16.2249,51.2034],[16.2323,51.218],[16.2154,51.227],[16.2205,51.2402],[16.2119,51.2461],[16.1956,51.2407],[16.1816,51.2426],[16.1802,51.2476],[16.1658,51.2476],[16.1597,51.2383],[16.1451,51.2488],[16.1394,51.2474],[16.1506,51.2333],[16.1462,51.2207],[16.1328,51.2214],[16.1342,51.2128],[16.1229,51.2115],[16.1282,51.2002]]]},"properties":{"code":"0262","name":"powiat Legnica","country":"PL","level":"district","parent":"02","grodzki":true,"type":"miasto na prawach powiatu"}},
{"type":"Feature","geometry":{"type":"Polygon","coordinates":[[[16.0476,51.1154],[16.0675,51.1215],[16.0705,51.1061],[16.0963,51.1008],[16.1076,51.1109],[16.1251,51.108],[16.1341,51.1119],[16.1389,51.1302],[16.1525,51.1367],[16.1718,51.1331],[16.1734,51.1275],[16.1952,51.1223],[16.195,51.1053],[16.2165,51.1098],[16.2362,51.099],[16.249,51.1094],[16.2687,51.1067],[16.2753,51.1125],[16.2903,51.1091],[16.3036,51.1153],[16.3122,51.1299],[16.3238,51.137],[16.3267,51.1448],[16.3563,51.1495],[16.3731,51.1405],[16.37,51.1357],[16.3863,51.1331],[16.3872,51.1289],[16.4066,51.125],[16.4139,51.131],[16.4418,51.1261],[16.4487,51.1342],[16.4444,51.1392],[16.4544,51.1477],[16.4673,51.1477],[16.4637,51.158],[16.4468,51.1713],[16.4456,51.1789],[16.4546,51.1836],[16.467,51.203],[16.4662,51.2073],[16.4488,51.2121],[16.4528,51.2303],[16.4721,51.2306],[16.47,51.252],[16.459,51.2577],[16.4644,51.2665],[16.4556,51.2729],[16.4411,51.2737],[16.4303,51.2792],[16.4157,51.2937],[16.408,51.3005],[16.3952,51.3019],[16.3862,51.3115],[16.3878,51.3186],[16.3643,51.3223],[16.341,51.3324],[16.3276,51.3174],[16.3392,51.3131],[16.3252,51.3064],[16.3084,51.2913],[16.2869,51.2964],[16.273,51.2868],[16.2603,51.2837],[16.2436,51.2868],[16.2324,51.2938],[16.2122,51.2954],[16.211,51.2898],[16.1961,51.2838],[16.1955,51.2716],[16.1903,51.279],[16.1572,51.2931],[16.1298,51.2932],[16.1287,51.289],[16.0932,51.2872],[16.0804,51.3026],[16.0686,51.2991],[16.0694,51.2921],[16.0554,51.3002],[16.0313,51.3044],[16.0168,51.3032],[16.0041,51.3179],[16.0138,51.3275],[15.9973,51.329],[15.9863,51.3366],[15.9717,51.3372],[15.9537,51.3435],[15.9458,51.3375],[15.9224,51.3445],[15.9267,51.3494],[15.9061,51.3634],[15.8937,51.3631],[15.8896,51.3705],[15.8772,51.3693],[15.8615,51.3733],[15.8403,51.3836],[15.837,51.3701],[15.8251,51.3526],[15.8161,51.3535],[15.792,51.3305],[15.7718,51.3194],[15.7711,51.3012],[15.7898,51.2863],[15.7768,51.2871],[15.7682,51.269],[15.7472,51.263],[15.7524,51.2588],[15.7435,51.2531],[15.7469,51.2416],[15.7568,51.2318],[15.753,51.2186],[15.7578,51.2287],[15.7799,51.2312],[15.8049,51.2473],[15.7986,51.2568],[15.8084,51.2624],[15.8312,51.259],[15.8721,51.2475],[15.882,51.2506],[15.9047,51.2462],[15.9281,51.2319],[15.9145,51.2245],[15.94,51.2181],[15.9547,51.2118],[15.9527,51.2048],[15.9962,51.2061],[15.983,51.2201],[16.0047,51.221],[16.015,51.2247],[16.0259,51.2212],[16.0376,51.2271],[16.0552,51.223],[16.0631,51.2173],[16.0516,51.2103],[16.062,51.197],[16.0324,51.1771],[16.032,51.1657],[16.0196,51.1599],[16.0275,51.1555],[16.0249,51.1485],[16.0362,51.1433],[16.043,51.1153],[16.0475,51.1153],[16.0476,51.1154]],[[16.1282,51.2002],[16.1229,51.2115],[16.1342,51.2128],[16.1328,51.2214],[16.1462,51.2207],[16.1506,51.2333],[16.1394,51.2474],[16.1451,51.2488],[16.1597,51.2383],[16.1658,51.2476],[16.1802,51.2476],[16.1816,51.2426],[16.1956,51.2407],[16.2119,51.2461],[16.2205,51.2402],[16.2154,51.227],[16.2323,51.218],[16.2249,51.2034],[16.2302,51.1987],[16.2173,51.1882],[16.1953,51.1933],[16.1841,51.1607],[16.1354,51.162],[16.1057,51.1668],[16.0994,51.18],[16.0847,51.1816],[16.1143,51.1922],[16.1282,51.2002]]]},"properties":{"code":"0209","name":"powiat legnicki","country":"PL","level":"district","parent":"02","grodzki":false,"type":"powiat"}},
{"type":"Feature","geometry":{"type":"Polygon","coordinates":[[[22.2219,49.1844],[22.2306,49.1807],[22.2359,49.1685],[22.2278,49.1635],[22.2246,49.153],[22.2462,49.1533],[22.2818,49.1421],[22.2972,49.1415],[22.3205,49.1356],[22.3346,49.1465],[22.3697,49.1455],[22.3813,49.1305],[22.3902,49.1274],[22.4095,49.1051],[22.4284,49.0985],[22.4553,49.1037],[22.4668,49.1007],[22.4871,49.0884],[22.4998,49.0859],[22.5113,49.0922],[22.5456,49.092],[22.5494,49.1006],[22.5376,49.1107],[22.5369,49.1227],[22.5476,49.1398],[22.5531,49.1566],[22.5171,49.1723],[22.4807,49.1862],[22.4781,49.1917],[22.4791,49.216],[22.4768,49.2283],[22.4557,49.2377],[22.4493,49.2484],[22.4646,49.2809],[22.4606,49.2856],[22.4789,49.2965],[22.4915,49.3149],[22.5006,49.3055],[22.5052,49.3101],[22.4983,49.3237],[22.5191,49.3238],[22.5186,49.3478],[22.5089,49.3477],[22.5,49.3568],[22.4861,49.3589],[22.4866,49.3685],[22.4764,49.3704],[22.4744,49.3772],[22.4932,49.3854],[22.471,49.3983],[22.4661,49.4113],[22.4737,49.4146],[22.4832,49.4351],[22.4922,49.4403],[22.5291,49.4535],[22.5336,49.4628],[22.4757,49.4902],[22.4913,49.4979],[22.4951,49.5221],[22.4793,49.5265],[22.4826,49.5337],[22.4703,49.5391],[22.479,49.5444],[22.4692,49.5491],[22.466,49.5437],[22.4471,49.544],[22.423,49.5535],[22.4173,49.5454],[22.4084,49.5476],[22.3956,49.5276],[22.385,49.5297],[22.3502,49.5503],[22.329,49.533],[22.3261,49.5231],[22.3147,49.5106],[22.3004,49.5172],[22.2948,49.506],[22.2937,49.4916],[22.2831,49.4845],[22.2856,49.4552],[22.2952,49.4504],[22.275,49.4294],[22.2528,49.3961],[22.2388,49.3803],[22.2363,49.3664],[22.2199,49.3508],[22.2142,49.338],[22.219,49.3265],[22.197,49.3098],[22.189,49.3087],[22.188,49.2985],[22.1952,49.2674],[22.2266,49.2593],[22.2475,49.2448],[22.2436,49.2329],[22.2449,49.2187],[22.2375,49.2019],[22.2219,49.1844]]]},"properties":{"code":"1821","name":"powiat leski","country":"PL","level":"district","parent":"18","grodzki":false,"type":"powiat"}},
{"type":"Feature","geometry":{"type":"Polygon","coordinates":[[[16.8601,51.9271],[16.834,51.9297],[16.8298,51.9361],[16.8169,51.9355],[16.8153,51.9442],[16.8039,51.9491],[16.7779,51.9482],[16.7778,51.9543],[16.7657,51.9535],[16.7671,51.9603],[16.7519,51.9573],[16.7013,51.9669],[16.6722,51.9681],[16.6421,51.9645],[16.6298,51.9735],[16.6237,51.9645],[16.6045,51.9621],[16.5816,51.9677],[16.5801,51.9639],[16.5593,51.9639],[16.5523,51.9556],[16.537,51.96],[16.5334,51.9693],[16.5284,51.9601],[16.5037,51.9589],[16.4941,51.9437],[16.4909,51.9533],[16.4629,51.9545],[16.4466,51.9474],[16.4256,51.9585],[16.4213,51.9696],[16.4264,51.9737],[16.3924,51.9813],[16.3809,51.9771],[16.3659,51.9844],[16.3872,51.9923],[16.3684,51.9905],[16.3645,51.9843],[16.3448,51.9819],[16.3314,51.9866],[16.3161,51.9733],[16.3179,51.9621],[16.3078,51.9614],[16.2881,51.9458],[16.2816,51.9296],[16.2435,51.9332],[16.2359,51.9384],[16.2013,51.9424],[16.1706,51.9359],[16.1431,51.9365],[16.1262,51.9339],[16.1382,51.9255],[16.1087,51.9036],[16.0991,51.9023],[16.1063,51.8959],[16.1231,51.8965],[16.1616,51.8924],[16.169,51.8845],[16.1929,51.8851],[16.2002,51.872],[16.2149,51.8698],[16.2293,51.876],[16.244,51.8881],[16.2521,51.9005],[16.2727,51.8951],[16.2803,51.9002],[16.3128,51.8864],[16.3515,51.8807],[16.3351,51.8711],[16.3577,51.8574],[16.3871,51.8464],[16.3795,51.8389],[16.4005,51.8378],[16.394,51.8197],[16.4018,51.8045],[16.3883,51.7933],[16.4162,51.7849],[16.4492,51.788],[16.4845,51.7823],[16.5453,51.7801],[16.54,51.7671],[16.5767,51.7686],[16.5806,51.7521],[16.6003,51.7459],[16.619,51.7447],[16.6351,51.749],[16.6479,51.7442],[16.6399,51.735],[16.6449,51.722],[16.6824,51.7049],[16.6961,51.7123],[16.7013,51.7205],[16.7144,51.7201],[16.7289,51.7334],[16.7338,51.776],[16.7416,51.7923],[16.7691,51.784],[16.7814,51.7924],[16.8003,51.7945],[16.8035,51.7886],[16.83,51.7903],[16.8493,51.7987],[16.847,51.8067],[16.862,51.8135],[16.8616,51.8209],[16.8512,51.842],[16.8706,51.8559],[16.8982,51.8628],[16.9043,51.8696],[16.9005,51.8797],[16.888,51.8808],[16.8793,51.8921],[16.8716,51.9106],[16.8637,51.9123],[16.8601,51.9271]],[[16.5425,51.8249],[16.5385,51.8323],[16.5277,51.8354],[16.547,51.8416],[16.5398,51.8463],[16.5369,51.8618],[16.5486,51.8557],[16.5516,51.868],[16.5714,51.8734],[16.5976,51.8676],[16.6146,51.8724],[16.6237,51.8652],[16.622,51.8557],[16.6141,51.854],[16.6139,51.8451],[16.6023,51.8167],[16.5858,51.8141],[16.572,51.8167],[16.5677,51.8072],[16.5496,51.8067],[16.5428,51.8143],[16.5425,51.8249]]]},"properties":{"code":"3013","name":"powiat leszczyński","country":"PL","level":"district","parent":"30","grodzki":false,"type":"powiat"}},
{"type":"Feature","geometry":{"type":"Polygon","coordinates":[[[16.5425,51.8249],[16.5428,51.8143],[16.5496,51.8067],[16.5677,51.8072],[16.572,51.8167],[16.5858,51.8141],[16.6023,51.8167],[16.6139,51.8451],[16.6141,51.854],[16.622,51.8557],[16.6237,51.8652],[16.6146,51.8724],[16.5976,51.8676],[16.5714,51.8734],[16.5516,51.868],[16.5486,51.8557],[16.5369,51.8618],[16.5398,51.8463],[16.547,51.8416],[16.5277,51.8354],[16.5385,51.8323],[16.5425,51.8249]]]},"properties":{"code":"3063","name":"powiat Leszno","country":"PL","level":"district","parent":"30","grodzki":true,"type":"miasto na prawach powiatu"}},
{"type":"Feature","geometry":{"type":"Polygon","coordinates":[[[22.4479,50.1231],[22.487,50.1271],[22.4942,50.1326],[22.5033,50.1279],[22.524,50.1307],[22.5273,50.1453],[22.5205,50.1525],[22.5279,50.1576],[22.5242,50.1638],[22.5316,50.171],[22.5479,50.1737],[22.5444,50.1889],[22.5375,50.1851],[22.5397,50.203],[22.5516,50.2013],[22.562,50.2089],[22.5525,50.2179],[22.5574,50.2251],[22.5784,50.2337],[22.5847,50.2215],[22.5996,50.2182],[22.6078,50.2229],[22.5736,50.2512],[22.5827,50.2672],[22.5925,50.2757],[22.6195,50.2668],[22.6332,50.2787],[22.6274,50.283],[22.631,50.2934],[22.6423,50.2944],[22.6382,50.3031],[22.6078,50.3109],[22.6066,50.3255],[22.6198,50.3331],[22.668,50.3393],[22.6872,50.3457],[22.6877,50.3565],[22.6676,50.3539],[22.6422,50.358],[22.6421,50.358],[22.6422,50.358],[22.6421,50.358],[22.6239,50.3573],[22.5955,50.3487],[22.583,50.3556],[22.5656,50.3591],[22.5309,50.3547],[22.5149,50.3458],[22.5018,50.3457],[22.5037,50.3529],[22.4823,50.3551],[22.4514,50.3708],[22.4529,50.3886],[22.4352,50.3925],[22.4372,50.3997],[22.4206,50.4002],[22.4054,50.3944],[22.4192,50.3853],[22.4414,50.3799],[22.436,50.3685],[22.4389,50.354],[22.4453,50.3572],[22.4556,50.3501],[22.4435,50.3439],[22.454,50.3352],[22.4175,50.334],[22.3878,50.3472],[22.3724,50.3502],[22.3731,50.3651],[22.3486,50.3771],[22.3488,50.3895],[22.334,50.3959],[22.3329,50.387],[22.3394,50.3699],[22.3222,50.3695],[22.3123,50.3758],[22.3195,50.3869],[22.3099,50.3933],[22.2922,50.3905],[22.2778,50.3842],[22.2577,50.3902],[22.2726,50.3651],[22.2685,50.3569],[22.2446,50.3644],[22.2254,50.3519],[22.2248,50.3463],[22.2111,50.3457],[22.2017,50.3349],[22.1929,50.3366],[22.1887,50.3191],[22.2073,50.3121],[22.2027,50.3047],[22.212,50.2999],[22.1988,50.2856],[22.1963,50.2734],[22.2109,50.2774],[22.213,50.2719],[22.2306,50.271],[22.248,50.2609],[22.2335,50.2468],[22.2507,50.2308],[22.2686,50.2275],[22.2717,50.2183],[22.2843,50.2048],[22.3083,50.2021],[22.3225,50.1886],[22.3546,50.1772],[22.3857,50.157],[22.378,50.1529],[22.4093,50.1259],[22.4163,50.1312],[22.4403,50.128],[22.4479,50.1231]]]},"properties":{"code":"1808","name":"powiat leżajski","country":"PL","level":"district","parent":"18","grodzki":false,"type":"powiat"}},
{"type":"Feature","geometry":{"type":"Polygon","coordinates":[[[17.8812,54.41],[17.8774,54.4179],[17.8528,54.4439],[17.8458,54.4633],[17.8672,54.4758],[17.8866,54.4805],[17.8753,54.4915],[17.8799,54.4976],[17.8651,54.501],[17.858,54.5147],[17.8273,54.5126],[17.8242,54.5211],[17.8368,54.5248],[17.8383,54.5418],[17.8309,54.5534],[17.8472,54.5584],[17.8423,54.5647],[17.8272,54.562],[17.8137,54.5685],[17.7972,54.5878],[17.7844,54.5914],[17.7786,54.6145],[17.801,54.6117],[17.8161,54.6054],[17.8143,54.6362],[17.8268,54.6559],[17.8276,54.6659],[17.797,54.6679],[17.7885,54.6776],[17.7824,54.7018],[17.769,54.7055],[17.7493,54.7245],[17.7635,54.7337],[17.7725,54.7323],[17.7631,54.7443],[17.7435,54.7464],[17.7251,54.756],[17.7225,54.7743],[17.7038,54.7777],[17.6763,54.7716],[17.6665,54.7833],[17.6268,54.7773],[17.5508,54.7701],[17.4912,54.7606],[17.4916,54.7521],[17.5273,54.7539],[17.5295,54.7462],[17.5166,54.7472],[17.4744,54.7286],[17.4401,54.722],[17.4167,54.7126],[17.4253,54.7018],[17.4367,54.6965],[17.4515,54.7052],[17.4426,54.714],[17.4573,54.7141],[17.4645,54.7049],[17.4786,54.7023],[17.4943,54.7114],[17.4883,54.6991],[17.508,54.6992],[17.5265,54.7047],[17.5426,54.6915],[17.5291,54.6906],[17.5238,54.6771],[17.5018,54.6674],[17.5095,54.6616],[17.5582,54.6538],[17.577,54.6534],[17.598,54.6474],[17.617,54.6367],[17.6154,54.6269],[17.6058,54.6152],[17.5816,54.6061],[17.5805,54.5901],[17.567,54.5776],[17.5692,54.5702],[17.5482,54.5511],[17.5569,54.5457],[17.5722,54.5448],[17.6018,54.5345],[17.5653,54.5098],[17.539,54.5032],[17.5552,54.492],[17.5476,54.4845],[17.5631,54.4805],[17.5699,54.4842],[17.5889,54.4817],[17.596,54.4743],[17.6075,54.4751],[17.6183,54.468],[17.5979,54.4639],[17.6051,54.4565],[17.6004,54.4425],[17.6296,54.4204],[17.6446,54.4246],[17.6559,54.4224],[17.6527,54.4085],[17.6641,54.3819],[17.6627,54.3749],[17.6823,54.3801],[17.7162,54.3759],[17.7205,54.3901],[17.7293,54.3803],[17.7446,54.3744],[17.744,54.3596],[17.7504,54.3544],[17.7625,54.3535],[17.7792,54.3652],[17.7963,54.3706],[17.7891,54.3753],[17.8015,54.386],[17.7924,54.3942],[17.799,54.4118],[17.825,54.4155],[17.8486,54.4103],[17.8565,54.4034],[17.8812,54.41]]]},"properties":{"code":"2208","name":"powiat lęborski","country":"PL","level":"district","parent":"22","grodzki":false,"type":"powiat"}},
{"type":"Feature","geometry":{"type":"Polygon","coordinates":[[[22.7635,49.8082],[22.7501,49.8104],[22.7434,49.8182],[22.7281,49.8206],[22.7358,49.8052],[22.7249,49.7906],[22.7312,49.7862],[22.7221,49.782],[22.7366,49.7702],[22.7226,49.7685],[22.7131,49.7599],[22.7241,49.7487],[22.7307,49.7588],[22.7381,49.7601],[22.7754,49.7464],[22.7817,49.7509],[22.8126,49.7549],[22.8204,49.76],[22.8249,49.7715],[22.8451,49.7679],[22.8485,49.7841],[22.8336,49.795],[22.8015,49.7928],[22.7929,49.8015],[22.8078,49.8063],[22.7921,49.8124],[22.7635,49.8082]]]},"properties":{"code":"1862","name":"powiat Przemyśl","country":"PL","level":"district","parent":"18","grodzki":true,"type":"miasto na prawach powiatu"}},
{"type":"Feature","geometry":{"type":"Polygon","coordinates":[[[22.4184,49.8883],[22.4115,49.8977],[22.4121,49.9075],[22.4455,49.9162],[22.4433,49.919],[22.4701,49.9449],[22.5041,49.9499],[22.5503,49.9615],[22.5648,49.9628],[22.556,49.9829],[22.5805,49.9816],[22.5776,49.9907],[22.5681,49.9905],[22.5511,50.0023],[22.5598,50.0268],[22.58,50.0321],[22.6004,50.0418],[22.5967,50.0629],[22.6059,50.073],[22.5944,50.0829],[22.5939,50.0918],[22.6025,50.095],[22.5977,50.1082],[22.5896,50.116],[22.5839,50.132],[22.6016,50.1409],[22.6299,50.1338],[22.6511,50.1335],[22.6698,50.1288],[22.6819,50.1305],[22.6851,50.1373],[22.7199,50.1439],[22.7252,50.1483],[22.7635,50.1434],[22.7643,50.1573],[22.7563,50.167],[22.7778,50.1745],[22.7539,50.1829],[22.7251,50.1883],[22.726,50.1929],[22.7846,50.2128],[22.7978,50.2095],[22.8214,50.2505],[22.8249,50.2686],[22.836,50.2698],[22.8413,50.2976],[22.8214,50.302],[22.7375,50.3021],[22.7075,50.2914],[22.6861,50.2993],[22.659,50.301],[22.6442,50.3059],[22.6382,50.3031],[22.6423,50.2944],[22.631,50.2934],[22.6274,50.283],[22.6332,50.2787],[22.6195,50.2668],[22.5925,50.2757],[22.5827,50.2672],[22.5736,50.2512],[22.6078,50.2229],[22.5996,50.2182],[22.5847,50.2215],[22.5784,50.2337],[22.5574,50.2251],[22.5525,50.2179],[22.562,50.2089],[22.5516,50.2013],[22.5397,50.203],[22.5375,50.1851],[22.5444,50.1889],[22.5479,50.1737],[22.5316,50.171],[22.5242,50.1638],[22.5279,50.1576],[22.5205,50.1525],[22.5273,50.1453],[22.524,50.1307],[22.5033,50.1279],[22.4942,50.1326],[22.487,50.1271],[22.4479,50.1231],[22.4492,50.1091],[22.4219,50.1094],[22.4168,50.0912],[22.378,50.0924],[22.3838,50.0689],[22.3742,50.054],[22.3517,50.0517],[22.3513,50.0443],[22.3414,50.0518],[22.3506,50.0081],[22.339,50.0019],[22.3172,49.9984],[22.3044,49.9856],[22.3034,49.9766],[22.317,49.9721],[22.308,49.9574],[22.3189,49.9464],[22.3049,49.9449],[22.292,49.9484],[22.2961,49.9338],[22.2827,49.9327],[22.2761,49.9265],[22.2474,49.9331],[22.2342,49.9315],[22.2376,49.9215],[22.2324,49.9172],[22.2456,49.9058],[22.2384,49.9005],[22.2557,49.889],[22.2649,49.8752],[22.265,49.8752],[22.2649,49.8752],[22.265,49.8752],[22.2991,49.8728],[22.3147,49.8791],[22.3282,49.8791],[22.3437,49.8857],[22.3574,49.8799],[22.3774,49.889],[22.4033,49.8905],[22.4184,49.8882],[22.4184,49.8883]]]},"properties":{"code":"1814","name":"powiat przeworski","country":"PL","level":"district","parent":"18","grodzki":false,"type":"powiat"}},
{"type":"Feature","geometry":{"type":"Polygon","coordinates":[[[20.8545,51.3432],[20.8562,51.355],[20.8405,51.3561],[20.8382,51.3642],[20.857,51.376],[20.8482,51.3849],[20.8661,51.3889],[20.8869,51.4027],[20.8773,51.4145],[20.8511,51.4219],[20.8117,51.4098],[20.8032,51.4173],[20.7869,51.419],[20.7811,51.415],[20.7644,51.4189],[20.7797,51.4414],[20.7801,51.4475],[20.7573,51.4529],[20.7612,51.4609],[20.7742,51.4572],[20.7925,51.459],[20.7843,51.4626],[20.7862,51.4807],[20.7939,51.4857],[20.7903,51.4938],[20.7987,51.5117],[20.7838,51.5249],[20.7679,51.5286],[20.7665,51.5414],[20.759,51.5506],[20.7382,51.5519],[20.7327,51.5431],[20.7218,51.54],[20.701,51.5485],[20.7003,51.556],[20.7101,51.5593],[20.7046,51.5773],[20.6437,51.5837],[20.6394,51.5697],[20.6197,51.5677],[20.6046,51.5784],[20.5715,51.577],[20.5771,51.5619],[20.565,51.5563],[20.5555,51.5616],[20.5377,51.5631],[20.5211,51.5599],[20.4953,51.5605],[20.5003,51.5772],[20.497,51.5818],[20.5136,51.5929],[20.549,51.5994],[20.546,51.6098],[20.5202,51.6118],[20.494,51.6072],[20.4715,51.6078],[20.4575,51.6161],[20.4375,51.6165],[20.4253,51.6112],[20.4151,51.6043],[20.4222,51.6012],[20.4296,51.5994],[20.4378,51.5823],[20.4333,51.5753],[20.4414,51.5715],[20.4607,51.5744],[20.4677,51.5609],[20.4608,51.5504],[20.4501,51.5181],[20.4526,51.5036],[20.4656,51.5005],[20.4945,51.5003],[20.5003,51.5062],[20.5199,51.5098],[20.5264,51.4684],[20.534,51.4627],[20.5114,51.4506],[20.4967,51.4485],[20.4977,51.4418],[20.4877,51.441],[20.4853,51.432],[20.492,51.4233],[20.4803,51.4097],[20.4467,51.41],[20.444,51.3942],[20.4284,51.3776],[20.4297,51.3694],[20.4219,51.363],[20.4328,51.3394],[20.4329,51.3424],[20.4635,51.3364],[20.4639,51.3317],[20.5072,51.3314],[20.5174,51.3166],[20.5128,51.3087],[20.4926,51.3073],[20.4979,51.293],[20.5108,51.2942],[20.5016,51.2869],[20.5213,51.2773],[20.5255,51.2804],[20.537,51.2697],[20.5248,51.2604],[20.535,51.2523],[20.5461,51.2304],[20.566,51.2315],[20.579,51.2447],[20.6105,51.2425],[20.6145,51.2497],[20.6347,51.25],[20.6398,51.2641],[20.6521,51.2629],[20.6525,51.2515],[20.667,51.2516],[20.6822,51.2634],[20.7089,51.269],[20.7136,51.2627],[20.7323,51.2592],[20.7483,51.2689],[20.7578,51.2668],[20.779,51.2883],[20.7777,51.2981],[20.7611,51.2961],[20.7649,51.3074],[20.7794,51.3192],[20.8015,51.3137],[20.8163,51.3164],[20.8313,51.3305],[20.8545,51.3432]]]},"properties":{"code":"1423","name":"powiat przysuski","country":"PL","level":"district","parent":"14","grodzki":false,"type":"powiat"}},
{"type":"Feature","geometry":{"type":"Polygon","coordinates":[[[18.6296,49.8999],[18.644,49.8876],[18.6612,49.8789],[18.667,49.8858],[18.722,49.8975],[18.7282,49.9067],[18.7103,49.9228],[18.7145,49.9375],[18.7295,49.9268],[18.7413,49.9258],[18.7521,49.9351],[18.7757,49.9215],[18.7778,49.9127],[18.7912,49.9136],[18.8108,49.9217],[18.8209,49.9173],[18.8528,49.92],[18.8599,49.9101],[18.8551,49.9058],[18.8703,49.9031],[18.8858,49.9138],[18.8906,49.9119],[18.89,49.9216],[18.916,49.9156],[18.9271,49.928],[18.9403,49.9198],[18.9769,49.9246],[18.9768,49.9246],[18.9769,49.9246],[18.9768,49.9246],[18.9813,49.9303],[19.0054,49.9443],[19.0277,49.9471],[19.0516,49.9564],[19.0745,49.9524],[19.0932,49.9567],[19.12,49.9607],[19.1201,49.9729],[19.1111,49.9718],[19.1199,49.9922],[19.119,50.0092],[19.1363,50.0191],[19.1429,50.0284],[19.1362,50.0332],[19.1445,50.0394],[19.1236,50.0348],[19.1078,50.0348],[19.1027,50.0282],[19.0867,50.0227],[19.0502,50.0171],[19.0534,50.0274],[19.0472,50.0401],[19.0326,50.0424],[19.0449,50.0611],[19.034,50.0717],[19.0361,50.0772],[19.036,50.0808],[19.0152,50.0794],[19.0014,50.0837],[18.9802,50.0798],[18.962,50.08],[18.9474,50.0842],[18.9331,50.0819],[18.9146,50.0921],[18.9001,50.0965],[18.8894,50.0911],[18.8743,50.1002],[18.8575,50.0973],[18.8564,50.0854],[18.8478,50.0704],[18.8612,50.0705],[18.858,50.0601],[18.8372,50.0576],[18.8179,50.0597],[18.8015,50.0546],[18.7985,50.0666],[18.7881,50.0601],[18.7542,50.0543],[18.7492,50.0258],[18.7736,50.0203],[18.7736,50.0009],[18.7543,49.9978],[18.7416,49.9994],[18.7232,49.9963],[18.7294,50.0102],[18.7028,50.0143],[18.6935,50.001],[18.6797,50.0048],[18.6678,50.0095],[18.657,49.9815],[18.6538,49.9645],[18.6412,49.9624],[18.6521,49.9585],[18.6821,49.958],[18.6866,49.9542],[18.6821,49.9377],[18.6693,49.9142],[18.6316,49.921],[18.618,49.9068],[18.6296,49.8999]]]},"properties":{"code":"2410","name":"powiat pszczyński","country":"PL","level":"district","parent":"24","grodzki":false,"type":"powiat"}},
{"type":"Feature","geometry":{"type":"Polygon","coordinates":[[[18.431,54.5665],[18.4618,54.5574],[18.4824,54.5644],[18.5137,54.5632],[18.5351,54.5708],[18.5334,54.5818],[18.5419,54.5845],[18.6277,54.6242],[18.8118,54.5669],[18.8672,54.6035],[18.8262,54.6233],[18.7944,54.6481],[18.7332,54.6819],[18.6616,54.7111],[18.5444,54.7501],[18.4342,54.7891],[18.4214,54.798],[18.3697,54.8139],[18.3489,54.8273],[18.3294,54.8353],[18.3005,54.8364],[18.2338,54.8338],[18.1732,54.8349],[18.1289,54.8336],[18.0803,54.8352],[17.9678,54.8323],[17.915,54.8274],[17.9114,54.8118],[17.9179,54.7962],[17.9331,54.788],[17.9324,54.7782],[17.9573,54.7792],[17.9729,54.7617],[17.9995,54.7528],[18.0389,54.757],[18.0228,54.7768],[18.038,54.7839],[18.0368,54.7951],[18.057,54.7942],[18.0636,54.7753],[18.0928,54.7391],[18.0962,54.7188],[18.1049,54.7141],[18.1169,54.6993],[18.1587,54.6953],[18.16,54.6916],[18.1813,54.6997],[18.1871,54.6935],[18.181,54.6861],[18.2067,54.6764],[18.2051,54.6716],[18.2225,54.6663],[18.2336,54.6727],[18.2427,54.6482],[18.2946,54.6554],[18.2928,54.6438],[18.3117,54.6419],[18.3193,54.6361],[18.3289,54.639],[18.3453,54.6338],[18.3663,54.6421],[18.3816,54.6336],[18.3796,54.6231],[18.3878,54.6143],[18.4111,54.6131],[18.4095,54.6065],[18.423,54.5917],[18.4184,54.5819],[18.431,54.5665]]]},"properties":{"code":"2211","name":"powiat pucki","country":"PL","level":"district","parent":"22","grodzki":false,"type":"powiat"}},
{"type":"Feature","geometry":{"type":"Polygon","coordinates":[[[22.1678,51.2566],[22.1663,51.2622],[22.2041,51.2643],[22.2243,51.2672],[22.2406,51.2621],[22.2706,51.2686],[22.2877,51.2685],[22.2956,51.2742],[22.3131,51.2779],[22.301,51.2878],[22.2769,51.2921],[22.2859,51.3071],[22.2842,51.3177],[22.2599,51.3238],[22.251,51.3334],[22.2785,51.3417],[22.2929,51.3488],[22.2657,51.3665],[22.2728,51.3807],[22.2932,51.3998],[22.2911,51.4069],[22.3008,51.4099],[22.2916,51.4276],[22.3012,51.4283],[22.2708,51.4312],[22.2451,51.4259],[22.2398,51.4339],[22.2537,51.4369],[22.2234,51.4534],[22.21,51.4583],[22.196,51.4745],[22.1899,51.4875],[22.1913,51.4977],[22.2228,51.505],[22.2142,51.5172],[22.2341,51.5141],[22.2343,51.5105],[22.2558,51.5097],[22.2667,51.5153],[22.262,51.5291],[22.2481,51.5321],[22.2494,51.5509],[22.2548,51.5544],[22.2264,51.5631],[22.2222,51.5742],[22.2111,51.5813],[22.1878,51.5844],[22.1711,51.5819],[22.1653,51.5759],[22.1374,51.5722],[22.1259,51.5652],[22.1139,51.5713],[22.0766,51.573],[22.0429,51.5701],[22.0095,51.5753],[21.9781,51.566],[21.9791,51.5571],[21.9504,51.5355],[21.9332,51.5447],[21.9173,51.538],[21.889,51.5358],[21.8871,51.5304],[21.8514,51.5479],[21.8331,51.5484],[21.8318,51.5406],[21.8434,51.5222],[21.8553,51.5104],[21.847,51.488],[21.8564,51.4776],[21.8732,51.4749],[21.8681,51.4628],[21.8545,51.4475],[21.851,51.4306],[21.8392,51.4176],[21.8283,51.4258],[21.8013,51.4276],[21.7876,51.4201],[21.7801,51.4116],[21.7677,51.4135],[21.761,51.4013],[21.7685,51.3911],[21.7845,51.3975],[21.8066,51.3754],[21.816,51.3716],[21.8322,51.3805],[21.8384,51.378],[21.8537,51.3519],[21.8454,51.3541],[21.8283,51.3393],[21.8351,51.3378],[21.8247,51.3139],[21.8234,51.3033],[21.7896,51.2936],[21.7868,51.285],[21.8118,51.2916],[21.8229,51.2807],[21.8313,51.2891],[21.8365,51.2835],[21.8601,51.2747],[21.866,51.2944],[21.8906,51.3087],[21.9229,51.2852],[21.9248,51.278],[21.9372,51.2712],[21.9521,51.2717],[21.9637,51.2766],[21.9507,51.2925],[21.9799,51.3008],[21.9948,51.2967],[22.0124,51.2983],[22.0126,51.2881],[22.0392,51.2802],[22.0619,51.2937],[22.0874,51.2869],[22.0953,51.2882],[22.0883,51.2782],[22.1314,51.2678],[22.128,51.2623],[22.1424,51.2553],[22.1593,51.2521],[22.1678,51.2566]]]},"properties":{"code":"0614","name":"powiat puławski","country":"PL","level":"district","parent":"06","grodzki":false,"type":"powiat"}},
{"type":"Feature","geometry":{"type":"Polygon","coordinates":[[[20.9305,52.5589],[20.9698,52.5571],[20.977,52.5384],[20.986,52.5408],[21.0059,52.5351],[21.0138,52.5458],[21.0348,52.5346],[21.0534,52.5346],[21.0599,52.5426],[21.0501,52.5468],[21.0864,52.5491],[21.0982,52.5597],[21.1343,52.5662],[21.1218,52.5536],[21.1733,52.5597],[21.1728,52.574],[21.2005,52.5734],[21.2128,52.5682],[21.2325,52.5694],[21.2531,52.5968],[21.2704,52.594],[21.2643,52.6015],[21.267,52.6106],[21.2554,52.6111],[21.2463,52.6367],[21.2832,52.6335],[21.2965,52.6569],[21.3052,52.6603],[21.2989,52.6664],[21.2731,52.6758],[21.2881,52.6774],[21.296,52.684],[21.3236,52.6954],[21.3379,52.7047],[21.3385,52.7216],[21.3472,52.7367],[21.3434,52.7459],[21.3281,52.7488],[21.329,52.7564],[21.3208,52.7766],[21.3065,52.7798],[21.2836,52.7789],[21.2735,52.7745],[21.2396,52.7712],[21.2148,52.7631],[21.2128,52.7565],[21.1879,52.7587],[21.1906,52.7662],[21.1823,52.7852],[21.1564,52.7922],[21.1304,52.8037],[21.1032,52.799],[21.0945,52.7797],[21.0822,52.7811],[21.0644,52.791],[21.0455,52.7804],[21.0053,52.7678],[20.988,52.7807],[20.9794,52.7798],[20.9606,52.7977],[20.9551,52.8086],[20.9407,52.8099],[20.9337,52.8067],[20.9343,52.7962],[20.9083,52.7936],[20.9231,52.7696],[20.9062,52.7575],[20.8714,52.7676],[20.8589,52.7581],[20.8375,52.7584],[20.831,52.7517],[20.8245,52.7614],[20.8027,52.7572],[20.7894,52.7486],[20.8092,52.7352],[20.787,52.7426],[20.7774,52.7363],[20.7845,52.7297],[20.7818,52.7133],[20.7537,52.7084],[20.7423,52.7026],[20.7282,52.7045],[20.7226,52.6959],[20.73,52.6875],[20.7103,52.6837],[20.6961,52.6763],[20.7109,52.6627],[20.7025,52.6516],[20.6947,52.651],[20.7062,52.6368],[20.7044,52.6241],[20.6974,52.625],[20.7019,52.6139],[20.7148,52.6173],[20.7274,52.6198],[20.7307,52.6324],[20.7466,52.6322],[20.7578,52.6433],[20.7877,52.6466],[20.7933,52.638],[20.8287,52.633],[20.8606,52.6382],[20.8643,52.6217],[20.8552,52.6154],[20.8683,52.6041],[20.8898,52.6014],[20.907,52.5886],[20.9071,52.5718],[20.9305,52.5589]]]},"properties":{"code":"1424","name":"powiat pułtuski","country":"PL","level":"district","parent":"14","grodzki":false,"type":"powiat"}},
{"type":"Feature","geometry":{"type":"Polygon","coordinates":[[[15.1987,53.0852],[15.1924,53.0927],[15.2008,53.0954],[15.198,53.1084],[15.2051,53.1133],[15.1924,53.1163],[15.2122,53.1376],[15.1801,53.1494],[15.1587,53.1551],[15.1505,53.1624],[15.1724,53.1633],[15.1797,53.1775],[15.1542,53.1754],[15.1329,53.1764],[15.1054,53.1737],[15.0491,53.1932],[15.0442,53.19],[15.0406,53.2033],[15.051,53.2002],[15.0683,53.2129],[15.0688,53.2328],[15.0586,53.2486],[15.0411,53.26],[15.0197,53.258],[15.0241,53.2683],[15.0094,53.2607],[15.004,53.2635],[15.0125,53.2758],[14.9959,53.2808],[14.9779,53.2588],[14.9506,53.2554],[14.9513,53.2503],[14.938,53.2461],[14.9343,53.2547],[14.8618,53.2465],[14.8351,53.2467],[14.8144,53.2375],[14.8048,53.2435],[14.7874,53.244],[14.7548,53.2611],[14.7482,53.2667],[14.7159,53.2735],[14.7022,53.2457],[14.6872,53.2387],[14.7021,53.234],[14.7005,53.2223],[14.7092,53.2222],[14.7087,53.2121],[14.7177,53.2083],[14.6952,53.2084],[14.6895,53.1779],[14.6965,53.1704],[14.6687,53.1665],[14.6897,53.1553],[14.73,53.1587],[14.723,53.1489],[14.7247,53.1369],[14.7419,53.1303],[14.7376,53.1266],[14.7471,53.1148],[14.7401,53.112],[14.7405,53.0764],[14.7485,53.0684],[14.7572,53.0687],[14.74,53.05],[14.7326,53.037],[14.7477,53.0304],[14.787,53.0234],[14.7952,53.0139],[14.8126,53.0086],[14.831,53.0146],[14.8123,53.0242],[14.8219,53.029],[14.8102,53.0351],[14.81,53.0428],[14.8288,53.0489],[14.8307,53.0556],[14.8491,53.0626],[14.8721,53.0506],[14.9041,53.0532],[14.8997,53.0475],[14.9162,53.043],[14.9206,53.0346],[14.9172,53.0245],[14.8948,53.0208],[14.8948,53.0145],[14.9069,53.0058],[14.893,53.0043],[14.8931,52.9946],[14.9088,52.989],[14.9076,52.9997],[14.9161,52.9991],[14.9233,52.9898],[14.9467,52.9794],[14.9763,52.9703],[14.9911,52.9948],[15.006,52.9959],[15.0334,52.9894],[15.0496,53.0025],[15.0494,53.0111],[15.0357,53.0366],[15.0191,53.0357],[15.0203,53.0454],[15.037,53.0538],[15.0622,53.0597],[15.0723,53.0583],[15.0823,53.0402],[15.1052,53.0385],[15.1398,53.0284],[15.155,53.0487],[15.1588,53.061],[15.1827,53.0721],[15.1987,53.0852]]]},"properties":{"code":"3212","name":"powiat pyrzycki","country":"PL","level":"district","parent":"32","grodzki":false,"type":"powiat"}},
{"type":"Feature","geometry":{"type":"Polygon","coordinates":[[[18.0345,50.0659],[18.0498,50.0584],[18.0617,50.0591],[18.066,50.0482],[18.0894,50.0441],[18.0849,50.0341],[18.1032,50.0226],[18.0933,50.015],[18.1048,50.0009],[18.117,49.9942],[18.1311,49.9981],[18.1469,49.9916],[18.1538,49.9824],[18.169,49.9865],[18.168,49.9985],[18.183,50.0004],[18.1932,49.9945],[18.2065,49.9979],[18.2206,49.9689],[18.2337,49.971],[18.278,49.9635],[18.2818,49.9499],[18.2792,49.9401],[18.2897,49.9287],[18.3182,49.9157],[18.3333,49.9276],[18.3409,49.9257],[18.3501,49.9338],[18.3468,49.9401],[18.3353,49.9398],[18.333,49.9494],[18.3254,49.9549],[18.2842,49.9967],[18.2772,50.0058],[18.276,50.0166],[18.2634,50.0218],[18.2639,50.0268],[18.2391,50.0457],[18.2468,50.0579],[18.2594,50.058],[18.2764,50.0488],[18.3074,50.0514],[18.3332,50.0567],[18.3493,50.0527],[18.3491,50.0576],[18.3811,50.0684],[18.3788,50.0752],[18.314,50.0968],[18.3104,50.1036],[18.2956,50.1008],[18.3025,50.1113],[18.2834,50.1207],[18.2905,50.1298],[18.3121,50.1281],[18.3181,50.1364],[18.3376,50.1441],[18.3514,50.1453],[18.3811,50.139],[18.4058,50.1424],[18.4071,50.1551],[18.4502,50.1555],[18.467,50.162],[18.4625,50.1702],[18.4854,50.175],[18.4946,50.1799],[18.5033,50.1901],[18.4764,50.201],[18.4769,50.2091],[18.4595,50.2103],[18.4669,50.2246],[18.4576,50.2263],[18.4567,50.2402],[18.4462,50.2478],[18.4258,50.249],[18.4059,50.2548],[18.3766,50.2539],[18.354,50.2576],[18.3621,50.2473],[18.3469,50.2473],[18.3262,50.2412],[18.313,50.2407],[18.3084,50.2313],[18.2752,50.2249],[18.2713,50.2204],[18.2524,50.2226],[18.2367,50.2142],[18.2356,50.201],[18.2491,50.1926],[18.2051,50.1903],[18.1853,50.1869],[18.186,50.181],[18.1623,50.1892],[18.1456,50.1795],[18.1335,50.1844],[18.1205,50.1792],[18.1228,50.1748],[18.1105,50.1673],[18.1011,50.1777],[18.071,50.1706],[18.0598,50.1747],[18.0641,50.1678],[18.0564,50.1606],[18.066,50.157],[18.0502,50.1381],[18.0682,50.1297],[18.0608,50.116],[18.072,50.109],[18.0601,50.0979],[18.0571,50.087],[18.0345,50.0659]]]},"properties":{"code":"2411","name":"powiat raciborski","country":"PL","level":"district","parent":"24","grodzki":false,"type":"powiat"}},
{"type":"Feature","geometry":{"type":"Polygon","coordinates":[[[21.2564,51.4317],[21.2446,51.447],[21.2331,51.4469],[21.1964,51.4661],[21.1966,51.4706],[21.1795,51.4826],[21.1634,51.4782],[21.1596,51.4726],[21.1354,51.4565],[21.1194,51.4514],[21.1179,51.4348],[21.1265,51.4369],[21.1278,51.418],[21.1166,51.4205],[21.1057,51.4083],[21.0585,51.3986],[21.0668,51.3881],[21.0533,51.3698],[21.0691,51.3689],[21.0599,51.3624],[21.0762,51.3614],[21.0722,51.3535],[21.0819,51.3498],[21.1361,51.358],[21.1695,51.3539],[21.1947,51.3486],[21.2123,51.3603],[21.2207,51.3723],[21.2169,51.3824],[21.2324,51.3863],[21.232,51.3935],[21.214,51.3952],[21.2017,51.4027],[21.2101,51.4175],[21.2197,51.424],[21.2426,51.432],[21.2564,51.4317]]]},"properties":{"code":"1463","name":"powiat Radom","country":"PL","level":"district","parent":"14","grodzki":true,"type":"miasto na prawach powiatu"}},
{"type":"Feature","geometry":{"type":"Polygon","coordinates":[[[21.0684,51.2069],[21.0703,51.2114],[21.1106,51.2008],[21.1079,51.1932],[21.1183,51.1917],[21.1161,51.1789],[21.0967,51.1647],[21.0912,51.1551],[21.1282,51.1409],[21.1342,51.1285],[21.1641,51.1285],[21.154,51.1255],[21.1602,51.1022],[21.1509,51.0995],[21.1528,51.0803],[21.3111,51.0842],[21.3244,51.1219],[21.3215,51.1263],[21.3363,51.1464],[21.3284,51.1488],[21.3443,51.1762],[21.3617,51.1759],[21.3618,51.1832],[21.3839,51.1829],[21.3837,51.1738],[21.3988,51.1846],[21.4188,51.1766],[21.4251,51.1844],[21.4148,51.1952],[21.4018,51.194],[21.3938,51.2059],[21.4074,51.204],[21.4011,51.2135],[21.4163,51.2213],[21.4213,51.2272],[21.3635,51.2292],[21.3632,51.2229],[21.3487,51.2232],[21.3351,51.2293],[21.346,51.2368],[21.3362,51.2432],[21.3362,51.2503],[21.3532,51.2496],[21.3365,51.2571],[21.3433,51.2638],[21.3255,51.2727],[21.3508,51.2781],[21.3671,51.2971],[21.3516,51.3312],[21.3739,51.3349],[21.387,51.3462],[21.4025,51.3515],[21.4318,51.3542],[21.4451,51.3718],[21.4475,51.385],[21.4607,51.3852],[21.471,51.4018],[21.4852,51.4061],[21.5084,51.4054],[21.513,51.4123],[21.5635,51.4252],[21.55,51.4446],[21.537,51.455],[21.5471,51.4765],[21.5451,51.4905],[21.5544,51.4983],[21.5655,51.5159],[21.5666,51.5242],[21.5584,51.5395],[21.5422,51.5378],[21.5374,51.546],[21.518,51.5577],[21.4874,51.5457],[21.4721,51.5369],[21.4642,51.54],[21.4604,51.5277],[21.4386,51.5144],[21.4182,51.5356],[21.3844,51.5362],[21.3577,51.5396],[21.3116,51.5503],[21.3037,51.5585],[21.2908,51.5575],[21.2575,51.5663],[21.2309,51.5849],[21.2055,51.5887],[21.1813,51.5882],[21.18,51.591],[21.1507,51.5891],[21.1309,51.5832],[21.1302,51.5756],[21.1176,51.586],[21.1098,51.5806],[21.089,51.5756],[21.0914,51.5657],[21.0712,51.5613],[21.0764,51.5522],[21.0721,51.5415],[21.0425,51.5397],[21.0233,51.5323],[21.0337,51.5233],[21.0297,51.5195],[20.9984,51.5178],[21.001,51.5021],[20.9831,51.4992],[20.9548,51.4986],[20.9327,51.5007],[20.9428,51.5249],[20.8943,51.5224],[20.8909,51.515],[20.8473,51.5153],[20.8449,51.5222],[20.8286,51.5202],[20.7987,51.5117],[20.7903,51.4938],[20.7939,51.4857],[20.7862,51.4807],[20.7843,51.4626],[20.7925,51.459],[20.7742,51.4572],[20.7612,51.4609],[20.7573,51.4529],[20.7801,51.4475],[20.7797,51.4414],[20.7644,51.4189],[20.7811,51.415],[20.7869,51.419],[20.8032,51.4173],[20.8117,51.4098],[20.8511,51.4219],[20.8773,51.4145],[20.8869,51.4027],[20.8661,51.3889],[20.8482,51.3849],[20.857,51.376],[20.8382,51.3642],[20.8405,51.3561],[20.8562,51.355],[20.8545,51.3432],[20.8785,51.3313],[20.8865,51.3457],[20.8827,51.3495],[20.8977,51.3525],[20.8906,51.3649],[20.9135,51.3675],[20.9221,51.36],[20.9548,51.3622],[20.988,51.3539],[21.0147,51.3345],[21.0313,51.3297],[21.0317,51.318],[21.0247,51.3084],[21.0393,51.2921],[21.0309,51.2817],[21.0018,51.2759],[21.0174,51.2655],[21.0172,51.2346],[21.0558,51.2098],[21.0684,51.2069]],[[21.2564,51.4317],[21.2426,51.432],[21.2197,51.424],[21.2101,51.4175],[21.2017,51.4027],[21.214,51.3952],[21.232,51.3935],[21.2324,51.3863],[21.2169,51.3824],[21.2207,51.3723],[21.2123,51.3603],[21.1947,51.3486],[21.1695,51.3539],[21.1361,51.358],[21.0819,51.3498],[21.0722,51.3535],[21.0762,51.3614],[21.0599,51.3624],[21.0691,51.3689],[21.0533,51.3698],[21.0668,51.3881],[21.0585,51.3986],[21.1057,51.4083],[21.1166,51.4205],[21.1278,51.418],[21.1265,51.4369],[21.1179,51.4348],[21.1194,51.4514],[21.1354,51.4565],[21.1596,51.4726],[21.1634,51.4782],[21.1795,51.4826],[21.1966,51.4706],[21.1964,51.4661],[21.2331,51.4469],[21.2446,51.447],[21.2564,51.4317]]]},"properties":{"code":"1425","name":"powiat radomski","country":"PL","level":"district","parent":"14","grodzki":false,"type":"powiat"}},
{"type":"Feature","geometry":{"type":"Polygon","coordinates":[[[19.7471,50.866],[19.7739,50.8777],[19.7765,50.8851],[19.7866,50.8871],[19.7968,50.9084],[19.8089,50.9071],[19.8234,50.9155],[19.8325,50.916],[19.8488,50.9357],[19.8417,50.9484],[19.8331,50.9499],[19.8295,50.9677],[19.8471,50.9937],[19.8637,51.0061],[19.8597,51.0145],[19.8658,51.0202],[19.866,51.0365],[19.8752,51.0469],[19.8862,51.0476],[19.8972,51.0286],[19.9369,51.0246],[19.9357,51.0111],[19.9484,51.0131],[19.9588,51.0022],[19.9559,50.9921],[20.0175,50.9624],[20.0346,50.9723],[20.0395,50.9902],[20.0326,50.9957],[20.048,51.0094],[20.0509,51.0263],[20.0454,51.0686],[19.9818,51.0732],[19.9864,51.0782],[19.9929,51.1004],[19.9859,51.1346],[19.9883,51.1395],[20.0127,51.1552],[20.022,51.1554],[20.0258,51.1647],[19.9938,51.184],[19.9932,51.1844],[19.965,51.2018],[19.9596,51.2021],[19.9533,51.1875],[19.9402,51.1803],[19.9284,51.183],[19.9133,51.174],[19.9032,51.1599],[19.9121,51.1472],[19.9032,51.1333],[19.9097,51.1224],[19.9048,51.109],[19.8764,51.1097],[19.8506,51.121],[19.8399,51.1201],[19.837,51.1303],[19.8272,51.1392],[19.798,51.1384],[19.7803,51.1426],[19.7558,51.1409],[19.7316,51.1525],[19.7354,51.1734],[19.7214,51.1872],[19.6983,51.1895],[19.6976,51.1631],[19.6801,51.1552],[19.6382,51.1578],[19.621,51.1492],[19.5991,51.1546],[19.5944,51.149],[19.5793,51.1483],[19.5894,51.1595],[19.5724,51.1879],[19.5713,51.2004],[19.5553,51.1977],[19.5564,51.2089],[19.5377,51.2227],[19.5213,51.2261],[19.5379,51.2378],[19.527,51.2515],[19.5303,51.2642],[19.5193,51.2713],[19.4941,51.2598],[19.5024,51.273],[19.4819,51.2752],[19.4599,51.2861],[19.4481,51.2845],[19.4379,51.2727],[19.4166,51.2585],[19.4222,51.2475],[19.4067,51.2469],[19.4137,51.2414],[19.4031,51.234],[19.3843,51.2313],[19.3979,51.2199],[19.399,51.2007],[19.3916,51.195],[19.3667,51.1893],[19.3551,51.1819],[19.3395,51.1908],[19.3125,51.1842],[19.3016,51.1673],[19.2652,51.1677],[19.2393,51.1745],[19.2335,51.1503],[19.2587,51.1435],[19.2789,51.131],[19.2806,51.1071],[19.2627,51.1103],[19.2438,51.0987],[19.2216,51.0663],[19.2083,51.0608],[19.205,51.0544],[19.2121,51.0391],[19.2293,51.0418],[19.2431,51.0368],[19.2513,51.0397],[19.2601,51.0314],[19.2918,51.0455],[19.3227,51.0461],[19.3313,51.0389],[19.3184,51.0282],[19.319,51.0196],[19.3292,51.0132],[19.3476,51.0107],[19.3622,51.0039],[19.3516,50.9959],[19.3562,50.9926],[19.3746,50.9944],[19.3892,51.0012],[19.4021,50.994],[19.4134,50.9752],[19.4322,50.9649],[19.4381,50.9438],[19.4465,50.9355],[19.4647,50.9274],[19.4696,50.9174],[19.4628,50.91],[19.4672,50.8886],[19.4976,50.8797],[19.5091,50.8811],[19.5249,50.8939],[19.5558,50.9013],[19.5697,50.9083],[19.5867,50.9053],[19.6139,50.8773],[19.6179,50.8805],[19.6421,50.8788],[19.6615,50.8743],[19.6578,50.8633],[19.6614,50.8545],[19.6831,50.8452],[19.7278,50.8432],[19.7285,50.8494],[19.7411,50.8519],[19.7471,50.866]]]},"properties":{"code":"1012","name":"powiat radomszczański","country":"PL","level":"district","parent":"10","grodzki":false,"type":"powiat"}},
{"type":"Feature","geometry":{"type":"Polygon","coordinates":[[[18.8286,52.6484],[18.8164,52.6532],[18.7754,52.6817],[18.7555,52.688],[18.722,52.7093],[18.6811,52.7214],[18.6777,52.7082],[18.648,52.7126],[18.6508,52.7258],[18.616,52.7233],[18.5965,52.724],[18.559,52.7166],[18.5488,52.7172],[18.5218,52.7112],[18.5074,52.7109],[18.4999,52.6922],[18.4696,52.6892],[18.4714,52.6693],[18.4683,52.663],[18.4757,52.6559],[18.4618,52.656],[18.4568,52.6456],[18.4632,52.6343],[18.4803,52.6245],[18.478,52.6088],[18.4815,52.5986],[18.475,52.5963],[18.4757,52.5789],[18.4474,52.5787],[18.4393,52.5697],[18.4438,52.5588],[18.42,52.5538],[18.3968,52.5424],[18.3772,52.5375],[18.388,52.5269],[18.3759,52.5039],[18.387,52.4849],[18.384,52.4772],[18.3917,52.4702],[18.4197,52.4732],[18.4228,52.4795],[18.4635,52.4766],[18.4622,52.4904],[18.4725,52.4895],[18.4925,52.5032],[18.5266,52.4988],[18.5267,52.4988],[18.5266,52.4988],[18.5267,52.4988],[18.5427,52.4857],[18.5597,52.4841],[18.5601,52.4633],[18.5717,52.465],[18.589,52.4616],[18.5901,52.4681],[18.6025,52.4639],[18.608,52.4559],[18.6261,52.4557],[18.6501,52.4503],[18.6509,52.4358],[18.6577,52.4236],[18.6768,52.4232],[18.6848,52.428],[18.704,52.4217],[18.7207,52.4276],[18.7,52.4408],[18.6972,52.4541],[18.7136,52.4494],[18.7304,52.4571],[18.7452,52.4946],[18.734,52.4947],[18.7477,52.5162],[18.7443,52.5265],[18.7583,52.5419],[18.7525,52.5492],[18.7321,52.5614],[18.7369,52.57],[18.7456,52.5697],[18.7467,52.5902],[18.7516,52.5955],[18.7681,52.5989],[18.7811,52.6121],[18.8105,52.6057],[18.8184,52.6188],[18.8078,52.6211],[18.8286,52.6484]]]},"properties":{"code":"0411","name":"powiat radziejowski","country":"PL","level":"district","parent":"04","grodzki":false,"type":"powiat"}},
{"type":"Feature","geometry":{"type":"Polygon","coordinates":[[[22.6772,51.5933],[22.683,51.6177],[22.6694,51.616],[22.6696,51.6303],[22.6986,51.6287],[22.7094,51.6324],[22.7089,51.643],[22.7235,51.6533],[22.7196,51.6592],[22.7303,51.6646],[22.7235,51.6774],[22.7446,51.6807],[22.7553,51.6763],[22.774,51.6767],[22.8147,51.7226],[22.8219,51.7331],[22.8399,51.7332],[22.8543,51.7284],[22.8734,51.7412],[22.8901,51.7442],[22.8942,51.7397],[22.9101,51.7436],[22.927,51.7705],[22.9342,51.7699],[22.9443,51.7907],[22.9837,51.7861],[22.9779,51.7743],[23.0019,51.7718],[23.023,51.7803],[23.031,51.794],[23.0461,51.8426],[23.0626,51.8677],[23.0441,51.8801],[23.036,51.8941],[22.9676,51.8929],[22.9203,51.8664],[22.8808,51.8474],[22.882,51.8625],[22.8662,51.8626],[22.8159,51.8557],[22.7914,51.8573],[22.782,51.8324],[22.764,51.8135],[22.7434,51.8125],[22.7298,51.8293],[22.7306,51.8401],[22.7564,51.8732],[22.7637,51.9007],[22.7768,51.9012],[22.7789,51.9195],[22.773,51.9258],[22.7621,51.9258],[22.7711,51.9377],[22.7371,51.9421],[22.7302,51.948],[22.724,51.9401],[22.7065,51.9484],[22.7014,51.9408],[22.6861,51.9352],[22.6726,51.9427],[22.654,51.9393],[22.6405,51.9499],[22.6335,51.9693],[22.6212,51.974],[22.6156,51.9702],[22.5917,51.9726],[22.576,51.9678],[22.5699,51.9535],[22.5604,51.9471],[22.5637,51.941],[22.5537,51.9368],[22.567,51.9291],[22.567,51.9145],[22.5718,51.896],[22.5669,51.8932],[22.5798,51.8804],[22.5671,51.8801],[22.5612,51.8902],[22.5267,51.8809],[22.5151,51.8735],[22.4903,51.8865],[22.4887,51.8722],[22.4821,51.8561],[22.4679,51.846],[22.4555,51.8424],[22.4226,51.8648],[22.3956,51.8537],[22.3862,51.8661],[22.3731,51.8607],[22.3687,51.8733],[22.3583,51.8598],[22.3686,51.8539],[22.3564,51.8423],[22.3752,51.8351],[22.3633,51.8282],[22.3526,51.8134],[22.3795,51.8044],[22.3796,51.8044],[22.3795,51.8044],[22.3796,51.8044],[22.3951,51.8016],[22.4008,51.7912],[22.3985,51.783],[22.4161,51.7703],[22.424,51.7569],[22.4366,51.7461],[22.4226,51.7364],[22.4109,51.7193],[22.3984,51.7138],[22.4178,51.7125],[22.4542,51.7009],[22.4835,51.6945],[22.4784,51.6867],[22.4939,51.6825],[22.5117,51.6698],[22.5361,51.6599],[22.5649,51.6604],[22.591,51.6398],[22.608,51.6346],[22.6156,51.6277],[22.6104,51.622],[22.6357,51.612],[22.6637,51.5911],[22.6772,51.5933]]]},"properties":{"code":"0615","name":"powiat radzyński","country":"PL","level":"district","parent":"06","grodzki":false,"type":"powiat"}},
{"type":"Feature","geometry":{"type":"Polygon","coordinates":[[[16.8284,51.5722],[16.8508,51.5799],[16.8874,51.581],[16.9018,51.574],[16.9145,51.5594],[16.9281,51.5523],[16.9559,51.5528],[16.9624,51.5447],[16.9787,51.5449],[16.9906,51.55],[17.0071,51.5493],[17.0116,51.5545],[17.0461,51.556],[17.0538,51.5452],[17.0692,51.5525],[17.0647,51.5664],[17.1085,51.5761],[17.1255,51.5653],[17.1687,51.5696],[17.188,51.5765],[17.1992,51.5745],[17.2066,51.567],[17.2146,51.5739],[17.2107,51.5897],[17.2155,51.5993],[17.2083,51.6112],[17.2156,51.6297],[17.2412,51.6336],[17.2574,51.6428],[17.2399,51.6418],[17.2405,51.6549],[17.2326,51.6714],[17.2098,51.6821],[17.1908,51.6769],[17.154,51.6927],[17.1384,51.6934],[17.1419,51.7008],[17.1281,51.702],[17.1176,51.6991],[17.1038,51.7102],[17.0791,51.7196],[17.0372,51.7139],[17.0363,51.6984],[16.9994,51.6955],[16.9875,51.6968],[16.9838,51.7052],[16.96,51.7123],[16.9373,51.7128],[16.9388,51.699],[16.9243,51.6945],[16.8867,51.6946],[16.8815,51.7086],[16.8587,51.714],[16.8614,51.7315],[16.8033,51.7464],[16.7694,51.7393],[16.7409,51.7407],[16.7289,51.7334],[16.7144,51.7201],[16.7013,51.7205],[16.6961,51.7123],[16.6824,51.7049],[16.6731,51.693],[16.6658,51.6972],[16.6576,51.6892],[16.6422,51.6835],[16.6392,51.666],[16.6499,51.6578],[16.685,51.6559],[16.6814,51.6469],[16.7257,51.6478],[16.7283,51.6431],[16.7691,51.6447],[16.7825,51.6407],[16.7764,51.6313],[16.7661,51.6277],[16.772,51.6136],[16.8027,51.6009],[16.7928,51.5905],[16.8111,51.5869],[16.8284,51.5722]]]},"properties":{"code":"3022","name":"powiat rawicki","country":"PL","level":"district","parent":"30","grodzki":false,"type":"powiat"}},
{"type":"Feature","geometry":{"type":"Polygon","coordinates":[[[20.385,51.6417],[20.3953,51.6507],[20.3904,51.6599],[20.4003,51.6728],[20.4394,51.6815],[20.441,51.6901],[20.467,51.6972],[20.4672,51.6928],[20.4877,51.6836],[20.5145,51.6855],[20.515,51.6745],[20.5225,51.677],[20.5227,51.6657],[20.5354,51.6687],[20.5972,51.6595],[20.6203,51.6576],[20.624,51.669],[20.6365,51.6762],[20.6532,51.6772],[20.6593,51.6986],[20.6549,51.7173],[20.6584,51.7242],[20.6384,51.7329],[20.6388,51.7375],[20.6022,51.7465],[20.5826,51.748],[20.5841,51.7618],[20.595,51.7693],[20.5789,51.7936],[20.5816,51.8111],[20.5602,51.8122],[20.5575,51.8188],[20.5761,51.821],[20.6077,51.8161],[20.6195,51.8204],[20.618,51.8273],[20.5997,51.8274],[20.5963,51.8398],[20.6054,51.8496],[20.5906,51.8494],[20.591,51.8606],[20.5837,51.8706],[20.5664,51.8763],[20.5691,51.8877],[20.5188,51.8924],[20.5087,51.8821],[20.51,51.8671],[20.4785,51.8679],[20.4733,51.8625],[20.4607,51.8634],[20.4331,51.8483],[20.415,51.8697],[20.3741,51.8596],[20.3679,51.8651],[20.3318,51.8707],[20.3289,51.8629],[20.3406,51.8496],[20.315,51.8472],[20.3152,51.8416],[20.2851,51.8437],[20.2806,51.8497],[20.215,51.8505],[20.2065,51.8481],[20.2067,51.8393],[20.1869,51.8344],[20.1746,51.8423],[20.1518,51.8399],[20.1379,51.8442],[20.1365,51.8357],[20.1221,51.8257],[20.1251,51.8132],[20.154,51.8047],[20.1853,51.8028],[20.1892,51.7998],[20.1863,51.7776],[20.1793,51.7793],[20.1666,51.7693],[20.1654,51.7585],[20.146,51.7603],[20.1384,51.7424],[20.1158,51.7402],[20.116,51.7309],[20.134,51.7242],[20.1494,51.723],[20.1527,51.7163],[20.141,51.7086],[20.1527,51.7027],[20.1694,51.7007],[20.1776,51.7101],[20.2015,51.7157],[20.2205,51.7244],[20.232,51.7128],[20.2646,51.7102],[20.2662,51.6965],[20.2796,51.7005],[20.2876,51.6823],[20.2811,51.6662],[20.2855,51.6544],[20.3205,51.6556],[20.3265,51.6476],[20.3583,51.6476],[20.3595,51.64],[20.372,51.6326],[20.385,51.6417],[20.3851,51.6417],[20.385,51.6417]]]},"properties":{"code":"1013","name":"powiat rawski","country":"PL","level":"district","parent":"10","grodzki":false,"type":"powiat"}},
{"type":"Feature","geometry":{"type":"Polygon","coordinates":[[[21.7482,49.9689],[21.7759,49.9811],[21.7735,49.9876],[21.7815,49.9955],[21.7913,49.9954],[21.8078,50.0086],[21.8118,50.0235],[21.8216,50.0316],[21.8036,50.0392],[21.7959,50.059],[21.7985,50.0723],[21.8229,50.0838],[21.8129,50.0969],[21.7874,50.0984],[21.779,50.1142],[21.7925,50.1198],[21.804,50.1422],[21.8034,50.1514],[21.8056,50.161],[21.7963,50.1693],[21.771,50.1729],[21.753,50.1664],[21.7459,50.1578],[21.7283,50.1677],[21.716,50.1673],[21.6953,50.1786],[21.6364,50.1821],[21.6194,50.1807],[21.6414,50.1931],[21.631,50.2009],[21.6132,50.2016],[21.6027,50.2091],[21.6072,50.1935],[21.6035,50.1822],[21.609,50.1777],[21.552,50.1704],[21.551,50.1641],[21.5367,50.1667],[21.5112,50.1615],[21.5227,50.1576],[21.5532,50.1395],[21.5445,50.1321],[21.568,50.1298],[21.5655,50.1121],[21.5491,50.1117],[21.5408,50.0977],[21.5393,50.0815],[21.5206,50.0768],[21.5018,50.0768],[21.4978,50.05],[21.5111,50.0374],[21.5259,50.0386],[21.5248,50.029],[21.5086,50.02],[21.5225,50.0142],[21.5135,50.0073],[21.4836,50.0096],[21.4842,50.0049],[21.4699,50.0005],[21.4642,49.9924],[21.474,49.9807],[21.4679,49.9676],[21.4813,49.9524],[21.5013,49.9437],[21.5093,49.9097],[21.5235,49.8929],[21.5415,49.8872],[21.5561,49.8996],[21.5569,49.9056],[21.5696,49.9136],[21.5873,49.9154],[21.599,49.9219],[21.6205,49.9206],[21.6272,49.9245],[21.6415,49.9223],[21.6727,49.9254],[21.6779,49.9363],[21.6931,49.9416],[21.6972,49.9524],[21.6957,49.9643],[21.7217,49.9654],[21.7291,49.97],[21.7482,49.9689]]]},"properties":{"code":"1815","name":"powiat ropczycko-sędziszowski","country":"PL","level":"district","parent":"18","grodzki":false,"type":"powiat"}},
{"type":"Feature","geometry":{"type":"Polygon","coordinates":[[[18.8969,50.2194],[18.8946,50.2359],[18.9078,50.2289],[18.9427,50.2316],[18.9428,50.2316],[18.9427,50.2316],[18.9428,50.2316],[18.9444,50.2315],[18.9445,50.2315],[18.9444,50.2315],[18.9445,50.2315],[18.9561,50.2391],[18.9461,50.2416],[18.9336,50.2542],[18.9298,50.2709],[18.8996,50.2776],[18.8994,50.2891],[18.8835,50.2949],[18.8921,50.3011],[18.8869,50.3074],[18.896,50.325],[18.8838,50.3297],[18.8623,50.3281],[18.8502,50.3317],[18.8494,50.3236],[18.831,50.3202],[18.831,50.3052],[18.8429,50.3027],[18.8443,50.2966],[18.8235,50.2866],[18.8218,50.2739],[18.7994,50.2739],[18.7923,50.2468],[18.7968,50.2463],[18.8043,50.2484],[18.8205,50.2435],[18.8271,50.2334],[18.8375,50.2347],[18.8429,50.2203],[18.8529,50.2281],[18.8688,50.2084],[18.8873,50.2114],[18.8832,50.2171],[18.8969,50.2194]]]},"properties":{"code":"2472","name":"powiat Ruda Śląska","country":"PL","level":"district","parent":"24","grodzki":true,"type":"miasto na prawach powiatu"}},
{"type":"Feature","geometry":{"type":"MultiPolygon","coordinates":[[[[18.4424,50.0864],[18.4566,50.0902],[18.4642,50.0835],[18.482,50.0844],[18.4814,50.1006],[18.4937,50.1204],[18.4713,50.119],[18.452,50.1208],[18.4612,50.1317],[18.4666,50.149],[18.4502,50.1555],[18.4071,50.1551],[18.4058,50.1424],[18.3811,50.139],[18.3514,50.1453],[18.3376,50.1441],[18.3181,50.1364],[18.3121,50.1281],[18.2905,50.1298],[18.2834,50.1207],[18.3025,50.1113],[18.2956,50.1008],[18.3104,50.1036],[18.314,50.0968],[18.3788,50.0752],[18.4001,50.0709],[18.4288,50.087],[18.4424,50.0864],[18.4425,50.0863],[18.4424,50.0864]]],[[[18.59,49.9989],[18.614,50.0073],[18.611,50.0184],[18.6023,50.0312],[18.6123,50.043],[18.6093,50.0424],[18.6093,50.0417],[18.6005,50.0411],[18.5863,50.0362],[18.5767,50.0612],[18.5662,50.0528],[18.5571,50.0579],[18.5394,50.0589],[18.5232,50.0382],[18.5495,50.0335],[18.5551,50.0143],[18.5741,50.0059],[18.5704,50.0036],[18.5721,49.9985],[18.572,49.9985],[18.5721,49.9985],[18.572,49.9985],[18.5781,49.9988],[18.59,49.9989]]],[[[18.558,50.181],[18.5724,50.1484],[18.5533,50.1347],[18.5562,50.1301],[18.5741,50.1256],[18.5753,50.1377],[18.6046,50.1494],[18.6318,50.1513],[18.6178,50.142],[18.6094,50.1313],[18.6006,50.1324],[18.5911,50.1236],[18.5926,50.1165],[18.6135,50.1209],[18.6166,50.1092],[18.6318,50.1105],[18.6376,50.0976],[18.6324,50.0966],[18.6376,50.0851],[18.6568,50.0813],[18.6825,50.0722],[18.7081,50.0726],[18.7261,50.0658],[18.7235,50.0812],[18.7329,50.0911],[18.752,50.1015],[18.7499,50.1118],[18.7399,50.1112],[18.7386,50.1304],[18.7309,50.1312],[18.7307,50.1549],[18.7507,50.1593],[18.7459,50.1743],[18.7261,50.1854],[18.7198,50.2001],[18.7082,50.2019],[18.7068,50.1897],[18.7134,50.1837],[18.7017,50.1826],[18.6946,50.1752],[18.6723,50.175],[18.6615,50.1819],[18.6423,50.1849],[18.6285,50.1731],[18.6114,50.1782],[18.5874,50.1727],[18.558,50.181]]]]},"properties":{"code":"2412","name":"powiat rybnicki","country":"PL","level":"district","parent":"24","grodzki":false,"type":"powiat"}},
{"type":"Feature","geometry":{"type":"Polygon","coordinates":[[[18.5232,50.0382],[18.5394,50.0589],[18.5571,50.0579],[18.5662,50.0528],[18.5767,50.0612],[18.5863,50.0362],[18.6005,50.0411],[18.6093,50.0424],[18.6093,50.0417],[18.6093,50.0424],[18.6123,50.043],[18.6517,50.0547],[18.6405,50.0686],[18.6448,50.0809],[18.6568,50.0813],[18.6376,50.0851],[18.6324,50.0966],[18.6376,50.0976],[18.6318,50.1105],[18.6166,50.1092],[18.6135,50.1209],[18.5926,50.1165],[18.5911,50.1236],[18.6006,50.1324],[18.6094,50.1313],[18.6178,50.142],[18.6318,50.1513],[18.6046,50.1494],[18.5753,50.1377],[18.5741,50.1256],[18.5562,50.1301],[18.5533,50.1347],[18.5724,50.1484],[18.558,50.181],[18.545,50.1857],[18.5387,50.1809],[18.516,50.1792],[18.5111,50.1746],[18.4946,50.1799],[18.4854,50.175],[18.4625,50.1702],[18.467,50.162],[18.4502,50.1555],[18.4666,50.149],[18.4612,50.1317],[18.452,50.1208],[18.4713,50.119],[18.4937,50.1204],[18.4814,50.1006],[18.482,50.0844],[18.4642,50.0835],[18.4566,50.0902],[18.4424,50.0864],[18.4425,50.0863],[18.4417,50.0812],[18.4614,50.0804],[18.4633,50.0694],[18.4527,50.0588],[18.4799,50.0596],[18.4794,50.0526],[18.5009,50.0488],[18.5049,50.0372],[18.5232,50.0382]]]},"properties":{"code":"2473","name":"powiat Rybnik","country":"PL","level":"district","parent":"24","grodzki":true,"type":"miasto na prawach powiatu"}},
{"type":"Feature","geometry":{"type":"Polygon","coordinates":[[[20.161,53.9847],[20.1596,53.9897],[20.2158,54.0003],[20.2291,53.9829],[20.2732,53.9886],[20.2704,53.9949],[20.286,54.0066],[20.2755,54.0135],[20.304,54.0268],[20.3199,54.0382],[20.3172,54.043],[20.3757,54.0504],[20.3742,54.0588],[20.3628,54.0592],[20.3557,54.0705],[20.3433,54.0689],[20.3388,54.0804],[20.3555,54.0831],[20.3603,54.0988],[20.3714,54.1037],[20.4143,54.0893],[20.4311,54.0882],[20.4279,54.0801],[20.4391,54.0794],[20.4416,54.0683],[20.4695,54.0646],[20.4598,54.0464],[20.4659,54.0309],[20.5011,54.0269],[20.4952,54.0157],[20.5013,54.0089],[20.5208,54.0113],[20.5307,54.023],[20.5498,54.0085],[20.5813,54.0028],[20.5836,54.007],[20.6048,54.0055],[20.6415,53.9994],[20.6478,54.0162],[20.6683,54.0098],[20.7223,54.0274],[20.7254,54.0469],[20.7412,54.0614],[20.7533,54.0574],[20.7585,54.0625],[20.7511,54.0725],[20.7806,54.074],[20.7822,54.0783],[20.8008,54.0774],[20.8171,54.1063],[20.8168,54.1188],[20.7926,54.1253],[20.7983,54.1396],[20.7949,54.1458],[20.7512,54.1886],[20.7558,54.1901],[20.7323,54.214],[20.7208,54.2066],[20.7113,54.2078],[20.6928,54.1986],[20.6763,54.2107],[20.6189,54.1968],[20.5916,54.192],[20.5753,54.203],[20.5563,54.1966],[20.5436,54.1981],[20.5367,54.1887],[20.5095,54.1902],[20.4925,54.1854],[20.487,54.1926],[20.4726,54.1917],[20.4494,54.2039],[20.4084,54.2086],[20.4063,54.2184],[20.3936,54.2219],[20.372,54.2196],[20.3719,54.2263],[20.3285,54.2287],[20.3271,54.2159],[20.3398,54.2159],[20.3327,54.1873],[20.3188,54.1875],[20.3177,54.1811],[20.284,54.1864],[20.2764,54.1944],[20.2683,54.1824],[20.2204,54.195],[20.196,54.1888],[20.1859,54.2023],[20.1249,54.1927],[20.1153,54.1929],[20.1279,54.17],[20.0995,54.1655],[20.1,54.1726],[20.0867,54.1781],[20.0891,54.185],[20.0561,54.1782],[20.0625,54.1718],[20.0302,54.1731],[20.0343,54.1852],[20.0212,54.1882],[20.0103,54.1993],[19.9972,54.1939],[20.0048,54.1891],[20.0009,54.1804],[19.9768,54.1774],[19.9648,54.1813],[19.9437,54.1634],[19.9514,54.1559],[19.9496,54.1387],[19.9675,54.1411],[19.979,54.1338],[19.996,54.112],[20.0247,54.1132],[20.0371,54.1076],[20.048,54.088],[20.0453,54.0821],[20.0582,54.0769],[20.0737,54.0759],[20.0833,54.0799],[20.1001,54.0705],[20.1058,54.0605],[20.1242,54.0478],[20.1372,54.0478],[20.1403,54.0346],[20.1568,54.0365],[20.1455,54.0282],[20.143,54.0107],[20.1523,54.0017],[20.161,53.9847]]]},"properties":{"code":"2809","name":"powiat lidzbarski","country":"PL","level":"district","parent":"28","grodzki":false,"type":"powiat"}},
{"type":"Feature","geometry":{"type":"Polygon","coordinates":[[[19.9919,49.6535],[19.9914,49.6485],[20.0041,49.6346],[19.9984,49.6253],[19.9994,49.6133],[20.0109,49.6031],[20.0154,49.5911],[20.0261,49.5811],[20.0279,49.5728],[20.046,49.5593],[20.0673,49.5601],[20.0948,49.5533],[20.1143,49.5451],[20.1503,49.5439],[20.1576,49.5478],[20.2136,49.5509],[20.2386,49.5579],[20.2618,49.5682],[20.2814,49.5665],[20.2991,49.5699],[20.3123,49.5664],[20.3393,49.5389],[20.362,49.5342],[20.362,49.5341],[20.362,49.5342],[20.3635,49.5429],[20.3787,49.5522],[20.3856,49.5611],[20.3745,49.567],[20.3565,49.5873],[20.3695,49.5891],[20.3654,49.6156],[20.3704,49.6209],[20.4212,49.6126],[20.4328,49.6084],[20.4432,49.5926],[20.4575,49.5906],[20.4696,49.5945],[20.4937,49.586],[20.488,49.5791],[20.5054,49.5777],[20.5395,49.5827],[20.5508,49.5904],[20.541,49.5977],[20.5473,49.6111],[20.5382,49.6229],[20.5225,49.6288],[20.5248,49.6427],[20.5336,49.6471],[20.5486,49.636],[20.5627,49.6432],[20.5782,49.6459],[20.577,49.6525],[20.5547,49.6585],[20.5638,49.6758],[20.5796,49.6755],[20.5903,49.7001],[20.5769,49.7034],[20.5523,49.7163],[20.535,49.7177],[20.5298,49.7225],[20.5461,49.7345],[20.5659,49.7359],[20.5772,49.7517],[20.5896,49.7502],[20.5956,49.7564],[20.5851,49.7619],[20.5741,49.7722],[20.5514,49.7771],[20.5293,49.7877],[20.5181,49.7982],[20.4826,49.7982],[20.4737,49.8014],[20.4768,49.792],[20.4704,49.7806],[20.4438,49.7848],[20.4127,49.7847],[20.3882,49.7785],[20.3803,49.7816],[20.3641,49.7789],[20.3515,49.7884],[20.3529,49.7967],[20.3436,49.8157],[20.3148,49.8227],[20.3126,49.814],[20.2902,49.8057],[20.2719,49.8132],[20.2726,49.8182],[20.2598,49.8294],[20.2443,49.8295],[20.2343,49.8231],[20.221,49.822],[20.2136,49.816],[20.2144,49.8077],[20.1807,49.806],[20.1722,49.8008],[20.1536,49.8034],[20.1483,49.7884],[20.1495,49.7761],[20.1377,49.7645],[20.1432,49.7529],[20.1325,49.7448],[20.107,49.7431],[20.101,49.7325],[20.0833,49.7306],[20.0558,49.7369],[20.0393,49.7464],[20.0213,49.7303],[20.0245,49.7201],[20.008,49.7102],[20.0017,49.7011],[20.0083,49.6959],[20.0117,49.6721],[20.0006,49.6551],[19.9919,49.6535]]]},"properties":{"code":"1207","name":"powiat limanowski","country":"PL","level":"district","parent":"12","grodzki":false,"type":"powiat"}},
{"type":"Feature","geometry":{"type":"Polygon","coordinates":[[[19.4447,52.939],[19.4327,52.9333],[19.4017,52.9356],[19.3909,52.9293],[19.3823,52.9434],[19.3833,52.9337],[19.3587,52.9359],[19.3435,52.9404],[19.3469,52.9497],[19.3283,52.9521],[19.3078,52.9447],[19.2962,52.9704],[19.2751,52.9819],[19.2594,52.9853],[19.2687,52.9964],[19.257,53.0033],[19.2489,52.9984],[19.239,53.0015],[19.2151,52.9996],[19.2055,52.9927],[19.1779,52.9894],[19.1848,52.9709],[19.1764,52.9665],[19.1729,52.9737],[19.1562,52.9768],[19.1474,52.9615],[19.1276,52.9615],[19.1218,52.9672],[19.0942,52.969],[19.056,52.9709],[19.0407,52.9639],[19.0372,52.9677],[19.0096,52.9646],[19.0227,52.9429],[19.0174,52.9333],[19.0298,52.9323],[19.0273,52.9173],[19.0505,52.9157],[19.0627,52.8834],[19.0425,52.8635],[19.0348,52.8494],[19.0186,52.8462],[18.9533,52.8519],[18.9433,52.8441],[18.9505,52.8305],[18.9281,52.8357],[18.9073,52.836],[18.9092,52.8226],[18.9294,52.7988],[18.9295,52.7897],[18.9386,52.7826],[18.9564,52.7658],[18.9571,52.7524],[18.9649,52.7438],[18.9825,52.736],[18.9923,52.7189],[19.0009,52.7141],[19.0127,52.7173],[19.0274,52.7074],[19.0313,52.7258],[19.0385,52.7245],[19.0557,52.7358],[19.0816,52.7334],[19.0859,52.7477],[19.1003,52.7503],[19.102,52.7423],[19.1223,52.7393],[19.1398,52.7407],[19.1488,52.7293],[19.1762,52.7251],[19.1674,52.7097],[19.177,52.705],[19.1695,52.6953],[19.189,52.6798],[19.181,52.6746],[19.1826,52.6613],[19.1763,52.6559],[19.2068,52.6504],[19.2478,52.6393],[19.2975,52.6316],[19.2959,52.6283],[19.3381,52.6273],[19.3412,52.6314],[19.3695,52.6285],[19.3713,52.6248],[19.3733,52.6378],[19.3837,52.6443],[19.403,52.6445],[19.4136,52.6606],[19.4162,52.6717],[19.4303,52.6716],[19.4322,52.6766],[19.4509,52.6722],[19.4438,52.6829],[19.4369,52.6812],[19.4366,52.6931],[19.4467,52.7056],[19.4401,52.7119],[19.4413,52.723],[19.455,52.7257],[19.4648,52.7207],[19.4931,52.7146],[19.4919,52.7076],[19.5258,52.7037],[19.5271,52.7062],[19.5026,52.715],[19.5011,52.737],[19.5195,52.7425],[19.5147,52.7486],[19.499,52.7515],[19.5065,52.762],[19.4909,52.7743],[19.4945,52.7782],[19.4677,52.786],[19.4657,52.8045],[19.453,52.8046],[19.4376,52.8148],[19.4238,52.8156],[19.4312,52.8235],[19.423,52.8327],[19.4313,52.8403],[19.444,52.8374],[19.473,52.8515],[19.4634,52.8559],[19.4749,52.8653],[19.489,52.8668],[19.5109,52.8618],[19.5087,52.8679],[19.4586,52.9068],[19.4649,52.9196],[19.4508,52.9255],[19.4447,52.939]],[[19.0718,52.7794],[19.0835,52.7676],[19.0646,52.7559],[19.0434,52.7619],[19.0421,52.7736],[19.0718,52.7794]]]},"properties":{"code":"0408","name":"powiat lipnowski","country":"PL","level":"district","parent":"04","grodzki":false,"type":"powiat"}},
{"type":"Feature","geometry":{"type":"Polygon","coordinates":[[[21.803,51.0721],[21.7931,51.0996],[21.7905,51.1161],[21.7994,51.1348],[21.7871,51.1451],[21.7859,51.1589],[21.7925,51.1801],[21.7833,51.179],[21.7886,51.2017],[21.8012,51.2207],[21.8166,51.2306],[21.8082,51.2453],[21.8082,51.2543],[21.8223,51.2631],[21.8166,51.2682],[21.7997,51.2694],[21.7879,51.2622],[21.7733,51.265],[21.7713,51.272],[21.7421,51.2761],[21.7185,51.2847],[21.6954,51.297],[21.6676,51.3022],[21.6684,51.2906],[21.6542,51.2749],[21.6319,51.2742],[21.6319,51.2663],[21.612,51.2776],[21.5929,51.2849],[21.5401,51.2952],[21.5399,51.2829],[21.5631,51.2678],[21.554,51.2622],[21.5358,51.2686],[21.5159,51.2635],[21.501,51.2727],[21.4819,51.2679],[21.4785,51.2595],[21.4677,51.2528],[21.4518,51.2207],[21.4163,51.2213],[21.4011,51.2135],[21.4074,51.204],[21.3938,51.2059],[21.4018,51.194],[21.4148,51.1952],[21.4251,51.1844],[21.4188,51.1766],[21.3988,51.1846],[21.3837,51.1738],[21.3839,51.1829],[21.3618,51.1832],[21.3617,51.1759],[21.3443,51.1762],[21.3284,51.1488],[21.3363,51.1464],[21.3215,51.1263],[21.3244,51.1219],[21.3111,51.0842],[21.3533,51.0852],[21.3542,51.0662],[21.3704,51.0655],[21.3719,51.0588],[21.3831,51.0583],[21.3825,51.0405],[21.4048,51.0354],[21.4025,51.0327],[21.4313,51.0295],[21.4636,51.0131],[21.4948,51.0214],[21.4859,51.0238],[21.5046,51.0317],[21.4861,51.0357],[21.4899,51.0397],[21.5169,51.0365],[21.4996,51.0451],[21.513,51.0561],[21.5291,51.059],[21.5421,51.057],[21.5446,51.0478],[21.5605,51.0555],[21.5818,51.0607],[21.5901,51.0578],[21.6141,51.0653],[21.6191,51.0597],[21.6302,51.0634],[21.6237,51.071],[21.6403,51.0763],[21.6496,51.0695],[21.6763,51.078],[21.6916,51.0658],[21.7052,51.0427],[21.7211,51.0418],[21.7299,51.0473],[21.741,51.041],[21.759,51.0374],[21.7584,51.0419],[21.7776,51.0417],[21.7724,51.0488],[21.7844,51.0536],[21.7851,51.0689],[21.803,51.0721]]]},"properties":{"code":"1409","name":"powiat lipski","country":"PL","level":"district","parent":"14","grodzki":false,"type":"powiat"}},
{"type":"Feature","geometry":{"type":"Polygon","coordinates":[[[23.5479,50.2518],[23.5425,50.2586],[23.5278,50.2623],[23.5089,50.2613],[23.5139,50.2788],[23.5037,50.2804],[23.5048,50.2868],[23.5179,50.2897],[23.4926,50.2995],[23.47,50.2936],[23.457,50.3032],[23.4285,50.3023],[23.4097,50.31],[23.4329,50.3399],[23.4351,50.3478],[23.4125,50.3515],[23.405,50.364],[23.3789,50.3683],[23.3739,50.377],[23.3828,50.3833],[23.3662,50.3888],[23.3702,50.3995],[23.3841,50.3988],[23.3876,50.4054],[23.3581,50.4105],[23.3535,50.4019],[23.3176,50.3927],[23.3055,50.3801],[23.2791,50.3762],[23.2507,50.3593],[23.2526,50.3646],[23.2181,50.3839],[23.2196,50.3875],[23.1939,50.3909],[23.1838,50.396],[23.1413,50.3667],[23.0891,50.3298],[23.0668,50.3231],[23.0541,50.3058],[23.0281,50.2889],[22.9725,50.2948],[22.9443,50.2922],[22.8806,50.3008],[22.8552,50.2945],[22.8413,50.2976],[22.836,50.2698],[22.8249,50.2686],[22.8214,50.2505],[22.7978,50.2095],[22.8689,50.1896],[22.8681,50.1764],[22.879,50.1669],[22.8736,50.1501],[22.8938,50.1492],[22.8857,50.165],[22.9406,50.173],[22.9302,50.1586],[22.9124,50.1241],[22.9139,50.119],[22.8928,50.1143],[22.9231,50.1109],[22.9154,50.0987],[22.9479,50.0927],[22.9537,50.0738],[22.9711,50.0684],[22.9964,50.0686],[23.0196,50.0629],[23.0307,50.056],[23.0672,50.0529],[23.0471,50.0402],[23.037,50.0202],[23.0176,50.0078],[23.0069,49.9973],[23.0387,49.9964],[23.0354,49.9906],[23.0567,49.9863],[23.0915,49.9881],[23.1016,49.9833],[23.1108,49.9854],[23.1426,49.9837],[23.1538,49.9808],[23.213,50.0311],[23.216,50.0475],[23.2393,50.0545],[23.2646,50.0789],[23.2793,50.0863],[23.2792,50.0998],[23.2968,50.1029],[23.3139,50.112],[23.3421,50.1336],[23.3803,50.1594],[23.4294,50.1842],[23.4701,50.2179],[23.5063,50.2303],[23.5479,50.2518]]]},"properties":{"code":"1809","name":"powiat lubaczowski","country":"PL","level":"district","parent":"18","grodzki":false,"type":"powiat"}},
{"type":"Feature","geometry":{"type":"Polygon","coordinates":[[[15.277,50.8946],[15.3033,50.912],[15.3161,50.9126],[15.3378,50.9015],[15.3465,50.893],[15.3741,50.8916],[15.3737,50.897],[15.3509,50.9029],[15.3446,50.9274],[15.3309,50.9288],[15.3378,50.9474],[15.3311,50.9633],[15.3178,50.964],[15.3108,50.9712],[15.3058,50.9864],[15.3311,50.9994],[15.3499,51.0033],[15.3502,50.9942],[15.3735,50.995],[15.3869,51.0005],[15.3915,51.0149],[15.3789,51.0181],[15.3777,51.0239],[15.4078,51.0423],[15.3959,51.0519],[15.4155,51.0748],[15.4137,51.0922],[15.4075,51.1003],[15.4205,51.1102],[15.4187,51.1186],[15.4283,51.1202],[15.4324,51.1296],[15.4305,51.1418],[15.4099,51.1533],[15.3907,51.1564],[15.385,51.165],[15.3943,51.1751],[15.3562,51.1892],[15.3402,51.1995],[15.302,51.1834],[15.2702,51.1952],[15.2702,51.1914],[15.2497,51.1885],[15.217,51.1931],[15.2069,51.1909],[15.2125,51.1775],[15.2084,51.1675],[15.1973,51.1619],[15.1699,51.1662],[15.1529,51.1581],[15.1556,51.1441],[15.1305,51.1263],[15.1222,51.1006],[15.1315,51.0998],[15.1211,51.0802],[15.1412,51.0583],[15.149,51.0337],[15.1682,51.0185],[15.1718,51.02],[15.1768,50.9928],[15.1722,50.9871],[15.1893,50.9802],[15.2,50.984],[15.2032,50.9918],[15.2366,50.9987],[15.248,50.9803],[15.2741,50.9795],[15.2739,50.9629],[15.292,50.9535],[15.29,50.9474],[15.2697,50.9357],[15.2669,50.9208],[15.277,50.8946]]]},"properties":{"code":"0210","name":"powiat lubański","country":"PL","level":"district","parent":"02","grodzki":false,"type":"powiat"}},
{"type":"Feature","geometry":{"type":"Polygon","coordinates":[[[22.3984,51.7138],[22.3986,51.7058],[22.3676,51.6578],[22.3429,51.6589],[22.34,51.642],[22.3371,51.6499],[22.3246,51.6507],[22.3213,51.6593],[22.3241,51.6741],[22.3036,51.6719],[22.2962,51.652],[22.2915,51.6542],[22.2891,51.6376],[22.2614,51.6408],[22.2616,51.647],[22.2295,51.6534],[22.225,51.6481],[22.1933,51.6597],[22.189,51.644],[22.2018,51.639],[22.207,51.626],[22.2252,51.6171],[22.243,51.6129],[22.2412,51.6061],[22.2121,51.6043],[22.2179,51.5993],[22.2038,51.5972],[22.1898,51.603],[22.1928,51.5921],[22.1878,51.5844],[22.2111,51.5813],[22.2222,51.5742],[22.2264,51.5631],[22.2548,51.5544],[22.2494,51.5509],[22.2481,51.5321],[22.262,51.5291],[22.2667,51.5153],[22.2558,51.5097],[22.2343,51.5105],[22.2341,51.5141],[22.2142,51.5172],[22.2228,51.505],[22.1913,51.4977],[22.1899,51.4875],[22.196,51.4745],[22.21,51.4583],[22.2234,51.4534],[22.2537,51.4369],[22.2398,51.4339],[22.2451,51.4259],[22.2708,51.4312],[22.3012,51.4283],[22.3484,51.4275],[22.3566,51.43],[22.3649,51.4197],[22.3767,51.4185],[22.3936,51.4255],[22.3906,51.4044],[22.383,51.3953],[22.408,51.383],[22.4178,51.3699],[22.419,51.3752],[22.4345,51.3774],[22.4253,51.3909],[22.4578,51.4089],[22.4893,51.4036],[22.4936,51.3982],[22.4788,51.3834],[22.4964,51.3814],[22.506,51.3874],[22.5118,51.3757],[22.5372,51.3833],[22.5457,51.3676],[22.5666,51.3666],[22.5683,51.3757],[22.5462,51.379],[22.5518,51.3888],[22.566,51.3915],[22.6028,51.3796],[22.6349,51.3796],[22.648,51.3725],[22.653,51.3561],[22.6689,51.3645],[22.6648,51.3709],[22.6836,51.379],[22.7328,51.3882],[22.7418,51.3877],[22.767,51.4115],[22.7797,51.4022],[22.7999,51.4026],[22.7994,51.398],[22.8227,51.3961],[22.8297,51.3884],[22.8248,51.3841],[22.8477,51.3817],[22.8509,51.3855],[22.8721,51.3864],[22.903,51.3998],[22.9259,51.3989],[22.9282,51.4083],[22.9365,51.4077],[22.9527,51.3956],[22.9584,51.4015],[22.9761,51.3993],[22.9812,51.4239],[22.9829,51.4343],[22.973,51.4697],[22.9892,51.4689],[23.0065,51.4758],[23.0122,51.4673],[23.0147,51.4812],[23.0012,51.4814],[23.0025,51.4948],[23.0186,51.5008],[23.0031,51.5134],[23.0074,51.5206],[22.9937,51.5258],[22.9703,51.5255],[22.9532,51.531],[22.9353,51.5409],[22.9212,51.5439],[22.9151,51.5542],[22.8977,51.5603],[22.8788,51.5618],[22.8803,51.5294],[22.8465,51.5308],[22.8422,51.517],[22.8247,51.517],[22.7853,51.5208],[22.7851,51.5607],[22.7257,51.5714],[22.7075,51.5833],[22.6772,51.5933],[22.6637,51.5911],[22.6357,51.612],[22.6104,51.622],[22.6156,51.6277],[22.608,51.6346],[22.591,51.6398],[22.5649,51.6604],[22.5361,51.6599],[22.5117,51.6698],[22.4939,51.6825],[22.4784,51.6867],[22.4835,51.6945],[22.4542,51.7009],[22.4178,51.7125],[22.3984,51.7138]]]},"properties":{"code":"0608","name":"powiat lubartowski","country":"PL","level":"district","parent":"06","grodzki":false,"type":"powiat"}},
{"type":"Feature","geometry":{"type":"Polygon","coordinates":[[[22.3012,51.4283],[22.2916,51.4276],[22.3008,51.4099],[22.2911,51.4069],[22.2932,51.3998],[22.2728,51.3807],[22.2657,51.3665],[22.2929,51.3488],[22.2785,51.3417],[22.251,51.3334],[22.2599,51.3238],[22.2842,51.3177],[22.2859,51.3071],[22.2769,51.2921],[22.301,51.2878],[22.3131,51.2779],[22.2956,51.2742],[22.2877,51.2685],[22.2706,51.2686],[22.2406,51.2621],[22.2243,51.2672],[22.2041,51.2643],[22.1663,51.2622],[22.1678,51.2566],[22.171,51.2508],[22.1495,51.2428],[22.1294,51.2277],[22.1503,51.2297],[22.1474,51.2241],[22.1293,51.2241],[22.1364,51.215],[22.1631,51.2188],[22.1745,51.2145],[22.1599,51.2098],[22.1583,51.201],[22.1499,51.1974],[22.1657,51.1917],[22.1446,51.1739],[22.1196,51.1712],[22.125,51.1519],[22.1533,51.1554],[22.1554,51.1511],[22.182,51.1545],[22.1759,51.1388],[22.2043,51.128],[22.2286,51.1297],[22.2319,51.1078],[22.2216,51.0877],[22.2356,51.0888],[22.2304,51.0763],[22.2164,51.0656],[22.2171,51.0435],[22.1695,51.0484],[22.1676,51.0442],[22.1776,51.0355],[22.1925,51.0364],[22.21,51.033],[22.2721,51.0316],[22.3182,51.0392],[22.3191,51.0509],[22.3547,51.0503],[22.3761,51.0373],[22.3855,51.0111],[22.3872,50.9992],[22.4265,50.9917],[22.4526,50.9835],[22.4467,50.9721],[22.4686,50.9547],[22.4774,50.9633],[22.479,50.9488],[22.4739,50.9369],[22.4564,50.9246],[22.4431,50.9256],[22.454,50.9168],[22.4748,50.9129],[22.4823,50.9065],[22.504,50.902],[22.5041,50.9075],[22.5208,50.9047],[22.5195,50.911],[22.5373,50.9089],[22.5402,50.8707],[22.5477,50.8624],[22.536,50.8569],[22.5319,50.8478],[22.5498,50.8443],[22.5524,50.8398],[22.5781,50.8384],[22.5914,50.8461],[22.6014,50.8388],[22.6144,50.8423],[22.6506,50.8584],[22.6785,50.848],[22.7083,50.8716],[22.7159,50.8747],[22.7007,50.8822],[22.7148,50.88],[22.7508,50.8816],[22.7563,50.8759],[22.7793,50.8749],[22.7712,50.8844],[22.7617,50.9069],[22.7731,50.9139],[22.7731,50.9214],[22.8007,50.926],[22.7872,50.9371],[22.7814,50.9357],[22.7891,50.95],[22.7861,50.9646],[22.8135,50.9734],[22.7881,50.9834],[22.7773,50.9928],[22.8101,51.0183],[22.8119,51.0464],[22.7874,51.0536],[22.7725,51.0737],[22.7762,51.0847],[22.7582,51.081],[22.7438,51.0826],[22.7271,51.0893],[22.7298,51.1027],[22.6988,51.1031],[22.69,51.1065],[22.6939,51.1192],[22.691,51.1378],[22.6811,51.1521],[22.689,51.1679],[22.6868,51.1776],[22.7013,51.1911],[22.6388,51.214],[22.612,51.2094],[22.6137,51.1968],[22.6246,51.1881],[22.6199,51.1797],[22.5891,51.1754],[22.5541,51.1765],[22.5549,51.1487],[22.5095,51.1468],[22.5044,51.1408],[22.4842,51.1439],[22.4714,51.1589],[22.4872,51.1693],[22.4977,51.1804],[22.5029,51.1781],[22.5158,51.1866],[22.485,51.2053],[22.4947,51.2073],[22.5011,51.2174],[22.4707,51.2127],[22.4546,51.2162],[22.4815,51.2312],[22.4633,51.2309],[22.4654,51.2364],[22.4841,51.2435],[22.4867,51.2554],[22.4661,51.2554],[22.4681,51.2634],[22.4851,51.275],[22.4948,51.274],[22.4939,51.285],[22.5224,51.2861],[22.5481,51.2844],[22.5721,51.286],[22.6049,51.2806],[22.6268,51.2912],[22.6301,51.2966],[22.6469,51.2905],[22.6495,51.285],[22.6312,51.2759],[22.6322,51.2642],[22.6509,51.2549],[22.6735,51.2532],[22.6645,51.2425],[22.7199,51.235],[22.7418,51.2501],[22.724,51.2641],[22.7455,51.2688],[22.7699,51.2781],[22.7718,51.2917],[22.7845,51.3003],[22.758,51.3044],[22.7636,51.3066],[22.7246,51.3182],[22.7199,51.3165],[22.7014,51.3267],[22.6765,51.3467],[22.6815,51.3568],[22.6689,51.3645],[22.653,51.3561],[22.648,51.3725],[22.6349,51.3796],[22.6028,51.3796],[22.566,51.3915],[22.5518,51.3888],[22.5462,51.379],[22.5683,51.3757],[22.5666,51.3666],[22.5457,51.3676],[22.5372,51.3833],[22.5118,51.3757],[22.506,51.3874],[22.4964,51.3814],[22.4788,51.3834],[22.4936,51.3982],[22.4893,51.4036],[22.4578,51.4089],[22.4253,51.3909],[22.4345,51.3774],[22.419,51.3752],[22.4178,51.3699],[22.408,51.383],[22.383,51.3953],[22.3906,51.4044],[22.3936,51.4255],[22.3767,51.4185],[22.3649,51.4197],[22.3566,51.43],[22.3484,51.4275],[22.3012,51.4283]]]},"properties":{"code":"0609","name":"powiat lubelski","country":"PL","level":"district","parent":"06","grodzki":false,"type":"powiat"}},
{"type":"Feature","geometry":{"type":"Polygon","coordinates":[[[16.4157,51.2937],[16.4459,51.3173],[16.4608,51.3257],[16.4534,51.3399],[16.4583,51.3505],[16.4668,51.3536],[16.4766,51.3692],[16.4553,51.4023],[16.4446,51.4076],[16.4456,51.4206],[16.4384,51.4275],[16.4508,51.4659],[16.4494,51.4772],[16.4546,51.4936],[16.4673,51.5015],[16.4822,51.5161],[16.4594,51.5253],[16.4614,51.5348],[16.4516,51.542],[16.4526,51.5504],[16.4642,51.5638],[16.4473,51.5678],[16.4322,51.5757],[16.4057,51.5774],[16.4018,51.5839],[16.3892,51.5877],[16.3852,51.5996],[16.3916,51.6106],[16.374,51.6122],[16.3554,51.6092],[16.3485,51.5958],[16.3277,51.5984],[16.3176,51.583],[16.3212,51.5705],[16.2684,51.566],[16.2607,51.5569],[16.2702,51.5444],[16.2509,51.5387],[16.2435,51.5221],[16.2102,51.5246],[16.2008,51.5113],[16.1864,51.5121],[16.1779,51.4897],[16.1831,51.4802],[16.1971,51.4849],[16.1963,51.4715],[16.1859,51.4572],[16.1624,51.454],[16.1522,51.4596],[16.1368,51.4578],[16.1354,51.468],[16.1241,51.4714],[16.1131,51.4639],[16.1062,51.4681],[16.0887,51.4645],[16.073,51.453],[16.0714,51.4378],[16.088,51.4166],[16.0976,51.4182],[16.1086,51.4005],[16.102,51.3964],[16.0981,51.3837],[16.0695,51.3808],[16.0677,51.3711],[16.0799,51.3668],[16.0713,51.3551],[16.0741,51.3489],[16.0924,51.3458],[16.0799,51.3377],[16.0477,51.3333],[16.0261,51.3361],[16.0138,51.3275],[16.0041,51.3179],[16.0168,51.3032],[16.0313,51.3044],[16.0554,51.3002],[16.0694,51.2921],[16.0686,51.2991],[16.0804,51.3026],[16.0932,51.2872],[16.1287,51.289],[16.1298,51.2932],[16.1572,51.2931],[16.1903,51.279],[16.1955,51.2716],[16.1961,51.2838],[16.211,51.2898],[16.2122,51.2954],[16.2324,51.2938],[16.2436,51.2868],[16.2603,51.2837],[16.273,51.2868],[16.2869,51.2964],[16.3084,51.2913],[16.3252,51.3064],[16.3392,51.3131],[16.3276,51.3174],[16.341,51.3324],[16.3643,51.3223],[16.3878,51.3186],[16.3862,51.3115],[16.3952,51.3019],[16.408,51.3005],[16.4157,51.2937]]]},"properties":{"code":"0211","name":"powiat lubiński","country":"PL","level":"district","parent":"02","grodzki":false,"type":"powiat"}},
{"type":"Feature","geometry":{"type":"Polygon","coordinates":[[[22.6388,51.214],[22.6509,51.2158],[22.6536,51.2234],[22.6518,51.244],[22.6645,51.2425],[22.6735,51.2532],[22.6509,51.2549],[22.6322,51.2642],[22.6312,51.2759],[22.6495,51.285],[22.6469,51.2905],[22.6301,51.2966],[22.6268,51.2912],[22.6049,51.2806],[22.5721,51.286],[22.5481,51.2844],[22.5224,51.2861],[22.4939,51.285],[22.4948,51.274],[22.4851,51.275],[22.4681,51.2634],[22.4661,51.2554],[22.4867,51.2554],[22.4841,51.2435],[22.4654,51.2364],[22.4633,51.2309],[22.4815,51.2312],[22.4546,51.2162],[22.4707,51.2127],[22.5011,51.2174],[22.4947,51.2073],[22.485,51.2053],[22.5158,51.1866],[22.5029,51.1781],[22.4977,51.1804],[22.4872,51.1693],[22.4714,51.1589],[22.4842,51.1439],[22.5044,51.1408],[22.5095,51.1468],[22.5549,51.1487],[22.5541,51.1765],[22.5891,51.1754],[22.6199,51.1797],[22.6246,51.1881],[22.6137,51.1968],[22.612,51.2094],[22.6388,51.214]]]},"properties":{"code":"0663","name":"powiat Lublin","country":"PL","level":"district","parent":"06","grodzki":true,"type":"miasto na prawach powiatu"}},
{"type":"Feature","geometry":{"type":"Polygon","coordinates":[[[18.6017,50.6045],[18.6565,50.5953],[18.6681,50.5894],[18.6883,50.5865],[18.7102,50.587],[18.723,50.5941],[18.738,50.596],[18.7638,50.5915],[18.774,50.587],[18.7798,50.572],[18.7967,50.569],[18.8103,50.5608],[18.8256,50.5596],[18.8445,50.5441],[18.8623,50.5538],[18.8556,50.5565],[18.8705,50.5634],[18.8609,50.5744],[18.8439,50.5757],[18.8171,50.5822],[18.8187,50.5892],[18.8426,50.6102],[18.8452,50.6175],[18.8656,50.6003],[18.8751,50.5854],[18.9073,50.5834],[18.9062,50.5766],[18.949,50.5738],[18.95,50.5805],[18.9657,50.5795],[18.9673,50.5724],[18.9917,50.5708],[19.0033,50.5755],[19.0013,50.5635],[19.0299,50.5617],[19.0238,50.5551],[19.0227,50.5427],[19.0434,50.5403],[19.0203,50.5323],[19.0433,50.5184],[19.0528,50.4933],[19.0791,50.5079],[19.0934,50.5159],[19.0824,50.5334],[19.0771,50.5557],[19.0883,50.5601],[19.1029,50.5779],[19.1053,50.5871],[19.0933,50.5915],[19.0753,50.6105],[19.0739,50.6161],[19.1093,50.6204],[19.0975,50.6352],[19.0957,50.6435],[19.0612,50.6346],[19.0481,50.6476],[19.0608,50.6611],[19.0377,50.6614],[19.0373,50.6614],[19.0377,50.6614],[19.0373,50.6614],[19.0196,50.6624],[19.0196,50.6623],[19.0196,50.6624],[19.0196,50.6623],[19.0039,50.6654],[18.9847,50.6627],[18.9868,50.6874],[18.9402,50.7056],[18.9363,50.7171],[18.913,50.7334],[18.9183,50.7399],[18.9143,50.7645],[18.8666,50.7611],[18.8487,50.7661],[18.8099,50.7685],[18.8045,50.7975],[18.7324,50.7921],[18.7297,50.7892],[18.7064,50.8059],[18.6876,50.8138],[18.6525,50.8244],[18.6436,50.8237],[18.6205,50.8368],[18.6163,50.8535],[18.5882,50.8516],[18.558,50.8341],[18.5622,50.8089],[18.5046,50.801],[18.5198,50.7963],[18.5251,50.7764],[18.5343,50.7788],[18.5348,50.7713],[18.5501,50.7596],[18.5723,50.7563],[18.5806,50.7518],[18.5705,50.7447],[18.552,50.7496],[18.5483,50.732],[18.509,50.7261],[18.5069,50.7132],[18.4839,50.7083],[18.4994,50.6895],[18.4838,50.6856],[18.4894,50.6777],[18.5039,50.6737],[18.4942,50.6643],[18.5227,50.6596],[18.5131,50.6579],[18.5064,50.6414],[18.5168,50.6396],[18.5132,50.6307],[18.5174,50.6255],[18.5873,50.6138],[18.5901,50.6064],[18.6017,50.6045]]]},"properties":{"code":"2407","name":"powiat lubliniecki","country":"PL","level":"district","parent":"24","grodzki":false,"type":"powiat"}},
{"type":"Feature","geometry":{"type":"Polygon","coordinates":[[[15.3682,50.836],[15.3858,50.8386],[15.3981,50.8336],[15.4132,50.833],[15.4134,50.853],[15.4392,50.8523],[15.4459,50.8599],[15.4562,50.8848],[15.4763,50.8779],[15.4877,50.8786],[15.5011,50.8891],[15.4847,50.9033],[15.4863,50.9117],[15.5083,50.9149],[15.5033,50.9226],[15.5221,50.9391],[15.5363,50.9376],[15.5686,50.9396],[15.5902,50.9491],[15.6381,50.9492],[15.6334,50.9548],[15.649,50.9532],[15.6719,50.9593],[15.6945,50.9555],[15.6978,50.9644],[15.6903,50.9767],[15.6769,50.9843],[15.6892,50.9893],[15.6915,50.9997],[15.7199,50.9966],[15.7225,51.0072],[15.7377,51.0114],[15.7213,51.0206],[15.7431,51.0225],[15.7449,51.0269],[15.7605,51.0251],[15.7655,51.0362],[15.7629,51.054],[15.752,51.0636],[15.7458,51.0847],[15.729,51.0957],[15.7194,51.1082],[15.7206,51.1224],[15.7272,51.1396],[15.7173,51.1489],[15.6978,51.1593],[15.6726,51.1673],[15.6651,51.1757],[15.633,51.1855],[15.5877,51.1792],[15.5779,51.1856],[15.5672,51.1841],[15.5647,51.1992],[15.5442,51.1941],[15.5341,51.1877],[15.4785,51.1752],[15.4876,51.1494],[15.4804,51.136],[15.456,51.1217],[15.4437,51.1187],[15.4437,51.1124],[15.4283,51.1202],[15.4187,51.1186],[15.4205,51.1102],[15.4075,51.1003],[15.4137,51.0922],[15.4155,51.0748],[15.3959,51.0519],[15.4078,51.0423],[15.3777,51.0239],[15.3789,51.0181],[15.3915,51.0149],[15.3869,51.0005],[15.3735,50.995],[15.3502,50.9942],[15.3499,51.0033],[15.3311,50.9994],[15.3058,50.9864],[15.3108,50.9712],[15.3178,50.964],[15.3311,50.9633],[15.3378,50.9474],[15.3309,50.9288],[15.3446,50.9274],[15.3509,50.9029],[15.3737,50.897],[15.3741,50.8916],[15.3465,50.893],[15.3378,50.9015],[15.3161,50.9126],[15.3033,50.912],[15.277,50.8946],[15.2924,50.8763],[15.3098,50.8614],[15.34,50.8567],[15.3555,50.8493],[15.3682,50.836]]]},"properties":{"code":"0212","name":"powiat lwówecki","country":"PL","level":"district","parent":"02","grodzki":false,"type":"powiat"}},
{"type":"Feature","geometry":{"type":"Polygon","coordinates":[[[22.2342,49.9315],[22.2474,49.9331],[22.2761,49.9265],[22.2827,49.9327],[22.2961,49.9338],[22.292,49.9484],[22.3049,49.9449],[22.3189,49.9464],[22.308,49.9574],[22.317,49.9721],[22.3034,49.9766],[22.3044,49.9856],[22.3172,49.9984],[22.339,50.0019],[22.3506,50.0081],[22.3414,50.0518],[22.3513,50.0443],[22.3517,50.0517],[22.3742,50.054],[22.3838,50.0689],[22.378,50.0924],[22.4168,50.0912],[22.4219,50.1094],[22.4492,50.1091],[22.4479,50.1231],[22.4403,50.128],[22.4163,50.1312],[22.4093,50.1259],[22.378,50.1529],[22.3857,50.157],[22.3546,50.1772],[22.3225,50.1886],[22.3083,50.2021],[22.2843,50.2048],[22.2717,50.2183],[22.2686,50.2275],[22.2507,50.2308],[22.2335,50.2468],[22.2247,50.2356],[22.1976,50.2337],[22.1856,50.226],[22.194,50.225],[22.1991,50.2147],[22.1966,50.2063],[22.1818,50.203],[22.1881,50.1969],[22.1806,50.1925],[22.1847,50.1781],[22.1774,50.1741],[22.1595,50.182],[22.1427,50.1849],[22.1261,50.1829],[22.1224,50.1748],[22.0901,50.1729],[22.0993,50.1695],[22.0965,50.157],[22.1109,50.1535],[22.102,50.1499],[22.1071,50.139],[22.1146,50.1402],[22.1256,50.1308],[22.1281,50.1148],[22.1374,50.1084],[22.1493,50.1134],[22.171,50.1061],[22.1762,50.1009],[22.1685,50.0961],[22.168,50.0834],[22.1524,50.0759],[22.1473,50.0607],[22.1228,50.0434],[22.1287,50.0403],[22.1308,50.0274],[22.1326,50.0174],[22.1484,50.0033],[22.1672,50.0054],[22.1874,49.9988],[22.2106,49.9712],[22.2286,49.9677],[22.2287,49.9676],[22.2286,49.9677],[22.2287,49.9676],[22.2302,49.9662],[22.2301,49.9662],[22.2302,49.9662],[22.2301,49.9662],[22.2265,49.9645],[22.2237,49.9434],[22.2156,49.9385],[22.2342,49.9315]]]},"properties":{"code":"1810","name":"powiat łańcucki","country":"PL","level":"district","parent":"18","grodzki":false,"type":"powiat"}},
{"type":"Feature","geometry":{"type":"Polygon","coordinates":[[[19.2734,51.5552],[19.2501,51.5744],[19.2264,51.5793],[19.2167,51.5754],[19.178,51.5745],[19.1607,51.5811],[19.1871,51.5808],[19.2046,51.5843],[19.1965,51.6037],[19.2191,51.607],[19.213,51.6155],[19.1902,51.6263],[19.1478,51.6264],[19.1629,51.6475],[19.1753,51.6486],[19.1796,51.6571],[19.208,51.6694],[19.1974,51.6877],[19.1979,51.6963],[19.1866,51.7021],[19.2067,51.7067],[19.2085,51.6997],[19.2251,51.6999],[19.2181,51.708],[19.2055,51.7129],[19.1852,51.7078],[19.1804,51.7277],[19.1591,51.7394],[19.1504,51.7548],[19.1421,51.76],[19.1174,51.7637],[19.099,51.7636],[19.0827,51.7736],[19.056,51.7781],[19.047,51.7669],[19.0553,51.7543],[19.0447,51.7521],[19.0387,51.7421],[19.0541,51.7339],[19.0663,51.7341],[19.0726,51.7193],[19.0961,51.7117],[19.1062,51.7024],[19.1078,51.689],[19.0879,51.6881],[19.0681,51.6812],[19.043,51.6868],[19.0445,51.6794],[19.0672,51.6623],[19.0578,51.6605],[19.0399,51.6667],[19.0272,51.6662],[19.008,51.6502],[19.0132,51.6329],[19.032,51.6176],[19.0205,51.6041],[19.0401,51.5927],[19.0416,51.5837],[19.0291,51.5786],[19.0245,51.57],[19.0056,51.5609],[18.9956,51.5493],[18.975,51.5463],[18.9694,51.5287],[18.9568,51.5322],[18.9482,51.5202],[18.9418,51.4889],[18.9194,51.4803],[18.9329,51.4708],[18.9213,51.4677],[18.9068,51.4739],[18.9018,51.483],[18.8842,51.4722],[18.8631,51.4891],[18.869,51.4695],[18.8785,51.4661],[18.8679,51.453],[18.8571,51.455],[18.8375,51.4436],[18.8317,51.447],[18.818,51.4334],[18.803,51.4105],[18.8218,51.4048],[18.8301,51.3957],[18.8489,51.3974],[18.857,51.4019],[18.8743,51.3838],[18.8932,51.3834],[18.8974,51.3643],[18.9164,51.362],[18.916,51.3521],[18.9287,51.3527],[18.9346,51.3477],[18.9652,51.362],[18.97,51.362],[19.0129,51.3442],[19.0165,51.3548],[19.0279,51.3573],[19.0472,51.3537],[19.0559,51.3842],[19.0693,51.3899],[19.0591,51.4003],[19.0563,51.4097],[19.0786,51.4264],[19.0811,51.4377],[19.0726,51.4395],[19.0809,51.4476],[19.0762,51.4593],[19.0788,51.4686],[19.0903,51.4672],[19.1082,51.4755],[19.1429,51.4774],[19.1591,51.4823],[19.1854,51.4754],[19.196,51.4764],[19.2062,51.4882],[19.2442,51.4957],[19.2401,51.4998],[19.2581,51.5141],[19.2622,51.5328],[19.2603,51.5444],[19.2734,51.5552]]]},"properties":{"code":"1003","name":"powiat łaski","country":"PL","level":"district","parent":"10","grodzki":false,"type":"powiat"}},
{"type":"Feature","geometry":{"type":"Polygon","coordinates":[[[19.1286,52.0005],[19.1209,52.0073],[19.1295,52.0125],[19.1716,52.0092],[19.1829,52.016],[19.22,52.014],[19.2227,52.0245],[19.2597,52.0261],[19.2585,52.0307],[19.2901,52.0364],[19.2937,52.0231],[19.3141,52.0171],[19.3361,52.0206],[19.3452,52.0255],[19.342,52.0323],[19.3729,52.0255],[19.3622,52.0228],[19.3704,52.0101],[19.3889,52.0054],[19.4141,52.0051],[19.4256,52.0021],[19.4303,52.0138],[19.4377,52.0082],[19.4535,52.0066],[19.4512,51.9987],[19.4658,51.997],[19.4881,52.0031],[19.4808,52.0221],[19.4964,52.0177],[19.5051,52.0058],[19.514,52.0113],[19.5241,52.0021],[19.539,52.0137],[19.5431,52.0265],[19.558,52.0217],[19.5622,52.0347],[19.555,52.0453],[19.5421,52.0473],[19.5368,52.068],[19.5387,52.0744],[19.5142,52.0795],[19.5457,52.0851],[19.5241,52.1014],[19.5314,52.1249],[19.5295,52.1321],[19.4889,52.1295],[19.4748,52.1254],[19.4621,52.1322],[19.4547,52.1308],[19.4505,52.12],[19.4306,52.1186],[19.3909,52.1098],[19.3677,52.1087],[19.3548,52.1134],[19.3482,52.147],[19.3331,52.1549],[19.3182,52.1737],[19.3038,52.1665],[19.2933,52.1767],[19.2786,52.1714],[19.2824,52.1672],[19.2668,52.163],[19.2486,52.1777],[19.2467,52.1902],[19.2319,52.1834],[19.2138,52.1818],[19.2046,52.1923],[19.1815,52.1878],[19.1761,52.1926],[19.1862,52.197],[19.1786,52.2054],[19.1635,52.2036],[19.1428,52.2057],[19.1359,52.1954],[19.1161,52.1945],[19.1061,52.2],[19.0776,52.2001],[19.0527,52.2125],[19.0202,52.2154],[18.9995,52.2111],[18.9922,52.2145],[18.951,52.1954],[18.9433,52.1994],[18.924,52.1963],[18.9182,52.186],[18.9156,52.1608],[18.9083,52.1468],[18.9111,52.1327],[18.9316,52.1232],[18.9425,52.1279],[18.9498,52.1193],[18.944,52.1033],[18.9308,52.1043],[18.9251,52.0793],[18.9052,52.0795],[18.9003,52.0839],[18.8839,52.0807],[18.8592,52.0869],[18.8421,52.0802],[18.8399,52.0717],[18.8278,52.0642],[18.8358,52.0624],[18.8533,52.0487],[18.8397,52.0415],[18.8605,52.039],[18.8843,52.0424],[18.8858,52.021],[18.8623,52.018],[18.8617,52.0099],[18.8785,52.0067],[18.87,52.0035],[18.9168,52.0014],[18.9159,52.0175],[18.9317,52.0109],[18.9421,52.0116],[18.9624,52.0253],[18.9939,52.0151],[18.9979,52.0092],[19.0133,52.0167],[19.0312,52.0187],[19.0341,52.0055],[19.0526,52.0078],[19.0706,52.0143],[19.0778,52.0062],[19.1008,52.0117],[19.115,52.0012],[19.1286,52.0005]]]},"properties":{"code":"1004","name":"powiat łęczycki","country":"PL","level":"district","parent":"10","grodzki":false,"type":"powiat"}},
{"type":"Feature","geometry":{"type":"Polygon","coordinates":[[[23.0636,51.4215],[23.0499,51.4092],[23.0533,51.4185],[23.0198,51.4345],[23.0039,51.4175],[22.9812,51.4239],[22.9761,51.3993],[22.9584,51.4015],[22.9527,51.3956],[22.9365,51.4077],[22.9282,51.4083],[22.9259,51.3989],[22.903,51.3998],[22.8721,51.3864],[22.8509,51.3855],[22.8477,51.3817],[22.8248,51.3841],[22.8297,51.3884],[22.8227,51.3961],[22.7994,51.398],[22.7999,51.4026],[22.7797,51.4022],[22.767,51.4115],[22.7418,51.3877],[22.7328,51.3882],[22.6836,51.379],[22.6648,51.3709],[22.6689,51.3645],[22.6815,51.3568],[22.6765,51.3467],[22.7014,51.3267],[22.7199,51.3165],[22.7246,51.3182],[22.7636,51.3066],[22.758,51.3044],[22.7845,51.3003],[22.7718,51.2917],[22.7699,51.2781],[22.8084,51.2845],[22.8268,51.2717],[22.8454,51.2707],[22.8485,51.2599],[22.8581,51.2594],[22.8585,51.2493],[22.8435,51.2499],[22.853,51.2393],[22.8447,51.2352],[22.8629,51.2074],[22.8612,51.1888],[22.8758,51.1807],[22.9008,51.1792],[22.923,51.174],[22.9381,51.1762],[22.9439,51.1854],[22.9756,51.1958],[23.002,51.1963],[22.9993,51.1788],[23.0291,51.1802],[23.0409,51.1836],[23.0375,51.1931],[23.0404,51.2051],[23.0621,51.2097],[23.0711,51.2219],[23.0552,51.2321],[23.0915,51.243],[23.1022,51.2401],[23.1386,51.2375],[23.1533,51.2406],[23.1483,51.2471],[23.1632,51.2596],[23.2073,51.2619],[23.2264,51.2581],[23.2365,51.2696],[23.2181,51.2745],[23.2144,51.2793],[23.2206,51.2972],[23.2318,51.297],[23.2339,51.3139],[23.2442,51.3147],[23.2693,51.3297],[23.2341,51.3281],[23.2167,51.349],[23.1952,51.358],[23.1805,51.3539],[23.166,51.3619],[23.1719,51.3682],[23.1641,51.3734],[23.1549,51.3635],[23.1423,51.3611],[23.1396,51.3662],[23.1284,51.3606],[23.1182,51.3645],[23.119,51.3718],[23.0995,51.3619],[23.0915,51.3671],[23.0939,51.3778],[23.0794,51.3958],[23.0589,51.3999],[23.0736,51.4139],[23.0636,51.4215]]]},"properties":{"code":"0610","name":"powiat łęczyński","country":"PL","level":"district","parent":"06","grodzki":false,"type":"powiat"}},
{"type":"Feature","geometry":{"type":"Polygon","coordinates":[[[15.2365,53.5314],[15.2504,53.5373],[15.2753,53.5225],[15.2894,53.5238],[15.2867,53.5042],[15.3062,53.506],[15.3249,53.5149],[15.3371,53.5316],[15.367,53.5375],[15.3941,53.5485],[15.3991,53.5386],[15.3941,53.5327],[15.4056,53.5181],[15.4273,53.5207],[15.4353,53.5111],[15.4231,53.5097],[15.428,53.5028],[15.4464,53.501],[15.4539,53.4887],[15.467,53.4782],[15.4789,53.4742],[15.5018,53.4745],[15.5156,53.4708],[15.5546,53.4906],[15.5567,53.4966],[15.5793,53.4961],[15.5853,53.5054],[15.609,53.5063],[15.6214,53.5032],[15.6279,53.4951],[15.618,53.4908],[15.6288,53.4814],[15.6499,53.4809],[15.6579,53.4849],[15.6781,53.4823],[15.6885,53.4845],[15.6974,53.4965],[15.7049,53.4975],[15.7019,53.5062],[15.7171,53.5091],[15.7264,53.5251],[15.7065,53.527],[15.7002,53.5365],[15.7068,53.5408],[15.7115,53.5672],[15.7192,53.5744],[15.7322,53.571],[15.7561,53.5972],[15.7747,53.5928],[15.7768,53.609],[15.7724,53.6124],[15.7834,53.6217],[15.7725,53.6268],[15.7733,53.6359],[15.8001,53.6397],[15.7877,53.6518],[15.7907,53.66],[15.76,53.6658],[15.7514,53.6762],[15.7006,53.6868],[15.6825,53.6963],[15.674,53.713],[15.6446,53.7317],[15.6459,53.7348],[15.6215,53.7524],[15.6031,53.7547],[15.5937,53.7667],[15.5673,53.7919],[15.5548,53.8202],[15.5621,53.8299],[15.5544,53.8484],[15.5356,53.857],[15.5419,53.8667],[15.5313,53.8736],[15.5085,53.873],[15.4792,53.8771],[15.4634,53.8753],[15.4677,53.8561],[15.4403,53.8464],[15.4193,53.8521],[15.402,53.861],[15.3976,53.8472],[15.368,53.8393],[15.3692,53.8314],[15.3538,53.827],[15.3589,53.8219],[15.3488,53.8158],[15.3399,53.8004],[15.3663,53.8011],[15.3525,53.792],[15.3606,53.791],[15.352,53.7787],[15.3372,53.7811],[15.326,53.7658],[15.3278,53.7617],[15.2999,53.7523],[15.2813,53.7547],[15.2659,53.7495],[15.2646,53.7428],[15.2536,53.7428],[15.241,53.7313],[15.2226,53.7268],[15.2311,53.7206],[15.2267,53.7123],[15.248,53.7093],[15.2615,53.6962],[15.2599,53.6801],[15.2797,53.6728],[15.2751,53.6601],[15.3019,53.6604],[15.2995,53.6455],[15.313,53.638],[15.3077,53.6328],[15.3271,53.6277],[15.3112,53.6221],[15.2731,53.6277],[15.2651,53.6178],[15.2495,53.6116],[15.2409,53.6216],[15.2096,53.6263],[15.2128,53.5966],[15.1817,53.59],[15.1756,53.5975],[15.1672,53.5848],[15.164,53.5706],[15.148,53.5695],[15.1445,53.564],[15.1541,53.5535],[15.1911,53.5508],[15.1951,53.5464],[15.2196,53.5449],[15.2248,53.5318],[15.2365,53.5314]]]},"properties":{"code":"3218","name":"powiat łobeski","country":"PL","level":"district","parent":"32","grodzki":false,"type":"powiat"}},
{"type":"Feature","geometry":{"type":"Polygon","coordinates":[[[22.0874,53.1469],[22.1057,53.1633],[22.102,53.1759],[22.0847,53.1831],[22.0956,53.1919],[22.0815,53.2045],[22.0719,53.2058],[22.0605,53.215],[22.0538,53.212],[22.0329,53.2175],[22.0505,53.2085],[22.0595,53.1991],[22.0378,53.2012],[22.0152,53.1791],[22.0112,53.1703],[22.0151,53.1521],[22.0285,53.1543],[22.0283,53.1488],[22.0513,53.1461],[22.0505,53.1431],[22.0836,53.1437],[22.0874,53.1469]]]},"properties":{"code":"2062","name":"powiat Łomża","country":"PL","level":"district","parent":"20","grodzki":true,"type":"miasto na prawach powiatu"}},
{"type":"Feature","geometry":{"type":"Polygon","coordinates":[[[21.9761,52.9788],[21.9768,52.9811],[22.0107,52.9861],[22.0302,52.9861],[22.0284,52.993],[22.0387,53.0123],[22.058,53.0181],[22.0558,53.0278],[22.0682,53.0501],[22.0532,53.0725],[22.0666,53.0731],[22.0567,53.098],[22.0572,53.1066],[22.0927,53.1172],[22.1004,53.1036],[22.0843,53.0969],[22.1198,53.1021],[22.132,53.099],[22.1287,53.0866],[22.1022,53.0896],[22.1018,53.0738],[22.0953,53.0597],[22.1114,53.0511],[22.1329,53.0572],[22.1385,53.0652],[22.1563,53.0682],[22.1563,53.0614],[22.173,53.0485],[22.2023,53.0449],[22.2191,53.0402],[22.2357,53.0481],[22.2348,53.056],[22.2574,53.0772],[22.2648,53.0731],[22.3139,53.0876],[22.3062,53.101],[22.293,53.1103],[22.3037,53.1132],[22.3292,53.1119],[22.3203,53.1183],[22.3173,53.1283],[22.3385,53.1346],[22.3626,53.1374],[22.3569,53.151],[22.3668,53.1518],[22.3807,53.1628],[22.3807,53.1738],[22.401,53.1725],[22.408,53.1878],[22.4123,53.1839],[22.4441,53.1881],[22.4503,53.1919],[22.4467,53.2022],[22.4691,53.2034],[22.4848,53.2051],[22.4797,53.2134],[22.4677,53.2165],[22.4384,53.2149],[22.4303,53.2177],[22.448,53.2417],[22.4592,53.2751],[22.4718,53.2837],[22.4666,53.2888],[22.4653,53.3179],[22.4705,53.3339],[22.4846,53.3365],[22.4976,53.3486],[22.4469,53.3517],[22.4056,53.3514],[22.4054,53.3652],[22.3758,53.3716],[22.3611,53.3714],[22.3503,53.3787],[22.3662,53.384],[22.3585,53.3886],[22.3703,53.3975],[22.3414,53.4011],[22.336,53.3881],[22.3219,53.3923],[22.3321,53.4068],[22.3257,53.4085],[22.2964,53.4008],[22.2794,53.4378],[22.2399,53.4257],[22.2598,53.4043],[22.267,53.3918],[22.2573,53.3872],[22.262,53.3776],[22.2465,53.3698],[22.236,53.3691],[22.2365,53.35],[22.2503,53.3461],[22.2515,53.3388],[22.22,53.3402],[22.2174,53.3317],[22.2411,53.3292],[22.2375,53.3258],[22.245,53.3071],[22.2238,53.2993],[22.2053,53.2992],[22.2111,53.2903],[22.2039,53.2866],[22.1755,53.3041],[22.1755,53.3116],[22.1532,53.3074],[22.1332,53.297],[22.1386,53.2877],[22.1281,53.2874],[22.1152,53.2636],[22.0937,53.2626],[22.0759,53.2679],[22.0721,53.265],[22.0515,53.2692],[22.0538,53.2731],[22.0216,53.273],[22.0066,53.2527],[21.9856,53.2391],[21.9484,53.248],[21.9523,53.2554],[21.9321,53.2592],[21.9377,53.2693],[21.9549,53.2685],[21.9567,53.281],[21.9234,53.2755],[21.8906,53.2756],[21.8717,53.2821],[21.8934,53.2942],[21.8823,53.2993],[21.8768,53.3189],[21.8252,53.3224],[21.8275,53.3127],[21.8375,53.3108],[21.8362,53.3016],[21.8223,53.3111],[21.818,53.3278],[21.8042,53.3352],[21.7881,53.3277],[21.7792,53.3299],[21.7617,53.3174],[21.7354,53.3127],[21.7128,53.3046],[21.7005,53.3132],[21.6808,53.3058],[21.6775,53.3125],[21.6662,53.3111],[21.6594,53.3165],[21.657,53.2994],[21.6451,53.2835],[21.6598,53.2778],[21.6583,53.2618],[21.6267,53.2662],[21.6622,53.2385],[21.6633,53.2289],[21.6784,53.2157],[21.6891,53.215],[21.6696,53.2083],[21.6811,53.195],[21.6871,53.1772],[21.7068,53.1659],[21.6932,53.1485],[21.695,53.1377],[21.7361,53.1092],[21.7569,53.1134],[21.8099,53.1138],[21.8178,53.102],[21.8433,53.078],[21.8604,53.0717],[21.8588,53.0641],[21.8726,53.0588],[21.8982,53.0607],[21.9128,53.0685],[21.9188,53.079],[21.9411,53.0716],[21.925,53.0596],[21.9226,53.0462],[21.9385,53.046],[21.9407,53.038],[21.9113,53.0388],[21.8977,53.0458],[21.8933,53.0276],[21.8769,53.0217],[21.8757,53.0163],[21.8932,53.0004],[21.9287,52.9858],[21.9535,52.9867],[21.9605,52.9798],[21.9604,52.9798],[21.9605,52.9798],[21.9761,52.9788]],[[22.0874,53.1469],[22.0836,53.1437],[22.0505,53.1431],[22.0513,53.1461],[22.0283,53.1488],[22.0285,53.1543],[22.0151,53.1521],[22.0112,53.1703],[22.0152,53.1791],[22.0378,53.2012],[22.0595,53.1991],[22.0505,53.2085],[22.0329,53.2175],[22.0538,53.212],[22.0605,53.215],[22.0719,53.2058],[22.0815,53.2045],[22.0956,53.1919],[22.0847,53.1831],[22.102,53.1759],[22.1057,53.1633],[22.0874,53.1469]]]},"properties":{"code":"2007","name":"powiat łomżyński","country":"PL","level":"district","parent":"20","grodzki":false,"type":"powiat"}},
{"type":"Feature","geometry":{"type":"Polygon","coordinates":[[[22.6483,52.0909],[22.6776,52.1089],[22.6987,52.1175],[22.6983,52.1085],[22.7225,52.0984],[22.7539,52.095],[22.765,52.0814],[22.7871,52.0681],[22.8063,52.0792],[22.8375,52.0799],[22.8499,52.0656],[22.8657,52.0724],[22.8682,52.066],[22.9021,52.0635],[22.9074,52.077],[22.8954,52.082],[22.8875,52.092],[22.9026,52.1103],[22.9225,52.1068],[22.928,52.1116],[22.9501,52.1022],[22.9682,52.1154],[22.947,52.1252],[22.933,52.1365],[22.9423,52.1446],[22.9859,52.1589],[22.977,52.1722],[22.9952,52.1749],[23.0288,52.1741],[23.0348,52.1784],[23.0715,52.1704],[23.0694,52.1748],[23.0397,52.1839],[23.03,52.2077],[23.033,52.2186],[23.0666,52.2368],[23.0781,52.2349],[23.0948,52.2565],[23.1024,52.2536],[23.11,52.2613],[23.1042,52.2654],[23.1284,52.2878],[23.1097,52.2999],[23.0725,52.2816],[23.0514,52.2854],[23.0483,52.2915],[23.0589,52.3041],[23.0484,52.3214],[23.0381,52.3292],[23.0062,52.3364],[22.997,52.3316],[22.9875,52.3375],[22.9896,52.3446],[22.9765,52.3468],[22.966,52.3634],[22.9572,52.3682],[22.9197,52.3745],[22.8917,52.3647],[22.8578,52.3636],[22.8513,52.3588],[22.7955,52.3737],[22.7682,52.3725],[22.7526,52.384],[22.7395,52.3815],[22.7298,52.3663],[22.7215,52.3725],[22.7156,52.3639],[22.7298,52.3623],[22.7311,52.3538],[22.7407,52.3439],[22.7374,52.3305],[22.7209,52.3342],[22.7139,52.324],[22.6922,52.3266],[22.675,52.325],[22.6737,52.3199],[22.7069,52.3084],[22.7232,52.3068],[22.73,52.3015],[22.722,52.2967],[22.7238,52.2804],[22.7058,52.2791],[22.6845,52.2716],[22.6821,52.2784],[22.6698,52.2691],[22.6752,52.2461],[22.699,52.2477],[22.7008,52.2407],[22.6814,52.2378],[22.678,52.2421],[22.636,52.2385],[22.6326,52.222],[22.6474,52.2191],[22.645,52.1992],[22.6286,52.199],[22.6318,52.1821],[22.6289,52.1721],[22.6088,52.1785],[22.59,52.1807],[22.5794,52.1692],[22.5855,52.1648],[22.5764,52.1526],[22.5618,52.1466],[22.5793,52.1364],[22.6008,52.1315],[22.5996,52.1217],[22.6113,52.1172],[22.6483,52.0909]]]},"properties":{"code":"1410","name":"powiat łosicki","country":"PL","level":"district","parent":"14","grodzki":false,"type":"powiat"}},
{"type":"Feature","geometry":{"type":"Polygon","coordinates":[[[19.84,51.952],[19.8435,51.9354],[19.858,51.9193],[19.8685,51.9159],[19.9005,51.9095],[19.8986,51.9192],[19.9301,51.9236],[19.9245,51.9343],[19.9091,51.9321],[19.9069,51.949],[19.9266,51.9567],[19.924,51.967],[19.9479,51.9693],[19.9451,51.9813],[19.9633,51.983],[19.9612,51.9921],[20.0023,51.9959],[20.0054,51.9838],[20.0204,51.9883],[20.0617,51.9947],[20.0515,52.0038],[20.0674,52.0134],[20.0894,52.0217],[20.0778,52.0282],[20.1161,52.024],[20.1117,52.0285],[20.1268,52.0428],[20.1287,52.0498],[20.1186,52.0509],[20.1256,52.0611],[20.1192,52.0694],[20.0979,52.0683],[20.0928,52.0857],[20.1241,52.0937],[20.1136,52.1253],[20.1017,52.1221],[20.0987,52.1299],[20.1117,52.1313],[20.1156,52.1438],[20.117,52.1464],[20.091,52.1526],[20.0874,52.1682],[20.0621,52.1881],[20.0631,52.1989],[20.0805,52.233],[20.0735,52.2375],[20.0376,52.2467],[20.0421,52.2577],[20.018,52.262],[19.9859,52.2624],[19.9651,52.2683],[19.9538,52.2834],[19.9392,52.2893],[19.9361,52.2997],[19.9192,52.2982],[19.9018,52.3039],[19.9026,52.3086],[19.8856,52.3098],[19.8617,52.2909],[19.8778,52.2891],[19.8475,52.2721],[19.8293,52.2746],[19.8162,52.2839],[19.8055,52.2792],[19.7898,52.2798],[19.7929,52.2737],[19.773,52.2646],[19.7361,52.2586],[19.7502,52.2534],[19.7615,52.2423],[19.764,52.2294],[19.7429,52.2223],[19.7376,52.2091],[19.7137,52.2038],[19.7124,52.192],[19.7173,52.1794],[19.7004,52.1785],[19.689,52.1723],[19.7016,52.1528],[19.698,52.1435],[19.6657,52.1441],[19.661,52.1325],[19.6465,52.1375],[19.6348,52.1202],[19.6231,52.1214],[19.6085,52.1158],[19.5797,52.1238],[19.5769,52.1214],[19.5314,52.1249],[19.5241,52.1014],[19.5457,52.0851],[19.5142,52.0795],[19.5387,52.0744],[19.5368,52.068],[19.5421,52.0473],[19.555,52.0453],[19.5622,52.0347],[19.5773,52.0321],[19.5919,52.037],[19.591,52.0299],[19.6207,52.0288],[19.6338,52.0192],[19.6512,52.0262],[19.6795,52.0292],[19.6936,52.0237],[19.7091,52.0228],[19.7375,52.0277],[19.7344,52.0209],[19.7195,52.0135],[19.7308,51.9967],[19.7752,51.9867],[19.7862,51.9867],[19.8048,51.9745],[19.8319,51.9769],[19.84,51.952]]]},"properties":{"code":"1005","name":"powiat łowicki","country":"PL","level":"district","parent":"10","grodzki":false,"type":"powiat"}},
{"type":"Feature","geometry":{"type":"Polygon","coordinates":[[[19.568,51.8376],[19.5474,51.8282],[19.5473,51.8167],[19.5622,51.8092],[19.5779,51.8155],[19.6047,51.8152],[19.6148,51.8119],[19.6183,51.7836],[19.6094,51.7789],[19.6243,51.7673],[19.617,51.7635],[19.6205,51.7557],[19.6399,51.7547],[19.6277,51.7482],[19.6295,51.7235],[19.6075,51.6976],[19.5996,51.6973],[19.5766,51.7066],[19.5601,51.7027],[19.5615,51.697],[19.5364,51.695],[19.5181,51.6896],[19.5133,51.6977],[19.4841,51.6981],[19.467,51.6954],[19.4687,51.6883],[19.4318,51.6866],[19.4369,51.6735],[19.4354,51.6465],[19.4189,51.6313],[19.4278,51.6236],[19.4563,51.6174],[19.4429,51.604],[19.4668,51.603],[19.4615,51.5807],[19.4523,51.5778],[19.4761,51.5674],[19.4683,51.5426],[19.4827,51.5439],[19.4819,51.532],[19.4996,51.5332],[19.5059,51.5218],[19.5315,51.525],[19.5411,51.513],[19.5717,51.5123],[19.5986,51.5083],[19.5981,51.515],[19.6098,51.5464],[19.6189,51.5465],[19.6166,51.5559],[19.6024,51.5681],[19.5942,51.5811],[19.5992,51.5869],[19.6158,51.59],[19.6228,51.6046],[19.6332,51.6047],[19.6256,51.6134],[19.6187,51.6102],[19.6103,51.6211],[19.599,51.6214],[19.6094,51.6346],[19.6366,51.6247],[19.6644,51.649],[19.6903,51.6495],[19.6911,51.6274],[19.7083,51.6295],[19.7271,51.6351],[19.7208,51.6387],[19.732,51.6803],[19.7464,51.6875],[19.7335,51.6925],[19.7518,51.7102],[19.7722,51.7062],[19.7713,51.6961],[19.7789,51.6952],[19.78,51.7078],[19.7907,51.708],[19.8254,51.7],[19.825,51.6951],[19.849,51.6908],[19.859,51.6939],[19.8772,51.6798],[19.8788,51.6604],[19.9129,51.6644],[19.9535,51.7064],[19.9557,51.7191],[19.9687,51.7282],[19.9822,51.727],[19.9813,51.741],[19.9504,51.7477],[19.9586,51.7413],[19.9524,51.7352],[19.9396,51.7398],[19.9338,51.7322],[19.9036,51.7314],[19.917,51.7513],[19.9328,51.7513],[19.9353,51.7639],[19.9211,51.7703],[19.9228,51.7785],[19.9087,51.7748],[19.8794,51.776],[19.8604,51.7706],[19.8575,51.7793],[19.8443,51.7831],[19.8404,51.7772],[19.8081,51.7797],[19.7902,51.779],[19.8053,51.7707],[19.7921,51.7588],[19.785,51.7646],[19.7679,51.764],[19.7684,51.752],[19.756,51.7489],[19.7526,51.7563],[19.7342,51.7588],[19.7306,51.7502],[19.685,51.7522],[19.6867,51.7459],[19.6718,51.7472],[19.6682,51.738],[19.6446,51.7571],[19.6743,51.7729],[19.68,51.7791],[19.6778,51.8043],[19.6691,51.8106],[19.6695,51.8199],[19.6543,51.8277],[19.6685,51.844],[19.6605,51.8538],[19.6223,51.8576],[19.613,51.8639],[19.6101,51.8473],[19.5908,51.8448],[19.586,51.8358],[19.568,51.8376]]]},"properties":{"code":"1006","name":"powiat łódzki wschodni","country":"PL","level":"district","parent":"10","grodzki":false,"type":"powiat"}},
{"type":"Feature","geometry":{"type":"Polygon","coordinates":[[[19.568,51.8376],[19.5562,51.8485],[19.5515,51.8435],[19.5144,51.8498],[19.5065,51.8599],[19.4903,51.8591],[19.4571,51.8487],[19.4559,51.8363],[19.4138,51.8284],[19.3991,51.8295],[19.3808,51.8216],[19.3844,51.8362],[19.3741,51.8368],[19.3741,51.8369],[19.3741,51.8368],[19.374,51.8369],[19.3741,51.8369],[19.374,51.8369],[19.3519,51.835],[19.3436,51.8305],[19.3421,51.8142],[19.3355,51.808],[19.3209,51.8081],[19.3291,51.7958],[19.3399,51.8004],[19.3572,51.7929],[19.3489,51.7847],[19.3373,51.7841],[19.3425,51.7794],[19.3376,51.7673],[19.3535,51.7638],[19.3525,51.7598],[19.3746,51.7558],[19.3717,51.7421],[19.3387,51.7387],[19.3454,51.729],[19.3419,51.7177],[19.3594,51.6992],[19.4003,51.6935],[19.4186,51.6932],[19.4205,51.687],[19.4318,51.6866],[19.4687,51.6883],[19.467,51.6954],[19.4841,51.6981],[19.5133,51.6977],[19.5181,51.6896],[19.5364,51.695],[19.5615,51.697],[19.5601,51.7027],[19.5766,51.7066],[19.5996,51.6973],[19.6075,51.6976],[19.6295,51.7235],[19.6277,51.7482],[19.6399,51.7547],[19.6205,51.7557],[19.617,51.7635],[19.6243,51.7673],[19.6094,51.7789],[19.6183,51.7836],[19.6148,51.8119],[19.6047,51.8152],[19.5779,51.8155],[19.5622,51.8092],[19.5473,51.8167],[19.5474,51.8282],[19.568,51.8376]]]},"properties":{"code":"1061","name":"powiat Łódź","country":"PL","level":"district","parent":"10","grodzki":true,"type":"miasto na prawach powiatu"}},
{"type":"Feature","geometry":{"type":"Polygon","coordinates":[[[22.3795,51.8044],[22.3526,51.8134],[22.3633,51.8282],[22.3752,51.8351],[22.3564,51.8423],[22.3686,51.8539],[22.3583,51.8598],[22.3687,51.8733],[22.3731,51.8607],[22.3862,51.8661],[22.3956,51.8537],[22.4226,51.8648],[22.4555,51.8424],[22.4679,51.846],[22.4821,51.8561],[22.4887,51.8722],[22.4903,51.8865],[22.5151,51.8735],[22.5267,51.8809],[22.5612,51.8902],[22.5671,51.8801],[22.5798,51.8804],[22.5669,51.8932],[22.5718,51.896],[22.567,51.9145],[22.567,51.9291],[22.5537,51.9368],[22.5637,51.941],[22.5604,51.9471],[22.5699,51.9535],[22.576,51.9678],[22.5917,51.9726],[22.6156,51.9702],[22.6212,51.974],[22.6335,51.9693],[22.6295,51.9824],[22.6358,51.9869],[22.6334,51.9991],[22.6253,52.0005],[22.6175,52.011],[22.6229,52.0187],[22.6087,52.0273],[22.6083,52.037],[22.5762,52.0379],[22.5475,52.0445],[22.5483,52.0506],[22.5309,52.0504],[22.5204,52.0573],[22.5159,52.0684],[22.4833,52.0672],[22.4699,52.0541],[22.456,52.0296],[22.4443,52.0299],[22.4413,52.0223],[22.425,52.015],[22.3843,52.0163],[22.3719,52.007],[22.3449,51.9968],[22.3348,51.9984],[22.316,52.014],[22.3245,52.0229],[22.3227,52.0369],[22.2975,52.0374],[22.286,52.0195],[22.2537,52.0045],[22.242,52.0097],[22.2127,52.0137],[22.1519,52.0284],[22.1462,52.0147],[22.1374,52.0062],[22.1137,52.0023],[22.0766,52.0059],[22.0667,52.0088],[22.0508,52.0206],[22.0298,52.0215],[22.0265,52.0157],[22.0064,52.0089],[21.9977,52.0121],[21.9862,52.0003],[21.967,51.9888],[21.9577,51.9924],[21.934,51.9932],[21.9317,51.9882],[21.9101,51.9777],[21.9028,51.9805],[21.8892,51.9732],[21.8803,51.971],[21.8768,51.9543],[21.8695,51.9536],[21.8664,51.9434],[21.89,51.9284],[21.8856,51.9119],[21.908,51.903],[21.9027,51.8968],[21.9121,51.8865],[21.8972,51.8832],[21.9001,51.8757],[21.8859,51.8604],[21.8904,51.8571],[21.8448,51.8495],[21.8453,51.8412],[21.8571,51.8396],[21.856,51.8338],[21.871,51.8297],[21.8704,51.8353],[21.8946,51.8328],[21.9174,51.8396],[21.9422,51.826],[21.9458,51.8088],[21.9507,51.8094],[21.9564,51.7938],[21.9827,51.7856],[22.0311,51.7795],[22.0753,51.79],[22.0765,51.7826],[22.0644,51.7802],[22.0587,51.7602],[22.0612,51.7521],[22.0493,51.7444],[22.0499,51.7389],[22.0626,51.7379],[22.0607,51.7288],[22.0464,51.7325],[22.061,51.7086],[22.0662,51.7082],[22.074,51.7284],[22.0913,51.7236],[22.119,51.7199],[22.1149,51.717],[22.139,51.7054],[22.1379,51.6952],[22.1515,51.6858],[22.1624,51.6849],[22.1656,51.678],[22.1573,51.668],[22.182,51.6576],[22.1933,51.6597],[22.225,51.6481],[22.2295,51.6534],[22.2616,51.647],[22.2614,51.6408],[22.2891,51.6376],[22.2915,51.6542],[22.2962,51.652],[22.3036,51.6719],[22.3241,51.6741],[22.3213,51.6593],[22.3246,51.6507],[22.3371,51.6499],[22.34,51.642],[22.3429,51.6589],[22.3676,51.6578],[22.3986,51.7058],[22.3984,51.7138],[22.4109,51.7193],[22.4226,51.7364],[22.4366,51.7461],[22.424,51.7569],[22.4161,51.7703],[22.3985,51.783],[22.4008,51.7912],[22.3951,51.8016],[22.3796,51.8044],[22.3795,51.8044],[22.3796,51.8044],[22.3795,51.8044]]]},"properties":{"code":"0611","name":"powiat łukowski","country":"PL","level":"district","parent":"06","grodzki":false,"type":"powiat"}},
{"type":"Feature","geometry":{"type":"Polygon","coordinates":[[[20.9407,52.8099],[20.9551,52.8086],[20.9606,52.7977],[20.9794,52.7798],[20.988,52.7807],[21.0053,52.7678],[21.0455,52.7804],[21.0644,52.791],[21.0822,52.7811],[21.0945,52.7797],[21.1032,52.799],[21.1304,52.8037],[21.1564,52.7922],[21.1823,52.7852],[21.1906,52.7662],[21.1879,52.7587],[21.2128,52.7565],[21.2148,52.7631],[21.2396,52.7712],[21.2735,52.7745],[21.2836,52.7789],[21.3065,52.7798],[21.3208,52.7766],[21.3228,52.7866],[21.3308,52.7906],[21.3407,52.785],[21.3525,52.7906],[21.3696,52.7857],[21.3888,52.7857],[21.4019,52.7906],[21.4185,52.7793],[21.4385,52.7733],[21.4577,52.781],[21.4596,52.7861],[21.4792,52.8014],[21.4752,52.8153],[21.4678,52.8192],[21.451,52.8376],[21.4374,52.8471],[21.4432,52.8542],[21.4284,52.8612],[21.4197,52.871],[21.437,52.8697],[21.434,52.8831],[21.4273,52.8789],[21.4481,52.9047],[21.4566,52.9024],[21.4648,52.9193],[21.4473,52.9299],[21.4427,52.9373],[21.4711,52.9486],[21.4689,52.9627],[21.4896,52.9679],[21.4973,52.9847],[21.4761,52.9913],[21.4789,52.9954],[21.4632,52.9998],[21.4362,53.0018],[21.4319,53.0105],[21.417,53.0132],[21.4042,53.0215],[21.3733,53.0325],[21.368,53.0474],[21.37,53.0573],[21.3483,53.0454],[21.3368,53.0428],[21.3181,53.0661],[21.2971,53.0707],[21.2979,53.0798],[21.2759,53.083],[21.2593,53.0931],[21.2479,53.0862],[21.2519,53.0773],[21.2182,53.1022],[21.1989,53.1109],[21.1817,53.1146],[21.1682,53.1258],[21.1461,53.1372],[21.1311,53.1244],[21.1224,53.1389],[21.1256,53.1166],[21.1159,53.1189],[21.0936,53.1069],[21.086,53.1077],[21.0824,53.0825],[21.0627,53.0801],[21.0241,53.0596],[21.0237,53.0535],[21.006,53.0504],[21.0121,53.0421],[20.9972,53.0239],[20.9956,53.0103],[21.008,53.0064],[21.0021,52.9928],[21.0081,52.9857],[21.0261,52.9777],[21.036,52.9787],[21.0332,52.9634],[21.0385,52.9454],[21.0245,52.9456],[20.9726,52.9413],[20.9984,52.9126],[21.0097,52.9116],[21.0054,52.9056],[21.0176,52.8997],[21.0117,52.8937],[21,52.8974],[20.9767,52.8818],[20.9508,52.8866],[20.9395,52.8846],[20.9413,52.8763],[20.9125,52.8787],[20.91,52.8903],[20.8914,52.8752],[20.8921,52.8641],[20.8617,52.8699],[20.8718,52.8614],[20.8807,52.8431],[20.8726,52.8365],[20.877,52.8313],[20.8965,52.8257],[20.9144,52.8277],[20.9407,52.8099]]]},"properties":{"code":"1411","name":"powiat makowski","country":"PL","level":"district","parent":"14","grodzki":false,"type":"powiat"}},
{"type":"Feature","geometry":{"type":"Polygon","coordinates":[[[18.8613,53.9468],[18.8775,53.9432],[18.891,53.945],[18.8977,53.9518],[18.9014,53.9662],[18.9102,53.9697],[18.9301,53.9687],[18.9493,53.9886],[18.9707,53.9932],[18.9821,54.001],[19.0034,53.993],[19.0291,53.9887],[19.044,54.0057],[19.0588,53.9998],[19.0627,53.9892],[19.0779,53.9968],[19.0804,54.0027],[19.1145,54.0218],[19.1261,54.0238],[19.1615,54.0182],[19.1735,54.0109],[19.1802,54.0149],[19.2143,54.0101],[19.2537,54.0273],[19.268,54.0252],[19.259,54.0357],[19.2822,54.0418],[19.2747,54.053],[19.2663,54.051],[19.2377,54.0648],[19.2207,54.0695],[19.2254,54.0771],[19.2555,54.0857],[19.2316,54.1121],[19.2177,54.1161],[19.2139,54.1224],[19.2199,54.1345],[19.2114,54.1451],[19.175,54.1398],[19.1672,54.1507],[19.1553,54.137],[19.1452,54.1466],[19.1045,54.1441],[19.095,54.1551],[19.0795,54.1464],[19.0556,54.149],[19.0536,54.1602],[19.0439,54.1663],[19.0481,54.1718],[19.0298,54.178],[19.0013,54.1829],[18.9771,54.1672],[18.9631,54.177],[18.9507,54.1772],[18.9198,54.1655],[18.9135,54.158],[18.9017,54.1664],[18.8829,54.1566],[18.863,54.1525],[18.8366,54.1555],[18.8282,54.1416],[18.8289,54.1297],[18.8175,54.1087],[18.8074,54.0975],[18.8076,54.0853],[18.815,54.0705],[18.8169,54.044],[18.8369,54.0185],[18.8373,53.9946],[18.8435,53.9849],[18.8645,53.9746],[18.8718,53.9596],[18.8613,53.9468]]]},"properties":{"code":"2209","name":"powiat malborski","country":"PL","level":"district","parent":"22","grodzki":false,"type":"powiat"}},
{"type":"Feature","geometry":{"type":"Polygon","coordinates":[[[20.1769,50.2901],[20.1936,50.2994],[20.2399,50.3003],[20.2499,50.3053],[20.2699,50.3032],[20.2683,50.3089],[20.2927,50.309],[20.2926,50.3222],[20.2925,50.328],[20.3053,50.3359],[20.2924,50.3458],[20.2978,50.3522],[20.3072,50.3487],[20.3305,50.3527],[20.3372,50.3623],[20.3252,50.3669],[20.3209,50.3845],[20.3058,50.389],[20.3039,50.3982],[20.2905,50.4098],[20.2898,50.4191],[20.2755,50.4215],[20.2638,50.4303],[20.2606,50.4415],[20.2714,50.4595],[20.2729,50.4699],[20.2639,50.4671],[20.2478,50.4753],[20.2496,50.4791],[20.2258,50.4781],[20.2228,50.4847],[20.1937,50.4956],[20.1716,50.4911],[20.1665,50.4844],[20.1306,50.4899],[20.1176,50.4851],[20.0871,50.4896],[20.097,50.4961],[20.0837,50.4994],[20.0757,50.5099],[20.0541,50.5117],[20.0389,50.5002],[20.0282,50.5009],[20.0271,50.5086],[19.9875,50.5198],[19.9709,50.5205],[19.9721,50.5161],[19.95,50.5048],[19.9518,50.4951],[19.964,50.4887],[19.9706,50.474],[19.9397,50.4789],[19.9284,50.4752],[19.9005,50.4735],[19.8921,50.4662],[19.903,50.4568],[19.8998,50.4534],[19.8552,50.4478],[19.8535,50.4351],[19.8446,50.4342],[19.8445,50.4342],[19.8446,50.4342],[19.8484,50.4253],[19.8428,50.4156],[19.8507,50.4028],[19.8357,50.3993],[19.8515,50.3932],[19.8474,50.37],[19.854,50.3697],[19.8431,50.3543],[19.8328,50.3526],[19.8253,50.3275],[19.8552,50.3148],[19.8674,50.3147],[19.8827,50.3087],[19.8921,50.31],[19.9209,50.2985],[19.9005,50.2846],[19.9014,50.2761],[19.9113,50.2802],[19.9288,50.2749],[19.9205,50.2597],[19.9382,50.2644],[19.9461,50.2823],[19.9634,50.2806],[19.9957,50.2827],[20.0164,50.2888],[20.0185,50.2935],[20.0343,50.2928],[20.0469,50.2983],[20.0742,50.2942],[20.078,50.2982],[20.0964,50.297],[20.0901,50.3066],[20.1173,50.3101],[20.1214,50.3052],[20.1504,50.2998],[20.1769,50.2901]]]},"properties":{"code":"1208","name":"powiat miechowski","country":"PL","level":"district","parent":"12","grodzki":false,"type":"powiat"}},
{"type":"Feature","geometry":{"type":"Polygon","coordinates":[[[21.4821,50.4964],[21.4541,50.4941],[21.4427,50.4847],[21.4506,50.4693],[21.4437,50.4565],[21.4013,50.4392],[21.3671,50.441],[21.3112,50.4217],[21.2995,50.4136],[21.281,50.4084],[21.277,50.3905],[21.2579,50.3914],[21.2513,50.3789],[21.2315,50.3743],[21.2196,50.3573],[21.2083,50.3549],[21.2194,50.3356],[21.2132,50.3311],[21.2225,50.3109],[21.194,50.3042],[21.1838,50.298],[21.1832,50.2865],[21.1594,50.268],[21.1481,50.2553],[21.1821,50.2393],[21.1422,50.2377],[21.163,50.2227],[21.1709,50.2086],[21.1666,50.2017],[21.165,50.1806],[21.1708,50.1769],[21.1533,50.1492],[21.191,50.1393],[21.2213,50.1339],[21.2462,50.1355],[21.2468,50.1478],[21.2543,50.1547],[21.2735,50.1494],[21.273,50.1357],[21.3022,50.1313],[21.3093,50.1476],[21.3173,50.1511],[21.3435,50.1535],[21.3648,50.1507],[21.3712,50.1569],[21.3687,50.1675],[21.4287,50.1657],[21.4439,50.1674],[21.4664,50.1594],[21.4805,50.1686],[21.4966,50.1621],[21.5112,50.1615],[21.5367,50.1667],[21.551,50.1641],[21.552,50.1704],[21.609,50.1777],[21.6035,50.1822],[21.6072,50.1935],[21.6027,50.2091],[21.5767,50.2227],[21.5749,50.2302],[21.6,50.2337],[21.6108,50.244],[21.6102,50.2497],[21.5966,50.2577],[21.5853,50.2588],[21.5561,50.2762],[21.5413,50.2761],[21.5309,50.286],[21.5304,50.2948],[21.548,50.3001],[21.5739,50.2961],[21.5767,50.3086],[21.5668,50.3323],[21.6011,50.3425],[21.6405,50.3446],[21.6234,50.3552],[21.6227,50.3617],[21.6052,50.3744],[21.5985,50.3869],[21.582,50.3935],[21.5507,50.4009],[21.5651,50.4347],[21.5345,50.4489],[21.5313,50.4667],[21.5234,50.4637],[21.5063,50.4743],[21.4991,50.4747],[21.4849,50.4882],[21.4821,50.4964]]]},"properties":{"code":"1811","name":"powiat mielecki","country":"PL","level":"district","parent":"18","grodzki":false,"type":"powiat"}},
{"type":"Feature","geometry":{"type":"Polygon","coordinates":[[[16.1942,52.4889],[16.1864,52.5071],[16.2154,52.5158],[16.2279,52.513],[16.2388,52.524],[16.2324,52.5286],[16.2271,52.5497],[16.2497,52.5477],[16.2607,52.5564],[16.2574,52.5695],[16.2902,52.5751],[16.2719,52.5948],[16.259,52.6025],[16.2685,52.6183],[16.3164,52.6158],[16.3265,52.6132],[16.3385,52.6203],[16.3255,52.6312],[16.3185,52.6513],[16.3086,52.6492],[16.3065,52.6397],[16.2884,52.6399],[16.2818,52.6504],[16.2674,52.6483],[16.259,52.6564],[16.2522,52.6491],[16.2445,52.657],[16.2458,52.6693],[16.2269,52.6656],[16.2168,52.6682],[16.207,52.6779],[16.1864,52.6832],[16.1517,52.6845],[16.1495,52.6928],[16.1233,52.6877],[16.108,52.6997],[16.0788,52.7041],[16.0564,52.7238],[16.0321,52.7206],[16.0181,52.7253],[16.0138,52.7347],[15.9814,52.7504],[15.9469,52.7549],[15.9449,52.7292],[15.9199,52.7232],[15.9074,52.7149],[15.8849,52.7149],[15.8373,52.7063],[15.8123,52.7097],[15.7933,52.7069],[15.8129,52.6792],[15.814,52.6678],[15.7943,52.6651],[15.7861,52.6677],[15.7763,52.6379],[15.7937,52.6371],[15.7995,52.6224],[15.7846,52.6185],[15.7959,52.6058],[15.8061,52.6046],[15.8098,52.5947],[15.8319,52.5876],[15.8247,52.5671],[15.8324,52.5662],[15.8584,52.544],[15.835,52.5292],[15.863,52.5104],[15.8771,52.5108],[15.8676,52.5026],[15.8852,52.4875],[15.8916,52.4732],[15.9065,52.475],[15.9179,52.4815],[15.943,52.4808],[15.9658,52.4483],[15.9999,52.4547],[16.0136,52.4515],[16.0197,52.4778],[16.0255,52.4887],[16.0522,52.4879],[16.0649,52.4905],[16.0672,52.5019],[16.0757,52.5082],[16.0995,52.5142],[16.1276,52.5118],[16.1388,52.5064],[16.1397,52.49],[16.1481,52.4844],[16.1709,52.4844],[16.1942,52.4889]]]},"properties":{"code":"3014","name":"powiat międzychodzki","country":"PL","level":"district","parent":"30","grodzki":false,"type":"powiat"}},
{"type":"Feature","geometry":{"type":"Polygon","coordinates":[[[15.4358,52.3756],[15.4416,52.3682],[15.4551,52.3677],[15.4544,52.3605],[15.4922,52.3661],[15.4978,52.3592],[15.5644,52.3517],[15.5709,52.3421],[15.5797,52.3449],[15.6224,52.3427],[15.6263,52.3209],[15.6392,52.3231],[15.6515,52.3105],[15.6963,52.2973],[15.7003,52.2904],[15.725,52.2906],[15.766,52.3049],[15.7668,52.3087],[15.7994,52.3183],[15.8302,52.3205],[15.8526,52.3071],[15.8503,52.2941],[15.8266,52.2837],[15.8551,52.2848],[15.8808,52.2904],[15.8816,52.3077],[15.8919,52.3103],[15.8824,52.3273],[15.8882,52.3362],[15.8813,52.3522],[15.8905,52.354],[15.8881,52.372],[15.9006,52.3827],[15.8962,52.3942],[15.8702,52.3965],[15.8608,52.4027],[15.8436,52.4029],[15.835,52.4153],[15.8158,52.4272],[15.8041,52.4434],[15.8267,52.4514],[15.8333,52.4446],[15.8308,52.436],[15.8564,52.4326],[15.8566,52.4394],[15.8683,52.4351],[15.8752,52.4427],[15.8956,52.4466],[15.8927,52.4605],[15.8858,52.4648],[15.8916,52.4732],[15.8852,52.4875],[15.8676,52.5026],[15.8771,52.5108],[15.863,52.5104],[15.835,52.5292],[15.8584,52.544],[15.8324,52.5662],[15.8247,52.5671],[15.8319,52.5876],[15.8098,52.5947],[15.8061,52.6046],[15.7959,52.6058],[15.7846,52.6185],[15.7995,52.6224],[15.7937,52.6371],[15.7763,52.6379],[15.7861,52.6677],[15.7943,52.6651],[15.814,52.6678],[15.8129,52.6792],[15.7933,52.7069],[15.7797,52.7004],[15.7377,52.7133],[15.6972,52.7082],[15.6719,52.703],[15.6367,52.7012],[15.6134,52.7059],[15.6037,52.7141],[15.5681,52.6964],[15.5375,52.6937],[15.5005,52.6951],[15.4738,52.6994],[15.4405,52.701],[15.4079,52.6947],[15.393,52.699],[15.3878,52.6875],[15.3943,52.6779],[15.3901,52.6705],[15.4089,52.6611],[15.3936,52.6559],[15.381,52.6435],[15.371,52.6425],[15.3714,52.6337],[15.3483,52.6033],[15.3503,52.5915],[15.306,52.5901],[15.3102,52.5439],[15.2763,52.541],[15.2753,52.5083],[15.2903,52.5017],[15.2843,52.4944],[15.2708,52.4927],[15.2658,52.4852],[15.2803,52.4785],[15.3042,52.4733],[15.2987,52.4618],[15.3221,52.455],[15.3173,52.4482],[15.3229,52.4401],[15.337,52.4363],[15.3338,52.4263],[15.35,52.4231],[15.3488,52.4177],[15.3712,52.4169],[15.3717,52.4204],[15.4193,52.4187],[15.416,52.4105],[15.4419,52.3949],[15.4387,52.3898],[15.45,52.3863],[15.4358,52.3756]]]},"properties":{"code":"0803","name":"powiat międzyrzecki","country":"PL","level":"district","parent":"08","grodzki":false,"type":"powiat"}},
{"type":"Feature","geometry":{"type":"Polygon","coordinates":[[[18.8969,50.2194],[18.8832,50.2171],[18.8873,50.2114],[18.8688,50.2084],[18.8529,50.2281],[18.8429,50.2203],[18.8375,50.2347],[18.8271,50.2334],[18.8205,50.2435],[18.8043,50.2484],[18.7968,50.2463],[18.7945,50.2387],[18.7945,50.2386],[18.7945,50.2387],[18.7945,50.2386],[18.8019,50.2274],[18.7908,50.2147],[18.795,50.204],[18.7756,50.1934],[18.7506,50.2049],[18.7275,50.2062],[18.7198,50.2001],[18.7261,50.1854],[18.7459,50.1743],[18.7507,50.1593],[18.7307,50.1549],[18.7309,50.1312],[18.7386,50.1304],[18.7399,50.1112],[18.7499,50.1118],[18.752,50.1015],[18.7329,50.0911],[18.7235,50.0812],[18.7261,50.0658],[18.7261,50.0618],[18.7542,50.0543],[18.7881,50.0601],[18.7985,50.0666],[18.8015,50.0546],[18.8179,50.0597],[18.8372,50.0576],[18.858,50.0601],[18.8612,50.0705],[18.8478,50.0704],[18.8564,50.0854],[18.8575,50.0973],[18.8743,50.1002],[18.8894,50.0911],[18.9001,50.0965],[18.9146,50.0921],[18.9331,50.0819],[18.954,50.1115],[18.9522,50.1235],[18.9347,50.1218],[18.9253,50.1323],[18.9341,50.1391],[18.9297,50.1484],[18.9342,50.1586],[18.9481,50.1669],[18.9336,50.1786],[18.9228,50.2094],[18.9136,50.2221],[18.8969,50.2194]]]},"properties":{"code":"2408","name":"powiat mikołowski","country":"PL","level":"district","parent":"24","grodzki":false,"type":"powiat"}},
{"type":"Feature","geometry":{"type":"Polygon","coordinates":[[[16.9906,51.55],[16.9895,51.542],[17.0001,51.5382],[17.0028,51.53],[17.0353,51.5331],[17.057,51.5303],[17.0626,51.5357],[17.0813,51.5063],[17.087,51.5074],[17.0999,51.4959],[17.0984,51.4837],[17.1099,51.4688],[17.0974,51.4615],[17.1137,51.4611],[17.126,51.4664],[17.1491,51.4695],[17.15,51.4649],[17.1287,51.4586],[17.1124,51.4481],[17.1309,51.4399],[17.1224,51.4365],[17.1341,51.4302],[17.1539,51.4278],[17.172,51.4155],[17.2019,51.414],[17.2213,51.4043],[17.216,51.397],[17.2356,51.3918],[17.2626,51.3983],[17.269,51.3927],[17.2823,51.3948],[17.2794,51.3871],[17.3136,51.3958],[17.3159,51.3826],[17.3302,51.3832],[17.3401,51.3729],[17.3537,51.3677],[17.3705,51.3681],[17.385,51.3834],[17.3836,51.3913],[17.3955,51.3886],[17.3972,51.4044],[17.4292,51.4139],[17.419,51.4216],[17.4256,51.431],[17.4385,51.4272],[17.4417,51.4365],[17.4616,51.4434],[17.4679,51.4406],[17.4808,51.4482],[17.4798,51.4532],[17.5128,51.4577],[17.527,51.4572],[17.5207,51.4623],[17.529,51.4698],[17.52,51.476],[17.5233,51.4849],[17.5182,51.4918],[17.5264,51.4999],[17.514,51.5015],[17.5146,51.511],[17.5352,51.5138],[17.5623,51.5217],[17.5727,51.5299],[17.5763,51.5396],[17.5724,51.5668],[17.5601,51.5704],[17.5563,51.5843],[17.5218,51.5903],[17.5213,51.6057],[17.5036,51.6093],[17.499,51.6157],[17.4866,51.6167],[17.4698,51.6265],[17.4382,51.6329],[17.4185,51.6306],[17.3804,51.636],[17.3586,51.643],[17.3243,51.648],[17.2898,51.6438],[17.2574,51.6428],[17.2412,51.6336],[17.2156,51.6297],[17.2083,51.6112],[17.2155,51.5993],[17.2107,51.5897],[17.2146,51.5739],[17.2066,51.567],[17.1992,51.5745],[17.188,51.5765],[17.1687,51.5696],[17.1255,51.5653],[17.1085,51.5761],[17.0647,51.5664],[17.0692,51.5525],[17.0538,51.5452],[17.0461,51.556],[17.0116,51.5545],[17.0071,51.5493],[16.9906,51.55]]]},"properties":{"code":"0213","name":"powiat milicki","country":"PL","level":"district","parent":"02","grodzki":false,"type":"powiat"}},
{"type":"Feature","geometry":{"type":"Polygon","coordinates":[[[21.5777,52.0332],[21.582,52.0411],[21.5996,52.035],[21.6072,52.021],[21.6146,52.0168],[21.6313,52.0175],[21.6332,52.003],[21.6496,52.0046],[21.6452,52.0083],[21.6483,52.0278],[21.6669,52.0227],[21.6762,52.0146],[21.7034,52.0097],[21.7078,51.9981],[21.7456,51.9894],[21.7518,51.9906],[21.7709,51.9798],[21.7682,51.975],[21.7958,51.9736],[21.8181,51.9789],[21.8272,51.9956],[21.8823,51.9878],[21.8879,51.9908],[21.8808,52.0151],[21.8874,52.0218],[21.8746,52.0263],[21.87,52.0364],[21.9111,52.0552],[21.9229,52.0547],[21.9261,52.063],[21.9466,52.0784],[21.9709,52.0855],[21.9767,52.0906],[21.9468,52.1061],[21.9369,52.1343],[21.9376,52.147],[21.9314,52.1523],[21.9199,52.149],[21.9141,52.1594],[21.9004,52.1611],[21.9161,52.1752],[21.9067,52.1813],[21.9215,52.1944],[21.9334,52.1962],[21.9418,52.2164],[21.9214,52.2173],[21.9213,52.2374],[21.8994,52.2352],[21.8905,52.2278],[21.8732,52.2211],[21.869,52.2111],[21.8601,52.2154],[21.8611,52.2262],[21.8747,52.2316],[21.8703,52.2356],[21.8702,52.2356],[21.8703,52.2356],[21.8702,52.2356],[21.8591,52.2437],[21.8433,52.2442],[21.846,52.2566],[21.8339,52.2589],[21.8279,52.2507],[21.8168,52.2583],[21.7927,52.2631],[21.795,52.2899],[21.7684,52.2913],[21.7842,52.3077],[21.7381,52.3136],[21.7421,52.3237],[21.7238,52.3268],[21.7335,52.3348],[21.7606,52.3328],[21.7889,52.3373],[21.8035,52.3431],[21.7968,52.3528],[21.754,52.3585],[21.7533,52.3668],[21.7431,52.3726],[21.7339,52.3926],[21.7291,52.3872],[21.7042,52.39],[21.7055,52.3785],[21.6892,52.3886],[21.6726,52.3877],[21.6793,52.3769],[21.6674,52.3743],[21.6542,52.3795],[21.6425,52.3788],[21.6328,52.3701],[21.6188,52.3706],[21.6303,52.3616],[21.6129,52.3625],[21.6235,52.3491],[21.5933,52.3593],[21.58,52.3612],[21.5827,52.3446],[21.5677,52.3408],[21.5191,52.3377],[21.5106,52.3271],[21.4973,52.3293],[21.4871,52.3058],[21.4975,52.3015],[21.4928,52.2919],[21.4608,52.3029],[21.4011,52.3049],[21.394,52.3029],[21.4044,52.2949],[21.4173,52.2923],[21.4025,52.2864],[21.4228,52.2849],[21.4593,52.2705],[21.4398,52.2625],[21.3905,52.267],[21.3471,52.2742],[21.3199,52.2748],[21.2977,52.2789],[21.2898,52.2755],[21.2955,52.2675],[21.2505,52.2627],[21.2537,52.2458],[21.2379,52.245],[21.2395,52.2363],[21.2544,52.2353],[21.2505,52.2226],[21.2889,52.222],[21.2924,52.2114],[21.314,52.2093],[21.3236,52.2127],[21.3395,52.2105],[21.3483,52.2048],[21.353,52.212],[21.358,52.2044],[21.3707,52.1995],[21.373,52.1905],[21.3966,52.1883],[21.396,52.1811],[21.3838,52.1773],[21.3722,52.1664],[21.3954,52.1567],[21.4031,52.1655],[21.4181,52.1697],[21.4355,52.1632],[21.4303,52.1572],[21.4399,52.155],[21.4426,52.1414],[21.457,52.1464],[21.4761,52.1404],[21.4811,52.1351],[21.478,52.1208],[21.5004,52.1222],[21.5028,52.1152],[21.5244,52.1166],[21.5351,52.1007],[21.5242,52.0997],[21.5133,52.0913],[21.5236,52.0906],[21.5286,52.0836],[21.5479,52.0875],[21.5638,52.0661],[21.5794,52.068],[21.5752,52.0521],[21.5777,52.0332]]]},"properties":{"code":"1412","name":"powiat miński","country":"PL","level":"district","parent":"14","grodzki":false,"type":"powiat"}},
{"type":"Feature","geometry":{"type":"Polygon","coordinates":[[[20.676,53.2695],[20.6662,53.2654],[20.6572,53.2515],[20.6119,53.2523],[20.6091,53.239],[20.5823,53.2332],[20.5749,53.2404],[20.5619,53.2265],[20.5547,53.2245],[20.5315,53.2324],[20.5256,53.2228],[20.5071,53.2288],[20.5074,53.2346],[20.4754,53.2341],[20.4584,53.2468],[20.4111,53.2142],[20.4143,53.2117],[20.3998,53.197],[20.3837,53.1895],[20.3763,53.1774],[20.3701,53.1773],[20.3261,53.1606],[20.3608,53.155],[20.3538,53.1471],[20.2902,53.1391],[20.2754,53.1427],[20.2577,53.1412],[20.237,53.1478],[20.1653,53.1558],[20.1643,53.1498],[20.1509,53.142],[20.1351,53.1425],[20.1246,53.1273],[20.1371,53.12],[20.1379,53.1116],[20.1222,53.1109],[20.1172,53.0921],[20.1033,53.076],[20.1015,53.067],[20.0864,53.0702],[20.0856,53.0521],[20.0921,53.0415],[20.0749,53.0459],[20.0532,53.0435],[20.0428,53.0331],[20.0717,53.0214],[20.0775,53.0148],[20.0372,53.0122],[20.0387,52.9862],[20.0584,52.98],[20.0445,52.9768],[20.0373,52.9677],[20.0266,52.9687],[20.0282,52.9613],[20.0373,52.9677],[20.0421,52.9517],[20.0329,52.9479],[20.039,52.9406],[20.0326,52.9292],[20.0468,52.9263],[20.0468,52.9171],[20.0569,52.9108],[20.0497,52.9012],[20.0965,52.9079],[20.1031,52.9163],[20.1012,52.8932],[20.0931,52.8936],[20.101,52.8725],[20.1183,52.8766],[20.1311,52.889],[20.147,52.8858],[20.1623,52.8871],[20.1703,52.8965],[20.1876,52.8957],[20.2054,52.8877],[20.218,52.8899],[20.2235,52.8766],[20.2494,52.8701],[20.2376,52.8594],[20.2643,52.8475],[20.3075,52.8503],[20.3124,52.8407],[20.3513,52.8476],[20.3651,52.8465],[20.369,52.8596],[20.3901,52.8608],[20.4035,52.8679],[20.3993,52.872],[20.4102,52.8781],[20.4083,52.8883],[20.4218,52.9005],[20.4249,52.9164],[20.4565,52.9221],[20.4576,52.9347],[20.4437,52.9486],[20.4428,52.9548],[20.465,52.9602],[20.5036,52.9614],[20.4952,52.9759],[20.5135,52.9846],[20.5222,52.9927],[20.5398,52.9959],[20.5536,52.9915],[20.5481,53.0049],[20.5373,53.0152],[20.5572,53.0272],[20.5601,53.0356],[20.5787,53.0291],[20.5851,53.0366],[20.5726,53.046],[20.5597,53.0463],[20.5575,53.0544],[20.5765,53.0548],[20.5703,53.0741],[20.5966,53.0964],[20.61,53.0977],[20.6209,53.1048],[20.6422,53.0924],[20.6637,53.0933],[20.6654,53.087],[20.6914,53.0895],[20.6928,53.096],[20.7146,53.0995],[20.7264,53.1071],[20.7146,53.1231],[20.703,53.124],[20.6881,53.1347],[20.7001,53.1384],[20.7006,53.1634],[20.7076,53.1647],[20.7077,53.1798],[20.72,53.1828],[20.7116,53.2008],[20.6991,53.2029],[20.6907,53.2189],[20.7083,53.2255],[20.6913,53.2351],[20.6788,53.2494],[20.6847,53.2515],[20.6744,53.2621],[20.676,53.2695]]]},"properties":{"code":"1413","name":"powiat mławski","country":"PL","level":"district","parent":"14","grodzki":false,"type":"powiat"}},
{"type":"Feature","geometry":{"type":"Polygon","coordinates":[[[18.3524,52.5434],[18.3549,52.5518],[18.3476,52.5671],[18.3612,52.5817],[18.3605,52.5915],[18.3168,52.5932],[18.3058,52.5916],[18.3011,52.5828],[18.2822,52.5929],[18.2652,52.5968],[18.2422,52.6074],[18.2426,52.6193],[18.254,52.6256],[18.2561,52.6332],[18.2392,52.6418],[18.2436,52.6609],[18.2595,52.6649],[18.2527,52.6713],[18.2355,52.6724],[18.2452,52.6837],[18.2634,52.6944],[18.2392,52.7003],[18.2396,52.7137],[18.2272,52.7325],[18.1972,52.729],[18.1882,52.7155],[18.1804,52.7195],[18.1751,52.7098],[18.1583,52.7149],[18.1432,52.6948],[18.1517,52.6919],[18.14,52.6877],[18.132,52.6923],[18.1151,52.6894],[18.0815,52.6897],[18.068,52.6872],[18.0666,52.6775],[18.0434,52.6731],[18.0393,52.6826],[18.01,52.6823],[18.0103,52.7128],[17.9976,52.7155],[18.0113,52.7193],[18.0096,52.7261],[18.018,52.7361],[18.0323,52.7386],[18.0294,52.7506],[18.0387,52.7676],[18.013,52.7704],[18.0203,52.7824],[17.9964,52.797],[17.9778,52.8023],[17.9841,52.8169],[17.9579,52.8136],[17.9645,52.8253],[17.9372,52.8417],[17.9088,52.83],[17.9041,52.825],[17.8862,52.8214],[17.8776,52.8328],[17.8616,52.8271],[17.8596,52.8211],[17.8859,52.8133],[17.8919,52.7968],[17.9076,52.7938],[17.9006,52.7826],[17.9159,52.7677],[17.9094,52.7596],[17.9187,52.7562],[17.9168,52.7478],[17.8701,52.7387],[17.855,52.7233],[17.8358,52.7189],[17.8274,52.7103],[17.8073,52.701],[17.8022,52.6917],[17.8149,52.6756],[17.8017,52.6683],[17.8052,52.6648],[17.7866,52.6579],[17.7867,52.6515],[17.827,52.6426],[17.8255,52.6345],[17.847,52.6281],[17.8773,52.6328],[17.8765,52.6286],[17.9089,52.6081],[17.9103,52.601],[17.9015,52.5856],[17.9179,52.5805],[17.9164,52.5756],[17.9327,52.5713],[17.9287,52.5838],[17.9464,52.5782],[17.9461,52.5688],[17.9702,52.5755],[17.9763,52.5677],[17.9901,52.5712],[17.9872,52.5534],[17.9874,52.5432],[17.9982,52.5421],[18.0026,52.555],[18.0227,52.5551],[18.0594,52.5428],[18.0644,52.5518],[18.0954,52.5532],[18.1068,52.5385],[18.0917,52.5316],[18.0905,52.5204],[18.1063,52.5138],[18.1242,52.5164],[18.125,52.5071],[18.1329,52.5058],[18.1548,52.5095],[18.1826,52.5037],[18.1987,52.5048],[18.2002,52.4863],[18.2203,52.4827],[18.2413,52.488],[18.259,52.4813],[18.2756,52.4914],[18.3139,52.5067],[18.346,52.5235],[18.3398,52.5375],[18.3524,52.5434]]]},"properties":{"code":"0409","name":"powiat mogileński","country":"PL","level":"district","parent":"04","grodzki":false,"type":"powiat"}},
{"type":"Feature","geometry":{"type":"Polygon","coordinates":[[[22.9298,53.5849],[22.8993,53.5701],[22.8879,53.578],[22.8776,53.5734],[22.8739,53.5829],[22.9016,53.5949],[22.9192,53.6057],[22.8874,53.603],[22.8803,53.6289],[22.8828,53.6612],[22.8682,53.6705],[22.8775,53.6748],[22.8512,53.6901],[22.8442,53.6866],[22.8441,53.6692],[22.8371,53.6764],[22.8179,53.6807],[22.7951,53.6698],[22.7766,53.6673],[22.7812,53.653],[22.795,53.6504],[22.7896,53.6443],[22.7666,53.6469],[22.7452,53.632],[22.7331,53.6329],[22.703,53.6245],[22.6958,53.615],[22.6701,53.6045],[22.6737,53.5952],[22.6943,53.5923],[22.7015,53.5865],[22.7118,53.5882],[22.7374,53.5742],[22.7183,53.5738],[22.712,53.5616],[22.6988,53.5685],[22.6347,53.5293],[22.6446,53.5207],[22.6205,53.4949],[22.6079,53.4875],[22.6189,53.4748],[22.6116,53.4649],[22.5914,53.4592],[22.584,53.4612],[22.5708,53.4545],[22.5685,53.4412],[22.5372,53.4308],[22.5456,53.4188],[22.5389,53.4086],[22.5437,53.4044],[22.5238,53.3866],[22.5216,53.3733],[22.5089,53.371],[22.4965,53.3575],[22.4976,53.3486],[22.4846,53.3365],[22.4705,53.3339],[22.4653,53.3179],[22.4666,53.2888],[22.4718,53.2837],[22.4592,53.2751],[22.448,53.2417],[22.4303,53.2177],[22.4384,53.2149],[22.4677,53.2165],[22.4797,53.2134],[22.5026,53.214],[22.5125,53.2178],[22.5446,53.2206],[22.5644,53.2091],[22.5846,53.2082],[22.6059,53.2108],[22.6203,53.2045],[22.6177,53.2321],[22.6079,53.2334],[22.6343,53.2435],[22.6418,53.2491],[22.6656,53.2448],[22.699,53.2769],[22.7311,53.273],[22.7396,53.2678],[22.7468,53.2406],[22.7581,53.2424],[22.7707,53.2374],[22.7762,53.2216],[22.7738,53.2139],[22.8201,53.2242],[22.835,53.2184],[22.853,53.229],[22.885,53.227],[22.8975,53.2437],[22.9241,53.2615],[22.9537,53.2616],[22.9526,53.2733],[22.9319,53.2739],[22.9318,53.279],[22.9144,53.2851],[22.9231,53.2861],[22.9309,53.2959],[22.9482,53.3036],[22.959,53.2949],[22.9342,53.2878],[22.9439,53.2806],[22.9622,53.2796],[22.9878,53.2904],[22.9993,53.2821],[23.0246,53.2805],[23.028,53.2997],[23.0516,53.2982],[23.0534,53.3077],[23.0775,53.3061],[23.0813,53.3276],[23.1097,53.3196],[23.1227,53.3276],[23.1263,53.3363],[23.1178,53.3392],[23.0942,53.3463],[23.1021,53.3676],[23.1093,53.3976],[23.0584,53.4019],[23.0669,53.4231],[23.0633,53.4734],[23.074,53.4961],[23.0714,53.5065],[23.0602,53.5142],[23.0536,53.526],[23.0576,53.5355],[23.0225,53.5344],[22.9918,53.5496],[23.003,53.5562],[22.9972,53.5781],[22.9785,53.58],[22.9578,53.5914],[22.9325,53.5809],[22.9298,53.5849]]]},"properties":{"code":"2008","name":"powiat moniecki","country":"PL","level":"district","parent":"20","grodzki":false,"type":"powiat"}},
{"type":"Feature","geometry":{"type":"Polygon","coordinates":[[[21.1048,53.7705],[21.1042,53.758],[21.117,53.7472],[21.1116,53.7431],[21.1202,53.7352],[21.1506,53.725],[21.1617,53.7152],[21.1721,53.7139],[21.1796,53.7043],[21.1981,53.6975],[21.214,53.685],[21.2121,53.6786],[21.2,53.6801],[21.2086,53.6706],[21.2177,53.6689],[21.2307,53.6539],[21.2326,53.6698],[21.2512,53.6716],[21.2524,53.664],[21.2712,53.6542],[21.2853,53.6507],[21.2953,53.6401],[21.3139,53.6279],[21.3411,53.6327],[21.3408,53.6266],[21.3627,53.6255],[21.375,53.6317],[21.377,53.6452],[21.3871,53.6398],[21.4216,53.6382],[21.476,53.632],[21.4809,53.6535],[21.4628,53.655],[21.4696,53.6667],[21.4678,53.6783],[21.4578,53.6934],[21.4662,53.7081],[21.4586,53.7086],[21.4622,53.7219],[21.4828,53.7206],[21.484,53.7259],[21.5195,53.7236],[21.522,53.7302],[21.5112,53.746],[21.5174,53.7524],[21.5253,53.7468],[21.5463,53.7448],[21.5673,53.7344],[21.5744,53.7423],[21.6105,53.7585],[21.615,53.7653],[21.6308,53.7576],[21.629,53.752],[21.6405,53.7446],[21.6483,53.732],[21.6802,53.7223],[21.7196,53.7959],[21.7002,53.7985],[21.6903,53.7956],[21.6985,53.8211],[21.733,53.825],[21.7283,53.8353],[21.734,53.8449],[21.7117,53.8629],[21.7188,53.8728],[21.7438,53.8919],[21.7249,53.8952],[21.7102,53.8902],[21.6946,53.8933],[21.6816,53.8903],[21.6734,53.8808],[21.6538,53.8769],[21.6409,53.8837],[21.6147,53.8797],[21.6036,53.8651],[21.5844,53.8704],[21.5626,53.8709],[21.5443,53.8658],[21.5262,53.8546],[21.4831,53.8866],[21.478,53.9092],[21.4598,53.9134],[21.4606,53.9208],[21.4484,53.9295],[21.4379,53.9293],[21.4315,53.9469],[21.4586,53.9599],[21.4356,53.9763],[21.4077,53.9678],[21.384,53.9958],[21.3496,53.9938],[21.3308,53.98],[21.3126,53.9945],[21.2793,53.978],[21.2539,53.9752],[21.2327,53.9699],[21.232,53.9548],[21.2377,53.9471],[21.2151,53.9421],[21.1938,53.9427],[21.1807,53.9382],[21.1717,53.9578],[21.1465,53.9595],[21.1277,53.9385],[21.0759,53.8802],[21.0514,53.8667],[21.0749,53.8399],[21.083,53.8251],[21.1042,53.8247],[21.1071,53.8115],[21.1229,53.7991],[21.092,53.7955],[21.0947,53.7834],[21.1048,53.7705]]]},"properties":{"code":"2810","name":"powiat mrągowski","country":"PL","level":"district","parent":"28","grodzki":false,"type":"powiat"}},
{"type":"Feature","geometry":{"type":"Polygon","coordinates":[[[19.11,50.1609],[19.13,50.153],[19.1495,50.1603],[19.1609,50.1605],[19.169,50.1544],[19.1848,50.1599],[19.1855,50.1694],[19.2229,50.1592],[19.2417,50.1613],[19.2336,50.172],[19.2213,50.1773],[19.2043,50.1928],[19.1917,50.1963],[19.1883,50.205],[19.177,50.2054],[19.1629,50.2164],[19.1607,50.2263],[19.1474,50.2359],[19.1372,50.2584],[19.1244,50.266],[19.1224,50.2668],[19.1106,50.25],[19.1014,50.247],[19.1026,50.2391],[19.0916,50.2098],[19.0686,50.206],[19.0958,50.2032],[19.0965,50.1894],[19.11,50.1609]]]},"properties":{"code":"2470","name":"powiat Mysłowice","country":"PL","level":"district","parent":"24","grodzki":true,"type":"miasto na prawach powiatu"}},
{"type":"Feature","geometry":{"type":"Polygon","coordinates":[[[19.3068,50.5213],[19.3432,50.5074],[19.3585,50.5095],[19.367,50.5192],[19.3791,50.5181],[19.3911,50.5252],[19.3793,50.5421],[19.3875,50.5503],[19.3707,50.562],[19.3768,50.5626],[19.3913,50.583],[19.3813,50.5879],[19.4279,50.5935],[19.4326,50.5882],[19.4659,50.5824],[19.4863,50.587],[19.4862,50.6021],[19.5127,50.6077],[19.5131,50.6147],[19.525,50.6174],[19.5418,50.612],[19.5641,50.6247],[19.5945,50.618],[19.6201,50.6229],[19.6132,50.6302],[19.6291,50.6366],[19.6233,50.658],[19.6053,50.6559],[19.5989,50.6483],[19.5782,50.6495],[19.5752,50.6573],[19.5545,50.6536],[19.5334,50.6564],[19.55,50.6589],[19.5593,50.6648],[19.5627,50.6798],[19.5418,50.6885],[19.5383,50.682],[19.5192,50.6704],[19.5007,50.6767],[19.4999,50.6824],[19.474,50.6863],[19.457,50.6803],[19.4509,50.69],[19.4394,50.6816],[19.4307,50.6812],[19.4141,50.6699],[19.3852,50.6652],[19.3756,50.6666],[19.3809,50.6836],[19.3663,50.6834],[19.3446,50.6927],[19.3387,50.6871],[19.325,50.6876],[19.2994,50.6804],[19.2895,50.6826],[19.2778,50.6949],[19.2452,50.7044],[19.236,50.703],[19.238,50.6921],[19.2197,50.6856],[19.198,50.6926],[19.1934,50.6842],[19.1866,50.6889],[19.1688,50.6754],[19.1628,50.6656],[19.175,50.6602],[19.1783,50.6492],[19.1672,50.6506],[19.1635,50.645],[19.1361,50.6408],[19.1313,50.6442],[19.1085,50.6406],[19.0975,50.6352],[19.1093,50.6204],[19.0739,50.6161],[19.0753,50.6105],[19.0933,50.5915],[19.1053,50.5871],[19.1029,50.5779],[19.0883,50.5601],[19.0771,50.5557],[19.0824,50.5334],[19.0934,50.5159],[19.0791,50.5079],[19.1149,50.5122],[19.1336,50.5225],[19.1527,50.5286],[19.1827,50.5337],[19.2136,50.5217],[19.247,50.5235],[19.2492,50.53],[19.2681,50.5364],[19.3003,50.5286],[19.3068,50.5213]]]},"properties":{"code":"2409","name":"powiat myszkowski","country":"PL","level":"district","parent":"24","grodzki":false,"type":"powiat"}},
{"type":"Feature","geometry":{"type":"Polygon","coordinates":[[[19.9919,49.6535],[20.0006,49.6551],[20.0117,49.6721],[20.0083,49.6959],[20.0017,49.7011],[20.008,49.7102],[20.0245,49.7201],[20.0213,49.7303],[20.0393,49.7464],[20.0558,49.7369],[20.0833,49.7306],[20.101,49.7325],[20.107,49.7431],[20.1325,49.7448],[20.1432,49.7529],[20.1377,49.7645],[20.1495,49.7761],[20.1483,49.7884],[20.1536,49.8034],[20.1722,49.8008],[20.1807,49.806],[20.2144,49.8077],[20.2136,49.816],[20.221,49.822],[20.2343,49.8231],[20.2443,49.8295],[20.2469,49.8398],[20.2356,49.8486],[20.2325,49.8636],[20.2188,49.8691],[20.2065,49.868],[20.1942,49.8739],[20.1973,49.8787],[20.1773,49.8761],[20.1777,49.8878],[20.1683,49.8939],[20.1556,49.8886],[20.1299,49.8877],[20.1128,49.9005],[20.1193,49.9122],[20.1099,49.9201],[20.1026,49.9181],[20.0765,49.9283],[20.0751,49.9197],[20.0618,49.9155],[20.044,49.9196],[20.0199,49.9099],[20.006,49.9177],[20.0013,49.9311],[19.9802,49.9315],[19.9588,49.9212],[19.9435,49.9238],[19.9327,49.9154],[19.9337,49.909],[19.9145,49.8988],[19.9038,49.9013],[19.9037,49.9013],[19.9038,49.9013],[19.9037,49.9013],[19.9016,49.9021],[19.9015,49.9021],[19.9016,49.9021],[19.9015,49.9021],[19.8931,49.9115],[19.8799,49.917],[19.883,49.9241],[19.86,49.9262],[19.8502,49.9313],[19.8523,49.913],[19.8317,49.9065],[19.824,49.8938],[19.8103,49.8852],[19.8094,49.8813],[19.7892,49.8768],[19.7775,49.867],[19.7766,49.8478],[19.7655,49.8426],[19.764,49.8315],[19.7576,49.8301],[19.7678,49.825],[19.7497,49.8133],[19.7556,49.8036],[19.743,49.7905],[19.751,49.7862],[19.7868,49.7914],[19.7992,49.7907],[19.8043,49.7656],[19.7913,49.7629],[19.7721,49.751],[19.7883,49.7422],[19.7845,49.7354],[19.7981,49.7277],[19.7925,49.7239],[19.7959,49.7055],[19.8547,49.7102],[19.8685,49.7151],[19.8891,49.711],[19.9116,49.713],[19.9003,49.6971],[19.8876,49.6911],[19.8858,49.6833],[19.9052,49.6592],[19.9063,49.6469],[19.8937,49.6376],[19.919,49.6232],[19.9385,49.6222],[19.9466,49.618],[19.9473,49.6337],[19.956,49.6406],[19.9476,49.6495],[19.9468,49.6585],[19.9709,49.6611],[19.9919,49.6535]]]},"properties":{"code":"1209","name":"powiat myślenicki","country":"PL","level":"district","parent":"12","grodzki":false,"type":"powiat"}},
{"type":"Feature","geometry":{"type":"Polygon","coordinates":[[[14.564,52.6247],[14.6383,52.6593],[14.6605,52.6491],[14.6583,52.6423],[14.6916,52.6331],[14.722,52.6326],[14.7476,52.6471],[14.7501,52.6653],[14.7634,52.6702],[14.7916,52.6971],[14.7914,52.7046],[14.7997,52.7375],[14.7894,52.7519],[14.801,52.7585],[14.8188,52.7749],[14.8289,52.7733],[14.8489,52.7775],[14.8446,52.7903],[14.8644,52.7912],[14.8651,52.8114],[14.8548,52.8124],[14.851,52.8281],[14.8733,52.8338],[14.8657,52.8473],[14.8875,52.8467],[14.8945,52.8353],[14.9139,52.8397],[14.9198,52.8468],[14.9104,52.8552],[14.8953,52.8553],[14.8905,52.8607],[14.9042,52.8839],[14.9178,52.8893],[14.9316,52.8818],[14.9689,52.8697],[14.9831,52.8615],[14.979,52.8537],[14.9908,52.8425],[15.0096,52.8477],[15.0071,52.8537],[15.0391,52.861],[15.0491,52.8435],[15.0684,52.837],[15.0718,52.8306],[15.2676,52.8813],[15.3327,52.8993],[15.3317,52.9044],[15.3202,52.9085],[15.3023,52.9264],[15.292,52.9328],[15.2836,52.9448],[15.2868,52.9572],[15.2972,52.9675],[15.2922,52.9725],[15.283,52.9977],[15.2829,53.0091],[15.2502,53.016],[15.2579,53.0264],[15.2419,53.0209],[15.2332,53.035],[15.2076,53.0431],[15.2056,53.0512],[15.215,53.0614],[15.219,53.0758],[15.2058,53.0819],[15.1987,53.0852],[15.1827,53.0721],[15.1588,53.061],[15.155,53.0487],[15.1398,53.0284],[15.1052,53.0385],[15.0823,53.0402],[15.0723,53.0583],[15.0622,53.0597],[15.037,53.0538],[15.0203,53.0454],[15.0191,53.0357],[15.0357,53.0366],[15.0494,53.0111],[15.0496,53.0025],[15.0334,52.9894],[15.006,52.9959],[14.9911,52.9948],[14.9763,52.9703],[14.9467,52.9794],[14.9233,52.9898],[14.9161,52.9991],[14.9076,52.9997],[14.9088,52.989],[14.8931,52.9946],[14.893,53.0043],[14.9069,53.0058],[14.8948,53.0145],[14.8948,53.0208],[14.9172,53.0245],[14.9206,53.0346],[14.9162,53.043],[14.8997,53.0475],[14.9041,53.0532],[14.8721,53.0506],[14.8491,53.0626],[14.8307,53.0556],[14.8288,53.0489],[14.81,53.0428],[14.8102,53.0351],[14.8219,53.029],[14.8123,53.0242],[14.831,53.0146],[14.8126,53.0086],[14.7952,53.0139],[14.787,53.0234],[14.7477,53.0304],[14.7326,53.037],[14.6968,53.0065],[14.7059,52.9878],[14.7031,52.9722],[14.7222,52.9503],[14.7612,52.9404],[14.7592,52.9317],[14.7458,52.9297],[14.739,52.9214],[14.7272,52.9313],[14.6953,52.9241],[14.6911,52.9079],[14.6976,52.9046],[14.6888,52.892],[14.6722,52.8928],[14.6733,52.8841],[14.6654,52.8791],[14.6857,52.8738],[14.6835,52.8672],[14.6719,52.8694],[14.6583,52.8651],[14.6488,52.8557],[14.6495,52.8466],[14.6701,52.8359],[14.6351,52.8234],[14.6372,52.8173],[14.6143,52.8143],[14.6068,52.7996],[14.6085,52.7845],[14.5961,52.7823],[14.6025,52.7759],[14.5844,52.761],[14.5825,52.7546],[14.5669,52.7595],[14.5529,52.7416],[14.5323,52.7469],[14.5137,52.7305],[14.5231,52.7252],[14.4909,52.7125],[14.4818,52.7159],[14.472,52.7038],[14.4668,52.7084],[14.4559,52.7044],[14.4638,52.698],[14.4364,52.6799],[14.4578,52.6739],[14.463,52.6627],[14.5053,52.6434],[14.564,52.6247]]]},"properties":{"code":"3210","name":"powiat myśliborski","country":"PL","level":"district","parent":"32","grodzki":false,"type":"powiat"}},
{"type":"Feature","geometry":{"type":"Polygon","coordinates":[[[17.5125,52.9088],[17.5379,52.8989],[17.5529,52.9042],[17.5622,52.8949],[17.606,52.9079],[17.6137,52.9167],[17.64,52.916],[17.6597,52.9219],[17.6786,52.9178],[17.6987,52.9246],[17.7161,52.9245],[17.7259,52.9165],[17.7644,52.9244],[17.7792,52.9203],[17.7887,52.923],[17.7859,52.9333],[17.8101,52.9354],[17.8086,52.9409],[17.8319,52.9598],[17.8263,52.9655],[17.8527,52.9783],[17.8508,52.9947],[17.8592,52.995],[17.8489,53.0132],[17.8388,53.011],[17.8348,53.0243],[17.8487,53.0264],[17.8784,53.043],[17.8664,53.0548],[17.8521,53.0617],[17.8432,53.0717],[17.8402,53.0917],[17.8322,53.0972],[17.8113,53.099],[17.7955,53.0951],[17.7786,53.0999],[17.7904,53.1279],[17.784,53.1395],[17.744,53.1422],[17.7446,53.1563],[17.755,53.1655],[17.7468,53.1813],[17.7146,53.1876],[17.7099,53.2116],[17.6857,53.2116],[17.669,53.2283],[17.6956,53.2399],[17.6851,53.2454],[17.6973,53.2481],[17.6975,53.2755],[17.7024,53.2859],[17.6847,53.2864],[17.6761,53.2801],[17.6553,53.282],[17.6295,53.2893],[17.6362,53.2796],[17.614,53.2745],[17.5706,53.2849],[17.5553,53.2949],[17.5261,53.2776],[17.5056,53.2833],[17.4756,53.282],[17.4522,53.2834],[17.4505,53.2714],[17.4388,53.2675],[17.4237,53.2553],[17.4279,53.2464],[17.4127,53.2414],[17.4173,53.231],[17.4088,53.2275],[17.3689,53.2268],[17.3631,53.2232],[17.3319,53.2178],[17.3205,53.2125],[17.3343,53.2085],[17.3471,53.1963],[17.3367,53.1842],[17.3369,53.1715],[17.3468,53.1638],[17.3367,53.1567],[17.353,53.1512],[17.3895,53.1442],[17.384,53.133],[17.3526,53.1312],[17.3609,53.1174],[17.3572,53.0872],[17.3345,53.0774],[17.3239,53.0783],[17.3306,53.0512],[17.3367,53.0427],[17.3324,53.019],[17.3188,53.0205],[17.3016,52.9948],[17.317,52.99],[17.3169,52.974],[17.3686,52.9733],[17.3946,52.9824],[17.411,52.971],[17.4257,52.9674],[17.4573,52.9509],[17.4913,52.9458],[17.4983,52.9325],[17.5186,52.928],[17.5096,52.9178],[17.5125,52.9088]]]},"properties":{"code":"0410","name":"powiat nakielski","country":"PL","level":"district","parent":"04","grodzki":false,"type":"powiat"}},
{"type":"Feature","geometry":{"type":"Polygon","coordinates":[[[17.7953,51.1941],[17.7798,51.1832],[17.7538,51.1868],[17.7495,51.1791],[17.738,51.1741],[17.7161,51.175],[17.6981,51.171],[17.6994,51.1651],[17.6828,51.1657],[17.6693,51.1608],[17.6559,51.1666],[17.6394,51.1681],[17.6404,51.1731],[17.6206,51.1754],[17.6115,51.1905],[17.5782,51.1622],[17.5679,51.1659],[17.5586,51.1568],[17.5447,51.1545],[17.5455,51.1436],[17.5677,51.1378],[17.5764,51.1294],[17.5718,51.1161],[17.5782,51.1108],[17.5624,51.0926],[17.5821,51.0818],[17.5582,51.0678],[17.5366,51.0693],[17.5187,51.0588],[17.5184,51.0515],[17.5335,51.043],[17.5189,51.0254],[17.5144,51.0116],[17.5293,51.0024],[17.5437,50.9998],[17.56,50.9925],[17.5581,50.982],[17.5752,50.9735],[17.5883,50.9784],[17.5913,50.9896],[17.6018,50.9848],[17.6372,50.9778],[17.6525,50.9847],[17.6659,50.9745],[17.6542,50.9632],[17.6686,50.9523],[17.6763,50.9392],[17.6681,50.9308],[17.692,50.919],[17.6988,50.9142],[17.7327,50.907],[17.7471,50.9131],[17.7644,50.9042],[17.7727,50.9098],[17.7842,50.9011],[17.8032,50.8956],[17.8158,50.8779],[17.7915,50.8765],[17.8202,50.8665],[17.8501,50.8618],[17.8606,50.8539],[17.8609,50.8462],[17.8741,50.8379],[17.9044,50.8394],[17.9054,50.8605],[17.89,50.8612],[17.8857,50.8743],[17.8977,50.8841],[17.9051,50.9101],[17.9494,50.9053],[17.9564,50.9301],[17.9638,50.9412],[17.9713,50.9682],[18.0117,50.9636],[17.9961,50.9718],[18.0034,50.9759],[17.9886,50.9849],[17.9739,50.9818],[17.9379,50.9807],[17.9398,50.9953],[17.9242,51.0125],[17.9329,51.0235],[17.9303,51.0381],[17.9358,51.0479],[17.9477,51.0498],[17.9534,51.0576],[17.9492,51.0705],[17.9349,51.0939],[17.9395,51.1089],[17.9223,51.114],[17.9056,51.107],[17.8854,51.1037],[17.8753,51.1118],[17.8517,51.1128],[17.8199,51.121],[17.8132,51.1381],[17.8328,51.1431],[17.8512,51.1724],[17.8422,51.1889],[17.8278,51.1933],[17.8121,51.188],[17.7953,51.1941]]]},"properties":{"code":"1606","name":"powiat namysłowski","country":"PL","level":"district","parent":"16","grodzki":false,"type":"powiat"}},
{"type":"Feature","geometry":{"type":"Polygon","coordinates":[[[20.5987,53.5307],[20.5575,53.5216],[20.5242,53.5219],[20.5208,53.5148],[20.5111,53.5307],[20.4806,53.5242],[20.4651,53.5096],[20.477,53.4945],[20.4692,53.4847],[20.4415,53.4957],[20.4162,53.5002],[20.4114,53.4962],[20.3993,53.5012],[20.3962,53.4944],[20.377,53.4863],[20.3679,53.4963],[20.3572,53.4951],[20.3696,53.4833],[20.3728,53.4697],[20.3501,53.4622],[20.308,53.461],[20.2954,53.4537],[20.2905,53.465],[20.2623,53.4605],[20.2528,53.4687],[20.2333,53.4722],[20.2255,53.4755],[20.1869,53.4584],[20.1984,53.4432],[20.1862,53.44],[20.1919,53.4346],[20.2289,53.4175],[20.2288,53.412],[20.2103,53.4064],[20.2011,53.3952],[20.1949,53.3796],[20.1997,53.376],[20.1898,53.3636],[20.1957,53.3523],[20.1801,53.3304],[20.2092,53.3196],[20.2053,53.3131],[20.2301,53.3061],[20.249,53.2888],[20.2571,53.2774],[20.2471,53.2702],[20.2429,53.2544],[20.2476,53.2383],[20.2744,53.2374],[20.2851,53.2303],[20.3177,53.2253],[20.3297,53.2358],[20.3381,53.2342],[20.3359,53.2158],[20.3538,53.2272],[20.388,53.2379],[20.4111,53.2142],[20.4584,53.2468],[20.4754,53.2341],[20.5074,53.2346],[20.5071,53.2288],[20.5256,53.2228],[20.5315,53.2324],[20.5547,53.2245],[20.5619,53.2265],[20.5749,53.2404],[20.5823,53.2332],[20.6091,53.239],[20.6119,53.2523],[20.6572,53.2515],[20.6662,53.2654],[20.676,53.2695],[20.6872,53.2871],[20.6924,53.3026],[20.7139,53.2999],[20.7138,53.3093],[20.7366,53.3045],[20.7455,53.3073],[20.7425,53.318],[20.7517,53.313],[20.7646,53.3156],[20.771,53.3115],[20.7916,53.3095],[20.817,53.334],[20.8005,53.3371],[20.7858,53.3527],[20.7893,53.3631],[20.7763,53.3749],[20.7684,53.3894],[20.7489,53.3868],[20.7508,53.4197],[20.7371,53.4146],[20.7122,53.4152],[20.7073,53.4321],[20.6952,53.4298],[20.6848,53.4439],[20.686,53.454],[20.6789,53.462],[20.632,53.4523],[20.6245,53.4648],[20.6261,53.4723],[20.6053,53.468],[20.5947,53.4867],[20.6075,53.4876],[20.6168,53.499],[20.6023,53.5161],[20.5987,53.5307]]]},"properties":{"code":"2811","name":"powiat nidzicki","country":"PL","level":"district","parent":"28","grodzki":false,"type":"powiat"}},
{"type":"Feature","geometry":{"type":"Polygon","coordinates":[[[22.4054,50.3944],[22.4119,50.4234],[22.4462,50.419],[22.4501,50.433],[22.4595,50.4341],[22.4563,50.4522],[22.4444,50.4621],[22.4633,50.4657],[22.4655,50.4603],[22.4972,50.4552],[22.5099,50.4566],[22.5073,50.4675],[22.5205,50.4642],[22.521,50.4554],[22.5303,50.4471],[22.5456,50.4521],[22.5602,50.4692],[22.5862,50.4773],[22.5863,50.483],[22.5672,50.4832],[22.5296,50.4759],[22.5115,50.4816],[22.5122,50.4867],[22.5395,50.4841],[22.5709,50.4953],[22.577,50.5043],[22.5711,50.5098],[22.5412,50.5057],[22.5288,50.5128],[22.5367,50.5167],[22.5343,50.5375],[22.5202,50.5342],[22.5121,50.5389],[22.5202,50.5488],[22.5385,50.5498],[22.5362,50.5721],[22.5197,50.5832],[22.5065,50.5842],[22.4923,50.5797],[22.4684,50.586],[22.4653,50.5919],[22.4266,50.5843],[22.4201,50.5806],[22.4073,50.5855],[22.3996,50.5938],[22.3827,50.5979],[22.3789,50.6041],[22.3568,50.609],[22.3493,50.6141],[22.3228,50.6184],[22.2944,50.618],[22.2823,50.6226],[22.2497,50.6206],[22.2463,50.6249],[22.2209,50.6242],[22.1965,50.6178],[22.1967,50.615],[22.2227,50.6184],[22.2337,50.6104],[22.2503,50.6104],[22.2639,50.604],[22.251,50.5923],[22.2499,50.5744],[22.2072,50.568],[22.2,50.5623],[22.2026,50.5546],[22.2118,50.5611],[22.2337,50.5645],[22.2268,50.5574],[22.2287,50.5487],[22.2021,50.5398],[22.1833,50.5401],[22.1631,50.5279],[22.1545,50.5353],[22.157,50.546],[22.146,50.5511],[22.141,50.5472],[22.1013,50.5508],[22.0735,50.5265],[22.0649,50.5129],[22.0866,50.4534],[22.0585,50.4535],[22.0623,50.4166],[22.0551,50.4048],[22.0391,50.4091],[22.019,50.3795],[22.0278,50.3767],[22.0177,50.3619],[22.0044,50.3615],[21.9839,50.3674],[21.9903,50.3523],[21.9824,50.3444],[21.9947,50.3325],[21.9671,50.3268],[21.9732,50.3131],[21.9878,50.3091],[21.992,50.3031],[22.0056,50.3089],[21.9988,50.3239],[22.07,50.3313],[22.0825,50.3433],[22.1019,50.355],[22.0891,50.3584],[22.0854,50.3674],[22.1076,50.3691],[22.1085,50.3641],[22.1251,50.3552],[22.1526,50.3537],[22.1527,50.3476],[22.1669,50.3432],[22.1738,50.3487],[22.1976,50.3521],[22.1999,50.3433],[22.1929,50.3366],[22.2017,50.3349],[22.2111,50.3457],[22.2248,50.3463],[22.2254,50.3519],[22.2446,50.3644],[22.2685,50.3569],[22.2726,50.3651],[22.2577,50.3902],[22.2778,50.3842],[22.2922,50.3905],[22.3099,50.3933],[22.3195,50.3869],[22.3123,50.3758],[22.3222,50.3695],[22.3394,50.3699],[22.3329,50.387],[22.334,50.3959],[22.3488,50.3895],[22.3486,50.3771],[22.3731,50.3651],[22.3724,50.3502],[22.3878,50.3472],[22.4175,50.334],[22.454,50.3352],[22.4435,50.3439],[22.4556,50.3501],[22.4453,50.3572],[22.4389,50.354],[22.436,50.3685],[22.4414,50.3799],[22.4192,50.3853],[22.4054,50.3944]]]},"properties":{"code":"1812","name":"powiat niżański","country":"PL","level":"district","parent":"18","grodzki":false,"type":"powiat"}},
{"type":"Feature","geometry":{"type":"Polygon","coordinates":[[[20.8205,52.3789],[20.8107,52.3861],[20.7617,52.4045],[20.737,52.4064],[20.7388,52.4135],[20.756,52.4161],[20.7613,52.4246],[20.7589,52.4462],[20.765,52.4492],[20.7631,52.4686],[20.8187,52.4849],[20.8403,52.4865],[20.891,52.4839],[20.8948,52.5029],[20.903,52.5175],[20.9168,52.5268],[20.9243,52.5369],[20.9305,52.5589],[20.9071,52.5718],[20.907,52.5886],[20.8898,52.6014],[20.8683,52.6041],[20.8552,52.6154],[20.8643,52.6217],[20.8606,52.6382],[20.8287,52.633],[20.7933,52.638],[20.7877,52.6466],[20.7578,52.6433],[20.7466,52.6322],[20.7307,52.6324],[20.7274,52.6198],[20.7148,52.6173],[20.7236,52.6059],[20.7116,52.5991],[20.7149,52.5916],[20.7056,52.5893],[20.6558,52.5954],[20.663,52.5858],[20.6574,52.58],[20.6374,52.5832],[20.6271,52.5752],[20.6043,52.5663],[20.6171,52.5482],[20.6201,52.53],[20.6067,52.5198],[20.5902,52.5143],[20.5804,52.5045],[20.5819,52.4865],[20.5731,52.4653],[20.5419,52.4671],[20.5011,52.447],[20.4849,52.4442],[20.4838,52.4275],[20.4975,52.4219],[20.4447,52.402],[20.4048,52.3843],[20.4057,52.3748],[20.4187,52.3711],[20.424,52.3385],[20.4215,52.3311],[20.4222,52.3213],[20.4574,52.322],[20.4485,52.3035],[20.4323,52.3048],[20.4298,52.2981],[20.4404,52.292],[20.4712,52.2851],[20.476,52.2937],[20.5342,52.2948],[20.5295,52.3119],[20.5646,52.312],[20.5538,52.3261],[20.6041,52.3337],[20.6201,52.3113],[20.6464,52.3148],[20.687,52.3301],[20.7056,52.3418],[20.7312,52.3481],[20.7405,52.3223],[20.7622,52.3231],[20.7772,52.3425],[20.7789,52.3506],[20.8015,52.3444],[20.8205,52.3461],[20.8284,52.36],[20.8145,52.3645],[20.8205,52.3789]]]},"properties":{"code":"1414","name":"powiat nowodworski","country":"PL","level":"district","parent":"14","grodzki":false,"type":"powiat"}},
{"type":"Feature","geometry":{"type":"Polygon","coordinates":[[[19.6487,54.4533],[19.6377,54.4592],[19.5971,54.4385],[19.5461,54.4185],[19.4781,54.3978],[19.41,54.3815],[19.3473,54.3701],[19.071,54.505],[18.9502,54.3587],[18.9419,54.3394],[18.9336,54.3097],[18.9407,54.2802],[18.9481,54.2625],[18.9441,54.2395],[18.9289,54.2208],[18.9128,54.2057],[18.9004,54.1992],[18.8649,54.1876],[18.8366,54.1555],[18.863,54.1525],[18.8829,54.1566],[18.9017,54.1664],[18.9135,54.158],[18.9198,54.1655],[18.9507,54.1772],[18.9631,54.177],[18.9771,54.1672],[19.0013,54.1829],[19.0298,54.178],[19.0481,54.1718],[19.0439,54.1663],[19.0536,54.1602],[19.0556,54.149],[19.0795,54.1464],[19.095,54.1551],[19.1045,54.1441],[19.1452,54.1466],[19.1553,54.137],[19.1672,54.1507],[19.175,54.1398],[19.2114,54.1451],[19.2199,54.1345],[19.2139,54.1224],[19.2177,54.1161],[19.2395,54.1283],[19.2576,54.1508],[19.247,54.1672],[19.2611,54.1764],[19.2853,54.1865],[19.3202,54.1914],[19.3247,54.2101],[19.3144,54.2183],[19.3175,54.2257],[19.3047,54.2348],[19.3015,54.2443],[19.2878,54.2552],[19.2534,54.2703],[19.2583,54.2817],[19.2908,54.2992],[19.415,54.3201],[19.4957,54.3457],[19.6357,54.3922],[19.6487,54.4533]]]},"properties":{"code":"2210","name":"powiat nowodworski","country":"PL","level":"district","parent":"22","grodzki":false,"type":"powiat"}},
{"type":"Feature","geometry":{"type":"Polygon","coordinates":[[[19.904,53.436],[19.8719,53.4435],[19.853,53.4357],[19.8442,53.448],[19.8288,53.4555],[19.8131,53.4544],[19.7772,53.4393],[19.7595,53.448],[19.749,53.4411],[19.7361,53.4497],[19.715,53.4443],[19.6997,53.467],[19.6699,53.4549],[19.6597,53.4633],[19.6465,53.4651],[19.6293,53.4728],[19.6306,53.4803],[19.6098,53.4892],[19.6184,53.4977],[19.6088,53.5052],[19.611,53.524],[19.5816,53.5274],[19.5644,53.5206],[19.5626,53.5278],[19.547,53.5298],[19.4665,53.5534],[19.4634,53.563],[19.4115,53.5694],[19.3966,53.5644],[19.3762,53.551],[19.3941,53.5401],[19.3769,53.5399],[19.3626,53.5474],[19.3623,53.5583],[19.3457,53.5618],[19.3139,53.5448],[19.2623,53.5276],[19.2297,53.5186],[19.2188,53.5243],[19.2106,53.5247],[19.1892,53.5116],[19.2058,53.4967],[19.2256,53.4888],[19.2232,53.4804],[19.2363,53.4683],[19.2243,53.4566],[19.2417,53.453],[19.2462,53.4348],[19.2546,53.4315],[19.2497,53.4226],[19.2332,53.4134],[19.2445,53.4109],[19.2591,53.3965],[19.2912,53.3892],[19.3047,53.3986],[19.2967,53.4033],[19.3074,53.4115],[19.3295,53.405],[19.3806,53.4109],[19.3908,53.3976],[19.3917,53.3891],[19.4045,53.392],[19.4193,53.3784],[19.4444,53.376],[19.4274,53.3599],[19.458,53.3597],[19.4657,53.3693],[19.4819,53.3709],[19.4786,53.3622],[19.4957,53.3627],[19.5085,53.3709],[19.5199,53.3703],[19.5183,53.3585],[19.526,53.3521],[19.5201,53.3304],[19.5871,53.3317],[19.6104,53.3423],[19.6124,53.3383],[19.6415,53.3446],[19.6737,53.3371],[19.6901,53.3363],[19.6871,53.315],[19.6898,53.3068],[19.7181,53.3021],[19.7386,53.3029],[19.7569,53.3212],[19.7667,53.3176],[19.7847,53.325],[19.7968,53.3349],[19.7945,53.3524],[19.849,53.3535],[19.8401,53.3726],[19.8476,53.3879],[19.8307,53.3955],[19.8372,53.4133],[19.8511,53.4184],[19.8606,53.4292],[19.8764,53.4338],[19.8983,53.4309],[19.904,53.436]]]},"properties":{"code":"2812","name":"powiat nowomiejski","country":"PL","level":"district","parent":"28","grodzki":false,"type":"powiat"}},
{"type":"Feature","geometry":{"type":"Polygon","coordinates":[[[20.5851,49.7619],[20.5956,49.7564],[20.5896,49.7502],[20.5772,49.7517],[20.5659,49.7359],[20.5461,49.7345],[20.5298,49.7225],[20.535,49.7177],[20.5523,49.7163],[20.5769,49.7034],[20.5903,49.7001],[20.5796,49.6755],[20.5638,49.6758],[20.5547,49.6585],[20.577,49.6525],[20.5782,49.6459],[20.5627,49.6432],[20.5486,49.636],[20.5336,49.6471],[20.5248,49.6427],[20.5225,49.6288],[20.5382,49.6229],[20.5473,49.6111],[20.541,49.5977],[20.5508,49.5904],[20.5395,49.5827],[20.5054,49.5777],[20.488,49.5791],[20.4937,49.586],[20.4696,49.5945],[20.4575,49.5906],[20.4432,49.5926],[20.4328,49.6084],[20.4212,49.6126],[20.3704,49.6209],[20.3654,49.6156],[20.3695,49.5891],[20.3565,49.5873],[20.3745,49.567],[20.3856,49.5611],[20.3787,49.5522],[20.3635,49.5429],[20.362,49.5342],[20.362,49.5341],[20.3728,49.5359],[20.3912,49.5309],[20.406,49.5177],[20.4447,49.5135],[20.4443,49.4927],[20.4542,49.4913],[20.4645,49.4823],[20.4742,49.4665],[20.4946,49.4673],[20.4987,49.4726],[20.5368,49.473],[20.5599,49.4657],[20.5774,49.4654],[20.5837,49.4536],[20.607,49.4484],[20.611,49.4394],[20.6051,49.429],[20.6149,49.4178],[20.636,49.4085],[20.6426,49.401],[20.6653,49.4044],[20.6927,49.42],[20.7229,49.4197],[20.7281,49.4148],[20.7447,49.4142],[20.7423,49.4038],[20.7582,49.4002],[20.7475,49.3923],[20.7618,49.3834],[20.7578,49.3745],[20.7642,49.3709],[20.7792,49.3751],[20.7884,49.3717],[20.7815,49.3618],[20.7999,49.3631],[20.7987,49.3426],[20.8096,49.3479],[20.8259,49.3344],[20.8397,49.3349],[20.8595,49.3484],[20.8824,49.3331],[20.8779,49.3203],[20.8908,49.3241],[20.9071,49.3212],[20.9031,49.3161],[20.9105,49.3072],[20.9305,49.2966],[20.9757,49.3095],[20.9866,49.3066],[20.9941,49.3127],[20.9882,49.3271],[21.0091,49.3371],[21.0273,49.3569],[21.0439,49.3654],[21.0544,49.3618],[21.066,49.3653],[21.0753,49.3593],[21.0789,49.3639],[21.0941,49.3651],[21.1041,49.3764],[21.068,49.3955],[21.0659,49.4024],[21.0543,49.4042],[21.0472,49.4169],[21.0547,49.4212],[21.0488,49.4337],[21.0201,49.46],[21.0378,49.4705],[21.0423,49.4824],[21.0296,49.4953],[21.018,49.496],[21.008,49.5059],[21.0127,49.5145],[20.9994,49.5334],[21.0304,49.5669],[21.0108,49.5776],[21.0065,49.5909],[20.9994,49.5968],[21.0052,49.6085],[21.0172,49.6152],[21.044,49.621],[21.0585,49.6435],[21.0041,49.6766],[21.0029,49.6888],[20.9618,49.6824],[20.9506,49.668],[20.9284,49.6793],[20.9078,49.6836],[20.8861,49.706],[20.8922,49.7217],[20.8826,49.7317],[20.873,49.7336],[20.8758,49.7413],[20.8656,49.751],[20.8543,49.7502],[20.8453,49.7639],[20.8225,49.7643],[20.7962,49.7744],[20.7742,49.7857],[20.7562,49.7891],[20.7368,49.7882],[20.7395,49.8001],[20.7132,49.8066],[20.6931,49.8069],[20.6844,49.8004],[20.6704,49.7996],[20.6663,49.8061],[20.6466,49.7994],[20.6461,49.7952],[20.6296,49.7963],[20.6295,49.7887],[20.6193,49.7886],[20.6142,49.7785],[20.5851,49.7619]],[[20.6674,49.6303],[20.6657,49.6417],[20.6789,49.6584],[20.6773,49.6641],[20.6883,49.6656],[20.6895,49.6574],[20.7084,49.6532],[20.7171,49.6571],[20.7238,49.652],[20.7245,49.6396],[20.7457,49.6359],[20.7484,49.62],[20.759,49.6075],[20.7584,49.5983],[20.7418,49.6022],[20.7433,49.5877],[20.751,49.5792],[20.7316,49.5693],[20.7181,49.5549],[20.696,49.5633],[20.6959,49.5711],[20.6721,49.5773],[20.6675,49.566],[20.66,49.5672],[20.6484,49.5816],[20.6529,49.5945],[20.6672,49.601],[20.6821,49.6207],[20.6673,49.6218],[20.6674,49.6303]]]},"properties":{"code":"1210","name":"powiat nowosądecki","country":"PL","level":"district","parent":"12","grodzki":false,"type":"powiat"}},
{"type":"Feature","geometry":{"type":"Polygon","coordinates":[[[15.9683,51.788],[15.9542,51.7924],[15.9507,51.8007],[15.928,51.8011],[15.9036,51.7977],[15.8839,51.7989],[15.8786,51.8119],[15.8805,51.8236],[15.849,51.8264],[15.8251,51.8462],[15.8352,51.8519],[15.8544,51.855],[15.8611,51.8517],[15.8657,51.8595],[15.8772,51.8514],[15.8965,51.8524],[15.912,51.857],[15.9039,51.8669],[15.9278,51.8706],[15.9464,51.88],[15.9515,51.8704],[15.9632,51.868],[15.9803,51.8748],[15.9736,51.8818],[15.9782,51.891],[15.9927,51.8915],[15.9918,51.9036],[15.971,51.9165],[15.957,51.9192],[15.9714,51.9259],[15.948,51.9341],[15.9586,51.9436],[15.9704,51.9416],[15.997,51.9481],[16.0112,51.9652],[16.0106,51.9814],[16.0031,51.9956],[15.9855,52.0039],[15.9871,51.9984],[15.9692,52.0026],[15.966,52.0267],[15.9544,52.0269],[15.9304,52.0355],[15.901,52.037],[15.9108,52.0312],[15.9139,52.0197],[15.9253,52.0199],[15.9176,52.0107],[15.9306,51.9797],[15.9061,51.9728],[15.904,51.9596],[15.8923,51.955],[15.8724,51.9601],[15.8763,51.9502],[15.8536,51.9418],[15.8437,51.9342],[15.8591,51.9318],[15.8679,51.9218],[15.8494,51.9135],[15.813,51.9033],[15.8128,51.8951],[15.7877,51.8858],[15.7615,51.8906],[15.7616,51.9044],[15.7192,51.8996],[15.7072,51.892],[15.6578,51.9045],[15.638,51.9051],[15.636,51.8963],[15.6481,51.8891],[15.6363,51.8782],[15.6518,51.8751],[15.6369,51.8641],[15.612,51.8592],[15.6171,51.8508],[15.5984,51.8519],[15.5945,51.8446],[15.5771,51.8442],[15.5736,51.8375],[15.5184,51.8437],[15.5307,51.8248],[15.5084,51.8201],[15.4852,51.8219],[15.466,51.8274],[15.4675,51.8145],[15.4502,51.7974],[15.4662,51.787],[15.4422,51.7817],[15.4469,51.7728],[15.4635,51.7746],[15.4817,51.7568],[15.4907,51.7526],[15.4845,51.7444],[15.5026,51.7379],[15.5042,51.7236],[15.5194,51.7213],[15.5191,51.7058],[15.5136,51.6957],[15.5195,51.6834],[15.5527,51.6874],[15.579,51.6943],[15.5989,51.6792],[15.6004,51.67],[15.6204,51.6724],[15.6271,51.6689],[15.6621,51.6693],[15.6844,51.6564],[15.6985,51.6595],[15.7022,51.6529],[15.729,51.645],[15.738,51.6524],[15.7507,51.6528],[15.7586,51.6599],[15.7854,51.659],[15.8017,51.6635],[15.8052,51.6698],[15.8166,51.6676],[15.8343,51.6722],[15.8448,51.6754],[15.8425,51.6816],[15.8656,51.6926],[15.8652,51.707],[15.8718,51.7207],[15.8853,51.7213],[15.8925,51.7295],[15.9124,51.7255],[15.9265,51.7296],[15.9298,51.7376],[15.9632,51.7337],[15.9611,51.7435],[15.9766,51.7481],[15.9687,51.7684],[15.98,51.7736],[15.989,51.7692],[16.0063,51.7732],[16.0034,51.7783],[15.9823,51.7785],[15.9683,51.788]]]},"properties":{"code":"0804","name":"powiat nowosolski","country":"PL","level":"district","parent":"08","grodzki":false,"type":"powiat"}},
{"type":"Feature","geometry":{"type":"Polygon","coordinates":[[[20.1901,49.3377],[20.1952,49.3423],[20.2128,49.3448],[20.2219,49.3518],[20.2318,49.3463],[20.242,49.3505],[20.2664,49.3471],[20.273,49.3514],[20.293,49.3515],[20.3142,49.3435],[20.3237,49.3518],[20.3262,49.3659],[20.3211,49.3774],[20.3307,49.3903],[20.3175,49.3887],[20.3224,49.4019],[20.3617,49.3982],[20.3757,49.4079],[20.3824,49.391],[20.4048,49.3923],[20.4147,49.3977],[20.4169,49.4058],[20.4333,49.3966],[20.4366,49.4072],[20.4291,49.4079],[20.4348,49.418],[20.4499,49.415],[20.4763,49.4141],[20.4901,49.4064],[20.5034,49.404],[20.5099,49.3934],[20.5467,49.3855],[20.5577,49.3781],[20.5762,49.3762],[20.58,49.3829],[20.6002,49.3883],[20.6058,49.4013],[20.6136,49.4018],[20.6149,49.4178],[20.6051,49.429],[20.611,49.4394],[20.607,49.4484],[20.5837,49.4536],[20.5774,49.4654],[20.5599,49.4657],[20.5368,49.473],[20.4987,49.4726],[20.4946,49.4673],[20.4742,49.4665],[20.4645,49.4823],[20.4542,49.4913],[20.4443,49.4927],[20.4447,49.5135],[20.406,49.5177],[20.3912,49.5309],[20.3728,49.5359],[20.362,49.5341],[20.362,49.5342],[20.3393,49.5389],[20.3123,49.5664],[20.2991,49.5699],[20.2814,49.5665],[20.2618,49.5682],[20.2386,49.5579],[20.2136,49.5509],[20.1576,49.5478],[20.1503,49.5439],[20.1143,49.5451],[20.0948,49.5533],[20.0673,49.5601],[20.046,49.5593],[20.0279,49.5728],[20.0261,49.5811],[20.0154,49.5911],[20.0109,49.6031],[19.9994,49.6133],[19.9984,49.6253],[20.0041,49.6346],[19.9914,49.6485],[19.9919,49.6535],[19.9709,49.6611],[19.9468,49.6585],[19.9476,49.6495],[19.956,49.6406],[19.9473,49.6337],[19.9466,49.618],[19.9385,49.6222],[19.919,49.6232],[19.8937,49.6376],[19.8719,49.6334],[19.8744,49.6164],[19.8627,49.5993],[19.8521,49.5957],[19.814,49.5923],[19.7985,49.5939],[19.7762,49.5855],[19.767,49.5904],[19.7548,49.5864],[19.763,49.581],[19.7528,49.5718],[19.7349,49.5721],[19.7297,49.5759],[19.7034,49.576],[19.6953,49.5788],[19.6765,49.5756],[19.6566,49.5948],[19.6271,49.6134],[19.6193,49.6237],[19.5903,49.6225],[19.5866,49.6127],[19.5959,49.5994],[19.592,49.5929],[19.5601,49.5801],[19.5293,49.573],[19.5274,49.5612],[19.5304,49.5358],[19.5351,49.5263],[19.5516,49.5076],[19.554,49.4897],[19.5541,49.4897],[19.554,49.4897],[19.5541,49.4897],[19.5654,49.4807],[19.5689,49.4702],[19.5815,49.4554],[19.593,49.4587],[19.6114,49.4469],[19.6254,49.4496],[19.6411,49.4576],[19.6378,49.4408],[19.6475,49.4332],[19.6474,49.4332],[19.6475,49.4332],[19.6474,49.4332],[19.6346,49.4125],[19.6797,49.4023],[19.6843,49.4033],[19.7143,49.392],[19.719,49.3867],[19.7296,49.3917],[19.7463,49.4079],[19.7676,49.413],[19.7906,49.4107],[19.7926,49.3786],[19.8022,49.3701],[19.8025,49.3531],[19.7953,49.3475],[19.8438,49.3541],[19.8542,49.3439],[19.8781,49.3359],[19.8881,49.3266],[19.8993,49.3273],[19.8998,49.3398],[19.9216,49.3515],[19.9415,49.3539],[19.9429,49.3823],[19.9708,49.3745],[19.9869,49.3793],[19.9996,49.3892],[19.9966,49.3953],[20.0195,49.3946],[20.0496,49.4106],[20.05,49.4253],[20.0799,49.4206],[20.0853,49.4284],[20.1012,49.4233],[20.0991,49.4196],[20.116,49.4138],[20.1127,49.3987],[20.1547,49.3861],[20.1595,49.3754],[20.1724,49.3666],[20.1691,49.3623],[20.1901,49.3377]]]},"properties":{"code":"1211","name":"powiat nowotarski","country":"PL","level":"district","parent":"12","grodzki":false,"type":"powiat"}},
{"type":"Feature","geometry":{"type":"Polygon","coordinates":[[[16.0725,52.2437],[16.0795,52.2517],[16.0903,52.2405],[16.0996,52.2446],[16.1088,52.2379],[16.1252,52.24],[16.1208,52.2333],[16.1491,52.2321],[16.1637,52.2265],[16.1797,52.2532],[16.1734,52.2681],[16.192,52.2722],[16.2262,52.2717],[16.2793,52.2806],[16.2995,52.2872],[16.3053,52.2821],[16.321,52.281],[16.3266,52.2851],[16.3631,52.2674],[16.3741,52.2571],[16.3807,52.2692],[16.3906,52.2673],[16.4201,52.2488],[16.4263,52.2545],[16.443,52.2546],[16.4572,52.2684],[16.4766,52.2587],[16.4843,52.2485],[16.5044,52.2558],[16.5127,52.2699],[16.4998,52.2777],[16.5063,52.2886],[16.5056,52.3009],[16.4876,52.2992],[16.4678,52.304],[16.4815,52.3066],[16.4995,52.315],[16.4965,52.3231],[16.5104,52.3386],[16.4784,52.347],[16.4659,52.357],[16.4536,52.3609],[16.4607,52.3766],[16.4414,52.3876],[16.4423,52.4052],[16.4201,52.4114],[16.4116,52.4025],[16.3926,52.4145],[16.3918,52.424],[16.3761,52.4215],[16.3611,52.4254],[16.3443,52.4367],[16.3163,52.446],[16.324,52.4491],[16.3146,52.4548],[16.2869,52.4595],[16.29,52.4716],[16.285,52.4749],[16.2533,52.4733],[16.2284,52.4803],[16.2312,52.4891],[16.2063,52.4911],[16.1942,52.4889],[16.1709,52.4844],[16.1481,52.4844],[16.1397,52.49],[16.1388,52.5064],[16.1276,52.5118],[16.0995,52.5142],[16.0757,52.5082],[16.0672,52.5019],[16.0649,52.4905],[16.0522,52.4879],[16.0255,52.4887],[16.0197,52.4778],[16.0136,52.4515],[15.9999,52.4547],[15.9658,52.4483],[15.943,52.4808],[15.9179,52.4815],[15.9065,52.475],[15.8916,52.4732],[15.8858,52.4648],[15.8927,52.4605],[15.8956,52.4466],[15.8752,52.4427],[15.8683,52.4351],[15.8566,52.4394],[15.8564,52.4326],[15.8308,52.436],[15.8333,52.4446],[15.8267,52.4514],[15.8041,52.4434],[15.8158,52.4272],[15.835,52.4153],[15.8436,52.4029],[15.8608,52.4027],[15.8702,52.3965],[15.8962,52.3942],[15.9006,52.3827],[15.8881,52.372],[15.8905,52.354],[15.8813,52.3522],[15.8882,52.3362],[15.8824,52.3273],[15.8919,52.3103],[15.8816,52.3077],[15.8808,52.2904],[15.8814,52.2842],[15.8524,52.2621],[15.8608,52.2276],[15.8495,52.2133],[15.8613,52.1978],[15.861,52.1828],[15.8901,52.1831],[15.8883,52.186],[15.908,52.1999],[15.9382,52.1967],[15.9497,52.215],[15.987,52.2127],[16.0018,52.2192],[15.9963,52.232],[16.0426,52.2306],[16.0547,52.2467],[16.0725,52.2437]]]},"properties":{"code":"3015","name":"powiat nowotomyski","country":"PL","level":"district","parent":"30","grodzki":false,"type":"powiat"}},
{"type":"Feature","geometry":{"type":"Polygon","coordinates":[[[20.6674,49.6303],[20.6673,49.6218],[20.6821,49.6207],[20.6672,49.601],[20.6529,49.5945],[20.6484,49.5816],[20.66,49.5672],[20.6675,49.566],[20.6721,49.5773],[20.6959,49.5711],[20.696,49.5633],[20.7181,49.5549],[20.7316,49.5693],[20.751,49.5792],[20.7433,49.5877],[20.7418,49.6022],[20.7584,49.5983],[20.759,49.6075],[20.7484,49.62],[20.7457,49.6359],[20.7245,49.6396],[20.7238,49.652],[20.7171,49.6571],[20.7084,49.6532],[20.6895,49.6574],[20.6883,49.6656],[20.6773,49.6641],[20.6789,49.6584],[20.6657,49.6417],[20.6674,49.6303]]]},"properties":{"code":"1262","name":"powiat Nowy Sącz","country":"PL","level":"district","parent":"12","grodzki":true,"type":"miasto na prawach powiatu"}},
{"type":"Feature","geometry":{"type":"Polygon","coordinates":[[[16.9079,50.4494],[16.9219,50.4405],[16.9461,50.434],[16.974,50.4178],[16.9983,50.4277],[17.0132,50.4189],[17.0243,50.4215],[17.0525,50.407],[17.081,50.4022],[17.085,50.4058],[17.1107,50.405],[17.1111,50.3937],[17.1224,50.3943],[17.1433,50.3804],[17.1572,50.3801],[17.1841,50.3899],[17.2038,50.3861],[17.1991,50.3751],[17.2011,50.364],[17.2131,50.3575],[17.2254,50.3447],[17.2479,50.3318],[17.2637,50.3282],[17.2898,50.3175],[17.3128,50.3205],[17.3278,50.3271],[17.3487,50.3284],[17.3375,50.3131],[17.3537,50.308],[17.3463,50.2985],[17.3482,50.2874],[17.3428,50.2809],[17.3475,50.2657],[17.3625,50.2643],[17.3661,50.2821],[17.3888,50.2828],[17.4069,50.2739],[17.4207,50.2774],[17.4312,50.2631],[17.4297,50.2542],[17.4375,50.2517],[17.4545,50.2565],[17.4578,50.2701],[17.4687,50.2696],[17.5048,50.2747],[17.4857,50.2784],[17.4703,50.2928],[17.4518,50.2977],[17.4516,50.3205],[17.4641,50.3292],[17.4569,50.3385],[17.455,50.3678],[17.4637,50.3696],[17.4476,50.3847],[17.47,50.3812],[17.4791,50.3964],[17.5011,50.4012],[17.5243,50.4125],[17.545,50.3955],[17.5538,50.4034],[17.5765,50.4122],[17.6046,50.4275],[17.6075,50.433],[17.628,50.4401],[17.6343,50.4488],[17.6518,50.4485],[17.6566,50.4558],[17.6701,50.4574],[17.6671,50.4857],[17.6872,50.4851],[17.6925,50.4905],[17.7014,50.4866],[17.7194,50.4866],[17.7228,50.4927],[17.701,50.5019],[17.763,50.5546],[17.7458,50.5602],[17.7214,50.5757],[17.6925,50.5575],[17.6578,50.5521],[17.6543,50.5615],[17.6437,50.5598],[17.6255,50.568],[17.6255,50.5584],[17.6128,50.5562],[17.6038,50.5622],[17.6076,50.5719],[17.5858,50.5729],[17.5912,50.5795],[17.5812,50.5931],[17.5657,50.5961],[17.5583,50.5859],[17.5441,50.5906],[17.5371,50.5846],[17.5208,50.5859],[17.5089,50.5933],[17.4959,50.5911],[17.483,50.6006],[17.4672,50.6004],[17.4668,50.6151],[17.4575,50.6164],[17.4095,50.6075],[17.4155,50.633],[17.3984,50.6446],[17.4173,50.6533],[17.3987,50.6568],[17.4095,50.6627],[17.427,50.6594],[17.4183,50.6673],[17.4055,50.6656],[17.374,50.6695],[17.3596,50.6414],[17.3515,50.6434],[17.332,50.6315],[17.3348,50.6151],[17.3212,50.614],[17.3028,50.6039],[17.2738,50.6023],[17.2703,50.5996],[17.2768,50.5846],[17.2489,50.5857],[17.2419,50.5788],[17.2065,50.5861],[17.217,50.6052],[17.2322,50.6145],[17.1864,50.6163],[17.1649,50.6135],[17.124,50.6084],[17.1149,50.5874],[17.0992,50.5759],[17.0941,50.5644],[17.0755,50.5557],[17.0615,50.5365],[17.0734,50.5208],[17.0567,50.5049],[17.0643,50.4889],[17.062,50.4756],[17.0409,50.4632],[17.0166,50.4685],[17.0201,50.4803],[17.0068,50.4753],[16.976,50.4757],[16.9805,50.4824],[16.9714,50.4889],[16.959,50.4878],[16.9474,50.4802],[16.9403,50.4611],[16.9079,50.4494]]]},"properties":{"code":"1607","name":"powiat nyski","country":"PL","level":"district","parent":"16","grodzki":false,"type":"powiat"}},
{"type":"Feature","geometry":{"type":"Polygon","coordinates":[[[16.7298,52.5661],[16.7348,52.5727],[16.7599,52.5691],[16.7642,52.5456],[16.7821,52.5449],[16.7866,52.5567],[16.7801,52.567],[16.8067,52.57],[16.8463,52.5787],[16.8546,52.571],[16.8838,52.5841],[16.8973,52.5842],[16.9262,52.5998],[16.9353,52.5932],[16.9431,52.5985],[16.9245,52.6064],[16.9209,52.6132],[16.8934,52.6221],[16.9019,52.6325],[16.9181,52.6346],[16.9284,52.6546],[16.9648,52.6482],[16.9718,52.6573],[16.9946,52.6696],[17.0329,52.6762],[17.037,52.6899],[17.0443,52.6854],[17.0866,52.6818],[17.1058,52.6886],[17.1219,52.6742],[17.1058,52.713],[17.1163,52.7272],[17.1317,52.7298],[17.1293,52.7468],[17.1183,52.7537],[17.1094,52.7693],[17.1161,52.7845],[17.0886,52.7793],[17.068,52.7821],[17.0695,52.7748],[17.041,52.7774],[17.0283,52.7738],[17.0217,52.7795],[17.0064,52.7823],[17.0031,52.8054],[17.007,52.8284],[16.9847,52.8284],[16.973,52.8318],[16.9412,52.8172],[16.9092,52.8257],[16.9004,52.8314],[16.8865,52.831],[16.8848,52.8401],[16.8747,52.8471],[16.8669,52.8448],[16.8572,52.8528],[16.8307,52.8584],[16.8079,52.8538],[16.7964,52.8649],[16.8004,52.8744],[16.7896,52.8702],[16.789,52.8823],[16.7802,52.8888],[16.772,52.8722],[16.7606,52.8657],[16.7316,52.8676],[16.7081,52.8664],[16.7026,52.8543],[16.7286,52.8522],[16.7253,52.8339],[16.7508,52.8211],[16.747,52.8142],[16.7705,52.8117],[16.7756,52.8008],[16.7936,52.7987],[16.8001,52.7843],[16.7739,52.7746],[16.7651,52.7663],[16.7483,52.7605],[16.7198,52.7568],[16.7152,52.7401],[16.7299,52.7406],[16.7324,52.7495],[16.7623,52.7512],[16.7407,52.7372],[16.7385,52.7264],[16.7311,52.7294],[16.7081,52.7257],[16.6985,52.7283],[16.7044,52.7497],[16.6584,52.7511],[16.6485,52.7484],[16.6303,52.751],[16.5833,52.7431],[16.5762,52.7245],[16.5821,52.7123],[16.6016,52.7034],[16.6367,52.6921],[16.647,52.6834],[16.6477,52.6759],[16.6282,52.6802],[16.6134,52.6686],[16.6001,52.6667],[16.6112,52.6614],[16.622,52.6483],[16.6332,52.6446],[16.6227,52.6377],[16.641,52.6278],[16.6448,52.6107],[16.6545,52.5985],[16.6691,52.5927],[16.6757,52.5848],[16.6728,52.567],[16.6996,52.5728],[16.7079,52.5635],[16.7298,52.5661]]]},"properties":{"code":"3016","name":"powiat obornicki","country":"PL","level":"district","parent":"30","grodzki":false,"type":"powiat"}},
{"type":"Feature","geometry":{"type":"Polygon","coordinates":[[[22.1659,54.0038],[22.1724,54],[22.1887,54.0067],[22.1901,54.0013],[22.206,54.0024],[22.2434,53.9773],[22.235,53.9567],[22.2609,53.9553],[22.2569,53.9466],[22.2763,53.9406],[22.2874,53.9547],[22.2979,53.9477],[22.3142,53.9448],[22.3311,53.929],[22.3557,53.9385],[22.3596,53.9339],[22.3732,53.939],[22.3786,53.9341],[22.436,53.943],[22.4365,53.9389],[22.4166,53.9378],[22.4195,53.9254],[22.4331,53.9244],[22.4331,53.9103],[22.4396,53.9043],[22.4665,53.9132],[22.4701,53.8977],[22.4898,53.8912],[22.5081,53.8913],[22.5187,53.8986],[22.5248,53.8938],[22.5431,53.8929],[22.5568,53.8966],[22.5656,53.8888],[22.5947,53.9026],[22.5909,53.9095],[22.6109,53.9216],[22.6268,53.921],[22.6217,53.9293],[22.6372,53.9397],[22.6515,53.9387],[22.6655,53.9484],[22.7237,53.9525],[22.7091,53.9666],[22.6965,53.9735],[22.691,54.0004],[22.6799,54.0054],[22.6707,54.0289],[22.6286,54.0475],[22.6008,54.0519],[22.5969,54.0665],[22.6038,54.0819],[22.6355,54.093],[22.6361,54.1079],[22.6205,54.1129],[22.5937,54.1412],[22.5914,54.1507],[22.5792,54.1416],[22.5471,54.1377],[22.5454,54.1485],[22.5389,54.1478],[22.5369,54.1604],[22.5191,54.1613],[22.5191,54.1677],[22.5006,54.1864],[22.5034,54.1933],[22.4894,54.1943],[22.4815,54.2024],[22.4578,54.215],[22.4375,54.2057],[22.4313,54.2085],[22.413,54.2035],[22.4007,54.2081],[22.3691,54.1977],[22.3795,54.1849],[22.3559,54.1837],[22.3328,54.1884],[22.297,54.1922],[22.2629,54.1678],[22.2566,54.1576],[22.248,54.166],[22.2553,54.1731],[22.2407,54.175],[22.228,54.186],[22.2102,54.1809],[22.1726,54.1977],[22.1439,54.1897],[22.1462,54.1816],[22.1575,54.1788],[22.1366,54.1397],[22.1102,54.1335],[22.1272,54.1202],[22.1598,54.101],[22.1809,54.0915],[22.1829,54.0847],[22.2014,54.0602],[22.214,54.0537],[22.2095,54.0486],[22.1949,54.0493],[22.1877,54.0379],[22.1736,54.0391],[22.1514,54.0349],[22.1562,54.0256],[22.1503,54.0209],[22.1659,54.0038]]]},"properties":{"code":"2813","name":"powiat olecki","country":"PL","level":"district","parent":"28","grodzki":false,"type":"powiat"}},
{"type":"Feature","geometry":{"type":"Polygon","coordinates":[[[18.673,51.0569],[18.6607,51.0546],[18.6375,51.0634],[18.6235,51.0769],[18.6083,51.0817],[18.5776,51.082],[18.5808,51.0903],[18.5623,51.1065],[18.5676,51.119],[18.5537,51.1388],[18.5208,51.1403],[18.5155,51.1336],[18.5201,51.1162],[18.5156,51.1043],[18.4987,51.0996],[18.4895,51.0907],[18.4783,51.0923],[18.4814,51.0997],[18.4697,51.1044],[18.4645,51.12],[18.4543,51.1151],[18.4219,51.1171],[18.4189,51.1259],[18.4065,51.1241],[18.3817,51.1288],[18.3652,51.1382],[18.3497,51.1372],[18.3326,51.1392],[18.315,51.134],[18.3129,51.11],[18.3147,51.0985],[18.3481,51.0936],[18.3415,51.0811],[18.3457,51.0613],[18.3376,51.0534],[18.3191,51.049],[18.3075,51.0412],[18.3042,51.0327],[18.2916,51.0272],[18.2998,51.0234],[18.299,51.0154],[18.3122,51.0128],[18.3148,51.0193],[18.3387,51.0109],[18.3529,51.0088],[18.3514,51.0022],[18.3611,50.9714],[18.3805,50.954],[18.3806,50.946],[18.3677,50.9388],[18.3366,50.9419],[18.331,50.9373],[18.3441,50.9275],[18.3313,50.9094],[18.3395,50.8914],[18.3357,50.8843],[18.3421,50.875],[18.3415,50.8647],[18.3601,50.8507],[18.3298,50.8398],[18.3426,50.8187],[18.351,50.8114],[18.3236,50.8045],[18.3164,50.8111],[18.3016,50.8129],[18.2929,50.8207],[18.2902,50.8149],[18.2718,50.8265],[18.2656,50.8154],[18.2302,50.7968],[18.2284,50.7827],[18.2541,50.7811],[18.2461,50.7665],[18.2574,50.7696],[18.2639,50.7606],[18.2496,50.752],[18.2507,50.7478],[18.2349,50.7438],[18.2515,50.7316],[18.274,50.7229],[18.2848,50.7231],[18.2974,50.7294],[18.3231,50.7044],[18.3432,50.7031],[18.3425,50.6957],[18.3613,50.6903],[18.3731,50.6915],[18.3704,50.7032],[18.3839,50.7024],[18.4276,50.69],[18.4292,50.6822],[18.4483,50.6844],[18.4588,50.6793],[18.4554,50.6625],[18.4682,50.6251],[18.4833,50.6165],[18.5093,50.6213],[18.5132,50.6307],[18.5168,50.6396],[18.5064,50.6414],[18.5131,50.6579],[18.5227,50.6596],[18.4942,50.6643],[18.5039,50.6737],[18.4894,50.6777],[18.4838,50.6856],[18.4994,50.6895],[18.4839,50.7083],[18.5069,50.7132],[18.509,50.7261],[18.5483,50.732],[18.552,50.7496],[18.5705,50.7447],[18.5806,50.7518],[18.5723,50.7563],[18.5501,50.7596],[18.5348,50.7713],[18.5343,50.7788],[18.5251,50.7764],[18.5198,50.7963],[18.5046,50.801],[18.5622,50.8089],[18.558,50.8341],[18.5882,50.8516],[18.6163,50.8535],[18.637,50.8927],[18.6545,50.9147],[18.6488,50.9313],[18.6303,50.9312],[18.6124,50.9551],[18.6222,50.9656],[18.6429,50.9655],[18.6636,50.9706],[18.6682,50.989],[18.6562,51.005],[18.678,51.008],[18.6954,51.0157],[18.672,51.0491],[18.673,51.0569]]]},"properties":{"code":"1608","name":"powiat oleski","country":"PL","level":"district","parent":"16","grodzki":false,"type":"powiat"}},
{"type":"Feature","geometry":{"type":"Polygon","coordinates":[[[17.2425,51.267],[17.2611,51.2524],[17.251,51.2395],[17.2757,51.2236],[17.294,51.2257],[17.3106,51.2148],[17.299,51.1955],[17.303,51.1918],[17.2902,51.1739],[17.3059,51.1727],[17.3137,51.1672],[17.3248,51.1702],[17.3449,51.1686],[17.3266,51.1587],[17.2929,51.1592],[17.291,51.1502],[17.3062,51.1485],[17.3105,51.1377],[17.3243,51.1451],[17.33,51.1403],[17.3288,51.1178],[17.3436,51.1125],[17.3665,51.1102],[17.376,51.1037],[17.3914,51.1034],[17.3941,51.0983],[17.417,51.0999],[17.4331,51.0877],[17.4219,51.0782],[17.427,51.07],[17.4582,51.0614],[17.5023,51.0579],[17.5184,51.0515],[17.5187,51.0588],[17.5366,51.0693],[17.5582,51.0678],[17.5821,51.0818],[17.5624,51.0926],[17.5782,51.1108],[17.5718,51.1161],[17.5764,51.1294],[17.5677,51.1378],[17.5455,51.1436],[17.5447,51.1545],[17.5586,51.1568],[17.5679,51.1659],[17.5782,51.1622],[17.6115,51.1905],[17.6206,51.1754],[17.6404,51.1731],[17.6394,51.1681],[17.6559,51.1666],[17.6693,51.1608],[17.6828,51.1657],[17.6994,51.1651],[17.6981,51.171],[17.7161,51.175],[17.738,51.1741],[17.7495,51.1791],[17.7538,51.1868],[17.7798,51.1832],[17.7953,51.1941],[17.775,51.1989],[17.7566,51.2164],[17.7541,51.2352],[17.7452,51.2416],[17.7429,51.2546],[17.7491,51.2705],[17.7382,51.2757],[17.7516,51.2812],[17.7503,51.2907],[17.7662,51.3006],[17.7605,51.3097],[17.7626,51.3201],[17.7439,51.3288],[17.7396,51.3429],[17.7231,51.3594],[17.7098,51.3589],[17.706,51.3716],[17.7148,51.3712],[17.7199,51.3861],[17.7304,51.3864],[17.7291,51.3957],[17.737,51.3999],[17.7522,51.3985],[17.75,51.4113],[17.738,51.4191],[17.7234,51.4224],[17.7141,51.4185],[17.7196,51.405],[17.7031,51.3995],[17.6686,51.416],[17.6611,51.41],[17.6408,51.4234],[17.6251,51.4191],[17.6129,51.423],[17.6039,51.4094],[17.5896,51.4099],[17.5706,51.4051],[17.5543,51.4105],[17.5406,51.4213],[17.5519,51.4352],[17.5482,51.4429],[17.527,51.4572],[17.5128,51.4577],[17.4798,51.4532],[17.4808,51.4482],[17.4679,51.4406],[17.4616,51.4434],[17.4417,51.4365],[17.4385,51.4272],[17.4256,51.431],[17.419,51.4216],[17.4292,51.4139],[17.3972,51.4044],[17.3955,51.3886],[17.3836,51.3913],[17.385,51.3834],[17.3705,51.3681],[17.3537,51.3677],[17.3401,51.3729],[17.3147,51.3715],[17.3196,51.365],[17.3118,51.3489],[17.2879,51.3423],[17.2686,51.3524],[17.2493,51.3474],[17.2617,51.3356],[17.2555,51.3102],[17.2685,51.3039],[17.2548,51.2976],[17.252,51.2912],[17.2648,51.286],[17.2425,51.267]]]},"properties":{"code":"0214","name":"powiat oleśnicki","country":"PL","level":"district","parent":"02","grodzki":false,"type":"powiat"}},
{"type":"Feature","geometry":{"type":"Polygon","coordinates":[[[19.9014,50.2761],[19.9005,50.2846],[19.9209,50.2985],[19.8921,50.31],[19.8827,50.3087],[19.8674,50.3147],[19.8552,50.3148],[19.8253,50.3275],[19.8328,50.3526],[19.8431,50.3543],[19.854,50.3697],[19.8474,50.37],[19.8515,50.3932],[19.8357,50.3993],[19.8507,50.4028],[19.8428,50.4156],[19.8484,50.4253],[19.8446,50.4342],[19.8445,50.4342],[19.8412,50.4386],[19.8201,50.4345],[19.8071,50.4361],[19.8042,50.442],[19.782,50.4401],[19.7695,50.4443],[19.7487,50.4421],[19.7318,50.4443],[19.725,50.4409],[19.7019,50.4482],[19.6947,50.4354],[19.6776,50.4339],[19.6652,50.4237],[19.6717,50.4158],[19.6366,50.4094],[19.6293,50.4129],[19.6058,50.4042],[19.5866,50.4103],[19.5462,50.4135],[19.536,50.4203],[19.5195,50.415],[19.5045,50.4011],[19.4876,50.397],[19.4917,50.366],[19.4603,50.3729],[19.4594,50.3633],[19.4822,50.3569],[19.4876,50.3473],[19.4806,50.3336],[19.4839,50.3236],[19.4595,50.3228],[19.451,50.3189],[19.4321,50.3277],[19.4153,50.3317],[19.4147,50.3228],[19.4066,50.3174],[19.3984,50.3084],[19.4106,50.3026],[19.3952,50.2901],[19.3881,50.2893],[19.3816,50.273],[19.3615,50.2641],[19.3535,50.2659],[19.3234,50.2591],[19.3401,50.2496],[19.3931,50.2334],[19.4111,50.2333],[19.4287,50.2255],[19.442,50.2266],[19.4513,50.2246],[19.4841,50.2291],[19.5054,50.2224],[19.5255,50.2213],[19.5347,50.2103],[19.5631,50.2108],[19.5854,50.2056],[19.5887,50.1981],[19.5954,50.1896],[19.6294,50.1919],[19.6481,50.2],[19.6444,50.2085],[19.6562,50.2152],[19.6576,50.2253],[19.6778,50.2413],[19.686,50.2628],[19.6758,50.2651],[19.6732,50.2767],[19.6779,50.2825],[19.6739,50.2958],[19.6909,50.2954],[19.7041,50.2996],[19.7182,50.2924],[19.7455,50.2885],[19.7776,50.2761],[19.7746,50.2714],[19.8024,50.2691],[19.8126,50.2781],[19.8342,50.2635],[19.8375,50.251],[19.8503,50.2568],[19.8733,50.2785],[19.8775,50.2718],[19.8936,50.2655],[19.9014,50.2761]]]},"properties":{"code":"1212","name":"powiat olkuski","country":"PL","level":"district","parent":"12","grodzki":false,"type":"powiat"}},
{"type":"Feature","geometry":{"type":"Polygon","coordinates":[[[20.3881,53.8091],[20.3834,53.8018],[20.3935,53.7945],[20.3673,53.7796],[20.3773,53.7813],[20.3984,53.7777],[20.4079,53.7606],[20.4262,53.7521],[20.4349,53.7553],[20.4425,53.7451],[20.4599,53.7427],[20.4718,53.7339],[20.4801,53.7338],[20.4753,53.7242],[20.4995,53.7319],[20.5261,53.7344],[20.5236,53.7421],[20.547,53.7474],[20.5288,53.7639],[20.5384,53.7699],[20.553,53.7672],[20.5591,53.7828],[20.5666,53.7854],[20.5587,53.8025],[20.5395,53.8102],[20.5374,53.8161],[20.5113,53.8171],[20.481,53.8285],[20.457,53.8133],[20.4449,53.8257],[20.4358,53.8282],[20.4226,53.8194],[20.4052,53.8188],[20.4028,53.8091],[20.3881,53.8091]]]},"properties":{"code":"2862","name":"powiat Olsztyn","country":"PL","level":"district","parent":"28","grodzki":true,"type":"miasto na prawach powiatu"}},
{"type":"Feature","geometry":{"type":"Polygon","coordinates":[[[20.5987,53.5307],[20.5917,53.5425],[20.5933,53.5542],[20.6184,53.5663],[20.6147,53.5763],[20.6302,53.5811],[20.6478,53.5955],[20.6507,53.606],[20.6232,53.6135],[20.6299,53.6175],[20.6536,53.618],[20.6687,53.6142],[20.6877,53.6202],[20.6859,53.6086],[20.7179,53.6046],[20.7085,53.6089],[20.6882,53.6293],[20.7015,53.639],[20.697,53.6481],[20.7012,53.6608],[20.7114,53.6725],[20.7201,53.6716],[20.7592,53.6951],[20.7708,53.6928],[20.8146,53.719],[20.8374,53.7179],[20.8334,53.7224],[20.8538,53.732],[20.8356,53.7378],[20.8583,53.7514],[20.891,53.7677],[20.9088,53.7794],[20.9585,53.7835],[20.9705,53.7645],[21.0082,53.7733],[21.0211,53.7652],[21.0321,53.7669],[21.0254,53.7802],[21.0528,53.791],[21.0594,53.7801],[21.0589,53.7677],[21.0477,53.766],[21.0555,53.7592],[21.047,53.753],[21.069,53.7582],[21.067,53.7636],[21.1048,53.7705],[21.0947,53.7834],[21.092,53.7955],[21.1229,53.7991],[21.1071,53.8115],[21.1042,53.8247],[21.083,53.8251],[21.0749,53.8399],[21.0514,53.8667],[21.0759,53.8802],[21.1277,53.9385],[21.109,53.9435],[21.1132,53.9507],[21.1063,53.9603],[21.117,53.9644],[21.117,53.9776],[21.1229,53.9866],[21.1026,53.9997],[21.0864,53.9978],[21.0821,54.0371],[21.0598,54.0358],[21.0547,54.0295],[21.0465,54.0514],[21.0583,54.0542],[21.0371,54.0574],[21.0177,54.0482],[20.9937,54.0288],[20.9463,54.0503],[20.9209,54.0296],[20.8808,54.0414],[20.8676,54.0351],[20.8561,54.039],[20.8441,54.0229],[20.8077,54.029],[20.7926,54.0348],[20.7806,54.074],[20.7511,54.0725],[20.7585,54.0625],[20.7533,54.0574],[20.7412,54.0614],[20.7254,54.0469],[20.7223,54.0274],[20.6683,54.0098],[20.6478,54.0162],[20.6415,53.9994],[20.6048,54.0055],[20.5836,54.007],[20.5813,54.0028],[20.5498,54.0085],[20.5307,54.023],[20.5208,54.0113],[20.5013,54.0089],[20.4952,54.0157],[20.5011,54.0269],[20.4659,54.0309],[20.4598,54.0464],[20.4695,54.0646],[20.4416,54.0683],[20.4391,54.0794],[20.4279,54.0801],[20.4311,54.0882],[20.4143,54.0893],[20.3714,54.1037],[20.3603,54.0988],[20.3555,54.0831],[20.3388,54.0804],[20.3433,54.0689],[20.3557,54.0705],[20.3628,54.0592],[20.3742,54.0588],[20.3757,54.0504],[20.3172,54.043],[20.3199,54.0382],[20.304,54.0268],[20.2755,54.0135],[20.286,54.0066],[20.2704,53.9949],[20.2732,53.9886],[20.2291,53.9829],[20.2158,54.0003],[20.1596,53.9897],[20.161,53.9847],[20.1769,53.9803],[20.2005,53.9609],[20.2087,53.9587],[20.1893,53.9552],[20.1777,53.9622],[20.1447,53.9627],[20.1368,53.9538],[20.1268,53.955],[20.1367,53.9452],[20.1294,53.9383],[20.1136,53.9353],[20.1158,53.9277],[20.1066,53.9139],[20.1089,53.9002],[20.1297,53.8934],[20.1381,53.8865],[20.146,53.8884],[20.1778,53.8822],[20.1731,53.8631],[20.1291,53.8504],[20.1225,53.8362],[20.1325,53.8308],[20.1377,53.8062],[20.1551,53.7906],[20.1822,53.7773],[20.1596,53.7761],[20.1594,53.768],[20.112,53.7663],[20.1177,53.7508],[20.1285,53.7522],[20.1303,53.7423],[20.1674,53.7409],[20.1716,53.7313],[20.1452,53.7328],[20.1355,53.7198],[20.1275,53.7212],[20.1129,53.7127],[20.1104,53.7028],[20.1436,53.7029],[20.1332,53.6667],[20.1492,53.6585],[20.1436,53.6391],[20.1474,53.6343],[20.1302,53.6326],[20.1129,53.6214],[20.1308,53.6056],[20.135,53.5915],[20.1489,53.5822],[20.158,53.567],[20.1656,53.5636],[20.1701,53.5467],[20.1966,53.5396],[20.2084,53.5263],[20.209,53.5166],[20.22,53.5197],[20.2231,53.5271],[20.2396,53.5293],[20.2286,53.5227],[20.236,53.5113],[20.2184,53.5057],[20.2507,53.5067],[20.2724,53.4939],[20.2582,53.4896],[20.2542,53.4822],[20.2333,53.4722],[20.2528,53.4687],[20.2623,53.4605],[20.2905,53.465],[20.2954,53.4537],[20.308,53.461],[20.3501,53.4622],[20.3728,53.4697],[20.3696,53.4833],[20.3572,53.4951],[20.3679,53.4963],[20.377,53.4863],[20.3962,53.4944],[20.3993,53.5012],[20.4114,53.4962],[20.4162,53.5002],[20.4415,53.4957],[20.4692,53.4847],[20.477,53.4945],[20.4651,53.5096],[20.4806,53.5242],[20.5111,53.5307],[20.5208,53.5148],[20.5242,53.5219],[20.5575,53.5216],[20.5987,53.5307]],[[20.3881,53.8091],[20.4028,53.8091],[20.4052,53.8188],[20.4226,53.8194],[20.4358,53.8282],[20.4449,53.8257],[20.457,53.8133],[20.481,53.8285],[20.5113,53.8171],[20.5374,53.8161],[20.5395,53.8102],[20.5587,53.8025],[20.5666,53.7854],[20.5591,53.7828],[20.553,53.7672],[20.5384,53.7699],[20.5288,53.7639],[20.547,53.7474],[20.5236,53.7421],[20.5261,53.7344],[20.4995,53.7319],[20.4753,53.7242],[20.4801,53.7338],[20.4718,53.7339],[20.4599,53.7427],[20.4425,53.7451],[20.4349,53.7553],[20.4262,53.7521],[20.4079,53.7606],[20.3984,53.7777],[20.3773,53.7813],[20.3673,53.7796],[20.3935,53.7945],[20.3834,53.8018],[20.3881,53.8091]]]},"properties":{"code":"2814","name":"powiat olsztyński","country":"PL","level":"district","parent":"28","grodzki":false,"type":"powiat"}},
{"type":"Feature","geometry":{"type":"Polygon","coordinates":[[[17.376,51.1037],[17.3611,51.0966],[17.3389,51.0915],[17.3259,51.0801],[17.3212,51.064],[17.2961,51.0663],[17.2843,51.0561],[17.2699,51.0516],[17.2945,51.04],[17.2803,51.0297],[17.293,51.018],[17.2887,51.0149],[17.2613,51.0306],[17.2514,51.0171],[17.226,51.0112],[17.2163,51.0053],[17.1974,51.0094],[17.1876,50.9994],[17.1677,50.9889],[17.1601,50.9675],[17.1355,50.9649],[17.1383,50.9576],[17.1151,50.9615],[17.1041,50.9498],[17.1076,50.9388],[17.1147,50.9365],[17.1126,50.9217],[17.0801,50.9258],[17.0767,50.9104],[17.0834,50.9037],[17.0692,50.9031],[17.0757,50.8932],[17.0709,50.8871],[17.0865,50.8851],[17.0859,50.8764],[17.0982,50.8721],[17.0998,50.8646],[17.1117,50.8597],[17.1089,50.8516],[17.1252,50.8404],[17.1365,50.8538],[17.1436,50.8506],[17.1515,50.8644],[17.1642,50.8601],[17.1906,50.8599],[17.2002,50.8562],[17.2045,50.877],[17.2264,50.8577],[17.2397,50.8643],[17.2451,50.8478],[17.286,50.8254],[17.2813,50.8175],[17.2967,50.818],[17.3039,50.8235],[17.3185,50.8212],[17.3427,50.8275],[17.3282,50.8506],[17.3467,50.8519],[17.3664,50.8598],[17.3843,50.8621],[17.3851,50.8756],[17.3951,50.8755],[17.3978,50.8892],[17.3525,50.9007],[17.3705,50.9183],[17.3694,50.9257],[17.4026,50.9187],[17.4075,50.9107],[17.4272,50.9106],[17.4301,50.9256],[17.4383,50.9395],[17.4309,50.9459],[17.4314,50.9671],[17.4642,50.9782],[17.4691,50.9719],[17.5016,50.9756],[17.5049,50.9697],[17.5149,50.9797],[17.4907,50.9882],[17.4992,50.9927],[17.5181,50.9872],[17.5384,50.9892],[17.5437,50.9998],[17.5293,51.0024],[17.5144,51.0116],[17.5189,51.0254],[17.5335,51.043],[17.5184,51.0515],[17.5023,51.0579],[17.4582,51.0614],[17.427,51.07],[17.4219,51.0782],[17.4331,51.0877],[17.417,51.0999],[17.3941,51.0983],[17.3914,51.1034],[17.376,51.1037]]]},"properties":{"code":"0215","name":"powiat oławski","country":"PL","level":"district","parent":"02","grodzki":false,"type":"powiat"}},
{"type":"Feature","geometry":{"type":"Polygon","coordinates":[[[21.6302,51.0634],[21.6629,51.0239],[21.6872,51.0196],[21.6829,51.0107],[21.6647,50.9995],[21.6677,50.9902],[21.676,50.9876],[21.6573,50.9854],[21.6387,50.9926],[21.6305,50.9878],[21.6319,50.9793],[21.6128,50.9782],[21.5905,50.9532],[21.6046,50.9427],[21.6156,50.9252],[21.6036,50.9201],[21.6094,50.9163],[21.5981,50.9057],[21.5845,50.9066],[21.5679,50.8897],[21.5767,50.8878],[21.5697,50.872],[21.5729,50.8535],[21.5489,50.8574],[21.5464,50.8512],[21.5317,50.8447],[21.5299,50.838],[21.5096,50.8275],[21.4969,50.8267],[21.482,50.838],[21.4568,50.8486],[21.4738,50.8626],[21.4548,50.8618],[21.4598,50.8755],[21.4385,50.8779],[21.4149,50.885],[21.4043,50.8724],[21.3926,50.8734],[21.4035,50.8862],[21.3685,50.8827],[21.3606,50.8709],[21.3457,50.8692],[21.333,50.8726],[21.321,50.8638],[21.2907,50.8556],[21.272,50.8593],[21.2744,50.8474],[21.2573,50.8443],[21.2581,50.832],[21.2447,50.8285],[21.2327,50.8193],[21.2069,50.8217],[21.1883,50.8263],[21.1329,50.8222],[21.1343,50.8122],[21.1462,50.8115],[21.1359,50.7904],[21.1357,50.7643],[21.1697,50.7497],[21.1588,50.7325],[21.1658,50.7198],[21.1635,50.7137],[21.1373,50.7205],[21.1327,50.704],[21.1458,50.6988],[21.1584,50.7049],[21.1729,50.7012],[21.1822,50.7048],[21.1976,50.7019],[21.1978,50.6925],[21.2076,50.6909],[21.2192,50.6965],[21.2328,50.6912],[21.2562,50.6887],[21.2666,50.6847],[21.2891,50.6988],[21.301,50.6909],[21.3371,50.6869],[21.3502,50.6835],[21.3542,50.6944],[21.378,50.6937],[21.3836,50.6897],[21.3994,50.6988],[21.4067,50.6985],[21.4125,50.7077],[21.4336,50.697],[21.4453,50.6982],[21.4475,50.7069],[21.4654,50.7034],[21.4756,50.7115],[21.4898,50.7054],[21.517,50.6799],[21.5246,50.6906],[21.5419,50.6998],[21.5337,50.7128],[21.5394,50.7241],[21.548,50.7229],[21.5573,50.7314],[21.5664,50.727],[21.5881,50.7339],[21.5809,50.741],[21.5609,50.7506],[21.5518,50.7598],[21.5555,50.7641],[21.5759,50.7696],[21.5952,50.7651],[21.5993,50.782],[21.6227,50.7951],[21.6285,50.7955],[21.6732,50.7812],[21.6779,50.7733],[21.6892,50.7731],[21.7194,50.7809],[21.7232,50.7974],[21.7324,50.8037],[21.7184,50.8071],[21.721,50.8208],[21.7137,50.832],[21.7187,50.8454],[21.7323,50.8388],[21.7333,50.8446],[21.748,50.8454],[21.7699,50.8571],[21.7594,50.8615],[21.7535,50.876],[21.7591,50.879],[21.7989,50.8703],[21.8226,50.8779],[21.8358,50.8783],[21.829,50.896],[21.8307,50.905],[21.8129,50.9345],[21.8129,50.9551],[21.8195,50.9641],[21.8172,50.974],[21.8216,50.9866],[21.8195,51.0092],[21.8033,51.0219],[21.8056,51.0326],[21.821,51.0392],[21.8264,51.047],[21.8216,51.0587],[21.803,51.0721],[21.7851,51.0689],[21.7844,51.0536],[21.7724,51.0488],[21.7776,51.0417],[21.7584,51.0419],[21.759,51.0374],[21.741,51.041],[21.7299,51.0473],[21.7211,51.0418],[21.7052,51.0427],[21.6916,51.0658],[21.6763,51.078],[21.6496,51.0695],[21.6403,51.0763],[21.6237,51.071],[21.6302,51.0634]]]},"properties":{"code":"2606","name":"powiat opatowski","country":"PL","level":"district","parent":"26","grodzki":false,"type":"powiat"}},
{"type":"Feature","geometry":{"type":"Polygon","coordinates":[[[20.4328,51.3394],[20.4219,51.363],[20.4297,51.3694],[20.4284,51.3776],[20.444,51.3942],[20.4467,51.41],[20.4803,51.4097],[20.492,51.4233],[20.4853,51.432],[20.4877,51.441],[20.4977,51.4418],[20.4967,51.4485],[20.5114,51.4506],[20.534,51.4627],[20.5264,51.4684],[20.5199,51.5098],[20.5003,51.5062],[20.4945,51.5003],[20.4656,51.5005],[20.4526,51.5036],[20.4501,51.5181],[20.4608,51.5504],[20.4677,51.5609],[20.4607,51.5744],[20.4414,51.5715],[20.4333,51.5753],[20.4378,51.5823],[20.4296,51.5994],[20.4222,51.6012],[20.4113,51.5983],[20.401,51.5869],[20.3668,51.5764],[20.3518,51.5833],[20.3488,51.5757],[20.3366,51.5835],[20.3256,51.5824],[20.3231,51.5741],[20.3004,51.5528],[20.2918,51.5505],[20.2678,51.5285],[20.252,51.5233],[20.254,51.5151],[20.2633,51.5137],[20.2655,51.5028],[20.2466,51.5063],[20.2275,51.5025],[20.2251,51.4887],[20.21,51.4922],[20.1994,51.4822],[20.185,51.486],[20.1917,51.4631],[20.1465,51.4618],[20.1291,51.4633],[20.1193,51.4518],[20.1017,51.4704],[20.0832,51.465],[20.0782,51.4709],[20.0624,51.4687],[20.0661,51.4565],[20.0536,51.4415],[20.0363,51.4335],[20.0165,51.431],[20.006,51.4351],[19.9707,51.4312],[19.9477,51.4283],[19.928,51.42],[19.9264,51.4242],[19.9032,51.4096],[19.8634,51.4011],[19.8659,51.378],[19.8807,51.3766],[19.892,51.3654],[19.9159,51.3651],[19.9283,51.3526],[19.9432,51.3489],[19.9582,51.3581],[19.9909,51.3562],[19.9828,51.345],[19.9866,51.3338],[20.0102,51.3343],[20.0169,51.3203],[20.0486,51.2938],[20.041,51.2795],[20.0606,51.269],[20.0664,51.2597],[20.0642,51.2473],[20.0491,51.2481],[20.0408,51.2391],[20.0287,51.2446],[20.0156,51.2416],[20.0151,51.2296],[19.9923,51.2206],[20.0009,51.2125],[20.0122,51.21],[20.0132,51.2005],[19.9946,51.1916],[19.9932,51.1844],[19.9938,51.184],[20.0258,51.2004],[20.0535,51.2027],[20.0576,51.1907],[20.0681,51.195],[20.1195,51.1893],[20.1587,51.1938],[20.1581,51.1979],[20.1759,51.1963],[20.1788,51.2071],[20.2012,51.2041],[20.206,51.2],[20.2146,51.2096],[20.2168,51.1993],[20.232,51.2011],[20.2371,51.2081],[20.2517,51.2067],[20.2637,51.2158],[20.2513,51.2216],[20.256,51.2353],[20.243,51.2426],[20.2457,51.2565],[20.2605,51.2588],[20.2601,51.2509],[20.278,51.2443],[20.3101,51.2431],[20.3344,51.2547],[20.354,51.2504],[20.3605,51.2408],[20.3711,51.2366],[20.3797,51.246],[20.3753,51.2618],[20.3857,51.2633],[20.3904,51.2722],[20.382,51.2819],[20.3644,51.3105],[20.3849,51.3188],[20.4144,51.3207],[20.4328,51.3394]]]},"properties":{"code":"1007","name":"powiat opoczyński","country":"PL","level":"district","parent":"10","grodzki":false,"type":"powiat"}},
{"type":"Feature","geometry":{"type":"Polygon","coordinates":[[[17.8583,50.7645],[17.8735,50.7506],[17.8684,50.7458],[17.877,50.7375],[17.8612,50.7426],[17.8596,50.7315],[17.8806,50.7167],[17.8769,50.7086],[17.8537,50.7182],[17.8386,50.7115],[17.8221,50.7134],[17.8032,50.7106],[17.7986,50.6999],[17.7799,50.6905],[17.7838,50.6836],[17.8095,50.6778],[17.841,50.6796],[17.8508,50.6612],[17.8306,50.6558],[17.8437,50.6518],[17.8512,50.6437],[17.896,50.6396],[17.8984,50.6314],[17.9211,50.6288],[17.9357,50.6368],[17.9393,50.6231],[17.9605,50.6205],[17.9538,50.6023],[17.9649,50.5877],[17.9867,50.5897],[17.977,50.6076],[18.0071,50.617],[18.0147,50.622],[18.0327,50.6221],[18.0324,50.6496],[18.0262,50.6573],[18.0016,50.6577],[17.9916,50.6728],[18.0045,50.6724],[18.0186,50.6809],[18.0018,50.6925],[17.9813,50.6822],[17.9583,50.7006],[17.9453,50.7018],[17.9271,50.7133],[17.944,50.7292],[17.9323,50.7296],[17.926,50.7407],[17.9268,50.7504],[17.9436,50.7515],[17.9472,50.7571],[17.927,50.7674],[17.8869,50.7635],[17.8715,50.77],[17.8583,50.7645]]]},"properties":{"code":"1661","name":"powiat Opole","country":"PL","level":"district","parent":"16","grodzki":true,"type":"miasto na prawach powiatu"}},
{"type":"Feature","geometry":{"type":"Polygon","coordinates":[[[21.8172,50.974],[21.8406,50.9819],[21.8752,50.979],[21.9077,50.9661],[21.9161,50.959],[21.9133,50.9524],[21.9297,50.9593],[21.9293,50.9673],[21.9503,50.9604],[21.9609,50.9627],[21.9713,50.9771],[21.9845,50.9847],[21.9709,50.9855],[21.9743,50.9958],[21.9855,51.0011],[21.9959,50.992],[22.0305,50.9841],[22.0349,50.9875],[22.0279,50.9997],[22.0317,51.0095],[22.0199,51.0213],[22.0204,51.0401],[22.0312,51.0517],[22.0397,51.0479],[22.0531,51.0593],[22.064,51.0517],[22.0826,51.0472],[22.0947,51.0497],[22.1388,51.0505],[22.1676,51.0442],[22.1695,51.0484],[22.2171,51.0435],[22.2164,51.0656],[22.2304,51.0763],[22.2356,51.0888],[22.2216,51.0877],[22.2319,51.1078],[22.2286,51.1297],[22.2043,51.128],[22.1759,51.1388],[22.182,51.1545],[22.1554,51.1511],[22.1533,51.1554],[22.125,51.1519],[22.1196,51.1712],[22.1446,51.1739],[22.1657,51.1917],[22.1499,51.1974],[22.1583,51.201],[22.1599,51.2098],[22.1745,51.2145],[22.1631,51.2188],[22.1364,51.215],[22.1293,51.2241],[22.1474,51.2241],[22.1503,51.2297],[22.1294,51.2277],[22.1495,51.2428],[22.171,51.2508],[22.1678,51.2566],[22.1593,51.2521],[22.1424,51.2553],[22.128,51.2623],[22.1314,51.2678],[22.0883,51.2782],[22.0953,51.2882],[22.0874,51.2869],[22.0619,51.2937],[22.0392,51.2802],[22.0126,51.2881],[22.0124,51.2983],[21.9948,51.2967],[21.9799,51.3008],[21.9507,51.2925],[21.9637,51.2766],[21.9521,51.2717],[21.9372,51.2712],[21.9248,51.278],[21.9229,51.2852],[21.8906,51.3087],[21.866,51.2944],[21.8601,51.2747],[21.8223,51.2631],[21.8082,51.2543],[21.8082,51.2453],[21.8166,51.2306],[21.8012,51.2207],[21.7886,51.2017],[21.7833,51.179],[21.7925,51.1801],[21.7859,51.1589],[21.7871,51.1451],[21.7994,51.1348],[21.7905,51.1161],[21.7931,51.0996],[21.803,51.0721],[21.8216,51.0587],[21.8264,51.047],[21.821,51.0392],[21.8056,51.0326],[21.8033,51.0219],[21.8195,51.0092],[21.8216,50.9866],[21.8172,50.974]]]},"properties":{"code":"0612","name":"powiat opolski","country":"PL","level":"district","parent":"06","grodzki":false,"type":"powiat"}},
{"type":"Feature","geometry":{"type":"Polygon","coordinates":[[[17.8138,50.5302],[17.873,50.5017],[17.8838,50.5255],[17.8971,50.5462],[17.9157,50.5475],[17.9393,50.5448],[17.9463,50.5518],[17.952,50.5472],[17.9911,50.547],[17.9971,50.5526],[18.0134,50.5494],[18.0424,50.5623],[18.0488,50.5564],[18.0676,50.555],[18.0952,50.5604],[18.1052,50.5538],[18.118,50.5543],[18.127,50.5583],[18.1289,50.5785],[18.1218,50.5907],[18.1406,50.5906],[18.1579,50.5983],[18.1586,50.6094],[18.1719,50.6119],[18.1797,50.6255],[18.2071,50.6495],[18.2285,50.6447],[18.2431,50.6372],[18.2619,50.637],[18.2788,50.6429],[18.2775,50.6711],[18.2845,50.6741],[18.3114,50.6713],[18.3182,50.6788],[18.3425,50.6957],[18.3432,50.7031],[18.3231,50.7044],[18.2974,50.7294],[18.2848,50.7231],[18.274,50.7229],[18.2515,50.7316],[18.2349,50.7438],[18.2507,50.7478],[18.2496,50.752],[18.2639,50.7606],[18.2574,50.7696],[18.2461,50.7665],[18.2541,50.7811],[18.2284,50.7827],[18.2302,50.7968],[18.2021,50.8046],[18.2055,50.8208],[18.1888,50.8364],[18.166,50.8362],[18.1302,50.8295],[18.1267,50.8162],[18.0993,50.8122],[18.0941,50.827],[18.0991,50.835],[18.0923,50.8478],[18.106,50.8945],[18.1187,50.9042],[18.0937,50.9078],[18.0686,50.9233],[18.0605,50.9399],[18.0124,50.9575],[18.0117,50.9636],[17.9713,50.9682],[17.9638,50.9412],[17.9564,50.9301],[17.9494,50.9053],[17.9051,50.9101],[17.8977,50.8841],[17.8857,50.8743],[17.89,50.8612],[17.9054,50.8605],[17.9044,50.8394],[17.8741,50.8379],[17.8609,50.8462],[17.8606,50.8539],[17.8501,50.8618],[17.8202,50.8665],[17.7915,50.8765],[17.8158,50.8779],[17.8032,50.8956],[17.7842,50.9011],[17.7727,50.9098],[17.7644,50.9042],[17.7471,50.9131],[17.7327,50.907],[17.6988,50.9142],[17.692,50.919],[17.6835,50.9176],[17.6925,50.9017],[17.6868,50.8976],[17.6597,50.8993],[17.6507,50.891],[17.6499,50.8802],[17.6364,50.8777],[17.6434,50.8614],[17.6126,50.867],[17.5927,50.8541],[17.6049,50.849],[17.6036,50.8305],[17.6163,50.823],[17.6428,50.8183],[17.6587,50.8197],[17.6586,50.8127],[17.6708,50.8099],[17.6955,50.7954],[17.7105,50.797],[17.7229,50.7883],[17.7636,50.7774],[17.7526,50.7653],[17.7429,50.7666],[17.7333,50.7571],[17.7394,50.7419],[17.7318,50.7325],[17.745,50.7263],[17.7396,50.7201],[17.7122,50.7219],[17.7059,50.7145],[17.6766,50.7286],[17.6617,50.7091],[17.6645,50.7024],[17.6575,50.6953],[17.6702,50.6903],[17.665,50.6847],[17.6471,50.6861],[17.6448,50.6816],[17.6316,50.6899],[17.6066,50.7108],[17.6129,50.7202],[17.5813,50.7126],[17.5399,50.7206],[17.538,50.7321],[17.5156,50.7288],[17.5042,50.7136],[17.5038,50.6962],[17.4782,50.6451],[17.4787,50.6279],[17.4668,50.6151],[17.4672,50.6004],[17.483,50.6006],[17.4959,50.5911],[17.5089,50.5933],[17.5208,50.5859],[17.5371,50.5846],[17.5441,50.5906],[17.5583,50.5859],[17.5657,50.5961],[17.5812,50.5931],[17.5912,50.5795],[17.5858,50.5729],[17.6076,50.5719],[17.6038,50.5622],[17.6128,50.5562],[17.6255,50.5584],[17.6255,50.568],[17.6437,50.5598],[17.6543,50.5615],[17.6578,50.5521],[17.6925,50.5575],[17.7214,50.5757],[17.7458,50.5602],[17.763,50.5546],[17.8138,50.5302]],[[17.8583,50.7645],[17.8715,50.77],[17.8869,50.7635],[17.927,50.7674],[17.9472,50.7571],[17.9436,50.7515],[17.9268,50.7504],[17.926,50.7407],[17.9323,50.7296],[17.944,50.7292],[17.9271,50.7133],[17.9453,50.7018],[17.9583,50.7006],[17.9813,50.6822],[18.0018,50.6925],[18.0186,50.6809],[18.0045,50.6724],[17.9916,50.6728],[18.0016,50.6577],[18.0262,50.6573],[18.0324,50.6496],[18.0327,50.6221],[18.0147,50.622],[18.0071,50.617],[17.977,50.6076],[17.9867,50.5897],[17.9649,50.5877],[17.9538,50.6023],[17.9605,50.6205],[17.9393,50.6231],[17.9357,50.6368],[17.9211,50.6288],[17.8984,50.6314],[17.896,50.6396],[17.8512,50.6437],[17.8437,50.6518],[17.8306,50.6558],[17.8508,50.6612],[17.841,50.6796],[17.8095,50.6778],[17.7838,50.6836],[17.7799,50.6905],[17.7986,50.6999],[17.8032,50.7106],[17.8221,50.7134],[17.8386,50.7115],[17.8537,50.7182],[17.8769,50.7086],[17.8806,50.7167],[17.8596,50.7315],[17.8612,50.7426],[17.877,50.7375],[17.8684,50.7458],[17.8735,50.7506],[17.8583,50.7645]]]},"properties":{"code":"1609","name":"powiat opolski","country":"PL","level":"district","parent":"16","grodzki":false,"type":"powiat"}},
{"type":"Feature","geometry":{"type":"Polygon","coordinates":[[[21.6019,52.8342],[21.6243,52.8525],[21.624,52.8693],[21.6134,52.8816],[21.5904,52.8921],[21.5973,52.8979],[21.6135,52.8928],[21.6331,52.8979],[21.6524,52.909],[21.6805,52.9084],[21.677,52.9033],[21.7051,52.9083],[21.715,52.8959],[21.7343,52.9045],[21.7907,52.8972],[21.8026,52.9111],[21.8437,52.9157],[21.8649,52.9113],[21.8786,52.9032],[21.8804,52.9146],[21.8469,52.9275],[21.8481,52.9324],[21.8313,52.9395],[21.8837,52.9609],[21.8909,52.967],[21.9033,52.9583],[21.9256,52.949],[21.9542,52.9676],[21.9504,52.9759],[21.9604,52.9798],[21.9605,52.9798],[21.9535,52.9867],[21.9287,52.9858],[21.8932,53.0004],[21.8757,53.0163],[21.8769,53.0217],[21.8933,53.0276],[21.8977,53.0458],[21.9113,53.0388],[21.9407,53.038],[21.9385,53.046],[21.9226,53.0462],[21.925,53.0596],[21.9411,53.0716],[21.9188,53.079],[21.9128,53.0685],[21.8982,53.0607],[21.8726,53.0588],[21.8588,53.0641],[21.8604,53.0717],[21.8433,53.078],[21.8178,53.102],[21.8099,53.1138],[21.7569,53.1134],[21.7361,53.1092],[21.695,53.1377],[21.6932,53.1485],[21.7068,53.1659],[21.6871,53.1772],[21.6811,53.195],[21.6696,53.2083],[21.6891,53.215],[21.6784,53.2157],[21.6633,53.2289],[21.6622,53.2385],[21.6267,53.2662],[21.6583,53.2618],[21.6598,53.2778],[21.6451,53.2835],[21.657,53.2994],[21.6594,53.3165],[21.6662,53.3111],[21.6775,53.3125],[21.6808,53.3058],[21.7005,53.3132],[21.7128,53.3046],[21.7354,53.3127],[21.7093,53.3197],[21.7019,53.3269],[21.6889,53.3272],[21.6928,53.3358],[21.6845,53.3373],[21.6697,53.3299],[21.6523,53.3313],[21.6537,53.3362],[21.6694,53.3361],[21.6542,53.3495],[21.6609,53.3556],[21.6813,53.3626],[21.684,53.3681],[21.6544,53.3722],[21.6617,53.378],[21.6524,53.3972],[21.6267,53.4073],[21.6292,53.4138],[21.6211,53.4222],[21.625,53.4285],[21.6073,53.4357],[21.6089,53.4499],[21.6036,53.4534],[21.6058,53.4763],[21.613,53.4808],[21.5659,53.4809],[21.5517,53.4781],[21.5179,53.477],[21.4347,53.4632],[21.4459,53.4459],[21.4263,53.4489],[21.4383,53.4403],[21.4236,53.4297],[21.4022,53.4276],[21.3877,53.4308],[21.3691,53.4206],[21.355,53.4202],[21.3516,53.4143],[21.3393,53.4195],[21.3026,53.4239],[21.2918,53.4088],[21.2815,53.4268],[21.2497,53.4196],[21.2137,53.4067],[21.1966,53.3979],[21.1758,53.3936],[21.1413,53.3773],[21.1361,53.3655],[21.1144,53.3544],[21.0917,53.3497],[21.0818,53.3438],[21.0539,53.3343],[21.0643,53.3264],[21.0896,53.3208],[21.0872,53.3152],[21.1171,53.3061],[21.1412,53.3068],[21.1625,53.293],[21.1797,53.2891],[21.186,53.2802],[21.2021,53.2781],[21.1877,53.2636],[21.1684,53.2609],[21.1669,53.2533],[21.1554,53.2576],[21.1511,53.2499],[21.1666,53.2431],[21.1557,53.2379],[21.1685,53.2296],[21.1635,53.217],[21.1736,53.209],[21.1606,53.2058],[21.1768,53.1952],[21.1592,53.1953],[21.1554,53.1896],[21.1817,53.184],[21.1787,53.1811],[21.1528,53.1797],[21.1468,53.174],[21.16,53.1663],[21.1549,53.159],[21.1932,53.1509],[21.2143,53.1332],[21.1817,53.1146],[21.1989,53.1109],[21.2182,53.1022],[21.2519,53.0773],[21.2479,53.0862],[21.2593,53.0931],[21.2759,53.083],[21.2979,53.0798],[21.2971,53.0707],[21.3181,53.0661],[21.3368,53.0428],[21.3483,53.0454],[21.37,53.0573],[21.368,53.0474],[21.3733,53.0325],[21.4042,53.0215],[21.417,53.0132],[21.4319,53.0105],[21.4362,53.0018],[21.4632,52.9998],[21.4789,52.9954],[21.4761,52.9913],[21.4973,52.9847],[21.4896,52.9679],[21.4689,52.9627],[21.4711,52.9486],[21.4427,52.9373],[21.4473,52.9299],[21.4648,52.9193],[21.4566,52.9024],[21.4481,52.9047],[21.4273,52.8789],[21.434,52.8831],[21.437,52.8697],[21.4197,52.871],[21.4284,52.8612],[21.4432,52.8542],[21.4374,52.8471],[21.451,52.8376],[21.4678,52.8192],[21.4752,52.8153],[21.4792,52.8014],[21.4939,52.7984],[21.5143,52.8116],[21.5232,52.8071],[21.5475,52.8074],[21.5509,52.8118],[21.5713,52.8149],[21.5723,52.8044],[21.5976,52.8084],[21.6019,52.8342]],[[21.5389,53.0881],[21.5506,53.0931],[21.5505,53.1063],[21.5586,53.0993],[21.5667,53.1033],[21.5777,53.0994],[21.6033,53.1047],[21.6039,53.1106],[21.6204,53.112],[21.6318,53.1053],[21.6472,53.11],[21.666,53.0927],[21.6276,53.084],[21.6155,53.086],[21.6054,53.071],[21.6201,53.0634],[21.6258,53.0653],[21.6318,53.0542],[21.6233,53.0565],[21.6068,53.0434],[21.5904,53.0491],[21.5696,53.0613],[21.5547,53.0636],[21.5509,53.0704],[21.5443,53.0639],[21.5369,53.0699],[21.5465,53.0851],[21.5389,53.0881]]]},"properties":{"code":"1415","name":"powiat ostrołęcki","country":"PL","level":"district","parent":"14","grodzki":false,"type":"powiat"}},
{"type":"Feature","geometry":{"type":"Polygon","coordinates":[[[21.5389,53.0881],[21.5465,53.0851],[21.5369,53.0699],[21.5443,53.0639],[21.5509,53.0704],[21.5547,53.0636],[21.5696,53.0613],[21.5904,53.0491],[21.6068,53.0434],[21.6233,53.0565],[21.6318,53.0542],[21.6258,53.0653],[21.6201,53.0634],[21.6054,53.071],[21.6155,53.086],[21.6276,53.084],[21.666,53.0927],[21.6472,53.11],[21.6318,53.1053],[21.6204,53.112],[21.6039,53.1106],[21.6033,53.1047],[21.5777,53.0994],[21.5667,53.1033],[21.5586,53.0993],[21.5505,53.1063],[21.5506,53.0931],[21.5389,53.0881]]]},"properties":{"code":"1461","name":"powiat Ostrołęka","country":"PL","level":"district","parent":"14","grodzki":true,"type":"miasto na prawach powiatu"}},
{"type":"Feature","geometry":{"type":"Polygon","coordinates":[[[21.1329,50.8222],[21.1883,50.8263],[21.2069,50.8217],[21.2327,50.8193],[21.2447,50.8285],[21.2581,50.832],[21.2573,50.8443],[21.2744,50.8474],[21.272,50.8593],[21.2907,50.8556],[21.321,50.8638],[21.333,50.8726],[21.3457,50.8692],[21.3606,50.8709],[21.3685,50.8827],[21.4035,50.8862],[21.3926,50.8734],[21.4043,50.8724],[21.4149,50.885],[21.4385,50.8779],[21.4598,50.8755],[21.4548,50.8618],[21.4738,50.8626],[21.4568,50.8486],[21.482,50.838],[21.4969,50.8267],[21.5096,50.8275],[21.5299,50.838],[21.5317,50.8447],[21.5464,50.8512],[21.5489,50.8574],[21.5729,50.8535],[21.5697,50.872],[21.5767,50.8878],[21.5679,50.8897],[21.5845,50.9066],[21.5981,50.9057],[21.6094,50.9163],[21.6036,50.9201],[21.6156,50.9252],[21.6046,50.9427],[21.5905,50.9532],[21.6128,50.9782],[21.6319,50.9793],[21.6305,50.9878],[21.6387,50.9926],[21.6573,50.9854],[21.676,50.9876],[21.6677,50.9902],[21.6647,50.9995],[21.6829,51.0107],[21.6872,51.0196],[21.6629,51.0239],[21.6302,51.0634],[21.6191,51.0597],[21.6141,51.0653],[21.5901,51.0578],[21.5818,51.0607],[21.5605,51.0555],[21.5446,51.0478],[21.5421,51.057],[21.5291,51.059],[21.513,51.0561],[21.4996,51.0451],[21.5169,51.0365],[21.4899,51.0397],[21.4861,51.0357],[21.5046,51.0317],[21.4859,51.0238],[21.4948,51.0214],[21.4636,51.0131],[21.4313,51.0295],[21.4025,51.0327],[21.4048,51.0354],[21.3825,51.0405],[21.3823,51.0368],[21.3255,51.0361],[21.294,51.0114],[21.2854,50.9876],[21.2728,50.9831],[21.2584,50.9974],[21.2496,50.9903],[21.2383,50.9967],[21.2252,50.9938],[21.2212,51.0021],[21.206,50.9992],[21.1992,50.9876],[21.2079,50.9799],[21.1962,50.9705],[21.1991,50.9612],[21.1924,50.9519],[21.2007,50.9466],[21.1844,50.9438],[21.1827,50.9377],[21.1638,50.9366],[21.1671,50.9166],[21.1581,50.9079],[21.173,50.9],[21.1673,50.8914],[21.1378,50.8888],[21.1362,50.8607],[21.1415,50.8457],[21.1279,50.8342],[21.1329,50.8222]]]},"properties":{"code":"2607","name":"powiat ostrowiecki","country":"PL","level":"district","parent":"26","grodzki":false,"type":"powiat"}},
{"type":"Feature","geometry":{"type":"Polygon","coordinates":[[[17.75,51.4113],[17.7494,51.4276],[17.7662,51.4451],[17.8005,51.455],[17.7845,51.4656],[17.7537,51.4634],[17.7416,51.4779],[17.7643,51.4946],[17.7738,51.49],[17.7836,51.4961],[17.8233,51.4811],[17.8375,51.4792],[17.8257,51.4963],[17.8334,51.503],[17.8472,51.496],[17.8502,51.4867],[17.8731,51.5077],[17.8748,51.518],[17.8899,51.5256],[17.9003,51.5377],[17.9288,51.5462],[17.9483,51.569],[17.982,51.5632],[17.992,51.5794],[18.0045,51.5785],[17.9967,51.569],[18.0213,51.5699],[18.0129,51.5581],[18.0235,51.5568],[18.0446,51.5645],[18.0607,51.558],[18.0683,51.5472],[18.0812,51.5486],[18.0789,51.5407],[18.1042,51.545],[18.1167,51.5439],[18.131,51.5336],[18.1364,51.5243],[18.1508,51.5373],[18.1752,51.5392],[18.1773,51.5457],[18.1884,51.5495],[18.1843,51.569],[18.1773,51.5801],[18.1574,51.5873],[18.1323,51.5918],[18.1089,51.5998],[18.0934,51.6105],[18.0875,51.6284],[18.0816,51.6274],[18.0747,51.6376],[18.0794,51.6542],[18.1114,51.6667],[18.1122,51.6776],[18.1224,51.6926],[18.0806,51.6909],[18.0874,51.7062],[18.0634,51.7015],[18.0516,51.7117],[18.0338,51.7097],[18.0167,51.7152],[18.0134,51.712],[17.9979,51.7176],[18.018,51.7331],[17.995,51.7411],[18.0061,51.7487],[18.0096,51.7597],[17.9865,51.7634],[17.9903,51.7783],[17.9678,51.7848],[17.9496,51.7861],[17.9315,51.7785],[17.9012,51.7846],[17.8738,51.7857],[17.8745,51.7897],[17.8524,51.7947],[17.8171,51.7988],[17.7767,51.7904],[17.7497,51.7898],[17.748,51.797],[17.7352,51.8061],[17.731,51.8161],[17.6968,51.8148],[17.6926,51.8107],[17.6464,51.8045],[17.6467,51.7956],[17.6453,51.7903],[17.6612,51.7843],[17.6683,51.7763],[17.6819,51.7747],[17.6891,51.7601],[17.712,51.7568],[17.7072,51.7446],[17.693,51.743],[17.6945,51.7356],[17.6793,51.7385],[17.6608,51.7363],[17.6576,51.7287],[17.6614,51.715],[17.6277,51.7032],[17.6324,51.6967],[17.6193,51.6981],[17.6044,51.6747],[17.5633,51.6717],[17.5477,51.6644],[17.5527,51.6506],[17.5612,51.6497],[17.5496,51.6232],[17.5666,51.622],[17.5698,51.6278],[17.5826,51.6297],[17.5888,51.6198],[17.578,51.6137],[17.5714,51.59],[17.5563,51.5843],[17.5601,51.5704],[17.5724,51.5668],[17.5763,51.5396],[17.5727,51.5299],[17.5623,51.5217],[17.5352,51.5138],[17.5146,51.511],[17.514,51.5015],[17.5264,51.4999],[17.5182,51.4918],[17.5233,51.4849],[17.52,51.476],[17.529,51.4698],[17.5207,51.4623],[17.527,51.4572],[17.5482,51.4429],[17.5519,51.4352],[17.5406,51.4213],[17.5543,51.4105],[17.5706,51.4051],[17.5896,51.4099],[17.6039,51.4094],[17.6129,51.423],[17.6251,51.4191],[17.6408,51.4234],[17.6611,51.41],[17.6686,51.416],[17.7031,51.3995],[17.7196,51.405],[17.7141,51.4185],[17.7234,51.4224],[17.738,51.4191],[17.75,51.4113]]]},"properties":{"code":"3017","name":"powiat ostrowski","country":"PL","level":"district","parent":"30","grodzki":false,"type":"powiat"}},
{"type":"Feature","geometry":{"type":"Polygon","coordinates":[[[22.2932,52.8711],[22.2794,52.8861],[22.2509,52.8764],[22.2194,52.8845],[22.2072,52.883],[22.2097,52.8545],[22.1741,52.8581],[22.1498,52.8466],[22.1424,52.8513],[22.1242,52.8427],[22.1131,52.849],[22.1014,52.862],[22.084,52.8418],[22.0594,52.8501],[22.0379,52.8511],[22.0394,52.8603],[22.0272,52.8647],[22.0386,52.8822],[22.0252,52.8859],[22.0039,52.8779],[22.0079,52.9062],[21.9944,52.9111],[21.9917,52.9197],[22.0125,52.9239],[22.0112,52.9276],[22.0288,52.9385],[22.0113,52.9418],[22.016,52.9499],[22.0046,52.9571],[21.9884,52.9574],[21.9992,52.9621],[22.0018,52.9723],[21.9761,52.9788],[21.9605,52.9798],[21.9604,52.9798],[21.9504,52.9759],[21.9542,52.9676],[21.9256,52.949],[21.9033,52.9583],[21.8909,52.967],[21.8837,52.9609],[21.8313,52.9395],[21.8481,52.9324],[21.8469,52.9275],[21.8804,52.9146],[21.8786,52.9032],[21.8649,52.9113],[21.8437,52.9157],[21.8026,52.9111],[21.7907,52.8972],[21.7343,52.9045],[21.715,52.8959],[21.7051,52.9083],[21.677,52.9033],[21.6805,52.9084],[21.6524,52.909],[21.6331,52.8979],[21.6135,52.8928],[21.5973,52.8979],[21.5904,52.8921],[21.6134,52.8816],[21.624,52.8693],[21.6243,52.8525],[21.6019,52.8342],[21.618,52.8363],[21.6303,52.8315],[21.6309,52.8218],[21.6511,52.8167],[21.6509,52.8086],[21.6756,52.8084],[21.676,52.7956],[21.7045,52.7962],[21.7037,52.791],[21.7179,52.7829],[21.7126,52.7768],[21.6899,52.78],[21.7004,52.7687],[21.7006,52.7558],[21.7071,52.7479],[21.6941,52.748],[21.6973,52.7323],[21.6561,52.7356],[21.6511,52.7275],[21.6599,52.6987],[21.6812,52.6982],[21.6772,52.7094],[21.6916,52.6992],[21.7058,52.7005],[21.7222,52.6802],[21.7042,52.6792],[21.693,52.671],[21.6993,52.6594],[21.7128,52.6618],[21.7178,52.6705],[21.7524,52.6692],[21.7625,52.6734],[21.773,52.6649],[21.7928,52.6752],[21.8034,52.6707],[21.8205,52.6846],[21.8415,52.6932],[21.8666,52.6989],[21.8796,52.6932],[21.8958,52.703],[21.9054,52.6946],[21.9217,52.6879],[21.92,52.6699],[21.912,52.6576],[21.931,52.6577],[21.9283,52.6427],[21.944,52.6509],[21.9574,52.6481],[21.9995,52.647],[22.0026,52.6305],[21.9998,52.6219],[22.0351,52.6216],[22.0489,52.6339],[22.0444,52.6463],[22.0537,52.6613],[22.043,52.6762],[22.0637,52.6789],[22.0702,52.6835],[22.1032,52.693],[22.1127,52.6922],[22.1621,52.7007],[22.1672,52.6923],[22.1803,52.6984],[22.2203,52.6959],[22.228,52.6861],[22.2497,52.6829],[22.27,52.6757],[22.2783,52.6693],[22.3085,52.668],[22.3495,52.6562],[22.3739,52.6348],[22.371,52.6242],[22.3848,52.6225],[22.3939,52.6129],[22.4086,52.6097],[22.4513,52.6247],[22.4495,52.64],[22.4629,52.6393],[22.4623,52.6454],[22.4736,52.6462],[22.4501,52.6543],[22.4425,52.6649],[22.4447,52.6821],[22.4351,52.6962],[22.4469,52.7267],[22.4442,52.7418],[22.4501,52.7497],[22.4552,52.7684],[22.4607,52.7707],[22.4537,52.7882],[22.44,52.7914],[22.3897,52.7955],[22.3788,52.7944],[22.3875,52.7855],[22.3826,52.7776],[22.3547,52.7754],[22.3446,52.7778],[22.341,52.7648],[22.3469,52.7574],[22.3374,52.7542],[22.3344,52.7405],[22.3237,52.7483],[22.3037,52.748],[22.2999,52.7542],[22.3037,52.7695],[22.3013,52.7832],[22.2842,52.778],[22.2624,52.8154],[22.2425,52.8328],[22.2625,52.8365],[22.2612,52.8442],[22.2752,52.8413],[22.2747,52.8318],[22.3051,52.8393],[22.3074,52.8577],[22.2869,52.8536],[22.2783,52.8481],[22.2846,52.8643],[22.2932,52.8711]]]},"properties":{"code":"1416","name":"powiat ostrowski","country":"PL","level":"district","parent":"14","grodzki":false,"type":"powiat"}},
{"type":"Feature","geometry":{"type":"Polygon","coordinates":[[[20.161,53.9847],[20.1523,54.0017],[20.143,54.0107],[20.1455,54.0282],[20.1568,54.0365],[20.1403,54.0346],[20.1372,54.0478],[20.1242,54.0478],[20.1058,54.0605],[20.1001,54.0705],[20.0833,54.0799],[20.0737,54.0759],[20.0582,54.0769],[20.0486,54.0719],[20.0422,54.0467],[20.0307,54.0446],[20.0205,54.033],[20.0036,54.0338],[19.995,54.0388],[19.9783,54.0395],[19.9826,54.0197],[19.9697,54.0179],[19.9314,54.0327],[19.9017,54.0372],[19.8847,54.0349],[19.8746,54.0158],[19.8646,54.0167],[19.8202,54.0114],[19.8069,54.0071],[19.7986,53.9919],[19.8213,53.9844],[19.8091,53.9779],[19.7908,53.9847],[19.773,53.9766],[19.7719,53.9641],[19.7623,53.9729],[19.7402,53.9695],[19.7264,53.9639],[19.7064,53.9663],[19.698,53.9526],[19.6876,53.9504],[19.6804,53.9413],[19.6505,53.9518],[19.6349,53.9476],[19.6334,53.9522],[19.6081,53.9635],[19.6085,53.9548],[19.5999,53.9501],[19.5835,53.9544],[19.576,53.9483],[19.5821,53.9395],[19.5813,53.9271],[19.556,53.9258],[19.5603,53.9167],[19.5734,53.9148],[19.5711,53.9089],[19.5956,53.9086],[19.5856,53.9049],[19.5849,53.8931],[19.6004,53.888],[19.6333,53.8938],[19.6325,53.8877],[19.6478,53.8747],[19.6732,53.888],[19.6869,53.8773],[19.7002,53.8769],[19.7127,53.8657],[19.7091,53.8556],[19.7263,53.8338],[19.7394,53.8322],[19.7454,53.8138],[19.7648,53.8096],[19.7619,53.801],[19.7455,53.7949],[19.7511,53.7785],[19.7584,53.7729],[19.7409,53.7739],[19.7356,53.7603],[19.7193,53.7498],[19.7306,53.7281],[19.7017,53.7191],[19.7001,53.7108],[19.709,53.7073],[19.7039,53.7002],[19.7414,53.6922],[19.745,53.6818],[19.7585,53.6834],[19.7654,53.6771],[19.7895,53.6868],[19.8045,53.6818],[19.808,53.6707],[19.7918,53.6617],[19.7594,53.6293],[19.7385,53.6172],[19.7858,53.6039],[19.8109,53.6011],[19.8164,53.5896],[19.8121,53.5834],[19.8409,53.5702],[19.853,53.5697],[19.8823,53.56],[19.8886,53.5441],[19.8762,53.5383],[19.8865,53.524],[19.902,53.5156],[19.8959,53.4842],[19.9188,53.4761],[19.948,53.4384],[19.9541,53.4316],[19.9773,53.4345],[19.9717,53.4256],[19.9786,53.4145],[19.993,53.4059],[19.9848,53.4004],[19.989,53.3894],[20.0003,53.4032],[20.0265,53.3943],[20.0211,53.3891],[20.0314,53.3853],[20.043,53.3956],[20.0619,53.3925],[20.092,53.3785],[20.1117,53.4149],[20.0966,53.4183],[20.0868,53.4253],[20.0954,53.4356],[20.1346,53.4241],[20.1602,53.4103],[20.2011,53.3952],[20.2103,53.4064],[20.2288,53.412],[20.2289,53.4175],[20.1919,53.4346],[20.1862,53.44],[20.1984,53.4432],[20.1869,53.4584],[20.2255,53.4755],[20.2333,53.4722],[20.2542,53.4822],[20.2582,53.4896],[20.2724,53.4939],[20.2507,53.5067],[20.2184,53.5057],[20.236,53.5113],[20.2286,53.5227],[20.2396,53.5293],[20.2231,53.5271],[20.22,53.5197],[20.209,53.5166],[20.2084,53.5263],[20.1966,53.5396],[20.1701,53.5467],[20.1656,53.5636],[20.158,53.567],[20.1489,53.5822],[20.135,53.5915],[20.1308,53.6056],[20.1129,53.6214],[20.1302,53.6326],[20.1474,53.6343],[20.1436,53.6391],[20.1492,53.6585],[20.1332,53.6667],[20.1436,53.7029],[20.1104,53.7028],[20.1129,53.7127],[20.1275,53.7212],[20.1355,53.7198],[20.1452,53.7328],[20.1716,53.7313],[20.1674,53.7409],[20.1303,53.7423],[20.1285,53.7522],[20.1177,53.7508],[20.112,53.7663],[20.1594,53.768],[20.1596,53.7761],[20.1822,53.7773],[20.1551,53.7906],[20.1377,53.8062],[20.1325,53.8308],[20.1225,53.8362],[20.1291,53.8504],[20.1731,53.8631],[20.1778,53.8822],[20.146,53.8884],[20.1381,53.8865],[20.1297,53.8934],[20.1089,53.9002],[20.1066,53.9139],[20.1158,53.9277],[20.1136,53.9353],[20.1294,53.9383],[20.1367,53.9452],[20.1268,53.955],[20.1368,53.9538],[20.1447,53.9627],[20.1777,53.9622],[20.1893,53.9552],[20.2087,53.9587],[20.2005,53.9609],[20.1769,53.9803],[20.161,53.9847]]]},"properties":{"code":"2815","name":"powiat ostródzki","country":"PL","level":"district","parent":"28","grodzki":false,"type":"powiat"}},
{"type":"Feature","geometry":{"type":"Polygon","coordinates":[[[18.3263,51.4198],[18.3405,51.4302],[18.3407,51.441],[18.3514,51.4497],[18.3601,51.4682],[18.3828,51.4773],[18.3801,51.5182],[18.3606,51.5314],[18.3586,51.5364],[18.3187,51.5462],[18.2929,51.5474],[18.2739,51.5444],[18.2592,51.5469],[18.2298,51.5356],[18.2044,51.5329],[18.1773,51.5457],[18.1752,51.5392],[18.1508,51.5373],[18.1364,51.5243],[18.131,51.5336],[18.1167,51.5439],[18.1042,51.545],[18.0789,51.5407],[18.0812,51.5486],[18.0683,51.5472],[18.0607,51.558],[18.0446,51.5645],[18.0235,51.5568],[18.0129,51.5581],[18.0213,51.5699],[17.9967,51.569],[18.0045,51.5785],[17.992,51.5794],[17.982,51.5632],[17.9483,51.569],[17.9288,51.5462],[17.9003,51.5377],[17.8899,51.5256],[17.8748,51.518],[17.8731,51.5077],[17.8502,51.4867],[17.8472,51.496],[17.8334,51.503],[17.8257,51.4963],[17.8375,51.4792],[17.8233,51.4811],[17.7836,51.4961],[17.7738,51.49],[17.7643,51.4946],[17.7416,51.4779],[17.7537,51.4634],[17.7845,51.4656],[17.8005,51.455],[17.7662,51.4451],[17.7494,51.4276],[17.75,51.4113],[17.7522,51.3985],[17.737,51.3999],[17.7291,51.3957],[17.7304,51.3864],[17.7199,51.3861],[17.7148,51.3712],[17.706,51.3716],[17.7098,51.3589],[17.7231,51.3594],[17.7396,51.3429],[17.7439,51.3288],[17.7626,51.3201],[17.7605,51.3097],[17.7733,51.3053],[17.805,51.3033],[17.8035,51.2931],[17.8244,51.294],[17.8343,51.3028],[17.8252,51.3086],[17.8274,51.3193],[17.8465,51.3253],[17.8346,51.3307],[17.8576,51.3383],[17.8694,51.3375],[17.878,51.3514],[17.8872,51.3471],[17.9055,51.3494],[17.9229,51.3658],[17.9395,51.3462],[17.96,51.3387],[17.9688,51.3492],[17.9806,51.3551],[17.9941,51.3458],[18.0045,51.3531],[18.0037,51.3651],[18.0476,51.3934],[18.0609,51.3893],[18.0565,51.3838],[18.0689,51.3787],[18.0832,51.3836],[18.0986,51.362],[18.1266,51.3576],[18.1351,51.3608],[18.1379,51.3781],[18.1388,51.3792],[18.1379,51.3781],[18.1388,51.3792],[18.1492,51.3915],[18.1929,51.3876],[18.2076,51.404],[18.2039,51.4168],[18.2114,51.4235],[18.2063,51.4328],[18.1882,51.4412],[18.2149,51.4474],[18.2127,51.4543],[18.2279,51.4519],[18.2553,51.4388],[18.296,51.4295],[18.3263,51.4198]]]},"properties":{"code":"3018","name":"powiat ostrzeszowski","country":"PL","level":"district","parent":"30","grodzki":false,"type":"powiat"}},
{"type":"Feature","geometry":{"type":"Polygon","coordinates":[[[19.29,49.8506],[19.3157,49.8692],[19.3161,49.884],[19.2984,49.8938],[19.3089,49.9125],[19.3309,49.9228],[19.3565,49.9204],[19.3576,49.9383],[19.354,49.945],[19.3645,49.9476],[19.3809,49.9585],[19.4123,49.9642],[19.4213,49.9502],[19.452,49.9366],[19.4669,49.9411],[19.4644,49.9569],[19.471,49.9702],[19.4701,49.9881],[19.4831,50.0201],[19.5103,50.0257],[19.5025,50.036],[19.4923,50.0274],[19.4722,50.0314],[19.4731,50.0381],[19.4631,50.0394],[19.4564,50.0301],[19.4436,50.0332],[19.4315,50.0245],[19.4268,50.0351],[19.415,50.0275],[19.4007,50.0265],[19.3944,50.0381],[19.3794,50.0357],[19.3688,50.0464],[19.3596,50.0426],[19.3495,50.053],[19.3346,50.0465],[19.3288,50.0532],[19.3105,50.0466],[19.3,50.0559],[19.2925,50.056],[19.2766,50.0473],[19.2729,50.0526],[19.2816,50.0649],[19.2898,50.0636],[19.2817,50.0771],[19.2904,50.0781],[19.2793,50.0891],[19.2863,50.0956],[19.263,50.1071],[19.2592,50.1169],[19.2538,50.1342],[19.2229,50.0948],[19.2232,50.0881],[19.2133,50.0741],[19.2296,50.0712],[19.2167,50.0616],[19.1959,50.0652],[19.1779,50.0572],[19.1693,50.0604],[19.1536,50.053],[19.1445,50.0394],[19.1362,50.0332],[19.1429,50.0284],[19.1363,50.0191],[19.119,50.0092],[19.1199,49.9922],[19.1111,49.9718],[19.1201,49.9729],[19.12,49.9607],[19.0932,49.9567],[19.0833,49.9508],[19.0981,49.9522],[19.1186,49.9389],[19.1616,49.9396],[19.1616,49.9435],[19.1849,49.95],[19.1873,49.939],[19.1827,49.9324],[19.1865,49.9192],[19.1945,49.9133],[19.1945,49.886],[19.1729,49.8799],[19.1571,49.8651],[19.1709,49.853],[19.1969,49.8604],[19.1933,49.8681],[19.2026,49.8716],[19.2212,49.8687],[19.2207,49.863],[19.2371,49.8648],[19.2709,49.8607],[19.29,49.8506]]]},"properties":{"code":"1213","name":"powiat oświęcimski","country":"PL","level":"district","parent":"12","grodzki":false,"type":"powiat"}},
{"type":"Feature","geometry":{"type":"Polygon","coordinates":[[[21.2391,51.9016],[21.2451,51.8955],[21.2675,51.8845],[21.2758,51.8768],[21.2905,51.8697],[21.3106,51.8814],[21.2948,51.8895],[21.3102,51.8979],[21.3158,51.907],[21.3376,51.8951],[21.4003,51.9007],[21.4087,51.894],[21.4201,51.9043],[21.4491,51.9122],[21.4706,51.9107],[21.4914,51.9019],[21.4933,51.913],[21.4827,51.9119],[21.4736,51.9183],[21.4779,51.9266],[21.465,51.9257],[21.4468,51.9309],[21.444,51.9355],[21.4612,51.9378],[21.4629,51.9472],[21.4814,51.9477],[21.4869,51.9546],[21.4755,51.9629],[21.469,51.9788],[21.4785,51.9824],[21.5137,51.9836],[21.5086,51.9957],[21.5207,51.9983],[21.5195,52.0066],[21.5291,52.0109],[21.5314,52.0216],[21.5634,52.0257],[21.5777,52.0332],[21.5752,52.0521],[21.5794,52.068],[21.5638,52.0661],[21.5479,52.0875],[21.5286,52.0836],[21.5236,52.0906],[21.5133,52.0913],[21.5242,52.0997],[21.5351,52.1007],[21.5244,52.1166],[21.5028,52.1152],[21.5004,52.1222],[21.478,52.1208],[21.4811,52.1351],[21.4761,52.1404],[21.457,52.1464],[21.4426,52.1414],[21.4399,52.155],[21.4303,52.1572],[21.4355,52.1632],[21.4181,52.1697],[21.4031,52.1655],[21.3954,52.1567],[21.3722,52.1664],[21.3838,52.1773],[21.396,52.1811],[21.3966,52.1883],[21.373,52.1905],[21.3707,52.1995],[21.358,52.2044],[21.353,52.212],[21.3483,52.2048],[21.3395,52.2105],[21.3236,52.2127],[21.314,52.2093],[21.2924,52.2114],[21.2889,52.222],[21.2505,52.2226],[21.2617,52.2101],[21.2491,52.207],[21.2402,52.1959],[21.2654,52.186],[21.2598,52.1826],[21.2699,52.1741],[21.254,52.1574],[21.2625,52.1531],[21.2557,52.1472],[21.2347,52.1589],[21.2136,52.152],[21.1759,52.1485],[21.165,52.1447],[21.1901,52.1187],[21.2075,52.1037],[21.2167,52.0831],[21.2074,52.0725],[21.2063,52.0591],[21.2223,52.0446],[21.2262,52.035],[21.2217,52.0042],[21.2296,51.9936],[21.2609,51.979],[21.2794,51.9635],[21.2795,51.9518],[21.2673,51.9372],[21.2446,51.9223],[21.2359,51.9078],[21.2391,51.9016]]]},"properties":{"code":"1417","name":"powiat otwocki","country":"PL","level":"district","parent":"14","grodzki":false,"type":"powiat"}},
{"type":"Feature","geometry":{"type":"Polygon","coordinates":[[[19.4143,51.5254],[19.4166,51.5368],[19.4297,51.5342],[19.436,51.5249],[19.459,51.5315],[19.4584,51.5427],[19.4683,51.5426],[19.4761,51.5674],[19.4523,51.5778],[19.4615,51.5807],[19.4668,51.603],[19.4429,51.604],[19.4563,51.6174],[19.4278,51.6236],[19.4189,51.6313],[19.4354,51.6465],[19.4369,51.6735],[19.4318,51.6866],[19.4205,51.687],[19.4186,51.6932],[19.4003,51.6935],[19.3594,51.6992],[19.3419,51.7177],[19.3454,51.729],[19.3387,51.7387],[19.3717,51.7421],[19.3746,51.7558],[19.3525,51.7598],[19.3535,51.7638],[19.3376,51.7673],[19.3425,51.7794],[19.3373,51.7841],[19.3245,51.7777],[19.3099,51.7796],[19.2974,51.7712],[19.279,51.7765],[19.2401,51.7966],[19.2189,51.7983],[19.2007,51.7944],[19.2005,51.8036],[19.1618,51.8125],[19.1504,51.8226],[19.1386,51.8251],[19.1082,51.8229],[19.1042,51.8191],[19.0887,51.8222],[19.0847,51.8302],[19.0626,51.8238],[19.0352,51.8289],[19.0236,51.8243],[19.0072,51.8266],[18.9989,51.8199],[19.027,51.7908],[19.0427,51.7878],[19.056,51.7781],[19.0827,51.7736],[19.099,51.7636],[19.1174,51.7637],[19.1421,51.76],[19.1504,51.7548],[19.1591,51.7394],[19.1804,51.7277],[19.1852,51.7078],[19.2055,51.7129],[19.2181,51.708],[19.2251,51.6999],[19.2085,51.6997],[19.2067,51.7067],[19.1866,51.7021],[19.1979,51.6963],[19.1974,51.6877],[19.208,51.6694],[19.1796,51.6571],[19.1753,51.6486],[19.1629,51.6475],[19.1478,51.6264],[19.1902,51.6263],[19.213,51.6155],[19.2191,51.607],[19.1965,51.6037],[19.2046,51.5843],[19.1871,51.5808],[19.1607,51.5811],[19.178,51.5745],[19.2167,51.5754],[19.2264,51.5793],[19.2501,51.5744],[19.2734,51.5552],[19.2797,51.5534],[19.289,51.5321],[19.2977,51.5283],[19.329,51.5223],[19.35,51.5238],[19.383,51.5295],[19.4143,51.5254]]]},"properties":{"code":"1008","name":"powiat pabianicki","country":"PL","level":"district","parent":"10","grodzki":false,"type":"powiat"}},
{"type":"Feature","geometry":{"type":"Polygon","coordinates":[[[18.7679,51.0648],[18.8029,51.0634],[18.8007,51.0712],[18.8166,51.0729],[18.8179,51.0682],[18.863,51.0727],[18.8835,51.059],[18.9003,51.0624],[18.8955,51.0666],[18.9009,51.08],[18.9189,51.098],[18.9324,51.0931],[18.9554,51.0902],[18.9699,51.0806],[18.9931,51.0762],[19.0116,51.0664],[19.0157,51.0527],[19.0511,51.0426],[19.0563,51.0348],[19.0468,51.0286],[19.0561,51.0242],[19.0727,51.0355],[19.0954,51.0311],[19.1044,51.0263],[19.1108,51.0121],[19.1236,50.9996],[19.1327,51.0108],[19.1497,51.0096],[19.1449,51.0018],[19.1617,51.0006],[19.165,50.9946],[19.2065,50.9855],[19.2242,50.9859],[19.2407,50.9904],[19.257,51.003],[19.2439,51.0249],[19.2431,51.0368],[19.2293,51.0418],[19.2121,51.0391],[19.205,51.0544],[19.2083,51.0608],[19.2216,51.0663],[19.2438,51.0987],[19.2627,51.1103],[19.2806,51.1071],[19.2789,51.131],[19.2587,51.1435],[19.2335,51.1503],[19.2393,51.1745],[19.2652,51.1677],[19.3016,51.1673],[19.3125,51.1842],[19.2885,51.1914],[19.2761,51.203],[19.2653,51.2073],[19.2659,51.2002],[19.2512,51.194],[19.2514,51.2092],[19.232,51.216],[19.221,51.2245],[19.1969,51.2282],[19.1876,51.2488],[19.1784,51.2501],[19.1627,51.2604],[19.1569,51.2442],[19.1419,51.2382],[19.1365,51.2476],[19.1278,51.2472],[19.1287,51.2358],[19.1183,51.2404],[19.0972,51.2369],[19.0952,51.2543],[19.1095,51.2534],[19.0984,51.2743],[19.1019,51.2788],[19.0892,51.2968],[19.0791,51.2999],[19.0686,51.2912],[19.0392,51.2869],[19.0437,51.2843],[19.032,51.2761],[19.0002,51.2874],[18.9857,51.2834],[18.9556,51.2894],[18.9231,51.2875],[18.9024,51.2892],[18.8992,51.2804],[18.8663,51.2806],[18.8586,51.2755],[18.8614,51.2681],[18.846,51.2703],[18.8288,51.2643],[18.8306,51.2587],[18.8152,51.2602],[18.8147,51.2529],[18.7943,51.2558],[18.7935,51.2407],[18.8007,51.2337],[18.7876,51.2146],[18.7953,51.2086],[18.8272,51.1983],[18.8115,51.1831],[18.8214,51.1705],[18.8339,51.1667],[18.8184,51.1642],[18.7926,51.1698],[18.7794,51.1654],[18.7732,51.1416],[18.7903,51.1371],[18.7655,51.1303],[18.7648,51.1238],[18.7541,51.12],[18.7605,51.1015],[18.7479,51.1047],[18.7611,51.0934],[18.7795,51.0964],[18.7844,51.0856],[18.7715,51.0823],[18.7601,51.0698],[18.7679,51.0648]]]},"properties":{"code":"1009","name":"powiat pajęczański","country":"PL","level":"district","parent":"10","grodzki":false,"type":"powiat"}},
{"type":"Feature","geometry":{"type":"Polygon","coordinates":[[[22.9812,51.4239],[23.0039,51.4175],[23.0198,51.4345],[23.0533,51.4185],[23.0499,51.4092],[23.0636,51.4215],[23.0675,51.4337],[23.0808,51.4395],[23.0852,51.4474],[23.0997,51.4455],[23.0912,51.4621],[23.1035,51.4656],[23.1765,51.4593],[23.1927,51.467],[23.2161,51.5141],[23.2068,51.5169],[23.1954,51.5309],[23.1874,51.5331],[23.1548,51.5561],[23.1469,51.5591],[23.1637,51.5773],[23.1778,51.5781],[23.1783,51.5959],[23.202,51.6089],[23.2018,51.6144],[23.2277,51.619],[23.2283,51.6058],[23.2562,51.6114],[23.2483,51.6263],[23.2528,51.6324],[23.3109,51.6278],[23.3196,51.6368],[23.3209,51.6566],[23.3117,51.6727],[23.2883,51.6964],[23.248,51.7066],[23.2286,51.7158],[23.1966,51.7164],[23.1715,51.705],[23.1546,51.7156],[23.1502,51.7279],[23.1152,51.7534],[23.0696,51.754],[23.0581,51.7511],[23.0397,51.7617],[23.0393,51.77],[23.023,51.7803],[23.0019,51.7718],[22.9779,51.7743],[22.9837,51.7861],[22.9443,51.7907],[22.9342,51.7699],[22.927,51.7705],[22.9101,51.7436],[22.8942,51.7397],[22.8901,51.7442],[22.8734,51.7412],[22.8543,51.7284],[22.8399,51.7332],[22.8219,51.7331],[22.8147,51.7226],[22.774,51.6767],[22.7553,51.6763],[22.7446,51.6807],[22.7235,51.6774],[22.7303,51.6646],[22.7196,51.6592],[22.7235,51.6533],[22.7089,51.643],[22.7094,51.6324],[22.6986,51.6287],[22.6696,51.6303],[22.6694,51.616],[22.683,51.6177],[22.6772,51.5933],[22.7075,51.5833],[22.7257,51.5714],[22.7851,51.5607],[22.7853,51.5208],[22.8247,51.517],[22.8422,51.517],[22.8465,51.5308],[22.8803,51.5294],[22.8788,51.5618],[22.8977,51.5603],[22.9151,51.5542],[22.9212,51.5439],[22.9353,51.5409],[22.9532,51.531],[22.9703,51.5255],[22.9937,51.5258],[23.0074,51.5206],[23.0031,51.5134],[23.0186,51.5008],[23.0025,51.4948],[23.0012,51.4814],[23.0147,51.4812],[23.0122,51.4673],[23.0065,51.4758],[22.9892,51.4689],[22.973,51.4697],[22.9829,51.4343],[22.9812,51.4239]]]},"properties":{"code":"0613","name":"powiat parczewski","country":"PL","level":"district","parent":"06","grodzki":false,"type":"powiat"}},
{"type":"Feature","geometry":{"type":"Polygon","coordinates":[[[21.165,52.1447],[21.1549,52.1436],[21.1325,52.1232],[21.1272,52.126],[21.1009,52.1087],[21.08,52.0978],[21.0436,52.1129],[21.0352,52.1068],[21.0187,52.1037],[20.9845,52.1056],[20.9864,52.1176],[20.9643,52.1191],[20.9537,52.1106],[20.9369,52.1206],[20.9125,52.111],[20.9154,52.1001],[20.9022,52.1023],[20.8916,52.091],[20.8822,52.0931],[20.8616,52.09],[20.8638,52.0708],[20.854,52.0724],[20.8565,52.0632],[20.8396,52.0618],[20.8265,52.067],[20.811,52.0602],[20.8097,52.0515],[20.8288,52.0419],[20.8347,52.0343],[20.8141,52.0361],[20.8121,52.0221],[20.8002,52.0134],[20.7722,52.0006],[20.7504,51.9873],[20.7517,51.9821],[20.7165,51.9847],[20.6946,51.9791],[20.6929,51.9664],[20.6982,51.9601],[20.686,51.9548],[20.7032,51.9453],[20.7291,51.944],[20.7479,51.9489],[20.7572,51.9442],[20.7712,51.9469],[20.8021,51.9584],[20.8155,51.9459],[20.8273,51.9461],[20.8395,51.9305],[20.861,51.9286],[20.8933,51.9325],[20.9037,51.922],[20.9033,51.9333],[20.927,51.9338],[20.9399,51.9221],[20.9507,51.929],[20.9523,51.9186],[20.9644,51.9167],[20.9524,51.9101],[20.9745,51.9084],[20.9879,51.9189],[21.0059,51.9269],[21.0263,51.9296],[21.0263,51.9365],[21.0449,51.9278],[21.061,51.935],[21.087,51.9396],[21.1254,51.9325],[21.1482,51.9354],[21.1582,51.9274],[21.1837,51.928],[21.1883,51.9127],[21.2065,51.9124],[21.2006,51.898],[21.2195,51.8964],[21.2208,51.8895],[21.2332,51.8929],[21.2391,51.9016],[21.2359,51.9078],[21.2446,51.9223],[21.2673,51.9372],[21.2795,51.9518],[21.2794,51.9635],[21.2609,51.979],[21.2296,51.9936],[21.2217,52.0042],[21.2262,52.035],[21.2223,52.0446],[21.2063,52.0591],[21.2074,52.0725],[21.2167,52.0831],[21.2075,52.1037],[21.1901,52.1187],[21.165,52.1447]]]},"properties":{"code":"1418","name":"powiat piaseczyński","country":"PL","level":"district","parent":"14","grodzki":false,"type":"powiat"}},
{"type":"Feature","geometry":{"type":"Polygon","coordinates":[[[18.9707,50.4133],[18.9627,50.4186],[18.9289,50.421],[18.9186,50.4165],[18.9234,50.4035],[18.9145,50.3722],[18.9351,50.361],[18.951,50.3607],[18.964,50.355],[18.9591,50.3353],[18.9854,50.3359],[19.0109,50.3307],[19.036,50.3385],[19.0415,50.3488],[19.0329,50.3495],[19.0146,50.3616],[18.9976,50.3676],[18.9627,50.3744],[18.9603,50.3833],[18.9757,50.3841],[18.981,50.3929],[18.9707,50.4133]]]},"properties":{"code":"2471","name":"powiat Piekary Śląskie","country":"PL","level":"district","parent":"24","grodzki":true,"type":"miasto na prawach powiatu"}},
{"type":"Feature","geometry":{"type":"Polygon","coordinates":[[[17.3239,53.0783],[17.3345,53.0774],[17.3572,53.0872],[17.3609,53.1174],[17.3526,53.1312],[17.384,53.133],[17.3895,53.1442],[17.353,53.1512],[17.3367,53.1567],[17.3468,53.1638],[17.3369,53.1715],[17.3367,53.1842],[17.3471,53.1963],[17.3343,53.2085],[17.3205,53.2125],[17.3319,53.2178],[17.3631,53.2232],[17.3689,53.2268],[17.4088,53.2275],[17.4173,53.231],[17.4127,53.2414],[17.4279,53.2464],[17.4237,53.2553],[17.4388,53.2675],[17.4202,53.2834],[17.4073,53.2825],[17.3925,53.2909],[17.3847,53.307],[17.3596,53.3181],[17.3539,53.3344],[17.3452,53.3356],[17.334,53.3487],[17.3252,53.347],[17.2939,53.3533],[17.2641,53.3634],[17.2572,53.3634],[17.2659,53.3508],[17.2608,53.3271],[17.2492,53.3236],[17.2553,53.3185],[17.1943,53.2975],[17.1859,53.2891],[17.1893,53.2715],[17.1731,53.2653],[17.142,53.262],[17.1487,53.252],[17.1397,53.2377],[17.0771,53.2396],[17.0728,53.2315],[17.0453,53.224],[17.0286,53.2335],[17.0159,53.2316],[16.9956,53.2343],[16.9725,53.2257],[16.9663,53.2192],[16.9538,53.2217],[16.9239,53.2111],[16.9061,53.197],[16.914,53.1789],[16.8529,53.1693],[16.857,53.1779],[16.8115,53.1867],[16.7995,53.1913],[16.7797,53.1894],[16.7908,53.2038],[16.7928,53.2207],[16.8063,53.2255],[16.8216,53.2415],[16.8001,53.2515],[16.7897,53.2699],[16.7906,53.2845],[16.7985,53.2912],[16.7704,53.2919],[16.7525,53.2984],[16.7437,53.2819],[16.7201,53.2924],[16.7145,53.2991],[16.6745,53.2901],[16.6621,53.2787],[16.6513,53.2806],[16.6578,53.2666],[16.6456,53.2679],[16.63,53.26],[16.6447,53.2556],[16.6294,53.2494],[16.6207,53.2336],[16.6323,53.2337],[16.625,53.2264],[16.6346,53.2199],[16.6202,53.2135],[16.6257,53.2086],[16.6096,53.2087],[16.5965,53.2176],[16.5957,53.2277],[16.5795,53.2271],[16.5594,53.2332],[16.5448,53.2172],[16.5357,53.2201],[16.5291,53.2138],[16.5396,53.2014],[16.5278,53.1997],[16.5206,53.1858],[16.501,53.1726],[16.4996,53.1633],[16.4838,53.1642],[16.4765,53.1703],[16.455,53.1644],[16.445,53.1544],[16.4325,53.1564],[16.4167,53.1489],[16.3992,53.1637],[16.3916,53.1578],[16.3983,53.1484],[16.3905,53.131],[16.4187,53.1292],[16.4339,53.1232],[16.4471,53.1238],[16.4794,53.1151],[16.5207,53.1296],[16.5556,53.1208],[16.5534,53.1145],[16.5661,53.111],[16.569,53.122],[16.5975,53.1133],[16.6007,53.1077],[16.6518,53.1095],[16.6383,53.1193],[16.649,53.1249],[16.656,53.1195],[16.6952,53.1299],[16.7195,53.1178],[16.7113,53.1144],[16.7027,53.1016],[16.6971,53.1023],[16.6918,53.0905],[16.6748,53.0943],[16.6582,53.0866],[16.6658,53.0838],[16.6677,53.0727],[16.6572,53.0707],[16.6587,53.0631],[16.6238,53.0526],[16.6076,53.0419],[16.6254,53.0444],[16.6502,53.0226],[16.6495,52.9914],[16.6325,52.9893],[16.6398,52.9698],[16.6471,52.9676],[16.6486,52.9569],[16.6597,52.9577],[16.7005,52.9525],[16.6984,52.9618],[16.7067,52.9687],[16.7378,52.9799],[16.741,53.0028],[16.756,53.0039],[16.7798,53.0135],[16.7751,53.0246],[16.7875,53.0212],[16.7903,53.0287],[16.8006,53.0266],[16.7963,53.0431],[16.8076,53.0443],[16.8078,53.053],[16.8479,53.0548],[16.8652,53.0506],[16.884,53.0502],[16.9319,53.0567],[16.9508,53.0534],[16.9713,53.0593],[16.9985,53.06],[17.0022,53.0668],[17.0178,53.0741],[17.0277,53.0669],[17.0738,53.068],[17.0926,53.0755],[17.128,53.0734],[17.1298,53.0776],[17.1746,53.0819],[17.2061,53.0897],[17.2369,53.0787],[17.2688,53.0844],[17.2818,53.0806],[17.289,53.084],[17.3239,53.0783]]]},"properties":{"code":"3019","name":"powiat pilski","country":"PL","level":"district","parent":"30","grodzki":false,"type":"powiat"}},
{"type":"Feature","geometry":{"type":"Polygon","coordinates":[[[20.3053,50.3359],[20.3246,50.3382],[20.352,50.3376],[20.3632,50.3333],[20.3705,50.3421],[20.3614,50.3469],[20.3732,50.3564],[20.3878,50.3595],[20.4081,50.3543],[20.4256,50.3531],[20.4407,50.3636],[20.4687,50.369],[20.4639,50.3847],[20.469,50.3894],[20.4867,50.3908],[20.5012,50.3868],[20.5176,50.3737],[20.5187,50.3659],[20.5296,50.3642],[20.5335,50.3489],[20.543,50.3387],[20.5669,50.3387],[20.5795,50.3296],[20.6054,50.3322],[20.6265,50.3313],[20.6264,50.3438],[20.6043,50.3562],[20.6211,50.3688],[20.6515,50.3746],[20.6495,50.3837],[20.6332,50.3947],[20.6206,50.3967],[20.6317,50.4097],[20.6334,50.427],[20.6416,50.4355],[20.6641,50.4278],[20.6605,50.4369],[20.6421,50.4521],[20.6337,50.4481],[20.6168,50.4524],[20.6063,50.4597],[20.6212,50.4634],[20.6407,50.4887],[20.648,50.4935],[20.6431,50.5001],[20.6272,50.5078],[20.6056,50.5226],[20.6598,50.5283],[20.663,50.5324],[20.6756,50.5278],[20.6844,50.5463],[20.6411,50.5571],[20.6453,50.5633],[20.6257,50.5706],[20.6309,50.587],[20.6585,50.5917],[20.6684,50.5994],[20.6606,50.6012],[20.6588,50.6152],[20.6495,50.6234],[20.661,50.6348],[20.6345,50.6434],[20.6479,50.661],[20.6311,50.6635],[20.6266,50.6703],[20.5843,50.6679],[20.5719,50.666],[20.568,50.6482],[20.5538,50.6414],[20.5445,50.6468],[20.5278,50.6379],[20.5088,50.638],[20.4975,50.6153],[20.5057,50.6168],[20.4982,50.6041],[20.5101,50.6043],[20.514,50.5964],[20.4996,50.5683],[20.4739,50.5585],[20.4583,50.5297],[20.4386,50.535],[20.4316,50.5303],[20.4161,50.541],[20.3807,50.5432],[20.3648,50.5388],[20.3658,50.5476],[20.3422,50.5457],[20.3325,50.5324],[20.3435,50.5291],[20.3297,50.5024],[20.3568,50.4907],[20.3694,50.4885],[20.3621,50.4743],[20.3478,50.4696],[20.3334,50.4705],[20.3252,50.4547],[20.3271,50.4472],[20.2922,50.4599],[20.2834,50.4724],[20.2729,50.4699],[20.2714,50.4595],[20.2606,50.4415],[20.2638,50.4303],[20.2755,50.4215],[20.2898,50.4191],[20.2905,50.4098],[20.3039,50.3982],[20.3058,50.389],[20.3209,50.3845],[20.3252,50.3669],[20.3372,50.3623],[20.3305,50.3527],[20.3072,50.3487],[20.2978,50.3522],[20.2924,50.3458],[20.3053,50.3359]]]},"properties":{"code":"2608","name":"powiat pińczowski","country":"PL","level":"district","parent":"26","grodzki":false,"type":"powiat"}},
{"type":"Feature","geometry":{"type":"Polygon","coordinates":[[[19.9932,51.1844],[19.9946,51.1916],[20.0132,51.2005],[20.0122,51.21],[20.0009,51.2125],[19.9923,51.2206],[20.0151,51.2296],[20.0156,51.2416],[20.0287,51.2446],[20.0408,51.2391],[20.0491,51.2481],[20.0642,51.2473],[20.0664,51.2597],[20.0606,51.269],[20.041,51.2795],[20.0486,51.2938],[20.0169,51.3203],[20.0102,51.3343],[19.9866,51.3338],[19.9828,51.345],[19.9909,51.3562],[19.9582,51.3581],[19.9432,51.3489],[19.9283,51.3526],[19.9159,51.3651],[19.892,51.3654],[19.8807,51.3766],[19.8659,51.378],[19.8634,51.4011],[19.9032,51.4096],[19.9264,51.4242],[19.9359,51.4271],[19.9346,51.4397],[19.9542,51.4463],[19.9597,51.4529],[19.9534,51.467],[19.958,51.4769],[19.9185,51.4823],[19.922,51.4948],[19.9022,51.5133],[19.8725,51.5061],[19.8704,51.5199],[19.8567,51.5239],[19.864,51.5286],[19.8809,51.5288],[19.8814,51.5394],[19.8882,51.5406],[19.8853,51.5511],[19.8702,51.5577],[19.8496,51.5784],[19.8417,51.579],[19.8257,51.5697],[19.8293,51.5562],[19.8218,51.543],[19.8355,51.5343],[19.8132,51.5399],[19.8037,51.5316],[19.7954,51.5318],[19.7787,51.545],[19.7734,51.5586],[19.7578,51.5568],[19.7384,51.5591],[19.7341,51.5694],[19.7134,51.572],[19.7251,51.5981],[19.7174,51.6005],[19.7209,51.6117],[19.7083,51.6295],[19.6911,51.6274],[19.6903,51.6495],[19.6644,51.649],[19.6366,51.6247],[19.6094,51.6346],[19.599,51.6214],[19.6103,51.6211],[19.6187,51.6102],[19.6256,51.6134],[19.6332,51.6047],[19.6228,51.6046],[19.6158,51.59],[19.5992,51.5869],[19.5942,51.5811],[19.6024,51.5681],[19.6166,51.5559],[19.6189,51.5465],[19.6098,51.5464],[19.5981,51.515],[19.5986,51.5083],[19.5717,51.5123],[19.5411,51.513],[19.5315,51.525],[19.5059,51.5218],[19.4996,51.5332],[19.4819,51.532],[19.4827,51.5439],[19.4683,51.5426],[19.4584,51.5427],[19.459,51.5315],[19.436,51.5249],[19.4297,51.5342],[19.4166,51.5368],[19.4143,51.5254],[19.4278,51.521],[19.4322,51.5085],[19.4562,51.5102],[19.4478,51.4974],[19.4568,51.4908],[19.4419,51.4855],[19.4393,51.4738],[19.4228,51.4672],[19.43,51.4616],[19.4409,51.4661],[19.4633,51.4677],[19.4603,51.4529],[19.467,51.4496],[19.4905,51.4501],[19.4907,51.4436],[19.474,51.443],[19.4821,51.4361],[19.4775,51.4173],[19.4912,51.415],[19.4884,51.4079],[19.4677,51.4008],[19.4763,51.3864],[19.4988,51.3703],[19.4965,51.3549],[19.4692,51.3458],[19.4833,51.3383],[19.4731,51.3295],[19.4876,51.3076],[19.4795,51.3041],[19.4599,51.2861],[19.4819,51.2752],[19.5024,51.273],[19.4941,51.2598],[19.5193,51.2713],[19.5303,51.2642],[19.527,51.2515],[19.5379,51.2378],[19.5213,51.2261],[19.5377,51.2227],[19.5564,51.2089],[19.5553,51.1977],[19.5713,51.2004],[19.5724,51.1879],[19.5894,51.1595],[19.5793,51.1483],[19.5944,51.149],[19.5991,51.1546],[19.621,51.1492],[19.6382,51.1578],[19.6801,51.1552],[19.6976,51.1631],[19.6983,51.1895],[19.7214,51.1872],[19.7354,51.1734],[19.7316,51.1525],[19.7558,51.1409],[19.7803,51.1426],[19.798,51.1384],[19.8272,51.1392],[19.837,51.1303],[19.8399,51.1201],[19.8506,51.121],[19.8764,51.1097],[19.9048,51.109],[19.9097,51.1224],[19.9032,51.1333],[19.9121,51.1472],[19.9032,51.1599],[19.9133,51.174],[19.9284,51.183],[19.9402,51.1803],[19.9533,51.1875],[19.9596,51.2021],[19.965,51.2018],[19.9932,51.1844]],[[19.7007,51.3757],[19.6783,51.3732],[19.6531,51.3859],[19.6344,51.3859],[19.6229,51.3799],[19.6311,51.3997],[19.6265,51.4104],[19.6336,51.413],[19.6429,51.4352],[19.659,51.4424],[19.7407,51.4443],[19.7393,51.4508],[19.7683,51.4516],[19.7755,51.4476],[19.7833,51.4529],[19.7931,51.451],[19.8103,51.4387],[19.8065,51.4203],[19.7814,51.4347],[19.7368,51.4033],[19.7488,51.391],[19.7444,51.3785],[19.7182,51.3813],[19.7007,51.3757]]]},"properties":{"code":"1010","name":"powiat piotrkowski","country":"PL","level":"district","parent":"10","grodzki":false,"type":"powiat"}},
{"type":"Feature","geometry":{"type":"Polygon","coordinates":[[[19.7007,51.3757],[19.7182,51.3813],[19.7444,51.3785],[19.7488,51.391],[19.7368,51.4033],[19.7814,51.4347],[19.8065,51.4203],[19.8103,51.4387],[19.7931,51.451],[19.7833,51.4529],[19.7755,51.4476],[19.7683,51.4516],[19.7393,51.4508],[19.7407,51.4443],[19.659,51.4424],[19.6429,51.4352],[19.6336,51.413],[19.6265,51.4104],[19.6311,51.3997],[19.6229,51.3799],[19.6344,51.3859],[19.6531,51.3859],[19.6783,51.3732],[19.7007,51.3757]]]},"properties":{"code":"1062","name":"powiat Piotrków Trybunalski","country":"PL","level":"district","parent":"10","grodzki":true,"type":"miasto na prawach powiatu"}},
{"type":"Feature","geometry":{"type":"Polygon","coordinates":[[[22.1357,53.5445],[22.1943,53.5662],[22.2095,53.5777],[22.2279,53.5858],[22.2391,53.5961],[22.272,53.6106],[22.2851,53.6232],[22.3056,53.6268],[22.2865,53.6355],[22.2786,53.6328],[22.2733,53.6399],[22.2582,53.642],[22.2473,53.6487],[22.2044,53.6572],[22.204,53.6638],[22.1787,53.6704],[22.1766,53.679],[22.1898,53.7004],[22.195,53.6956],[22.2042,53.7051],[22.222,53.7028],[22.2201,53.7284],[22.215,53.7401],[22.1983,53.7392],[22.1912,53.7635],[22.1744,53.763],[22.1807,53.77],[22.156,53.7756],[22.1441,53.7881],[22.13,53.7847],[22.1173,53.7911],[22.1285,53.7945],[22.1176,53.7982],[22.1345,53.8151],[22.1024,53.8351],[22.0605,53.8368],[22.0725,53.845],[22.0445,53.8383],[22.0274,53.8443],[22.0281,53.8545],[22.0392,53.8574],[22.0524,53.8518],[22.0596,53.8599],[22.0442,53.859],[22.0418,53.865],[22.0241,53.8781],[22.0085,53.8789],[22.0015,53.8659],[21.986,53.8708],[21.9643,53.8605],[21.9495,53.8588],[21.9236,53.8794],[21.8984,53.8928],[21.8773,53.8865],[21.8758,53.8998],[21.866,53.8955],[21.863,53.8836],[21.8506,53.8801],[21.8366,53.8858],[21.8009,53.8908],[21.7969,53.8839],[21.7784,53.8839],[21.7626,53.8903],[21.7438,53.8919],[21.7188,53.8728],[21.7117,53.8629],[21.734,53.8449],[21.7283,53.8353],[21.733,53.825],[21.6985,53.8211],[21.6903,53.7956],[21.7002,53.7985],[21.7196,53.7959],[21.6802,53.7223],[21.6483,53.732],[21.6405,53.7446],[21.629,53.752],[21.6308,53.7576],[21.615,53.7653],[21.6105,53.7585],[21.5744,53.7423],[21.5673,53.7344],[21.5463,53.7448],[21.5253,53.7468],[21.5174,53.7524],[21.5112,53.746],[21.522,53.7302],[21.5195,53.7236],[21.484,53.7259],[21.4828,53.7206],[21.4622,53.7219],[21.4586,53.7086],[21.4662,53.7081],[21.4578,53.6934],[21.4678,53.6783],[21.4696,53.6667],[21.4628,53.655],[21.4809,53.6535],[21.476,53.632],[21.4216,53.6382],[21.41,53.6078],[21.4229,53.6032],[21.456,53.5093],[21.4752,53.5054],[21.4817,53.4952],[21.529,53.4881],[21.5302,53.4929],[21.55,53.486],[21.5517,53.4781],[21.5659,53.4809],[21.613,53.4808],[21.6479,53.4812],[21.6867,53.4928],[21.7308,53.4888],[21.7521,53.4832],[21.7906,53.4793],[21.8206,53.4668],[21.8583,53.4589],[21.8811,53.4613],[21.891,53.4665],[21.9033,53.4858],[21.902,53.4932],[21.9356,53.5114],[21.9526,53.5094],[21.9899,53.5221],[22.0097,53.5136],[22.0158,53.5012],[22.0307,53.4971],[22.0417,53.5082],[22.0505,53.5249],[22.0754,53.5358],[22.0958,53.5323],[22.1357,53.5445]]]},"properties":{"code":"2816","name":"powiat piski","country":"PL","level":"district","parent":"28","grodzki":false,"type":"powiat"}},
{"type":"Feature","geometry":{"type":"Polygon","coordinates":[[[17.6467,51.7956],[17.6464,51.8045],[17.6926,51.8107],[17.6968,51.8148],[17.731,51.8161],[17.7352,51.8061],[17.748,51.797],[17.7497,51.7898],[17.7767,51.7904],[17.8171,51.7988],[17.8524,51.7947],[17.8745,51.7897],[17.8738,51.7857],[17.9012,51.7846],[17.9315,51.7785],[17.9496,51.7861],[17.9678,51.7848],[17.9903,51.7783],[17.9865,51.7634],[18.0096,51.7597],[18.035,51.7653],[18.0325,51.7723],[18.0425,51.7795],[18.0426,51.7854],[18.0287,51.7894],[18.0153,51.8005],[18.0213,51.8147],[18.0132,51.8246],[18.0169,51.8304],[18.012,51.846],[17.9928,51.8508],[17.973,51.8735],[17.9635,51.8762],[17.9651,51.8884],[17.9581,51.8993],[17.9362,51.9156],[17.95,51.9163],[17.9456,51.9263],[17.934,51.9363],[17.9485,51.9529],[17.98,51.9589],[17.9757,51.97],[17.9472,52.0001],[17.9413,52.0013],[17.96,52.0285],[17.969,52.0327],[17.9797,52.0479],[17.9741,52.065],[17.9668,52.0644],[17.9674,52.0757],[17.945,52.075],[17.9346,52.0909],[17.8857,52.0823],[17.8682,52.0831],[17.8527,52.0734],[17.8293,52.0793],[17.8235,52.0881],[17.7731,52.0764],[17.7587,52.0762],[17.7507,52.0829],[17.7409,52.077],[17.7064,52.0719],[17.7064,52.0646],[17.6969,52.0631],[17.7026,52.0497],[17.7226,52.0448],[17.7056,52.0305],[17.6996,52.0304],[17.6956,52.0128],[17.7124,51.997],[17.6952,51.9929],[17.6915,51.9843],[17.7042,51.9781],[17.701,51.9628],[17.7027,51.9449],[17.7173,51.9399],[17.707,51.9256],[17.6857,51.9184],[17.6769,51.902],[17.6941,51.8848],[17.6618,51.8814],[17.6562,51.8956],[17.6302,51.9037],[17.6105,51.8933],[17.5726,51.8901],[17.5694,51.8953],[17.514,51.9008],[17.517,51.8733],[17.5267,51.8609],[17.5211,51.8476],[17.5304,51.8386],[17.5624,51.8348],[17.5712,51.8387],[17.6077,51.8304],[17.6042,51.8202],[17.6102,51.7993],[17.6152,51.7938],[17.634,51.7917],[17.6467,51.7956]]]},"properties":{"code":"3020","name":"powiat pleszewski","country":"PL","level":"district","parent":"30","grodzki":false,"type":"powiat"}},
{"type":"Feature","geometry":{"type":"Polygon","coordinates":[[[19.7286,52.5205],[19.7496,52.5145],[19.7605,52.5068],[19.7746,52.5067],[19.7777,52.5132],[19.8001,52.512],[19.8059,52.5251],[19.7666,52.5337],[19.7663,52.5528],[19.7406,52.5528],[19.7309,52.5685],[19.7458,52.5793],[19.7297,52.5819],[19.7116,52.5918],[19.6948,52.5963],[19.6507,52.5971],[19.6467,52.5703],[19.638,52.5678],[19.6313,52.5531],[19.6674,52.5428],[19.6563,52.5333],[19.6357,52.53],[19.6449,52.5228],[19.6246,52.5196],[19.6281,52.516],[19.6528,52.5124],[19.6378,52.5027],[19.6627,52.4872],[19.67,52.4887],[19.6955,52.4737],[19.7166,52.492],[19.7213,52.4898],[19.7465,52.4927],[19.7338,52.5045],[19.7286,52.5205]]]},"properties":{"code":"1462","name":"powiat Płock","country":"PL","level":"district","parent":"14","grodzki":true,"type":"miasto na prawach powiatu"}},
{"type":"Feature","geometry":{"type":"Polygon","coordinates":[[[19.964,52.7808],[19.951,52.7649],[19.9386,52.7624],[19.9253,52.7656],[19.9053,52.7607],[19.8953,52.7462],[19.8732,52.7482],[19.8605,52.732],[19.8481,52.728],[19.8234,52.7338],[19.7968,52.7246],[19.791,52.7082],[19.7784,52.7056],[19.7571,52.6921],[19.743,52.6963],[19.7371,52.7049],[19.7261,52.6926],[19.7126,52.6943],[19.6979,52.69],[19.6918,52.6833],[19.64,52.6785],[19.62,52.6888],[19.6026,52.686],[19.5767,52.6875],[19.5768,52.6958],[19.5186,52.6922],[19.5258,52.7037],[19.4919,52.7076],[19.4931,52.7146],[19.4648,52.7207],[19.455,52.7257],[19.4413,52.723],[19.4401,52.7119],[19.4467,52.7056],[19.4366,52.6931],[19.4369,52.6812],[19.4438,52.6829],[19.4509,52.6722],[19.4322,52.6766],[19.4303,52.6716],[19.4162,52.6717],[19.4136,52.6606],[19.403,52.6445],[19.3837,52.6443],[19.3733,52.6378],[19.3713,52.6248],[19.3958,52.622],[19.425,52.6114],[19.4193,52.5994],[19.3952,52.5901],[19.3949,52.5773],[19.3782,52.5686],[19.3411,52.5671],[19.3554,52.5371],[19.3488,52.5281],[19.3381,52.534],[19.3196,52.5349],[19.3217,52.5292],[19.3592,52.5215],[19.3861,52.5191],[19.3957,52.5129],[19.4106,52.5106],[19.4127,52.5158],[19.4347,52.5234],[19.4486,52.5211],[19.4999,52.526],[19.5181,52.5201],[19.5134,52.5114],[19.5411,52.5068],[19.5598,52.5085],[19.5603,52.5029],[19.5336,52.4967],[19.5367,52.4898],[19.5594,52.4834],[19.5531,52.467],[19.5629,52.4574],[19.5504,52.4535],[19.5631,52.4428],[19.5641,52.4205],[19.557,52.4131],[19.5616,52.4056],[19.6009,52.4015],[19.6189,52.4063],[19.6334,52.4056],[19.6329,52.4161],[19.6638,52.4121],[19.6681,52.4029],[19.6626,52.3884],[19.6722,52.3832],[19.6966,52.384],[19.683,52.3797],[19.689,52.3554],[19.7201,52.3543],[19.7239,52.337],[19.7376,52.3383],[19.7542,52.3522],[19.7786,52.3496],[19.7821,52.3553],[19.797,52.3546],[19.8116,52.3613],[19.8212,52.3706],[19.8147,52.3757],[19.8121,52.3916],[19.8527,52.3823],[19.8483,52.3732],[19.8867,52.3699],[19.9022,52.366],[19.8957,52.3618],[19.9022,52.3527],[19.9177,52.3523],[19.913,52.3442],[19.9417,52.3418],[19.9337,52.3273],[19.9574,52.3276],[19.9711,52.3357],[19.9828,52.3376],[19.9996,52.3573],[20.0023,52.369],[19.989,52.3745],[19.9713,52.3764],[19.9822,52.3874],[19.9805,52.3969],[19.9669,52.4054],[19.9617,52.4163],[19.9769,52.4191],[19.9915,52.4003],[20.0076,52.3943],[20.0198,52.3832],[20.0504,52.3813],[20.069,52.3845],[20.0912,52.3793],[20.1282,52.3865],[20.1597,52.3799],[20.1947,52.3795],[20.2221,52.3817],[20.251,52.3881],[20.251,52.3986],[20.2371,52.4199],[20.2312,52.4345],[20.2394,52.4436],[20.2224,52.451],[20.2463,52.4583],[20.2413,52.4782],[20.2423,52.4922],[20.2334,52.496],[20.2386,52.5064],[20.2236,52.5028],[20.2259,52.5134],[20.2079,52.5166],[20.1882,52.5133],[20.1937,52.5211],[20.2006,52.5472],[20.1869,52.5623],[20.1631,52.568],[20.1721,52.5825],[20.1554,52.5928],[20.1566,52.6024],[20.1476,52.6158],[20.1668,52.65],[20.1486,52.6537],[20.1619,52.6721],[20.149,52.6794],[20.1252,52.6829],[20.1114,52.6681],[20.0987,52.6692],[20.0885,52.6766],[20.0945,52.682],[20.079,52.6891],[20.0803,52.6968],[20.0633,52.6931],[20.0457,52.6989],[20.0597,52.7069],[20.0611,52.7152],[20.0421,52.7217],[20.0439,52.7304],[20.0598,52.7367],[20.0647,52.7595],[20.0526,52.758],[20.0258,52.7722],[20.0006,52.7757],[19.9753,52.7716],[19.9641,52.7808],[19.964,52.7808]],[[19.7286,52.5205],[19.7338,52.5045],[19.7465,52.4927],[19.7213,52.4898],[19.7166,52.492],[19.6955,52.4737],[19.67,52.4887],[19.6627,52.4872],[19.6378,52.5027],[19.6528,52.5124],[19.6281,52.516],[19.6246,52.5196],[19.6449,52.5228],[19.6357,52.53],[19.6563,52.5333],[19.6674,52.5428],[19.6313,52.5531],[19.638,52.5678],[19.6467,52.5703],[19.6507,52.5971],[19.6948,52.5963],[19.7116,52.5918],[19.7297,52.5819],[19.7458,52.5793],[19.7309,52.5685],[19.7406,52.5528],[19.7663,52.5528],[19.7666,52.5337],[19.8059,52.5251],[19.8001,52.512],[19.7777,52.5132],[19.7746,52.5067],[19.7605,52.5068],[19.7496,52.5145],[19.7286,52.5205]]]},"properties":{"code":"1419","name":"powiat płocki","country":"PL","level":"district","parent":"14","grodzki":false,"type":"powiat"}},
{"type":"Feature","geometry":{"type":"Polygon","coordinates":[[[20.251,52.3881],[20.3134,52.3912],[20.3637,52.3891],[20.3933,52.3815],[20.4048,52.3843],[20.4447,52.402],[20.4975,52.4219],[20.4838,52.4275],[20.4849,52.4442],[20.5011,52.447],[20.5419,52.4671],[20.5731,52.4653],[20.5819,52.4865],[20.5804,52.5045],[20.5902,52.5143],[20.6067,52.5198],[20.6201,52.53],[20.6171,52.5482],[20.6043,52.5663],[20.6271,52.5752],[20.6374,52.5832],[20.6574,52.58],[20.663,52.5858],[20.6558,52.5954],[20.7056,52.5893],[20.7149,52.5916],[20.7116,52.5991],[20.7236,52.6059],[20.7148,52.6173],[20.7019,52.6139],[20.6974,52.625],[20.7044,52.6241],[20.7062,52.6368],[20.6947,52.651],[20.7025,52.6516],[20.7109,52.6627],[20.6961,52.6763],[20.7103,52.6837],[20.73,52.6875],[20.7226,52.6959],[20.7282,52.7045],[20.7185,52.7071],[20.7121,52.6994],[20.6974,52.7054],[20.6927,52.7175],[20.681,52.7133],[20.6576,52.7112],[20.6498,52.7211],[20.6315,52.7212],[20.614,52.7255],[20.6114,52.7342],[20.583,52.7331],[20.5864,52.7235],[20.57,52.7193],[20.5694,52.7137],[20.5423,52.7068],[20.5409,52.7158],[20.5217,52.7096],[20.5178,52.7011],[20.4965,52.7094],[20.506,52.7154],[20.4934,52.7217],[20.4744,52.7172],[20.4661,52.7324],[20.4472,52.7344],[20.4408,52.7393],[20.4254,52.7382],[20.4021,52.7302],[20.3824,52.7369],[20.393,52.748],[20.371,52.7484],[20.3508,52.7573],[20.3505,52.7721],[20.3256,52.7676],[20.3146,52.7691],[20.3006,52.7868],[20.2641,52.7773],[20.2452,52.7814],[20.2184,52.7947],[20.2119,52.8101],[20.2147,52.8236],[20.2401,52.8308],[20.2643,52.8475],[20.2376,52.8594],[20.2494,52.8701],[20.2235,52.8766],[20.218,52.8899],[20.2054,52.8877],[20.1876,52.8957],[20.1703,52.8965],[20.1623,52.8871],[20.147,52.8858],[20.1427,52.8832],[20.1442,52.864],[20.1283,52.8554],[20.1445,52.8514],[20.1328,52.8405],[20.1267,52.8261],[20.0877,52.8359],[20.0611,52.832],[20.0439,52.8361],[20.0268,52.8233],[20.0113,52.8401],[20.0167,52.8489],[20.0002,52.8541],[19.9915,52.828],[19.9983,52.827],[19.9986,52.8077],[19.9824,52.8122],[19.9699,52.8093],[19.9698,52.7984],[19.9627,52.7925],[19.9723,52.7821],[19.9641,52.7808],[19.964,52.7808],[19.9641,52.7808],[19.9753,52.7716],[20.0006,52.7757],[20.0258,52.7722],[20.0526,52.758],[20.0647,52.7595],[20.0598,52.7367],[20.0439,52.7304],[20.0421,52.7217],[20.0611,52.7152],[20.0597,52.7069],[20.0457,52.6989],[20.0633,52.6931],[20.0803,52.6968],[20.079,52.6891],[20.0945,52.682],[20.0885,52.6766],[20.0987,52.6692],[20.1114,52.6681],[20.1252,52.6829],[20.149,52.6794],[20.1619,52.6721],[20.1486,52.6537],[20.1668,52.65],[20.1476,52.6158],[20.1566,52.6024],[20.1554,52.5928],[20.1721,52.5825],[20.1631,52.568],[20.1869,52.5623],[20.2006,52.5472],[20.1937,52.5211],[20.1882,52.5133],[20.2079,52.5166],[20.2259,52.5134],[20.2236,52.5028],[20.2386,52.5064],[20.2334,52.496],[20.2423,52.4922],[20.2413,52.4782],[20.2463,52.4583],[20.2224,52.451],[20.2394,52.4436],[20.2312,52.4345],[20.2371,52.4199],[20.251,52.3986],[20.251,52.3881]]]},"properties":{"code":"1420","name":"powiat płoński","country":"PL","level":"district","parent":"14","grodzki":false,"type":"powiat"}},
{"type":"Feature","geometry":{"type":"Polygon","coordinates":[[[19.1286,52.0005],[19.115,52.0012],[19.1008,52.0117],[19.0778,52.0062],[19.0706,52.0143],[19.0526,52.0078],[19.0341,52.0055],[19.0312,52.0187],[19.0133,52.0167],[18.9979,52.0092],[18.9939,52.0151],[18.9624,52.0253],[18.9421,52.0116],[18.9317,52.0109],[18.9159,52.0175],[18.9168,52.0014],[18.87,52.0035],[18.8785,52.0067],[18.8617,52.0099],[18.8623,52.018],[18.8858,52.021],[18.8843,52.0424],[18.8605,52.039],[18.8397,52.0415],[18.8533,52.0487],[18.8358,52.0624],[18.8278,52.0642],[18.8192,52.0699],[18.7865,52.061],[18.7638,52.0675],[18.7528,52.0765],[18.7238,52.0649],[18.7179,52.0657],[18.7222,52.0539],[18.7165,52.0323],[18.7285,52.021],[18.726,52.0131],[18.7346,52.0027],[18.7176,51.995],[18.7334,51.9791],[18.7332,51.9682],[18.7155,51.9701],[18.7298,51.9547],[18.7382,51.9627],[18.7425,51.9371],[18.7679,51.9278],[18.7489,51.9076],[18.7368,51.901],[18.7365,51.8922],[18.721,51.8735],[18.6968,51.8657],[18.701,51.8529],[18.6928,51.8451],[18.6857,51.821],[18.683,51.8112],[18.6683,51.8018],[18.6678,51.7854],[18.661,51.7851],[18.6634,51.7723],[18.6567,51.7675],[18.6551,51.7472],[18.6764,51.7416],[18.6923,51.7422],[18.7344,51.7347],[18.7342,51.7436],[18.7497,51.7489],[18.747,51.7588],[18.7609,51.7606],[18.7642,51.7496],[18.7834,51.746],[18.8395,51.7269],[18.8536,51.7202],[18.8613,51.7214],[18.8643,51.7309],[18.8804,51.7488],[18.9015,51.7545],[18.9276,51.7527],[18.9373,51.7466],[18.9689,51.7442],[18.9763,51.7487],[18.9857,51.7637],[19.0092,51.7734],[19.0216,51.7682],[19.047,51.7669],[19.056,51.7781],[19.0427,51.7878],[19.027,51.7908],[18.9989,51.8199],[19.0072,51.8266],[19.0236,51.8243],[19.0352,51.8289],[19.0626,51.8238],[19.0847,51.8302],[19.0887,51.8222],[19.1042,51.8191],[19.1082,51.8229],[19.1386,51.8251],[19.1399,51.8353],[19.1549,51.8464],[19.1496,51.8497],[19.1572,51.8718],[19.1786,51.875],[19.1905,51.8993],[19.1887,51.9172],[19.1736,51.9085],[19.162,51.9124],[19.1449,51.9057],[19.1357,51.9106],[19.1363,51.928],[19.1517,51.9647],[19.139,51.9755],[19.1275,51.9777],[19.1286,51.9899],[19.1205,51.9904],[19.1286,52.0005]]]},"properties":{"code":"1011","name":"powiat poddębicki","country":"PL","level":"district","parent":"10","grodzki":false,"type":"powiat"}},
{"type":"Feature","geometry":{"type":"Polygon","coordinates":[[[14.5543,53.3544],[14.5606,53.3594],[14.5864,53.3671],[14.5743,53.3714],[14.5388,53.3752],[14.5356,53.3824],[14.4918,53.3936],[14.4862,53.3909],[14.4714,53.4016],[14.4845,53.4072],[14.4845,53.4172],[14.471,53.4178],[14.483,53.4365],[14.4459,53.4442],[14.473,53.4498],[14.4615,53.4565],[14.47,53.4614],[14.4606,53.4764],[14.4439,53.4848],[14.4494,53.4948],[14.4645,53.497],[14.5064,53.4911],[14.5076,53.4958],[14.5541,53.4988],[14.5626,53.4973],[14.5844,53.5052],[14.5813,53.5177],[14.574,53.5233],[14.5536,53.5264],[14.5561,53.5328],[14.5705,53.5377],[14.5935,53.5312],[14.6058,53.5364],[14.6353,53.5339],[14.6329,53.5443],[14.6015,53.5591],[14.5976,53.575],[14.5984,53.5997],[14.5872,53.6034],[14.5738,53.6318],[14.5606,53.6502],[14.5328,53.6702],[14.523,53.6743],[14.498,53.7035],[14.3814,53.7686],[14.2741,53.7852],[14.2837,53.7724],[14.267,53.7535],[14.2739,53.7438],[14.2668,53.6987],[14.2837,53.6826],[14.2823,53.6743],[14.2708,53.6668],[14.2848,53.6587],[14.2839,53.6344],[14.3111,53.6184],[14.3169,53.6181],[14.3119,53.5797],[14.3139,53.5654],[14.3026,53.5534],[14.3058,53.5439],[14.3159,53.5369],[14.3158,53.5251],[14.3269,53.5038],[14.3507,53.496],[14.3581,53.4573],[14.3713,53.4564],[14.3687,53.4326],[14.3733,53.4089],[14.3893,53.3878],[14.3954,53.3692],[14.3903,53.3537],[14.4055,53.3471],[14.4154,53.3244],[14.4068,53.3087],[14.4149,53.3019],[14.4212,53.2761],[14.4452,53.2744],[14.4713,53.3153],[14.4853,53.3125],[14.492,53.3265],[14.5041,53.325],[14.5035,53.3358],[14.5204,53.3434],[14.5297,53.3425],[14.5502,53.3593],[14.5543,53.3544]]]},"properties":{"code":"3211","name":"powiat policki","country":"PL","level":"district","parent":"32","grodzki":false,"type":"powiat"}},
{"type":"Feature","geometry":{"type":"Polygon","coordinates":[[[16.0138,51.3275],[16.0261,51.3361],[16.0477,51.3333],[16.0799,51.3377],[16.0924,51.3458],[16.0741,51.3489],[16.0713,51.3551],[16.0799,51.3668],[16.0677,51.3711],[16.0695,51.3808],[16.0981,51.3837],[16.102,51.3964],[16.1086,51.4005],[16.0976,51.4182],[16.088,51.4166],[16.0714,51.4378],[16.073,51.453],[16.0887,51.4645],[16.1062,51.4681],[16.1131,51.4639],[16.1241,51.4714],[16.1354,51.468],[16.1368,51.4578],[16.1522,51.4596],[16.1624,51.454],[16.1859,51.4572],[16.1963,51.4715],[16.1971,51.4849],[16.1831,51.4802],[16.1779,51.4897],[16.1864,51.5121],[16.2008,51.5113],[16.2102,51.5246],[16.2435,51.5221],[16.2509,51.5387],[16.2702,51.5444],[16.2607,51.5569],[16.2684,51.566],[16.3212,51.5705],[16.3176,51.583],[16.3277,51.5984],[16.3037,51.613],[16.2825,51.6106],[16.2606,51.6162],[16.2384,51.6168],[16.2159,51.6334],[16.1876,51.6263],[16.1953,51.6184],[16.1789,51.6115],[16.1706,51.6174],[16.1421,51.6169],[16.1431,51.6117],[16.1172,51.6089],[16.0994,51.6146],[16.0858,51.6105],[16.0818,51.6018],[16.096,51.6002],[16.0985,51.5908],[16.0875,51.5835],[16.0845,51.5743],[16.0947,51.5608],[16.0756,51.563],[16.0697,51.5562],[16.0332,51.5598],[16.0206,51.5561],[16.0026,51.5379],[15.9819,51.5473],[15.9626,51.5459],[15.9732,51.5568],[15.9851,51.5613],[16.0009,51.5868],[16.0179,51.6032],[16.0099,51.613],[15.9989,51.6156],[15.9724,51.6096],[15.9578,51.6138],[15.9692,51.6183],[15.9708,51.6258],[15.9625,51.6385],[15.9405,51.6408],[15.9487,51.6477],[15.9364,51.6493],[15.9331,51.6631],[15.9208,51.6606],[15.9225,51.6676],[15.9125,51.6717],[15.8625,51.6707],[15.8497,51.6652],[15.8427,51.6612],[15.8562,51.6573],[15.8526,51.6495],[15.8366,51.6442],[15.8304,51.6368],[15.834,51.6222],[15.8158,51.6029],[15.8239,51.5738],[15.77,51.5697],[15.7428,51.556],[15.7237,51.5522],[15.7069,51.5561],[15.7032,51.5464],[15.7123,51.5465],[15.7108,51.5237],[15.714,51.5174],[15.7298,51.5124],[15.7544,51.5131],[15.7793,51.5072],[15.7793,51.5024],[15.8075,51.5026],[15.8102,51.4933],[15.8015,51.4909],[15.8246,51.4833],[15.8296,51.4758],[15.8452,51.4659],[15.8514,51.4544],[15.8222,51.4507],[15.816,51.4296],[15.8167,51.4085],[15.8282,51.4002],[15.8445,51.3948],[15.8497,51.388],[15.8403,51.3836],[15.8615,51.3733],[15.8772,51.3693],[15.8896,51.3705],[15.8937,51.3631],[15.9061,51.3634],[15.9267,51.3494],[15.9224,51.3445],[15.9458,51.3375],[15.9537,51.3435],[15.9717,51.3372],[15.9863,51.3366],[15.9973,51.329],[16.0138,51.3275]]]},"properties":{"code":"0216","name":"powiat polkowicki","country":"PL","level":"district","parent":"02","grodzki":false,"type":"powiat"}},
{"type":"Feature","geometry":{"type":"Polygon","coordinates":[[[16.7794,52.4592],[16.8008,52.4373],[16.8022,52.4256],[16.7951,52.4108],[16.7974,52.4023],[16.8109,52.3907],[16.7902,52.3764],[16.8259,52.378],[16.8341,52.3704],[16.8252,52.3567],[16.842,52.3442],[16.8662,52.359],[16.8885,52.3541],[16.9028,52.3552],[16.9007,52.3371],[16.926,52.3297],[16.9264,52.3193],[16.9476,52.3107],[16.9564,52.3146],[16.9642,52.308],[16.9959,52.2919],[17.003,52.2959],[16.9932,52.3074],[17.0021,52.3125],[16.9835,52.324],[16.9997,52.3373],[17.0121,52.3369],[17.0377,52.329],[17.0519,52.3451],[17.0586,52.3575],[17.0488,52.3855],[17.0495,52.3943],[17.0369,52.402],[17.0655,52.4163],[17.0657,52.4278],[17.054,52.421],[17.0398,52.4287],[17.0116,52.428],[17.0088,52.4324],[17.0259,52.4388],[17.019,52.4483],[17.0094,52.4395],[16.9757,52.4415],[16.9712,52.4522],[16.9798,52.4587],[16.972,52.474],[16.9751,52.4888],[16.9708,52.5025],[16.9465,52.507],[16.9436,52.5008],[16.9269,52.501],[16.9078,52.4951],[16.9072,52.5005],[16.8882,52.4947],[16.8889,52.4789],[16.9012,52.4717],[16.8962,52.4653],[16.864,52.4656],[16.8538,52.4752],[16.8434,52.4767],[16.8305,52.4694],[16.7956,52.481],[16.7929,52.474],[16.7831,52.4825],[16.7574,52.476],[16.7392,52.4653],[16.7378,52.4585],[16.7529,52.4554],[16.7779,52.4667],[16.7794,52.4592]]]},"properties":{"code":"3064","name":"powiat Poznań","country":"PL","level":"district","parent":"30","grodzki":true,"type":"miasto na prawach powiatu"}},
{"type":"Feature","geometry":{"type":"Polygon","coordinates":[[[16.8007,52.1767],[16.8171,52.1835],[16.8255,52.1804],[16.8499,52.1866],[16.8722,52.1824],[16.884,52.1856],[16.8941,52.1975],[16.9143,52.1943],[16.9245,52.1858],[16.9453,52.1797],[16.9467,52.1674],[16.9777,52.1854],[16.9908,52.1847],[17.0067,52.1711],[17.0353,52.1631],[17.037,52.152],[17.0573,52.167],[17.0658,52.1688],[17.0832,52.1806],[17.0984,52.1838],[17.1171,52.1914],[17.1277,52.1879],[17.148,52.1966],[17.1537,52.2049],[17.1301,52.2164],[17.1776,52.2277],[17.1451,52.2457],[17.1206,52.2354],[17.1114,52.243],[17.1453,52.255],[17.1553,52.2513],[17.1708,52.2645],[17.1829,52.2572],[17.1977,52.2694],[17.1881,52.2759],[17.1925,52.284],[17.2157,52.281],[17.2279,52.2914],[17.2406,52.3119],[17.258,52.3123],[17.2811,52.3193],[17.2767,52.3307],[17.3127,52.3299],[17.3223,52.3402],[17.3345,52.3363],[17.328,52.3486],[17.3687,52.3453],[17.3664,52.3649],[17.3579,52.3673],[17.3751,52.379],[17.3468,52.4033],[17.3642,52.4157],[17.3818,52.4188],[17.3876,52.419],[17.3977,52.4402],[17.3769,52.4515],[17.3703,52.4665],[17.3599,52.4637],[17.3468,52.4687],[17.3384,52.4787],[17.343,52.4851],[17.355,52.4852],[17.3604,52.4934],[17.3216,52.5047],[17.3563,52.5255],[17.3506,52.5344],[17.3323,52.5361],[17.304,52.5463],[17.3023,52.5406],[17.2794,52.5376],[17.2623,52.5501],[17.2492,52.5504],[17.2351,52.5426],[17.2189,52.5416],[17.1863,52.553],[17.1832,52.5664],[17.1604,52.5594],[17.1514,52.574],[17.1303,52.5668],[17.1243,52.5857],[17.1185,52.5915],[17.12,52.6023],[17.1278,52.6046],[17.1223,52.6133],[17.1326,52.6197],[17.122,52.6277],[17.1008,52.6234],[17.0755,52.6406],[17.0443,52.6314],[17.0482,52.6431],[17.058,52.6417],[17.0611,52.6613],[17.0538,52.6691],[17.0329,52.6762],[16.9946,52.6696],[16.9718,52.6573],[16.9648,52.6482],[16.9284,52.6546],[16.9181,52.6346],[16.9019,52.6325],[16.8934,52.6221],[16.9209,52.6132],[16.9245,52.6064],[16.9431,52.5985],[16.9353,52.5932],[16.9262,52.5998],[16.8973,52.5842],[16.8838,52.5841],[16.8546,52.571],[16.8463,52.5787],[16.8067,52.57],[16.7801,52.567],[16.7866,52.5567],[16.7821,52.5449],[16.7642,52.5456],[16.7599,52.5691],[16.7348,52.5727],[16.7298,52.5661],[16.7408,52.5595],[16.734,52.5414],[16.7251,52.5407],[16.7166,52.5288],[16.7221,52.5218],[16.7094,52.5185],[16.7048,52.5317],[16.6846,52.5348],[16.67,52.5298],[16.6415,52.5264],[16.6525,52.5218],[16.6494,52.5143],[16.6289,52.4943],[16.624,52.4742],[16.6146,52.4734],[16.6096,52.4598],[16.6032,52.46],[16.608,52.4452],[16.602,52.4414],[16.5882,52.4473],[16.5849,52.4422],[16.5666,52.4404],[16.5553,52.4342],[16.5725,52.4361],[16.5992,52.4198],[16.6005,52.4122],[16.5765,52.4121],[16.584,52.3976],[16.567,52.381],[16.5555,52.3789],[16.5482,52.3921],[16.528,52.3898],[16.521,52.4008],[16.507,52.3918],[16.51,52.3837],[16.486,52.3808],[16.4808,52.3738],[16.4607,52.3766],[16.4536,52.3609],[16.4659,52.357],[16.4784,52.347],[16.5104,52.3386],[16.4965,52.3231],[16.4995,52.315],[16.4815,52.3066],[16.4678,52.304],[16.4876,52.2992],[16.5056,52.3009],[16.5063,52.2886],[16.4998,52.2777],[16.5127,52.2699],[16.5136,52.2745],[16.544,52.2745],[16.5655,52.279],[16.572,52.284],[16.5887,52.2811],[16.604,52.2707],[16.6074,52.2565],[16.5891,52.2363],[16.574,52.2302],[16.581,52.2213],[16.5952,52.2157],[16.5922,52.2032],[16.6001,52.1929],[16.5895,52.1833],[16.603,52.1711],[16.629,52.1799],[16.626,52.1894],[16.6501,52.1938],[16.6622,52.2091],[16.6844,52.2092],[16.7102,52.1936],[16.723,52.2083],[16.7413,52.2155],[16.7571,52.2085],[16.7813,52.2029],[16.7746,52.1851],[16.7853,52.1785],[16.8007,52.1767]],[[16.7794,52.4592],[16.7779,52.4667],[16.7529,52.4554],[16.7378,52.4585],[16.7392,52.4653],[16.7574,52.476],[16.7831,52.4825],[16.7929,52.474],[16.7956,52.481],[16.8305,52.4694],[16.8434,52.4767],[16.8538,52.4752],[16.864,52.4656],[16.8962,52.4653],[16.9012,52.4717],[16.8889,52.4789],[16.8882,52.4947],[16.9072,52.5005],[16.9078,52.4951],[16.9269,52.501],[16.9436,52.5008],[16.9465,52.507],[16.9708,52.5025],[16.9751,52.4888],[16.972,52.474],[16.9798,52.4587],[16.9712,52.4522],[16.9757,52.4415],[17.0094,52.4395],[17.019,52.4483],[17.0259,52.4388],[17.0088,52.4324],[17.0116,52.428],[17.0398,52.4287],[17.054,52.421],[17.0657,52.4278],[17.0655,52.4163],[17.0369,52.402],[17.0495,52.3943],[17.0488,52.3855],[17.0586,52.3575],[17.0519,52.3451],[17.0377,52.329],[17.0121,52.3369],[16.9997,52.3373],[16.9835,52.324],[17.0021,52.3125],[16.9932,52.3074],[17.003,52.2959],[16.9959,52.2919],[16.9642,52.308],[16.9564,52.3146],[16.9476,52.3107],[16.9264,52.3193],[16.926,52.3297],[16.9007,52.3371],[16.9028,52.3552],[16.8885,52.3541],[16.8662,52.359],[16.842,52.3442],[16.8252,52.3567],[16.8341,52.3704],[16.8259,52.378],[16.7902,52.3764],[16.8109,52.3907],[16.7974,52.4023],[16.7951,52.4108],[16.8022,52.4256],[16.8008,52.4373],[16.7794,52.4592]]]},"properties":{"code":"3021","name":"powiat poznański","country":"PL","level":"district","parent":"30","grodzki":false,"type":"powiat"}},
{"type":"Feature","geometry":{"type":"Polygon","coordinates":[[[20.6815,50.2059],[20.6521,50.2045],[20.6328,50.2104],[20.624,50.2007],[20.6065,50.2045],[20.5935,50.2016],[20.5724,50.1866],[20.5576,50.2015],[20.5392,50.1974],[20.5401,50.1912],[20.5129,50.186],[20.5117,50.1893],[20.4903,50.1929],[20.4697,50.2008],[20.4687,50.1966],[20.4535,50.1979],[20.4372,50.1929],[20.4155,50.1912],[20.4102,50.2118],[20.3847,50.2076],[20.3744,50.2169],[20.3743,50.2272],[20.3975,50.2415],[20.3676,50.2487],[20.353,50.2636],[20.3331,50.2675],[20.3323,50.2721],[20.3617,50.2811],[20.3565,50.2889],[20.341,50.2871],[20.344,50.3054],[20.3327,50.3045],[20.3279,50.3186],[20.2926,50.3222],[20.2927,50.309],[20.2683,50.3089],[20.2699,50.3032],[20.2499,50.3053],[20.2399,50.3003],[20.1936,50.2994],[20.1769,50.2901],[20.1734,50.2759],[20.1382,50.2709],[20.1263,50.2606],[20.1353,50.2416],[20.1452,50.2377],[20.1541,50.2268],[20.1634,50.2284],[20.1557,50.2042],[20.1656,50.2026],[20.1648,50.1952],[20.1749,50.1868],[20.1608,50.1795],[20.1698,50.1704],[20.1481,50.1621],[20.146,50.155],[20.1762,50.1498],[20.1882,50.143],[20.1947,50.1337],[20.2045,50.1297],[20.2013,50.1204],[20.2091,50.1156],[20.2348,50.1111],[20.2628,50.1201],[20.266,50.1345],[20.2774,50.1306],[20.2827,50.1461],[20.2766,50.1574],[20.2844,50.1593],[20.3065,50.1547],[20.3226,50.159],[20.3324,50.1455],[20.3187,50.1374],[20.3218,50.1223],[20.3387,50.1226],[20.3538,50.1171],[20.3692,50.1136],[20.3856,50.123],[20.4039,50.1262],[20.3994,50.1364],[20.4089,50.1431],[20.4197,50.135],[20.4429,50.1425],[20.4521,50.1331],[20.4737,50.1384],[20.4943,50.1339],[20.5111,50.1385],[20.5346,50.1461],[20.5608,50.1405],[20.5681,50.1483],[20.5878,50.1397],[20.5893,50.1516],[20.6052,50.1516],[20.6215,50.1645],[20.636,50.1699],[20.6662,50.1965],[20.6815,50.2008],[20.6815,50.2059]]]},"properties":{"code":"1214","name":"powiat proszowicki","country":"PL","level":"district","parent":"12","grodzki":false,"type":"powiat"}},
{"type":"Feature","geometry":{"type":"Polygon","coordinates":[[[17.9191,50.2651],[17.9218,50.2768],[17.9295,50.2741],[17.9354,50.2888],[17.9185,50.2926],[17.9113,50.3037],[17.9373,50.3151],[17.947,50.3164],[17.9545,50.3259],[17.9626,50.3176],[17.9838,50.3218],[18.015,50.3241],[18.029,50.3229],[18.0323,50.346],[18.0217,50.3579],[18.0142,50.3514],[18.0066,50.3567],[17.9869,50.3551],[17.9656,50.3592],[17.9466,50.3548],[17.9458,50.3591],[17.9278,50.3623],[17.92,50.3499],[17.9185,50.3653],[17.9244,50.3725],[17.8867,50.3813],[17.8886,50.3885],[17.8763,50.3885],[17.8715,50.3971],[17.89,50.4062],[17.8816,50.4056],[17.8574,50.4123],[17.8329,50.3964],[17.8293,50.3974],[17.8464,50.4196],[17.8291,50.4263],[17.8188,50.425],[17.8238,50.4185],[17.8165,50.4099],[17.8064,50.4129],[17.7953,50.4088],[17.7944,50.4167],[17.775,50.423],[17.7659,50.4083],[17.7535,50.4212],[17.7515,50.4337],[17.7616,50.4393],[17.7642,50.4623],[17.7581,50.4725],[17.7575,50.4858],[17.7788,50.5006],[17.8138,50.5302],[17.763,50.5546],[17.701,50.5019],[17.7228,50.4927],[17.7194,50.4866],[17.7014,50.4866],[17.6925,50.4905],[17.6872,50.4851],[17.6671,50.4857],[17.6701,50.4574],[17.6566,50.4558],[17.6518,50.4485],[17.6343,50.4488],[17.628,50.4401],[17.6075,50.433],[17.6046,50.4275],[17.5765,50.4122],[17.5538,50.4034],[17.545,50.3955],[17.5243,50.4125],[17.5011,50.4012],[17.4791,50.3964],[17.47,50.3812],[17.4476,50.3847],[17.4637,50.3696],[17.455,50.3678],[17.4569,50.3385],[17.4641,50.3292],[17.4516,50.3205],[17.4518,50.2977],[17.4703,50.2928],[17.4857,50.2784],[17.5048,50.2747],[17.549,50.27],[17.5733,50.275],[17.5866,50.278],[17.5867,50.278],[17.5866,50.278],[17.5867,50.278],[17.5977,50.2737],[17.5978,50.2737],[17.5977,50.2737],[17.5978,50.2737],[17.5993,50.2703],[17.5994,50.2703],[17.5993,50.2703],[17.5994,50.2703],[17.6173,50.2669],[17.6508,50.2778],[17.668,50.2908],[17.6891,50.3019],[17.6869,50.328],[17.713,50.3226],[17.7225,50.3177],[17.7291,50.3034],[17.7514,50.2995],[17.752,50.2995],[17.7693,50.3013],[17.7806,50.3074],[17.7968,50.3081],[17.792,50.316],[17.8175,50.3193],[17.8202,50.3085],[17.8366,50.2893],[17.8274,50.2817],[17.8618,50.2777],[17.8813,50.2864],[17.9098,50.2757],[17.9191,50.2651]]]},"properties":{"code":"1610","name":"powiat prudnicki","country":"PL","level":"district","parent":"16","grodzki":false,"type":"powiat"}},
{"type":"Feature","geometry":{"type":"Polygon","coordinates":[[[20.8531,52.1972],[20.8286,52.1966],[20.816,52.1911],[20.7856,52.1933],[20.775,52.1905],[20.7664,52.2011],[20.7631,52.196],[20.7479,52.1995],[20.7402,52.1876],[20.699,52.1899],[20.6958,52.1823],[20.6787,52.1871],[20.6551,52.1806],[20.6507,52.1755],[20.6413,52.1814],[20.6384,52.1698],[20.6308,52.1652],[20.6699,52.159],[20.6544,52.1503],[20.6694,52.1468],[20.6804,52.1294],[20.7028,52.1368],[20.7101,52.1301],[20.7245,52.1311],[20.7482,52.1269],[20.7462,52.1183],[20.7753,52.1147],[20.7808,52.0979],[20.7935,52.0926],[20.7846,52.0892],[20.7803,52.0959],[20.7541,52.0943],[20.7445,52.1107],[20.7306,52.1151],[20.7148,52.1137],[20.7017,52.1252],[20.7017,52.1158],[20.6905,52.0969],[20.7154,52.0938],[20.7345,52.0831],[20.73,52.0678],[20.7334,52.0625],[20.7232,52.0471],[20.7409,52.0396],[20.763,52.0164],[20.7722,52.0006],[20.8002,52.0134],[20.8121,52.0221],[20.8141,52.0361],[20.8347,52.0343],[20.8288,52.0419],[20.8097,52.0515],[20.811,52.0602],[20.8265,52.067],[20.8396,52.0618],[20.8565,52.0632],[20.854,52.0724],[20.8638,52.0708],[20.8616,52.09],[20.8822,52.0931],[20.8916,52.091],[20.9022,52.1023],[20.9154,52.1001],[20.9125,52.111],[20.9369,52.1206],[20.9537,52.1106],[20.9643,52.1191],[20.9864,52.1176],[20.9799,52.128],[20.985,52.1391],[20.9623,52.1482],[20.9538,52.1561],[20.9239,52.1663],[20.9147,52.1856],[20.8977,52.1825],[20.8672,52.1825],[20.8671,52.1908],[20.856,52.1878],[20.8531,52.1972]]]},"properties":{"code":"1421","name":"powiat pruszkowski","country":"PL","level":"district","parent":"14","grodzki":false,"type":"powiat"}},
{"type":"Feature","geometry":{"type":"Polygon","coordinates":[[[21.0539,53.3343],[21.0312,53.3513],[21.001,53.3567],[20.9917,53.3614],[20.9744,53.3543],[20.9473,53.3551],[20.9363,53.3598],[20.9095,53.3427],[20.9207,53.3353],[20.9195,53.3257],[20.9269,53.3202],[20.9065,53.3207],[20.9061,53.3102],[20.8722,53.3211],[20.8732,53.3125],[20.8578,53.3036],[20.8472,53.2925],[20.8248,53.3044],[20.7987,53.3059],[20.7916,53.3095],[20.771,53.3115],[20.7646,53.3156],[20.7517,53.313],[20.7425,53.318],[20.7455,53.3073],[20.7366,53.3045],[20.7138,53.3093],[20.7139,53.2999],[20.6924,53.3026],[20.6872,53.2871],[20.676,53.2695],[20.6744,53.2621],[20.6847,53.2515],[20.6788,53.2494],[20.6913,53.2351],[20.7083,53.2255],[20.6907,53.2189],[20.6991,53.2029],[20.7116,53.2008],[20.72,53.1828],[20.7077,53.1798],[20.7076,53.1647],[20.7006,53.1634],[20.7001,53.1384],[20.6881,53.1347],[20.703,53.124],[20.7146,53.1231],[20.7264,53.1071],[20.7146,53.0995],[20.6928,53.096],[20.6914,53.0895],[20.6654,53.087],[20.6719,53.0769],[20.6826,53.0745],[20.6799,53.0548],[20.683,53.0482],[20.6752,53.0402],[20.683,53.0319],[20.6688,53.0258],[20.6846,53.018],[20.6992,52.9879],[20.7245,52.9952],[20.7273,52.9867],[20.7501,52.9844],[20.7532,52.98],[20.7758,52.9838],[20.7826,52.9772],[20.801,52.98],[20.8021,52.9649],[20.7738,52.9498],[20.7856,52.9436],[20.8066,52.943],[20.8056,52.932],[20.827,52.9238],[20.8182,52.9189],[20.8241,52.9112],[20.8361,52.908],[20.8305,52.8972],[20.8377,52.8896],[20.8508,52.8874],[20.851,52.8764],[20.8617,52.8699],[20.8921,52.8641],[20.8914,52.8752],[20.91,52.8903],[20.9125,52.8787],[20.9413,52.8763],[20.9395,52.8846],[20.9508,52.8866],[20.9767,52.8818],[21,52.8974],[21.0117,52.8937],[21.0176,52.8997],[21.0054,52.9056],[21.0097,52.9116],[20.9984,52.9126],[20.9726,52.9413],[21.0245,52.9456],[21.0385,52.9454],[21.0332,52.9634],[21.036,52.9787],[21.0261,52.9777],[21.0081,52.9857],[21.0021,52.9928],[21.008,53.0064],[20.9956,53.0103],[20.9972,53.0239],[21.0121,53.0421],[21.006,53.0504],[21.0237,53.0535],[21.0241,53.0596],[21.0627,53.0801],[21.0824,53.0825],[21.086,53.1077],[21.0936,53.1069],[21.1159,53.1189],[21.1256,53.1166],[21.1224,53.1389],[21.1311,53.1244],[21.1461,53.1372],[21.1682,53.1258],[21.1817,53.1146],[21.2143,53.1332],[21.1932,53.1509],[21.1549,53.159],[21.16,53.1663],[21.1468,53.174],[21.1528,53.1797],[21.1787,53.1811],[21.1817,53.184],[21.1554,53.1896],[21.1592,53.1953],[21.1768,53.1952],[21.1606,53.2058],[21.1736,53.209],[21.1635,53.217],[21.1685,53.2296],[21.1557,53.2379],[21.1666,53.2431],[21.1511,53.2499],[21.1554,53.2576],[21.1669,53.2533],[21.1684,53.2609],[21.1877,53.2636],[21.2021,53.2781],[21.186,53.2802],[21.1797,53.2891],[21.1625,53.293],[21.1412,53.3068],[21.1171,53.3061],[21.0872,53.3152],[21.0896,53.3208],[21.0643,53.3264],[21.0539,53.3343]]]},"properties":{"code":"1422","name":"powiat przasnyski","country":"PL","level":"district","parent":"14","grodzki":false,"type":"powiat"}},
{"type":"Feature","geometry":{"type":"Polygon","coordinates":[[[22.6861,49.5731],[22.7494,49.6313],[22.7833,49.6572],[22.7872,49.6765],[22.8056,49.6934],[22.8219,49.6945],[22.8478,49.7101],[22.8521,49.7204],[22.8734,49.7406],[22.8968,49.7518],[22.8979,49.7645],[22.9328,49.7933],[22.9619,49.8047],[22.9567,49.8111],[22.9707,49.8386],[22.9955,49.8422],[23.0333,49.8813],[23.0652,49.9084],[23.0928,49.9288],[23.0539,49.9243],[23.0557,49.9355],[23.0412,49.9344],[23.0342,49.9402],[22.9906,49.944],[22.9787,49.9495],[22.9601,49.9494],[22.9557,49.9236],[22.9398,49.9203],[22.9264,49.933],[22.9146,49.9327],[22.918,49.9081],[22.8913,49.9069],[22.8935,49.8877],[22.8573,49.8874],[22.8526,49.8982],[22.8423,49.8966],[22.8362,49.9063],[22.8172,49.9045],[22.8163,49.8962],[22.7962,49.9016],[22.7821,49.8954],[22.7633,49.8968],[22.7705,49.9088],[22.7564,49.9195],[22.7451,49.9159],[22.731,49.9183],[22.7224,49.9252],[22.7107,49.908],[22.6825,49.9037],[22.6718,49.8978],[22.6774,49.8819],[22.6742,49.8723],[22.6635,49.8655],[22.6218,49.8481],[22.5916,49.8374],[22.5674,49.8412],[22.5439,49.8386],[22.5163,49.8446],[22.4953,49.8431],[22.4795,49.8491],[22.458,49.8473],[22.4489,49.8577],[22.4578,49.8653],[22.4511,49.8725],[22.4366,49.8748],[22.4184,49.8883],[22.4184,49.8882],[22.4033,49.8905],[22.3774,49.889],[22.3574,49.8799],[22.3437,49.8857],[22.3282,49.8791],[22.3147,49.8791],[22.2991,49.8728],[22.3088,49.8701],[22.3043,49.8572],[22.3097,49.8533],[22.3002,49.8452],[22.3083,49.8335],[22.3037,49.8254],[22.3212,49.815],[22.3036,49.8006],[22.2942,49.8001],[22.3069,49.7883],[22.3177,49.7845],[22.3364,49.7666],[22.3267,49.7499],[22.3126,49.7531],[22.2945,49.7446],[22.2785,49.7266],[22.2577,49.7169],[22.2536,49.7097],[22.2666,49.7111],[22.2794,49.7049],[22.3049,49.7004],[22.3283,49.6998],[22.327,49.6857],[22.3236,49.6723],[22.3411,49.658],[22.3727,49.6463],[22.3923,49.6315],[22.3843,49.6264],[22.3827,49.613],[22.3904,49.6127],[22.4279,49.5932],[22.4444,49.5888],[22.4626,49.5899],[22.4715,49.5971],[22.4746,49.6106],[22.4855,49.6089],[22.4931,49.6168],[22.5152,49.6252],[22.5372,49.6374],[22.5277,49.6635],[22.5497,49.6664],[22.5597,49.6634],[22.569,49.6703],[22.5839,49.67],[22.5842,49.6512],[22.5965,49.6355],[22.5933,49.6333],[22.6035,49.6166],[22.5951,49.6093],[22.6104,49.6111],[22.6216,49.601],[22.6186,49.5923],[22.6315,49.595],[22.6356,49.5893],[22.6639,49.5932],[22.6847,49.5792],[22.6861,49.5731]],[[22.7635,49.8082],[22.7921,49.8124],[22.8078,49.8063],[22.7929,49.8015],[22.8015,49.7928],[22.8336,49.795],[22.8485,49.7841],[22.8451,49.7679],[22.8249,49.7715],[22.8204,49.76],[22.8126,49.7549],[22.7817,49.7509],[22.7754,49.7464],[22.7381,49.7601],[22.7307,49.7588],[22.7241,49.7487],[22.7131,49.7599],[22.7226,49.7685],[22.7366,49.7702],[22.7221,49.782],[22.7312,49.7862],[22.7249,49.7906],[22.7358,49.8052],[22.7281,49.8206],[22.7434,49.8182],[22.7501,49.8104],[22.7635,49.8082]]]},"properties":{"code":"1813","name":"powiat przemyski","country":"PL","level":"district","parent":"18","grodzki":false,"type":"powiat"}},
{"type":"Feature","geometry":{"type":"Polygon","coordinates":[[[20.2926,50.3222],[20.3279,50.3186],[20.3327,50.3045],[20.344,50.3054],[20.341,50.2871],[20.3565,50.2889],[20.3617,50.2811],[20.3323,50.2721],[20.3331,50.2675],[20.353,50.2636],[20.3676,50.2487],[20.3975,50.2415],[20.3743,50.2272],[20.3744,50.2169],[20.3847,50.2076],[20.4102,50.2118],[20.4155,50.1912],[20.4372,50.1929],[20.4535,50.1979],[20.4687,50.1966],[20.4697,50.2008],[20.4903,50.1929],[20.5117,50.1893],[20.5129,50.186],[20.5401,50.1912],[20.5392,50.1974],[20.5576,50.2015],[20.5724,50.1866],[20.5935,50.2016],[20.6065,50.2045],[20.624,50.2007],[20.6328,50.2104],[20.6521,50.2045],[20.6815,50.2059],[20.6797,50.2144],[20.7036,50.2182],[20.7062,50.2252],[20.7295,50.2309],[20.728,50.2428],[20.728,50.2503],[20.7543,50.2654],[20.768,50.2683],[20.7747,50.2777],[20.7248,50.284],[20.7182,50.2809],[20.6966,50.2846],[20.6881,50.2897],[20.6932,50.309],[20.7047,50.3145],[20.6942,50.3205],[20.683,50.3107],[20.6721,50.3077],[20.6434,50.3145],[20.6454,50.3177],[20.6265,50.3313],[20.6054,50.3322],[20.5795,50.3296],[20.5669,50.3387],[20.543,50.3387],[20.5335,50.3489],[20.5296,50.3642],[20.5187,50.3659],[20.5176,50.3737],[20.5012,50.3868],[20.4867,50.3908],[20.469,50.3894],[20.4639,50.3847],[20.4687,50.369],[20.4407,50.3636],[20.4256,50.3531],[20.4081,50.3543],[20.3878,50.3595],[20.3732,50.3564],[20.3614,50.3469],[20.3705,50.3421],[20.3632,50.3333],[20.352,50.3376],[20.3246,50.3382],[20.3053,50.3359],[20.2925,50.328],[20.2926,50.3222]]]},"properties":{"code":"2603","name":"powiat kazimierski","country":"PL","level":"district","parent":"26","grodzki":false,"type":"powiat"}},
{"type":"Feature","geometry":{"type":"Polygon","coordinates":[[[18.0598,50.1747],[18.071,50.1706],[18.1011,50.1777],[18.1105,50.1673],[18.1228,50.1748],[18.1205,50.1792],[18.1335,50.1844],[18.1456,50.1795],[18.1623,50.1892],[18.186,50.181],[18.1853,50.1869],[18.2051,50.1903],[18.2491,50.1926],[18.2356,50.201],[18.2367,50.2142],[18.2524,50.2226],[18.2713,50.2204],[18.2752,50.2249],[18.3084,50.2313],[18.313,50.2407],[18.3262,50.2412],[18.3469,50.2473],[18.3621,50.2473],[18.354,50.2576],[18.3766,50.2539],[18.4059,50.2548],[18.4258,50.249],[18.4202,50.2615],[18.427,50.2687],[18.4061,50.2771],[18.3939,50.2754],[18.4076,50.2899],[18.3932,50.3054],[18.3921,50.3134],[18.409,50.3172],[18.3981,50.3232],[18.4001,50.3313],[18.3868,50.3424],[18.3733,50.3463],[18.3577,50.3566],[18.3034,50.3978],[18.2986,50.4047],[18.2902,50.4012],[18.2756,50.3871],[18.2293,50.3953],[18.2297,50.3831],[18.1889,50.3766],[18.177,50.3846],[18.1535,50.3866],[18.1255,50.3705],[18.1096,50.3752],[18.1124,50.39],[18.1015,50.4062],[18.1064,50.4118],[18.098,50.4156],[18.0857,50.4096],[18.0679,50.4169],[18.0625,50.4099],[18.0491,50.4048],[18.0589,50.3956],[18.0416,50.3919],[18.0346,50.3859],[18.0344,50.3753],[18.0558,50.3675],[18.06,50.3615],[18.0498,50.3433],[18.0323,50.346],[18.029,50.3229],[18.015,50.3241],[17.9838,50.3218],[17.9626,50.3176],[17.9545,50.3259],[17.947,50.3164],[17.9373,50.3151],[17.9113,50.3037],[17.9185,50.2926],[17.9354,50.2888],[17.9295,50.2741],[17.9218,50.2768],[17.9191,50.2651],[17.9229,50.2587],[17.9252,50.235],[17.9184,50.2273],[17.927,50.2113],[17.9598,50.2187],[17.9786,50.2049],[17.972,50.1857],[17.9992,50.1841],[18.0356,50.1709],[18.0523,50.1799],[18.0598,50.1747]]]},"properties":{"code":"1603","name":"powiat kędzierzyńsko-kozielski","country":"PL","level":"district","parent":"16","grodzki":false,"type":"powiat"}},
{"type":"Feature","geometry":{"type":"Polygon","coordinates":[[[17.9395,51.1089],[18.0151,51.1271],[18.0394,51.131],[18.0754,51.147],[18.0705,51.1556],[18.0782,51.1662],[18.1044,51.1535],[18.126,51.1691],[18.137,51.172],[18.1637,51.1725],[18.1736,51.1919],[18.1621,51.1923],[18.1652,51.2123],[18.1796,51.2222],[18.1749,51.2382],[18.1675,51.2429],[18.1703,51.2714],[18.1507,51.2732],[18.1533,51.264],[18.138,51.2641],[18.1264,51.2689],[18.11,51.2602],[18.1034,51.2683],[18.1159,51.2775],[18.1031,51.2804],[18.105,51.2855],[18.12,51.2866],[18.1098,51.2932],[18.1128,51.3108],[18.0924,51.3257],[18.0934,51.3411],[18.0745,51.3499],[18.0986,51.362],[18.0832,51.3836],[18.0689,51.3787],[18.0565,51.3838],[18.0609,51.3893],[18.0476,51.3934],[18.0037,51.3651],[18.0045,51.3531],[17.9941,51.3458],[17.9806,51.3551],[17.9688,51.3492],[17.96,51.3387],[17.9395,51.3462],[17.9229,51.3658],[17.9055,51.3494],[17.8872,51.3471],[17.878,51.3514],[17.8694,51.3375],[17.8576,51.3383],[17.8346,51.3307],[17.8465,51.3253],[17.8274,51.3193],[17.8252,51.3086],[17.8343,51.3028],[17.8244,51.294],[17.8035,51.2931],[17.805,51.3033],[17.7733,51.3053],[17.7605,51.3097],[17.7662,51.3006],[17.7503,51.2907],[17.7516,51.2812],[17.7382,51.2757],[17.7491,51.2705],[17.7429,51.2546],[17.7452,51.2416],[17.7541,51.2352],[17.7566,51.2164],[17.775,51.1989],[17.7953,51.1941],[17.8121,51.188],[17.8278,51.1933],[17.8422,51.1889],[17.8512,51.1724],[17.8328,51.1431],[17.8132,51.1381],[17.8199,51.121],[17.8517,51.1128],[17.8753,51.1118],[17.8854,51.1037],[17.9056,51.107],[17.9223,51.114],[17.9395,51.1089]]]},"properties":{"code":"3008","name":"powiat kępiński","country":"PL","level":"district","parent":"30","grodzki":false,"type":"powiat"}},
{"type":"Feature","geometry":{"type":"Polygon","coordinates":[[[21.1277,53.9385],[21.1465,53.9595],[21.1717,53.9578],[21.1807,53.9382],[21.1938,53.9427],[21.2151,53.9421],[21.2377,53.9471],[21.232,53.9548],[21.2327,53.9699],[21.2539,53.9752],[21.2793,53.978],[21.3126,53.9945],[21.3308,53.98],[21.3496,53.9938],[21.384,53.9958],[21.4077,53.9678],[21.4356,53.9763],[21.4586,53.9599],[21.481,53.9663],[21.4888,53.9782],[21.514,53.9866],[21.5372,53.9852],[21.5515,53.9973],[21.5504,54.0189],[21.5414,54.0172],[21.5497,54.0416],[21.5407,54.0575],[21.5619,54.0662],[21.5622,54.0808],[21.5587,54.0874],[21.5437,54.0895],[21.5311,54.1227],[21.5342,54.1289],[21.5567,54.1304],[21.545,54.1439],[21.5737,54.1464],[21.5779,54.1631],[21.5667,54.1702],[21.5537,54.1857],[21.595,54.1956],[21.6023,54.2201],[21.586,54.2232],[21.5829,54.2152],[21.5646,54.2245],[21.5644,54.2347],[21.5379,54.2435],[21.5382,54.2621],[21.5506,54.2738],[21.5645,54.2779],[21.5619,54.3008],[21.5505,54.3065],[21.5512,54.3162],[21.5593,54.3226],[21.5528,54.3252],[21.4958,54.324],[21.4461,54.3182],[21.437,54.3262],[21.3935,54.3279],[21.3795,54.3311],[21.3239,54.3294],[21.3029,54.3335],[21.2744,54.3284],[21.2205,54.3348],[21.2103,54.3299],[21.217,54.3125],[21.1981,54.3082],[21.1984,54.3003],[21.1804,54.3001],[21.1671,54.2958],[21.1635,54.2854],[21.1729,54.2779],[21.1852,54.2757],[21.1793,54.26],[21.1525,54.2608],[21.139,54.2569],[21.1214,54.2764],[21.0972,54.2842],[21.0928,54.2567],[21.0578,54.2589],[21.0307,54.2243],[21.0554,54.2142],[21.0568,54.1975],[21.046,54.1931],[21.0477,54.1782],[21.0337,54.1788],[21.0301,54.1681],[21.0371,54.1666],[21.0334,54.1446],[21.022,54.1324],[21.0247,54.1236],[21.0574,54.1283],[21.067,54.1195],[21.0964,54.1042],[21.1107,54.0902],[21.0992,54.0911],[21.0696,54.0828],[21.0882,54.0609],[21.0727,54.0528],[21.0818,54.0463],[21.0821,54.0371],[21.0864,53.9978],[21.1026,53.9997],[21.1229,53.9866],[21.117,53.9776],[21.117,53.9644],[21.1063,53.9603],[21.1132,53.9507],[21.109,53.9435],[21.1277,53.9385]]]},"properties":{"code":"2808","name":"powiat kętrzyński","country":"PL","level":"district","parent":"28","grodzki":false,"type":"powiat"}},
{"type":"Feature","geometry":{"type":"Polygon","coordinates":[[[20.6774,50.8629],[20.6776,50.8843],[20.6912,50.8826],[20.6979,50.8895],[20.6768,50.896],[20.6931,50.9001],[20.6817,50.903],[20.6851,50.911],[20.6628,50.9115],[20.66,50.9034],[20.628,50.9056],[20.6032,50.915],[20.5815,50.9084],[20.5499,50.9024],[20.5399,50.8829],[20.5472,50.8741],[20.5215,50.8757],[20.5195,50.8688],[20.5282,50.8656],[20.5211,50.8556],[20.5105,50.8566],[20.516,50.8409],[20.5353,50.8389],[20.5495,50.8249],[20.5532,50.8128],[20.5686,50.811],[20.5887,50.8169],[20.5923,50.8085],[20.6026,50.8102],[20.6151,50.8055],[20.6132,50.7935],[20.6203,50.7933],[20.6275,50.8076],[20.6453,50.8073],[20.6459,50.8179],[20.655,50.8185],[20.676,50.8471],[20.6692,50.8524],[20.6829,50.8523],[20.7082,50.846],[20.7084,50.8562],[20.7191,50.8631],[20.6774,50.8629]]]},"properties":{"code":"2661","name":"powiat Kielce","country":"PL","level":"district","parent":"26","grodzki":true,"type":"miasto na prawach powiatu"}},
{"type":"Feature","geometry":{"type":"Polygon","coordinates":[[[20.6844,50.5463],[20.7055,50.5608],[20.7268,50.5665],[20.7523,50.5631],[20.7494,50.5437],[20.7746,50.5366],[20.7884,50.5577],[20.8021,50.558],[20.8125,50.5686],[20.7971,50.578],[20.789,50.5907],[20.8109,50.5838],[20.8137,50.5994],[20.8245,50.6097],[20.8138,50.6134],[20.8218,50.6204],[20.8272,50.6342],[20.847,50.6317],[20.8741,50.6357],[20.8792,50.6497],[20.8781,50.6614],[20.9052,50.6547],[20.9358,50.6557],[20.9445,50.6583],[20.9553,50.6727],[20.9734,50.6745],[20.9969,50.6689],[20.9959,50.633],[21.0142,50.6309],[21.013,50.621],[21.0237,50.6204],[21.0353,50.6457],[21.053,50.6419],[21.0671,50.6301],[21.1013,50.6363],[21.1091,50.6309],[21.1213,50.6367],[21.141,50.6379],[21.1575,50.6474],[21.1522,50.6574],[21.1622,50.6713],[21.147,50.6692],[21.1413,50.6739],[21.1453,50.6856],[21.1622,50.6921],[21.1458,50.6988],[21.1327,50.704],[21.1373,50.7205],[21.1635,50.7137],[21.1658,50.7198],[21.1588,50.7325],[21.1697,50.7497],[21.1357,50.7643],[21.1359,50.7904],[21.1462,50.8115],[21.1343,50.8122],[21.1329,50.8222],[21.1279,50.8342],[21.1415,50.8457],[21.1362,50.8607],[21.1378,50.8888],[21.1673,50.8914],[21.173,50.9],[21.1581,50.9079],[21.1471,50.9136],[21.1185,50.9079],[21.121,50.9013],[21.0985,50.9091],[21.0748,50.905],[21.0716,50.8976],[21.0467,50.8971],[21.0267,50.9011],[21.0305,50.9082],[21.0075,50.915],[20.9961,50.9081],[20.9944,50.9204],[21.0004,50.9395],[20.9909,50.9412],[20.9939,50.9544],[21.0099,50.9522],[21.0177,50.9688],[21.0002,50.9726],[20.984,50.9861],[20.9701,50.9921],[20.9964,51.0185],[20.9853,51.023],[20.9604,51.013],[20.9132,51.0318],[20.9018,51.025],[20.9008,51.0162],[20.8792,51.0221],[20.8568,50.9994],[20.8388,50.9961],[20.8283,50.9629],[20.8549,50.9567],[20.8331,50.9346],[20.8044,50.9452],[20.7951,50.9356],[20.7944,50.9501],[20.7641,50.9498],[20.761,50.9756],[20.7459,50.9713],[20.7375,50.9776],[20.7319,50.9917],[20.7493,50.9977],[20.7396,51.0092],[20.7103,51.0266],[20.6864,51.0108],[20.675,51.0178],[20.6483,51.0236],[20.6406,51.0284],[20.6721,51.0495],[20.65,51.0626],[20.6312,51.0609],[20.6295,51.0548],[20.6172,51.0562],[20.6146,51.0469],[20.6047,51.0514],[20.5566,51.0498],[20.5507,51.06],[20.5474,51.0485],[20.5392,51.0515],[20.5161,51.051],[20.5152,51.0666],[20.508,51.0617],[20.4518,51.0526],[20.451,51.0468],[20.4311,51.0469],[20.4412,51.0422],[20.4304,51.0358],[20.4303,51.022],[20.413,51.0235],[20.4105,51.0336],[20.3824,51.0418],[20.3848,51.034],[20.3632,51.0168],[20.3477,51.0086],[20.3446,51.0015],[20.3344,51.007],[20.3224,51.0069],[20.3193,50.9984],[20.278,50.9921],[20.2745,51.0054],[20.2413,51.0104],[20.2447,50.9983],[20.2178,51.0018],[20.2237,50.9951],[20.2113,50.9925],[20.2112,50.9854],[20.1925,50.9748],[20.1871,50.9605],[20.1527,50.9817],[20.1363,50.9868],[20.118,50.9846],[20.0925,50.9641],[20.1063,50.9615],[20.1242,50.9492],[20.1289,50.9419],[20.1535,50.9304],[20.1677,50.9368],[20.1756,50.9297],[20.2042,50.9207],[20.2261,50.9009],[20.227,50.8938],[20.1995,50.8685],[20.2253,50.8641],[20.2426,50.8684],[20.2496,50.8653],[20.268,50.8572],[20.2727,50.8643],[20.2974,50.8573],[20.3077,50.8483],[20.3078,50.8308],[20.3186,50.8223],[20.3234,50.7994],[20.3448,50.789],[20.3816,50.7827],[20.405,50.7638],[20.4219,50.7604],[20.4106,50.7543],[20.4147,50.7418],[20.419,50.747],[20.4632,50.7417],[20.4744,50.7307],[20.4979,50.7221],[20.5036,50.7262],[20.516,50.7208],[20.5175,50.7081],[20.5347,50.6973],[20.5378,50.7023],[20.5605,50.6988],[20.5568,50.6892],[20.5815,50.6762],[20.5843,50.6679],[20.6266,50.6703],[20.6311,50.6635],[20.6479,50.661],[20.6345,50.6434],[20.661,50.6348],[20.6495,50.6234],[20.6588,50.6152],[20.6606,50.6012],[20.6684,50.5994],[20.6585,50.5917],[20.6309,50.587],[20.6257,50.5706],[20.6453,50.5633],[20.6411,50.5571],[20.6844,50.5463]],[[20.6774,50.8629],[20.7191,50.8631],[20.7084,50.8562],[20.7082,50.846],[20.6829,50.8523],[20.6692,50.8524],[20.676,50.8471],[20.655,50.8185],[20.6459,50.8179],[20.6453,50.8073],[20.6275,50.8076],[20.6203,50.7933],[20.6132,50.7935],[20.6151,50.8055],[20.6026,50.8102],[20.5923,50.8085],[20.5887,50.8169],[20.5686,50.811],[20.5532,50.8128],[20.5495,50.8249],[20.5353,50.8389],[20.516,50.8409],[20.5105,50.8566],[20.5211,50.8556],[20.5282,50.8656],[20.5195,50.8688],[20.5215,50.8757],[20.5472,50.8741],[20.5399,50.8829],[20.5499,50.9024],[20.5815,50.9084],[20.6032,50.915],[20.628,50.9056],[20.66,50.9034],[20.6628,50.9115],[20.6851,50.911],[20.6817,50.903],[20.6931,50.9001],[20.6768,50.896],[20.6979,50.8895],[20.6912,50.8826],[20.6776,50.8843],[20.6774,50.8629]]]},"properties":{"code":"2604","name":"powiat kielecki","country":"PL","level":"district","parent":"26","grodzki":false,"type":"powiat"}},
{"type":"Feature","geometry":{"type":"Polygon","coordinates":[[[18.2302,50.7968],[18.2656,50.8154],[18.2718,50.8265],[18.2902,50.8149],[18.2929,50.8207],[18.3016,50.8129],[18.3164,50.8111],[18.3236,50.8045],[18.351,50.8114],[18.3426,50.8187],[18.3298,50.8398],[18.3601,50.8507],[18.3415,50.8647],[18.3421,50.875],[18.3357,50.8843],[18.3395,50.8914],[18.3313,50.9094],[18.3441,50.9275],[18.331,50.9373],[18.3366,50.9419],[18.3677,50.9388],[18.3806,50.946],[18.3805,50.954],[18.3611,50.9714],[18.3514,51.0022],[18.3529,51.0088],[18.3387,51.0109],[18.3148,51.0193],[18.3122,51.0128],[18.299,51.0154],[18.2998,51.0234],[18.2916,51.0272],[18.3042,51.0327],[18.3075,51.0412],[18.3191,51.049],[18.3376,51.0534],[18.3457,51.0613],[18.3415,51.0811],[18.3481,51.0936],[18.3147,51.0985],[18.3129,51.11],[18.315,51.134],[18.3053,51.1353],[18.289,51.1465],[18.2773,51.1478],[18.2595,51.1577],[18.2399,51.1588],[18.2202,51.1548],[18.1857,51.1576],[18.1667,51.1647],[18.1637,51.1725],[18.137,51.172],[18.126,51.1691],[18.1044,51.1535],[18.0782,51.1662],[18.0705,51.1556],[18.0754,51.147],[18.0394,51.131],[18.0151,51.1271],[17.9395,51.1089],[17.9349,51.0939],[17.9492,51.0705],[17.9534,51.0576],[17.9477,51.0498],[17.9358,51.0479],[17.9303,51.0381],[17.9329,51.0235],[17.9242,51.0125],[17.9398,50.9953],[17.9379,50.9807],[17.9739,50.9818],[17.9886,50.9849],[18.0034,50.9759],[17.9961,50.9718],[18.0117,50.9636],[18.0124,50.9575],[18.0605,50.9399],[18.0686,50.9233],[18.0937,50.9078],[18.1187,50.9042],[18.106,50.8945],[18.0923,50.8478],[18.0991,50.835],[18.0941,50.827],[18.0993,50.8122],[18.1267,50.8162],[18.1302,50.8295],[18.166,50.8362],[18.1888,50.8364],[18.2055,50.8208],[18.2021,50.8046],[18.2302,50.7968]]]},"properties":{"code":"1604","name":"powiat kluczborski","country":"PL","level":"district","parent":"16","grodzki":false,"type":"powiat"}},
{"type":"Feature","geometry":{"type":"Polygon","coordinates":[[[19.0293,50.8233],[19.0382,50.8256],[19.04,50.8412],[19.0472,50.8491],[19.0601,50.8536],[19.0648,50.861],[19.0815,50.855],[19.0889,50.8655],[19.0862,50.88],[19.0724,50.8851],[19.07,50.8997],[19.0776,50.9068],[19.0645,50.9058],[19.0602,50.9155],[19.0735,50.9219],[19.0941,50.9241],[19.1114,50.9351],[19.0864,50.9389],[19.0838,50.9497],[19.0736,50.9552],[19.0766,50.964],[19.0903,50.9689],[19.1021,50.9671],[19.1056,50.9771],[19.1192,50.972],[19.1277,50.9931],[19.1236,50.9996],[19.1108,51.0121],[19.1044,51.0263],[19.0954,51.0311],[19.0727,51.0355],[19.0561,51.0242],[19.0468,51.0286],[19.0563,51.0348],[19.0511,51.0426],[19.0157,51.0527],[19.0116,51.0664],[18.9931,51.0762],[18.9699,51.0806],[18.9554,51.0902],[18.9324,51.0931],[18.9189,51.098],[18.9009,51.08],[18.8955,51.0666],[18.9003,51.0624],[18.8835,51.059],[18.863,51.0727],[18.8179,51.0682],[18.8166,51.0729],[18.8007,51.0712],[18.8029,51.0634],[18.7679,51.0648],[18.7494,51.0623],[18.7315,51.0664],[18.7029,51.0644],[18.673,51.0569],[18.672,51.0491],[18.6954,51.0157],[18.678,51.008],[18.6562,51.005],[18.6682,50.989],[18.6636,50.9706],[18.6429,50.9655],[18.6222,50.9656],[18.6124,50.9551],[18.6303,50.9312],[18.6488,50.9313],[18.6545,50.9147],[18.637,50.8927],[18.6163,50.8535],[18.6205,50.8368],[18.6436,50.8237],[18.6525,50.8244],[18.6876,50.8138],[18.7064,50.8059],[18.7297,50.7892],[18.7324,50.7921],[18.8045,50.7975],[18.8099,50.7685],[18.8487,50.7661],[18.8623,50.7869],[18.8562,50.7909],[18.8647,50.7993],[18.8872,50.8],[18.9067,50.8041],[18.91,50.8144],[18.8991,50.8179],[18.9416,50.821],[18.9391,50.8346],[18.9552,50.8357],[18.9669,50.8281],[18.9552,50.8262],[18.9723,50.812],[18.9852,50.812],[18.9987,50.8237],[19.0293,50.8233]]]},"properties":{"code":"2406","name":"powiat kłobucki","country":"PL","level":"district","parent":"24","grodzki":false,"type":"powiat"}},
{"type":"Feature","geometry":{"type":"Polygon","coordinates":[[[16.8603,50.4077],[16.8505,50.4009],[16.8276,50.3975],[16.8084,50.3998],[16.7882,50.4251],[16.7686,50.4251],[16.7567,50.4452],[16.7571,50.4539],[16.7338,50.4769],[16.7079,50.4764],[16.7003,50.4823],[16.7003,50.4968],[16.6899,50.5021],[16.6838,50.5156],[16.6751,50.5165],[16.676,50.5302],[16.6855,50.5372],[16.652,50.5491],[16.642,50.5497],[16.6264,50.5614],[16.6364,50.5704],[16.6232,50.5808],[16.6059,50.5884],[16.5972,50.6057],[16.5971,50.6141],[16.5882,50.6183],[16.5831,50.6283],[16.5582,50.6336],[16.5429,50.6485],[16.5242,50.6568],[16.5166,50.6565],[16.5021,50.6731],[16.4797,50.6811],[16.4766,50.668],[16.4578,50.6605],[16.4472,50.6507],[16.4366,50.6482],[16.4054,50.6541],[16.4016,50.6442],[16.3866,50.6428],[16.3778,50.6369],[16.3945,50.6187],[16.4032,50.618],[16.423,50.6063],[16.4435,50.5863],[16.4449,50.5796],[16.4175,50.5685],[16.4046,50.5693],[16.4109,50.5479],[16.3874,50.5418],[16.4018,50.5299],[16.3739,50.5164],[16.3604,50.5012],[16.3438,50.4958],[16.319,50.5079],[16.3117,50.5062],[16.3108,50.4927],[16.3017,50.491],[16.2941,50.4792],[16.2685,50.4829],[16.2493,50.4719],[16.2557,50.4676],[16.2204,50.4579],[16.2341,50.4487],[16.2305,50.4427],[16.2201,50.4518],[16.2052,50.448],[16.1988,50.4418],[16.1983,50.4288],[16.2096,50.427],[16.2141,50.4147],[16.2221,50.408],[16.2344,50.4136],[16.2519,50.4061],[16.2472,50.3971],[16.2631,50.3936],[16.2677,50.3794],[16.2859,50.3675],[16.3023,50.3822],[16.3263,50.3821],[16.3373,50.3782],[16.3608,50.3795],[16.368,50.367],[16.3612,50.3536],[16.3752,50.3423],[16.3832,50.3288],[16.3993,50.3192],[16.4097,50.3243],[16.4298,50.3251],[16.4482,50.305],[16.4646,50.2957],[16.4671,50.2864],[16.4975,50.2598],[16.5072,50.2597],[16.5084,50.2529],[16.5228,50.2394],[16.5376,50.239],[16.5573,50.2204],[16.5613,50.2055],[16.5544,50.1965],[16.5638,50.18],[16.5582,50.174],[16.5608,50.1643],[16.5855,50.152],[16.5805,50.1436],[16.5953,50.1405],[16.6135,50.1312],[16.6138,50.1253],[16.6252,50.121],[16.6336,50.1113],[16.6409,50.1122],[16.7036,50.0963],[16.7239,50.1052],[16.7294,50.1172],[16.7466,50.1351],[16.7617,50.1361],[16.7833,50.1456],[16.7974,50.1657],[16.8007,50.1801],[16.8168,50.1921],[16.8361,50.1989],[16.8469,50.2073],[16.8721,50.197],[16.8842,50.2017],[16.885,50.2131],[16.898,50.222],[16.9174,50.2262],[16.927,50.223],[16.956,50.2225],[16.9659,50.2304],[16.9632,50.2391],[16.9777,50.2443],[16.9806,50.2361],[16.9989,50.2159],[17.0148,50.2194],[17.0283,50.23],[17.0107,50.2427],[17.0016,50.2564],[17.0166,50.2673],[17.02,50.2783],[17.0147,50.2885],[17.0006,50.3031],[16.9727,50.3086],[16.9683,50.3159],[16.9559,50.3122],[16.9407,50.3198],[16.9343,50.3308],[16.9361,50.3435],[16.9298,50.3458],[16.9156,50.3628],[16.9195,50.3687],[16.9082,50.3911],[16.899,50.3896],[16.8902,50.3967],[16.8603,50.4077]]]},"properties":{"code":"0208","name":"powiat kłodzki","country":"PL","level":"district","parent":"02","grodzki":false,"type":"powiat"}},
{"type":"Feature","geometry":{"type":"Polygon","coordinates":[[[21.9839,50.3674],[21.9661,50.3728],[21.9735,50.3903],[21.952,50.384],[21.9515,50.3998],[21.9344,50.3977],[21.9192,50.4148],[21.8968,50.4027],[21.891,50.3935],[21.8812,50.3919],[21.8683,50.4254],[21.8519,50.4623],[21.8822,50.4729],[21.8662,50.4822],[21.8528,50.4705],[21.8016,50.4589],[21.7764,50.4492],[21.793,50.4356],[21.7973,50.406],[21.7898,50.3997],[21.7568,50.3878],[21.7394,50.4007],[21.7171,50.4087],[21.6848,50.4292],[21.6757,50.448],[21.6705,50.4369],[21.6423,50.4155],[21.6368,50.39],[21.5985,50.3869],[21.6052,50.3744],[21.6227,50.3617],[21.6234,50.3552],[21.6405,50.3446],[21.6011,50.3425],[21.5668,50.3323],[21.5767,50.3086],[21.5739,50.2961],[21.548,50.3001],[21.5304,50.2948],[21.5309,50.286],[21.5413,50.2761],[21.5561,50.2762],[21.5853,50.2588],[21.5966,50.2577],[21.6102,50.2497],[21.6108,50.244],[21.6,50.2337],[21.5749,50.2302],[21.5767,50.2227],[21.6027,50.2091],[21.6132,50.2016],[21.631,50.2009],[21.6414,50.1931],[21.6194,50.1807],[21.6364,50.1821],[21.6953,50.1786],[21.716,50.1673],[21.7283,50.1677],[21.7459,50.1578],[21.753,50.1664],[21.771,50.1729],[21.7963,50.1693],[21.8056,50.161],[21.8034,50.1514],[21.8594,50.151],[21.8648,50.1774],[21.8879,50.1856],[21.9156,50.1824],[21.9347,50.2014],[21.9285,50.2083],[21.9283,50.2272],[21.9202,50.2357],[21.9507,50.2487],[21.9707,50.2479],[21.9897,50.242],[21.9969,50.2341],[22.0091,50.2323],[22.0092,50.2323],[22.0091,50.2323],[22.0092,50.2323],[22.0401,50.2312],[22.0517,50.237],[22.0454,50.2437],[22.0592,50.2491],[22.0679,50.2588],[22.0863,50.2652],[22.0966,50.2732],[22.0961,50.2801],[22.0813,50.2861],[22.0792,50.3],[22.086,50.3076],[22.0082,50.3026],[22.0056,50.3089],[21.992,50.3031],[21.9878,50.3091],[21.9732,50.3131],[21.9671,50.3268],[21.9947,50.3325],[21.9824,50.3444],[21.9903,50.3523],[21.9839,50.3674]]]},"properties":{"code":"1806","name":"powiat kolbuszowski","country":"PL","level":"district","parent":"18","grodzki":false,"type":"powiat"}},
{"type":"Feature","geometry":{"type":"Polygon","coordinates":[[[21.7354,53.3127],[21.7617,53.3174],[21.7792,53.3299],[21.7881,53.3277],[21.8042,53.3352],[21.818,53.3278],[21.8223,53.3111],[21.8362,53.3016],[21.8375,53.3108],[21.8275,53.3127],[21.8252,53.3224],[21.8768,53.3189],[21.8823,53.2993],[21.8934,53.2942],[21.8717,53.2821],[21.8906,53.2756],[21.9234,53.2755],[21.9567,53.281],[21.9549,53.2685],[21.9377,53.2693],[21.9321,53.2592],[21.9523,53.2554],[21.9484,53.248],[21.9856,53.2391],[22.0066,53.2527],[22.0216,53.273],[22.0538,53.2731],[22.0515,53.2692],[22.0721,53.265],[22.0759,53.2679],[22.0937,53.2626],[22.1152,53.2636],[22.1281,53.2874],[22.1386,53.2877],[22.1332,53.297],[22.1532,53.3074],[22.1755,53.3116],[22.1755,53.3041],[22.2039,53.2866],[22.2111,53.2903],[22.2053,53.2992],[22.2238,53.2993],[22.245,53.3071],[22.2375,53.3258],[22.2411,53.3292],[22.2174,53.3317],[22.22,53.3402],[22.2515,53.3388],[22.2503,53.3461],[22.2365,53.35],[22.236,53.3691],[22.2465,53.3698],[22.262,53.3776],[22.2573,53.3872],[22.267,53.3918],[22.2598,53.4043],[22.2399,53.4257],[22.2794,53.4378],[22.2514,53.4411],[22.231,53.4408],[22.2314,53.4577],[22.2452,53.4565],[22.2522,53.473],[22.2399,53.4788],[22.2507,53.4922],[22.2646,53.5013],[22.2647,53.5014],[22.2646,53.5013],[22.2647,53.5014],[22.2663,53.5137],[22.2535,53.513],[22.2422,53.5271],[22.2376,53.5399],[22.2173,53.5303],[22.2071,53.5356],[22.208,53.5155],[22.1855,53.51],[22.1758,53.5198],[22.1706,53.5356],[22.1415,53.5321],[22.1357,53.5445],[22.0958,53.5323],[22.0754,53.5358],[22.0505,53.5249],[22.0417,53.5082],[22.0307,53.4971],[22.0158,53.5012],[22.0097,53.5136],[21.9899,53.5221],[21.9526,53.5094],[21.9356,53.5114],[21.902,53.4932],[21.9033,53.4858],[21.891,53.4665],[21.8811,53.4613],[21.8583,53.4589],[21.8206,53.4668],[21.7906,53.4793],[21.7521,53.4832],[21.7308,53.4888],[21.6867,53.4928],[21.6479,53.4812],[21.613,53.4808],[21.6058,53.4763],[21.6036,53.4534],[21.6089,53.4499],[21.6073,53.4357],[21.625,53.4285],[21.6211,53.4222],[21.6292,53.4138],[21.6267,53.4073],[21.6524,53.3972],[21.6617,53.378],[21.6544,53.3722],[21.684,53.3681],[21.6813,53.3626],[21.6609,53.3556],[21.6542,53.3495],[21.6694,53.3361],[21.6537,53.3362],[21.6523,53.3313],[21.6697,53.3299],[21.6845,53.3373],[21.6928,53.3358],[21.6889,53.3272],[21.7019,53.3269],[21.7093,53.3197],[21.7354,53.3127]]]},"properties":{"code":"2006","name":"powiat kolneński","country":"PL","level":"district","parent":"20","grodzki":false,"type":"powiat"}},
{"type":"Feature","geometry":{"type":"Polygon","coordinates":[[[18.8278,52.0642],[18.8399,52.0717],[18.8421,52.0802],[18.8592,52.0869],[18.8839,52.0807],[18.9003,52.0839],[18.9052,52.0795],[18.9251,52.0793],[18.9308,52.1043],[18.944,52.1033],[18.9498,52.1193],[18.9425,52.1279],[18.9316,52.1232],[18.9111,52.1327],[18.9083,52.1468],[18.9156,52.1608],[18.9182,52.186],[18.924,52.1963],[18.9433,52.1994],[18.951,52.1954],[18.9922,52.2145],[18.9995,52.2111],[19.0202,52.2154],[19.0527,52.2125],[19.0776,52.2001],[19.0898,52.2067],[19.0821,52.2228],[19.0709,52.2284],[19.0799,52.2307],[19.0805,52.2385],[19.1025,52.2425],[19.1003,52.2659],[19.0948,52.2706],[19.05,52.2734],[19.0301,52.2731],[19.038,52.2799],[19.0457,52.2957],[19.0385,52.2993],[19.0363,52.3154],[19.045,52.3185],[19.0471,52.3328],[19.029,52.3321],[19.02,52.3379],[19.0053,52.3398],[19.0081,52.3493],[18.9822,52.3565],[18.9701,52.3553],[18.9669,52.3612],[18.98,52.3646],[18.9754,52.375],[18.9551,52.379],[18.9408,52.3915],[18.9208,52.3989],[18.929,52.3788],[18.9113,52.3784],[18.9125,52.3662],[18.88,52.3638],[18.8555,52.3484],[18.8356,52.3431],[18.8142,52.3524],[18.7872,52.342],[18.7786,52.3344],[18.7555,52.3328],[18.7511,52.3463],[18.754,52.361],[18.7325,52.3736],[18.7322,52.38],[18.7183,52.39],[18.7108,52.4007],[18.6811,52.4002],[18.6826,52.4112],[18.6771,52.4176],[18.6848,52.428],[18.6768,52.4232],[18.6577,52.4236],[18.6327,52.4178],[18.6223,52.4246],[18.6141,52.42],[18.5947,52.4185],[18.5977,52.3976],[18.6101,52.3969],[18.5975,52.372],[18.6159,52.3666],[18.6169,52.3584],[18.6098,52.3481],[18.6285,52.3421],[18.6216,52.3364],[18.6018,52.3346],[18.5902,52.3146],[18.5915,52.3082],[18.5754,52.3068],[18.5692,52.3131],[18.5476,52.309],[18.5289,52.3098],[18.5271,52.295],[18.4853,52.2968],[18.494,52.2857],[18.4816,52.2727],[18.4906,52.266],[18.5085,52.2612],[18.5119,52.2655],[18.5365,52.2529],[18.5276,52.2392],[18.5093,52.2317],[18.4842,52.2176],[18.4807,52.2064],[18.4597,52.2043],[18.4572,52.1741],[18.4648,52.1708],[18.4877,52.1509],[18.511,52.1457],[18.5267,52.1366],[18.5902,52.1288],[18.6065,52.1231],[18.631,52.1208],[18.6671,52.1354],[18.6863,52.1279],[18.6895,52.0949],[18.693,52.0883],[18.7149,52.0757],[18.7179,52.0657],[18.7238,52.0649],[18.7528,52.0765],[18.7638,52.0675],[18.7865,52.061],[18.8192,52.0699],[18.8278,52.0642]]]},"properties":{"code":"3009","name":"powiat kolski","country":"PL","level":"district","parent":"30","grodzki":false,"type":"powiat"}},
{"type":"Feature","geometry":{"type":"Polygon","coordinates":[[[15.7912,54.2278],[15.7589,54.2188],[15.6791,54.2022],[15.5917,54.1893],[15.5488,54.1906],[15.5412,54.1815],[15.5215,54.1745],[15.4807,54.1669],[15.4322,54.1661],[15.3876,54.1596],[15.3888,54.1508],[15.3636,54.1303],[15.3534,54.1267],[15.3501,54.1182],[15.3801,54.1058],[15.3761,54.0975],[15.3549,54.0859],[15.3682,54.0737],[15.4007,54.0825],[15.4382,54.074],[15.4378,54.0683],[15.4549,54.0483],[15.4349,54.0402],[15.4321,54.0256],[15.4206,54.0148],[15.431,54.012],[15.4234,54.007],[15.421,53.9892],[15.4261,53.9658],[15.4194,53.9545],[15.4397,53.9535],[15.4661,53.9404],[15.4636,53.9269],[15.4466,53.9256],[15.4336,53.9181],[15.4361,53.9093],[15.4569,53.9007],[15.4539,53.893],[15.4858,53.8893],[15.4792,53.8771],[15.5085,53.873],[15.5313,53.8736],[15.5291,53.8903],[15.5351,53.8873],[15.5642,53.889],[15.5495,53.9034],[15.5532,53.9093],[15.5744,53.9168],[15.5875,53.9334],[15.6152,53.9397],[15.6299,53.946],[15.6451,53.9643],[15.6706,53.9635],[15.6733,53.9704],[15.6849,53.9624],[15.7071,53.9553],[15.7257,53.964],[15.7245,53.9734],[15.7378,53.9762],[15.7315,53.9857],[15.7201,53.9911],[15.728,54.0006],[15.7463,54.0005],[15.7534,54.0111],[15.7393,54.0271],[15.7444,54.0355],[15.745,54.0509],[15.7323,54.0657],[15.743,54.0662],[15.7485,54.0768],[15.7755,54.0665],[15.792,54.0675],[15.793,54.0775],[15.8176,54.076],[15.8206,54.0829],[15.834,54.084],[15.8309,54.094],[15.8428,54.0973],[15.8525,54.1074],[15.863,54.1086],[15.8632,54.1161],[15.8806,54.1348],[15.8802,54.1457],[15.8472,54.1472],[15.8374,54.1513],[15.8408,54.1618],[15.8196,54.1667],[15.8067,54.1822],[15.8044,54.1929],[15.8182,54.2047],[15.7925,54.2041],[15.8051,54.2207],[15.7912,54.2278]]]},"properties":{"code":"3208","name":"powiat kołobrzeski","country":"PL","level":"district","parent":"32","grodzki":false,"type":"powiat"}},
{"type":"Feature","geometry":{"type":"Polygon","coordinates":[[[20.118,50.9846],[20.1363,50.9868],[20.1527,50.9817],[20.1871,50.9605],[20.1925,50.9748],[20.2112,50.9854],[20.2113,50.9925],[20.2237,50.9951],[20.2178,51.0018],[20.2447,50.9983],[20.2413,51.0104],[20.2745,51.0054],[20.278,50.9921],[20.3193,50.9984],[20.3224,51.0069],[20.3344,51.007],[20.3446,51.0015],[20.3477,51.0086],[20.3632,51.0168],[20.3848,51.034],[20.3824,51.0418],[20.4105,51.0336],[20.413,51.0235],[20.4303,51.022],[20.4304,51.0358],[20.4412,51.0422],[20.4311,51.0469],[20.451,51.0468],[20.4518,51.0526],[20.508,51.0617],[20.5152,51.0666],[20.5161,51.051],[20.5392,51.0515],[20.5474,51.0485],[20.5507,51.06],[20.5566,51.0498],[20.6047,51.0514],[20.6009,51.0673],[20.6049,51.0785],[20.6281,51.0985],[20.6546,51.1009],[20.6639,51.1108],[20.6687,51.1088],[20.6749,51.1209],[20.6719,51.1282],[20.6835,51.1366],[20.6855,51.1512],[20.6887,51.1588],[20.6853,51.1736],[20.702,51.182],[20.7003,51.196],[20.6778,51.2091],[20.6469,51.2176],[20.6217,51.2301],[20.6105,51.2425],[20.579,51.2447],[20.566,51.2315],[20.5461,51.2304],[20.535,51.2523],[20.5248,51.2604],[20.537,51.2697],[20.5255,51.2804],[20.5213,51.2773],[20.5016,51.2869],[20.5108,51.2942],[20.4979,51.293],[20.4926,51.3073],[20.5128,51.3087],[20.5174,51.3166],[20.5072,51.3314],[20.4639,51.3317],[20.4635,51.3364],[20.4329,51.3424],[20.4328,51.3394],[20.4144,51.3207],[20.3849,51.3188],[20.3644,51.3105],[20.382,51.2819],[20.3904,51.2722],[20.3857,51.2633],[20.3753,51.2618],[20.3797,51.246],[20.3711,51.2366],[20.3605,51.2408],[20.354,51.2504],[20.3344,51.2547],[20.3101,51.2431],[20.278,51.2443],[20.2601,51.2509],[20.2605,51.2588],[20.2457,51.2565],[20.243,51.2426],[20.256,51.2353],[20.2513,51.2216],[20.2637,51.2158],[20.2517,51.2067],[20.2371,51.2081],[20.232,51.2011],[20.2168,51.1993],[20.2146,51.2096],[20.206,51.2],[20.2012,51.2041],[20.1788,51.2071],[20.1759,51.1963],[20.1581,51.1979],[20.1587,51.1938],[20.1195,51.1893],[20.0681,51.195],[20.0576,51.1907],[20.0535,51.2027],[20.0258,51.2004],[19.9938,51.184],[20.0258,51.1647],[20.022,51.1554],[20.0127,51.1552],[19.9883,51.1395],[19.9859,51.1346],[19.9929,51.1004],[19.9864,51.0782],[19.9818,51.0732],[20.0454,51.0686],[20.0509,51.0263],[20.048,51.0094],[20.0326,50.9957],[20.0395,50.9902],[20.0579,50.9808],[20.0791,50.9869],[20.0897,50.9808],[20.118,50.9846]]]},"properties":{"code":"2605","name":"powiat konecki","country":"PL","level":"district","parent":"26","grodzki":false,"type":"powiat"}},
{"type":"Feature","geometry":{"type":"Polygon","coordinates":[[[18.2316,52.1896],[18.2413,52.1923],[18.2432,52.1853],[18.2662,52.1879],[18.2689,52.1831],[18.2851,52.1824],[18.283,52.1935],[18.2928,52.1958],[18.2833,52.202],[18.2929,52.2232],[18.3158,52.2199],[18.3308,52.2207],[18.324,52.2288],[18.3238,52.2454],[18.3119,52.2475],[18.297,52.2364],[18.2986,52.244],[18.2799,52.2383],[18.2779,52.2462],[18.2941,52.2507],[18.2924,52.2655],[18.3101,52.2689],[18.3047,52.2726],[18.3124,52.2799],[18.3058,52.291],[18.3174,52.2962],[18.3166,52.3022],[18.3034,52.3076],[18.3071,52.317],[18.2543,52.3227],[18.2566,52.33],[18.2271,52.3286],[18.2314,52.3203],[18.229,52.3082],[18.2332,52.2993],[18.2072,52.2964],[18.2085,52.2894],[18.2246,52.2906],[18.2229,52.2841],[18.2464,52.2724],[18.2525,52.257],[18.2355,52.2544],[18.23,52.2483],[18.2017,52.248],[18.1926,52.2338],[18.1969,52.2214],[18.2303,52.2195],[18.2243,52.2152],[18.2252,52.2033],[18.2161,52.1937],[18.2316,52.1896]]]},"properties":{"code":"3062","name":"powiat Konin","country":"PL","level":"district","parent":"30","grodzki":true,"type":"miasto na prawach powiatu"}},
{"type":"Feature","geometry":{"type":"Polygon","coordinates":[[[18.2379,52.0998],[18.2727,52.1083],[18.2827,52.1147],[18.2868,52.1255],[18.3293,52.1228],[18.3303,52.1288],[18.348,52.1273],[18.3516,52.1465],[18.3761,52.139],[18.3915,52.1374],[18.3869,52.1515],[18.4209,52.1553],[18.4233,52.1705],[18.4279,52.1601],[18.4348,52.1641],[18.454,52.1653],[18.4648,52.1708],[18.4572,52.1741],[18.4597,52.2043],[18.4807,52.2064],[18.4842,52.2176],[18.5093,52.2317],[18.5276,52.2392],[18.5365,52.2529],[18.5119,52.2655],[18.5085,52.2612],[18.4906,52.266],[18.4816,52.2727],[18.494,52.2857],[18.4853,52.2968],[18.5271,52.295],[18.5289,52.3098],[18.5476,52.309],[18.5692,52.3131],[18.5754,52.3068],[18.5915,52.3082],[18.5902,52.3146],[18.6018,52.3346],[18.6216,52.3364],[18.6285,52.3421],[18.6098,52.3481],[18.6169,52.3584],[18.6159,52.3666],[18.5975,52.372],[18.6101,52.3969],[18.5977,52.3976],[18.5947,52.4185],[18.6141,52.42],[18.6223,52.4246],[18.6327,52.4178],[18.6577,52.4236],[18.6509,52.4358],[18.6501,52.4503],[18.6261,52.4557],[18.608,52.4559],[18.6025,52.4639],[18.5901,52.4681],[18.589,52.4616],[18.5717,52.465],[18.5601,52.4633],[18.5597,52.4841],[18.5427,52.4857],[18.5267,52.4988],[18.5266,52.4988],[18.5267,52.4988],[18.5266,52.4988],[18.4925,52.5032],[18.4725,52.4895],[18.4622,52.4904],[18.4635,52.4766],[18.4228,52.4795],[18.4197,52.4732],[18.3917,52.4702],[18.384,52.4772],[18.387,52.4849],[18.3759,52.5039],[18.388,52.5269],[18.3772,52.5375],[18.3524,52.5434],[18.3398,52.5375],[18.346,52.5235],[18.3139,52.5067],[18.2756,52.4914],[18.259,52.4813],[18.2413,52.488],[18.2203,52.4827],[18.2002,52.4863],[18.1987,52.5048],[18.1826,52.5037],[18.1548,52.5095],[18.1329,52.5058],[18.1324,52.5021],[18.0839,52.4765],[18.074,52.475],[18.0554,52.4629],[18.0361,52.4569],[18.0261,52.4502],[18.0503,52.4366],[18.057,52.428],[18.073,52.4192],[18.0679,52.4016],[18.0848,52.4008],[18.0898,52.3836],[18.0813,52.3703],[18.0854,52.3664],[18.0521,52.3313],[18.0218,52.3323],[18.0239,52.322],[18.0321,52.3147],[18.0445,52.3126],[18.0396,52.3032],[18.0512,52.3034],[18.0667,52.2947],[18.0362,52.2855],[18.0399,52.2724],[18.0235,52.2535],[18.0268,52.2435],[18.0088,52.2361],[18.0161,52.228],[18.0235,52.204],[18.0233,52.1934],[18.0313,52.1825],[18.0254,52.1732],[18.0167,52.1764],[18.0046,52.1581],[17.9843,52.1464],[18.0054,52.142],[18.0281,52.1268],[18.0329,52.1179],[18.0075,52.1144],[17.9711,52.1064],[17.9696,52.0973],[17.9582,52.0909],[17.9346,52.0909],[17.945,52.075],[17.9674,52.0757],[17.9668,52.0644],[17.9741,52.065],[17.9797,52.0479],[17.969,52.0327],[17.96,52.0285],[17.9413,52.0013],[17.9472,52.0001],[17.9905,51.9976],[18.0611,51.9796],[18.105,51.9757],[18.1102,51.9823],[18.1683,51.9861],[18.1675,52.0084],[18.1905,52.0024],[18.1938,52.0157],[18.2134,52.0146],[18.2255,52.0252],[18.2285,52.039],[18.2283,52.0501],[18.2182,52.0767],[18.2293,52.0845],[18.2219,52.0927],[18.2378,52.0998],[18.2379,52.0998],[18.2378,52.0998],[18.2379,52.0998]],[[18.2316,52.1896],[18.2161,52.1937],[18.2252,52.2033],[18.2243,52.2152],[18.2303,52.2195],[18.1969,52.2214],[18.1926,52.2338],[18.2017,52.248],[18.23,52.2483],[18.2355,52.2544],[18.2525,52.257],[18.2464,52.2724],[18.2229,52.2841],[18.2246,52.2906],[18.2085,52.2894],[18.2072,52.2964],[18.2332,52.2993],[18.229,52.3082],[18.2314,52.3203],[18.2271,52.3286],[18.2566,52.33],[18.2543,52.3227],[18.3071,52.317],[18.3034,52.3076],[18.3166,52.3022],[18.3174,52.2962],[18.3058,52.291],[18.3124,52.2799],[18.3047,52.2726],[18.3101,52.2689],[18.2924,52.2655],[18.2941,52.2507],[18.2779,52.2462],[18.2799,52.2383],[18.2986,52.244],[18.297,52.2364],[18.3119,52.2475],[18.3238,52.2454],[18.324,52.2288],[18.3308,52.2207],[18.3158,52.2199],[18.2929,52.2232],[18.2833,52.202],[18.2928,52.1958],[18.283,52.1935],[18.2851,52.1824],[18.2689,52.1831],[18.2662,52.1879],[18.2432,52.1853],[18.2413,52.1923],[18.2316,52.1896]]]},"properties":{"code":"3010","name":"powiat koniński","country":"PL","level":"district","parent":"30","grodzki":false,"type":"powiat"}},
{"type":"Feature","geometry":{"type":"Polygon","coordinates":[[[16.3206,54.2057],[16.2958,54.2198],[16.2821,54.2133],[16.2715,54.2218],[16.265,54.2192],[16.247,54.2254],[16.2146,54.227],[16.1928,54.2154],[16.1802,54.2304],[16.1904,54.2292],[16.1977,54.2428],[16.2058,54.2426],[16.19,54.2742],[16.1687,54.2748],[16.1715,54.263],[16.1533,54.2572],[16.1285,54.2419],[16.1359,54.2355],[16.1099,54.2217],[16.1165,54.2008],[16.0923,54.1986],[16.0855,54.1887],[16.1116,54.1893],[16.1238,54.1929],[16.1335,54.1708],[16.1493,54.1796],[16.1769,54.1564],[16.1911,54.1515],[16.1828,54.1389],[16.2188,54.1419],[16.2403,54.1617],[16.2405,54.1658],[16.2626,54.1585],[16.2825,54.1661],[16.2901,54.1587],[16.3044,54.1575],[16.2918,54.1662],[16.2871,54.1785],[16.3007,54.1831],[16.299,54.1881],[16.321,54.1964],[16.3206,54.2057]]]},"properties":{"code":"3261","name":"powiat Koszalin","country":"PL","level":"district","parent":"32","grodzki":true,"type":"miasto na prawach powiatu"}},
{"type":"Feature","geometry":{"type":"Polygon","coordinates":[[[16.4405,53.9042],[16.4491,53.9029],[16.4778,53.9098],[16.5255,53.9023],[16.5411,53.8886],[16.5604,53.8935],[16.5798,53.8867],[16.5932,53.9034],[16.6158,53.9064],[16.6341,53.8995],[16.6634,53.9092],[16.6817,53.8897],[16.6997,53.8919],[16.7215,53.8893],[16.7373,53.8961],[16.7168,53.9048],[16.7101,53.9188],[16.7273,53.9233],[16.7145,53.9386],[16.6903,53.9499],[16.7189,53.9534],[16.732,53.9613],[16.7374,53.9581],[16.7623,53.9662],[16.7565,53.9741],[16.7646,53.9909],[16.7894,53.9895],[16.7928,53.9855],[16.8014,54.004],[16.7848,54.0201],[16.7859,54.0285],[16.7981,54.0383],[16.7984,54.0556],[16.8119,54.0617],[16.8126,54.0731],[16.8026,54.0787],[16.7937,54.0756],[16.7933,54.0845],[16.7935,54.1009],[16.8046,54.1161],[16.793,54.1212],[16.779,54.1192],[16.7841,54.1312],[16.7747,54.1336],[16.7736,54.1535],[16.7568,54.1578],[16.7503,54.1714],[16.7341,54.1767],[16.7327,54.2037],[16.7197,54.2025],[16.7119,54.2142],[16.7291,54.2257],[16.7317,54.2319],[16.7264,54.2401],[16.7105,54.242],[16.6965,54.2271],[16.7017,54.2152],[16.6835,54.2144],[16.6677,54.2078],[16.6613,54.218],[16.6409,54.2185],[16.6396,54.2256],[16.6163,54.223],[16.6048,54.2113],[16.6121,54.2045],[16.6056,54.1931],[16.5801,54.1895],[16.5649,54.1924],[16.5466,54.1909],[16.5399,54.1964],[16.5584,54.2174],[16.57,54.2201],[16.5688,54.2269],[16.5566,54.2265],[16.529,54.2378],[16.4956,54.2391],[16.4973,54.2229],[16.465,54.2215],[16.438,54.2126],[16.4136,54.2176],[16.431,54.2345],[16.4434,54.2385],[16.4438,54.2501],[16.4135,54.2523],[16.395,54.2561],[16.4121,54.2809],[16.4231,54.284],[16.4119,54.2926],[16.4069,54.3097],[16.3975,54.3086],[16.3947,54.2923],[16.3465,54.2828],[16.3356,54.2871],[16.3259,54.3131],[16.319,54.3211],[16.2989,54.3195],[16.2926,54.3283],[16.2762,54.3337],[16.2592,54.33],[16.2597,54.3203],[16.2516,54.3148],[16.2135,54.3213],[16.1616,54.2959],[16.1167,54.2796],[16.053,54.2634],[16.0239,54.2583],[15.964,54.2509],[15.8651,54.2438],[15.8426,54.2406],[15.7912,54.2278],[15.8051,54.2207],[15.7925,54.2041],[15.8182,54.2047],[15.8044,54.1929],[15.8067,54.1822],[15.8196,54.1667],[15.8408,54.1618],[15.8374,54.1513],[15.8472,54.1472],[15.8802,54.1457],[15.8941,54.141],[15.9171,54.1391],[15.9221,54.1348],[15.9128,54.126],[15.9359,54.1063],[15.9324,54.1004],[15.9095,54.089],[15.9105,54.0766],[15.9397,54.0761],[15.9462,54.0655],[15.9558,54.0719],[15.9793,54.0745],[15.988,54.0808],[16.0026,54.0734],[16.0315,54.0896],[16.0582,54.0982],[16.0528,54.1061],[16.0563,54.115],[16.0768,54.1115],[16.0903,54.0985],[16.0868,54.0851],[16.0993,54.0842],[16.1064,54.0716],[16.1224,54.058],[16.1502,54.048],[16.1879,54.0427],[16.1965,54.035],[16.2322,54.0235],[16.235,54.0159],[16.2451,54.022],[16.259,54.0217],[16.2707,54.0269],[16.2827,54.0209],[16.3475,54.0121],[16.3301,53.9982],[16.3278,53.9842],[16.3456,53.98],[16.3551,53.9862],[16.3692,53.9855],[16.365,53.9803],[16.3829,53.9687],[16.4019,53.9742],[16.4308,53.9671],[16.4323,53.9617],[16.457,53.9515],[16.4438,53.9494],[16.4473,53.9289],[16.4338,53.9243],[16.4468,53.9227],[16.4405,53.9042]],[[16.3206,54.2057],[16.321,54.1964],[16.299,54.1881],[16.3007,54.1831],[16.2871,54.1785],[16.2918,54.1662],[16.3044,54.1575],[16.2901,54.1587],[16.2825,54.1661],[16.2626,54.1585],[16.2405,54.1658],[16.2403,54.1617],[16.2188,54.1419],[16.1828,54.1389],[16.1911,54.1515],[16.1769,54.1564],[16.1493,54.1796],[16.1335,54.1708],[16.1238,54.1929],[16.1116,54.1893],[16.0855,54.1887],[16.0923,54.1986],[16.1165,54.2008],[16.1099,54.2217],[16.1359,54.2355],[16.1285,54.2419],[16.1533,54.2572],[16.1715,54.263],[16.1687,54.2748],[16.19,54.2742],[16.2058,54.2426],[16.1977,54.2428],[16.1904,54.2292],[16.1802,54.2304],[16.1928,54.2154],[16.2146,54.227],[16.247,54.2254],[16.265,54.2192],[16.2715,54.2218],[16.2821,54.2133],[16.2958,54.2198],[16.3206,54.2057]]]},"properties":{"code":"3209","name":"powiat koszaliński","country":"PL","level":"district","parent":"32","grodzki":false,"type":"powiat"}},
{"type":"Feature","geometry":{"type":"Polygon","coordinates":[[[16.603,52.1711],[16.5827,52.1608],[16.5728,52.1481],[16.5672,52.1225],[16.5754,52.1147],[16.5367,52.1166],[16.5227,52.1115],[16.5244,52.0947],[16.5151,52.091],[16.4951,52.0917],[16.4661,52.0821],[16.4641,52.068],[16.4567,52.0685],[16.4698,52.0571],[16.4504,52.0533],[16.4615,52.0459],[16.4502,52.0424],[16.4467,52.0336],[16.4495,52.0227],[16.4657,52.0161],[16.4653,52.0082],[16.4525,52.0081],[16.4415,51.9899],[16.4264,51.9737],[16.4213,51.9696],[16.4256,51.9585],[16.4466,51.9474],[16.4629,51.9545],[16.4909,51.9533],[16.4941,51.9437],[16.5037,51.9589],[16.5284,51.9601],[16.5334,51.9693],[16.537,51.96],[16.5523,51.9556],[16.5593,51.9639],[16.5801,51.9639],[16.5816,51.9677],[16.6045,51.9621],[16.6237,51.9645],[16.6298,51.9735],[16.6421,51.9645],[16.6722,51.9681],[16.7013,51.9669],[16.7519,51.9573],[16.7671,51.9603],[16.7657,51.9535],[16.7778,51.9543],[16.7779,51.9482],[16.8039,51.9491],[16.8153,51.9442],[16.8169,51.9355],[16.8298,51.9361],[16.834,51.9297],[16.8601,51.9271],[16.8616,51.9291],[16.9066,51.918],[16.9097,51.9394],[16.9204,51.9415],[16.9298,51.9347],[16.9468,51.9401],[16.9578,51.9481],[16.9683,51.9488],[16.9676,51.9556],[16.9942,51.959],[17.0097,51.9651],[17.0047,51.9802],[16.9946,51.9935],[16.9819,52.0011],[16.9594,52.0052],[16.9431,52.0157],[16.9277,52.0179],[16.9088,52.0134],[16.8884,52.0213],[16.9013,52.0365],[16.917,52.046],[16.9254,52.0616],[16.9181,52.0684],[16.8761,52.0671],[16.8784,52.0805],[16.8732,52.0919],[16.8884,52.0935],[16.884,52.1026],[16.8603,52.104],[16.8667,52.1176],[16.8492,52.1194],[16.8408,52.1146],[16.8219,52.1184],[16.8123,52.1318],[16.7903,52.1408],[16.8034,52.1631],[16.8007,52.1767],[16.7853,52.1785],[16.7746,52.1851],[16.7813,52.2029],[16.7571,52.2085],[16.7413,52.2155],[16.723,52.2083],[16.7102,52.1936],[16.6844,52.2092],[16.6622,52.2091],[16.6501,52.1938],[16.626,52.1894],[16.629,52.1799],[16.603,52.1711]]]},"properties":{"code":"3011","name":"powiat kościański","country":"PL","level":"district","parent":"30","grodzki":false,"type":"powiat"}},
{"type":"Feature","geometry":{"type":"Polygon","coordinates":[[[18.2228,54.188],[18.1873,54.1948],[18.1822,54.1923],[18.165,54.199],[18.1502,54.1869],[18.1357,54.1883],[18.1385,54.1932],[18.1142,54.2017],[18.088,54.1995],[18.0617,54.1812],[18.0404,54.1777],[17.995,54.1772],[18.0005,54.1901],[17.988,54.1977],[17.9535,54.1894],[17.9349,54.179],[17.9082,54.1743],[17.8967,54.1859],[17.8822,54.1904],[17.8625,54.1911],[17.8449,54.1872],[17.8342,54.1786],[17.8002,54.1782],[17.7919,54.1722],[17.7743,54.1389],[17.7634,54.1519],[17.739,54.1558],[17.7281,54.1314],[17.7215,54.127],[17.7227,54.1123],[17.7339,54.1071],[17.7364,54.0988],[17.7246,54.0938],[17.713,54.0956],[17.6953,54.0891],[17.6799,54.0908],[17.684,54.1029],[17.6723,54.1047],[17.6637,54.097],[17.6623,54.0803],[17.6697,54.0684],[17.6654,54.0505],[17.6468,54.0259],[17.6629,54.009],[17.6793,54.0089],[17.6818,53.9959],[17.6984,53.9963],[17.7244,54.0016],[17.7431,53.9772],[17.7414,53.9715],[17.7507,53.9603],[17.7692,53.9605],[17.7923,53.9536],[17.8114,53.9593],[17.8085,53.9446],[17.8127,53.9397],[17.7976,53.915],[17.8114,53.9076],[17.8197,53.91],[17.8373,53.8968],[17.8524,53.8934],[17.8748,53.8815],[17.8651,53.8794],[17.8599,53.8704],[17.8636,53.8631],[17.8784,53.8594],[17.8619,53.8459],[17.8526,53.8457],[17.8652,53.8362],[17.9143,53.8354],[17.9333,53.8422],[17.9314,53.8556],[17.9166,53.8603],[17.9323,53.8678],[17.9435,53.8667],[17.9529,53.8785],[17.9705,53.8792],[17.9776,53.8951],[17.9949,53.9003],[18.0063,53.9128],[18.0304,53.9017],[18.0992,53.9312],[18.1064,53.9255],[18.1242,53.9337],[18.1369,53.9333],[18.1351,53.9474],[18.1643,53.962],[18.2037,53.956],[18.1991,53.9434],[18.2179,53.9422],[18.2202,53.9471],[18.2616,53.9581],[18.2728,53.953],[18.3031,53.9652],[18.3179,53.9786],[18.3314,53.9756],[18.3495,53.9775],[18.336,53.9966],[18.325,54.0021],[18.3022,53.9927],[18.2781,53.9966],[18.2946,54.0117],[18.2852,54.0157],[18.2942,54.0258],[18.2946,54.036],[18.3186,54.0384],[18.327,54.0502],[18.344,54.0459],[18.3605,54.0595],[18.3484,54.068],[18.3493,54.0754],[18.329,54.0835],[18.3529,54.1092],[18.3189,54.1131],[18.3306,54.1277],[18.3272,54.1411],[18.3088,54.1484],[18.2781,54.1502],[18.2628,54.1613],[18.2347,54.1674],[18.2301,54.1821],[18.2228,54.188]]]},"properties":{"code":"2206","name":"powiat kościerski","country":"PL","level":"district","parent":"22","grodzki":false,"type":"powiat"}},
{"type":"Feature","geometry":{"type":"Polygon","coordinates":[[[15.466,51.8274],[15.4852,51.8219],[15.5084,51.8201],[15.5307,51.8248],[15.5184,51.8437],[15.5736,51.8375],[15.5771,51.8442],[15.5945,51.8446],[15.5984,51.8519],[15.6171,51.8508],[15.612,51.8592],[15.6369,51.8641],[15.6518,51.8751],[15.6363,51.8782],[15.6481,51.8891],[15.636,51.8963],[15.638,51.9051],[15.6312,51.9166],[15.6328,51.9252],[15.6491,51.9313],[15.6449,51.9474],[15.6287,51.952],[15.6066,51.9478],[15.6055,51.9644],[15.6133,51.9715],[15.6262,51.9727],[15.6215,51.9827],[15.6321,51.9828],[15.6302,51.9982],[15.6365,52.006],[15.6102,52.0064],[15.604,52.0171],[15.5841,52.0249],[15.5876,52.0319],[15.5668,52.0351],[15.5347,52.0348],[15.5128,52.0154],[15.5123,52.0099],[15.4754,52.0169],[15.4391,52.0126],[15.4492,51.9952],[15.4276,51.9852],[15.4328,51.9769],[15.4059,51.9496],[15.4392,51.947],[15.4494,51.941],[15.4766,51.9015],[15.4581,51.9062],[15.4422,51.9015],[15.4226,51.9094],[15.4229,51.9003],[15.4351,51.8991],[15.4214,51.884],[15.4245,51.8692],[15.4218,51.8494],[15.4429,51.8397],[15.4467,51.8293],[15.466,51.8274]]]},"properties":{"code":"0862","name":"powiat Zielona Góra","country":"PL","level":"district","parent":"08","grodzki":true,"type":"miasto na prawach powiatu"}},
{"type":"Feature","geometry":{"type":"Polygon","coordinates":[[[15.466,51.8274],[15.4467,51.8293],[15.4429,51.8397],[15.4218,51.8494],[15.4245,51.8692],[15.4214,51.884],[15.4351,51.8991],[15.4229,51.9003],[15.4226,51.9094],[15.4422,51.9015],[15.4581,51.9062],[15.4766,51.9015],[15.4494,51.941],[15.4392,51.947],[15.4059,51.9496],[15.4328,51.9769],[15.4276,51.9852],[15.4492,51.9952],[15.4391,52.0126],[15.4754,52.0169],[15.5123,52.0099],[15.5128,52.0154],[15.5347,52.0348],[15.5668,52.0351],[15.5876,52.0319],[15.5841,52.0249],[15.604,52.0171],[15.6102,52.0064],[15.6365,52.006],[15.6302,51.9982],[15.6321,51.9828],[15.6215,51.9827],[15.6262,51.9727],[15.6133,51.9715],[15.6055,51.9644],[15.6066,51.9478],[15.6287,51.952],[15.6449,51.9474],[15.6491,51.9313],[15.6328,51.9252],[15.6312,51.9166],[15.638,51.9051],[15.6578,51.9045],[15.7072,51.892],[15.7192,51.8996],[15.7616,51.9044],[15.7615,51.8906],[15.7877,51.8858],[15.8128,51.8951],[15.813,51.9033],[15.8494,51.9135],[15.8679,51.9218],[15.8591,51.9318],[15.8437,51.9342],[15.8536,51.9418],[15.8763,51.9502],[15.8724,51.9601],[15.8923,51.955],[15.904,51.9596],[15.9061,51.9728],[15.9306,51.9797],[15.9176,52.0107],[15.9253,52.0199],[15.9139,52.0197],[15.9108,52.0312],[15.901,52.037],[15.9304,52.0355],[15.9544,52.0269],[15.966,52.0267],[15.966,52.0339],[15.9945,52.0352],[15.9917,52.0504],[16.0055,52.0543],[15.9877,52.0622],[15.9884,52.0672],[15.9674,52.082],[15.9414,52.0885],[15.9325,52.0876],[15.9245,52.0675],[15.8771,52.088],[15.8603,52.0865],[15.8333,52.1111],[15.8495,52.1135],[15.8568,52.124],[15.875,52.1305],[15.8836,52.1559],[15.8831,52.1628],[15.8584,52.169],[15.861,52.1828],[15.8613,52.1978],[15.8495,52.2133],[15.8305,52.2076],[15.812,52.2098],[15.8078,52.2151],[15.7732,52.1942],[15.7367,52.1918],[15.7318,52.1742],[15.7222,52.1691],[15.7012,52.1665],[15.699,52.1743],[15.6903,52.1738],[15.6899,52.1656],[15.6713,52.161],[15.657,52.1827],[15.6314,52.1769],[15.6344,52.1717],[15.6069,52.1641],[15.614,52.1556],[15.6055,52.1539],[15.5909,52.1375],[15.5518,52.1225],[15.5263,52.1246],[15.4805,52.1009],[15.4571,52.1081],[15.4378,52.1105],[15.406,52.095],[15.3992,52.1029],[15.413,52.1163],[15.3657,52.1145],[15.3274,52.1222],[15.326,52.1268],[15.3058,52.1313],[15.2889,52.1152],[15.286,52.1053],[15.289,52.089],[15.2786,52.0759],[15.2733,52.086],[15.2567,52.0848],[15.2631,52.0659],[15.2707,52.0585],[15.2758,52.0394],[15.269,52.0341],[15.2781,52.0216],[15.2648,52.016],[15.262,52.0013],[15.2714,51.9996],[15.281,51.9808],[15.2765,51.9742],[15.2933,51.9621],[15.2692,51.9315],[15.2502,51.9334],[15.2354,51.912],[15.2393,51.9061],[15.2324,51.8991],[15.2111,51.9006],[15.1753,51.8906],[15.1663,51.8829],[15.1065,51.8629],[15.0774,51.839],[15.1532,51.8465],[15.1703,51.8071],[15.1433,51.8043],[15.1521,51.7841],[15.1435,51.7775],[15.1235,51.7788],[15.1096,51.7742],[15.1353,51.7668],[15.1359,51.7581],[15.1598,51.7525],[15.1789,51.7572],[15.1974,51.7842],[15.2219,51.7791],[15.2177,51.7756],[15.233,51.7405],[15.2464,51.7415],[15.2501,51.7525],[15.2669,51.7479],[15.2696,51.7609],[15.2871,51.7596],[15.2981,51.7544],[15.3105,51.7564],[15.3106,51.742],[15.3364,51.7448],[15.3457,51.7365],[15.3821,51.7464],[15.3839,51.7519],[15.4142,51.7542],[15.3966,51.7694],[15.4422,51.7817],[15.4662,51.787],[15.4502,51.7974],[15.4675,51.8145],[15.466,51.8274]]]},"properties":{"code":"0809","name":"powiat zielonogórski","country":"PL","level":"district","parent":"08","grodzki":false,"type":"powiat"}},
{"type":"Feature","geometry":{"type":"Polygon","coordinates":[[[16.0475,51.1153],[16.043,51.1153],[16.0362,51.1433],[16.0249,51.1485],[16.0275,51.1555],[16.0196,51.1599],[16.032,51.1657],[16.0324,51.1771],[16.062,51.197],[16.0516,51.2103],[16.0631,51.2173],[16.0552,51.223],[16.0376,51.2271],[16.0259,51.2212],[16.015,51.2247],[16.0047,51.221],[15.983,51.2201],[15.9962,51.2061],[15.9527,51.2048],[15.9547,51.2118],[15.94,51.2181],[15.9145,51.2245],[15.9281,51.2319],[15.9047,51.2462],[15.882,51.2506],[15.8721,51.2475],[15.8312,51.259],[15.8084,51.2624],[15.7986,51.2568],[15.8049,51.2473],[15.7799,51.2312],[15.7578,51.2287],[15.753,51.2186],[15.7606,51.2058],[15.7575,51.1906],[15.7428,51.1732],[15.7203,51.1717],[15.7115,51.1635],[15.6978,51.1593],[15.7173,51.1489],[15.7272,51.1396],[15.7206,51.1224],[15.7194,51.1082],[15.729,51.0957],[15.7458,51.0847],[15.752,51.0636],[15.7629,51.054],[15.7655,51.0362],[15.7605,51.0251],[15.7449,51.0269],[15.7431,51.0225],[15.7213,51.0206],[15.7377,51.0114],[15.7739,51.0016],[15.777,50.9938],[15.8224,50.9803],[15.8151,50.9663],[15.8324,50.9398],[15.8475,50.937],[15.8825,50.9497],[15.9033,50.9361],[15.9069,50.9271],[15.9329,50.9236],[15.9438,50.9205],[15.9537,50.9293],[15.9536,50.9366],[15.976,50.9483],[15.9818,50.9658],[16.0014,50.9909],[15.9869,50.9957],[15.9783,51.008],[15.9767,51.0211],[15.9426,51.0351],[15.934,51.0431],[15.9329,51.0612],[15.9698,51.0739],[15.9819,51.0713],[15.9975,51.0795],[16.0104,51.0793],[16.0279,51.1055],[16.0448,51.1078],[16.0475,51.1153],[16.0476,51.1154],[16.0475,51.1153]]]},"properties":{"code":"0226","name":"powiat złotoryjski","country":"PL","level":"district","parent":"02","grodzki":false,"type":"powiat"}},
{"type":"Feature","geometry":{"type":"Polygon","coordinates":[[[17.3907,53.491],[17.3867,53.4967],[17.3633,53.4972],[17.3507,53.4935],[17.3271,53.5027],[17.3245,53.513],[17.3055,53.5127],[17.3096,53.525],[17.2961,53.5246],[17.2781,53.5351],[17.2656,53.537],[17.2445,53.5312],[17.2151,53.5341],[17.1724,53.5327],[17.1611,53.5278],[17.1317,53.5363],[17.1175,53.5365],[17.0898,53.5427],[17.0646,53.5232],[17.0328,53.5158],[17.012,53.5202],[16.9998,53.518],[16.9941,53.5319],[17.0057,53.5344],[17.0015,53.5493],[16.9811,53.5568],[16.9515,53.5432],[16.9491,53.5588],[16.9387,53.5717],[16.941,53.5817],[16.9223,53.6001],[16.9163,53.6005],[16.91,53.6129],[16.8962,53.6211],[16.8998,53.6409],[16.8922,53.6559],[16.8696,53.6477],[16.8664,53.6503],[16.8537,53.6387],[16.8553,53.6324],[16.8417,53.6261],[16.8261,53.6434],[16.8145,53.641],[16.8138,53.6308],[16.7582,53.6241],[16.7629,53.6181],[16.7439,53.596],[16.7395,53.5837],[16.7464,53.5757],[16.7402,53.5668],[16.7278,53.5673],[16.7272,53.5551],[16.7192,53.5455],[16.717,53.5336],[16.727,53.5288],[16.7106,53.5161],[16.6956,53.5183],[16.646,53.4847],[16.5844,53.4837],[16.5803,53.4787],[16.5322,53.4783],[16.4901,53.4703],[16.4824,53.4767],[16.4542,53.4885],[16.4362,53.4606],[16.4398,53.4593],[16.4639,53.4573],[16.46,53.4527],[16.4442,53.4522],[16.4666,53.4041],[16.477,53.3974],[16.4751,53.3881],[16.5102,53.3796],[16.5084,53.3761],[16.5257,53.3672],[16.5328,53.3758],[16.5512,53.3587],[16.5626,53.353],[16.572,53.3584],[16.5851,53.3467],[16.6235,53.3462],[16.6566,53.3209],[16.6782,53.3197],[16.6859,53.3078],[16.7145,53.2991],[16.7201,53.2924],[16.7437,53.2819],[16.7525,53.2984],[16.7704,53.2919],[16.7985,53.2912],[16.7906,53.2845],[16.7897,53.2699],[16.8001,53.2515],[16.8216,53.2415],[16.8063,53.2255],[16.7928,53.2207],[16.7908,53.2038],[16.7797,53.1894],[16.7995,53.1913],[16.8115,53.1867],[16.857,53.1779],[16.8529,53.1693],[16.914,53.1789],[16.9061,53.197],[16.9239,53.2111],[16.9538,53.2217],[16.9663,53.2192],[16.9725,53.2257],[16.9956,53.2343],[17.0159,53.2316],[17.0286,53.2335],[17.0453,53.224],[17.0728,53.2315],[17.0771,53.2396],[17.1397,53.2377],[17.1487,53.252],[17.142,53.262],[17.1731,53.2653],[17.1893,53.2715],[17.1859,53.2891],[17.1943,53.2975],[17.2553,53.3185],[17.2492,53.3236],[17.2608,53.3271],[17.2659,53.3508],[17.2572,53.3634],[17.2479,53.3757],[17.2957,53.4037],[17.2906,53.4142],[17.2947,53.4218],[17.3309,53.4364],[17.3387,53.4493],[17.3825,53.4686],[17.3907,53.491]]]},"properties":{"code":"3031","name":"powiat złotowski","country":"PL","level":"district","parent":"30","grodzki":false,"type":"powiat"}},
{"type":"Feature","geometry":{"type":"Polygon","coordinates":[[[21.4163,51.2213],[21.4518,51.2207],[21.4677,51.2528],[21.4785,51.2595],[21.4819,51.2679],[21.501,51.2727],[21.5159,51.2635],[21.5358,51.2686],[21.554,51.2622],[21.5631,51.2678],[21.5399,51.2829],[21.5401,51.2952],[21.5929,51.2849],[21.612,51.2776],[21.6319,51.2663],[21.6319,51.2742],[21.6542,51.2749],[21.6684,51.2906],[21.6676,51.3022],[21.6954,51.297],[21.7185,51.2847],[21.7421,51.2761],[21.7713,51.272],[21.7733,51.265],[21.7879,51.2622],[21.7997,51.2694],[21.8166,51.2682],[21.8223,51.2631],[21.8601,51.2747],[21.8365,51.2835],[21.8313,51.2891],[21.8229,51.2807],[21.8118,51.2916],[21.7868,51.285],[21.7896,51.2936],[21.8234,51.3033],[21.8247,51.3139],[21.8351,51.3378],[21.8283,51.3393],[21.8454,51.3541],[21.8537,51.3519],[21.8384,51.378],[21.8322,51.3805],[21.816,51.3716],[21.8066,51.3754],[21.7845,51.3975],[21.7685,51.3911],[21.761,51.4013],[21.7677,51.4135],[21.7801,51.4116],[21.7876,51.4201],[21.7637,51.4224],[21.7524,51.4272],[21.7503,51.4404],[21.7356,51.4541],[21.7362,51.4644],[21.7167,51.467],[21.7156,51.4709],[21.7423,51.4724],[21.7423,51.4782],[21.7299,51.4857],[21.7339,51.5008],[21.7038,51.4948],[21.699,51.4771],[21.6931,51.4721],[21.6717,51.4765],[21.6513,51.4697],[21.6252,51.4761],[21.6067,51.4725],[21.6137,51.4579],[21.6068,51.4515],[21.5568,51.4517],[21.55,51.4446],[21.5635,51.4252],[21.513,51.4123],[21.5084,51.4054],[21.4852,51.4061],[21.471,51.4018],[21.4607,51.3852],[21.4475,51.385],[21.4451,51.3718],[21.4318,51.3542],[21.4025,51.3515],[21.387,51.3462],[21.3739,51.3349],[21.3516,51.3312],[21.3671,51.2971],[21.3508,51.2781],[21.3255,51.2727],[21.3433,51.2638],[21.3365,51.2571],[21.3532,51.2496],[21.3362,51.2503],[21.3362,51.2432],[21.346,51.2368],[21.3351,51.2293],[21.3487,51.2232],[21.3632,51.2229],[21.3635,51.2292],[21.4213,51.2272],[21.4163,51.2213]]]},"properties":{"code":"1436","name":"powiat zwoleński","country":"PL","level":"district","parent":"14","grodzki":false,"type":"powiat"}},
{"type":"Feature","geometry":{"type":"Polygon","coordinates":[[[15.714,51.5174],[15.7108,51.5237],[15.7123,51.5465],[15.7032,51.5464],[15.7069,51.5561],[15.7237,51.5522],[15.7428,51.556],[15.77,51.5697],[15.8239,51.5738],[15.8158,51.6029],[15.834,51.6222],[15.8304,51.6368],[15.8366,51.6442],[15.8526,51.6495],[15.8562,51.6573],[15.8427,51.6612],[15.8497,51.6652],[15.8343,51.6722],[15.8166,51.6676],[15.8052,51.6698],[15.8017,51.6635],[15.7854,51.659],[15.7586,51.6599],[15.7507,51.6528],[15.738,51.6524],[15.729,51.645],[15.7022,51.6529],[15.6985,51.6595],[15.6844,51.6564],[15.6621,51.6693],[15.6271,51.6689],[15.6204,51.6724],[15.6004,51.67],[15.5989,51.6792],[15.579,51.6943],[15.5527,51.6874],[15.5195,51.6834],[15.5136,51.6957],[15.5191,51.7058],[15.5194,51.7213],[15.5042,51.7236],[15.5026,51.7379],[15.4845,51.7444],[15.4907,51.7526],[15.4817,51.7568],[15.4635,51.7746],[15.4469,51.7728],[15.4422,51.7817],[15.3966,51.7694],[15.4142,51.7542],[15.3839,51.7519],[15.3821,51.7464],[15.3457,51.7365],[15.3364,51.7448],[15.3106,51.742],[15.3105,51.7564],[15.2981,51.7544],[15.2871,51.7596],[15.2696,51.7609],[15.2669,51.7479],[15.2501,51.7525],[15.2464,51.7415],[15.233,51.7405],[15.2439,51.7135],[15.2521,51.7057],[15.2386,51.699],[15.2492,51.6859],[15.2521,51.6748],[15.2702,51.6688],[15.2735,51.66],[15.2621,51.6455],[15.2605,51.6255],[15.2636,51.619],[15.2543,51.6041],[15.2417,51.599],[15.2361,51.5906],[15.2124,51.5834],[15.1935,51.5814],[15.1673,51.5852],[15.168,51.5713],[15.1803,51.5605],[15.1701,51.5499],[15.1567,51.5528],[15.1467,51.5494],[15.1107,51.5456],[15.0622,51.5617],[15.0513,51.5469],[15.0295,51.5502],[15.0179,51.5475],[15.0173,51.5412],[15.0022,51.5369],[15.0227,51.5356],[15.0165,51.5255],[15.024,51.5169],[15.0124,51.5074],[15.0109,51.4893],[15,51.4894],[15.0002,51.4961],[14.9879,51.4961],[14.9929,51.4827],[15.0488,51.482],[15.0473,51.4364],[15.0755,51.4332],[15.0862,51.4255],[15.1118,51.4284],[15.1297,51.4379],[15.1506,51.4424],[15.187,51.464],[15.2019,51.4633],[15.2009,51.4461],[15.2082,51.4443],[15.2435,51.4463],[15.252,51.449],[15.2724,51.4379],[15.2755,51.4298],[15.2875,51.4308],[15.2983,51.4201],[15.3152,51.4177],[15.3215,51.4084],[15.3337,51.4099],[15.3249,51.4185],[15.3281,51.4291],[15.3433,51.4469],[15.3337,51.4516],[15.3394,51.4741],[15.3467,51.4716],[15.3793,51.4702],[15.3803,51.481],[15.3704,51.4805],[15.3671,51.4929],[15.3712,51.5079],[15.3818,51.5115],[15.3857,51.5283],[15.3966,51.531],[15.407,51.5205],[15.4371,51.5273],[15.4625,51.5223],[15.4692,51.5146],[15.4858,51.5136],[15.4877,51.5276],[15.595,51.4697],[15.5809,51.4531],[15.6013,51.4478],[15.6235,51.4635],[15.6241,51.472],[15.6345,51.4721],[15.6346,51.4788],[15.6466,51.4783],[15.6548,51.4722],[15.6673,51.4889],[15.6789,51.5124],[15.701,51.5125],[15.714,51.5174]]]},"properties":{"code":"0810","name":"powiat żagański","country":"PL","level":"district","parent":"08","grodzki":false,"type":"powiat"}},
{"type":"Feature","geometry":{"type":"Polygon","coordinates":[[[15.0862,51.4255],[15.0755,51.4332],[15.0473,51.4364],[15.0488,51.482],[14.9929,51.4827],[14.9879,51.4961],[15.0002,51.4961],[15,51.4894],[15.0109,51.4893],[15.0124,51.5074],[15.024,51.5169],[15.0165,51.5255],[15.0227,51.5356],[15.0022,51.5369],[15.0173,51.5412],[15.0179,51.5475],[15.0295,51.5502],[15.0513,51.5469],[15.0622,51.5617],[15.1107,51.5456],[15.1467,51.5494],[15.1567,51.5528],[15.1701,51.5499],[15.1803,51.5605],[15.168,51.5713],[15.1673,51.5852],[15.1935,51.5814],[15.2124,51.5834],[15.2361,51.5906],[15.2417,51.599],[15.2543,51.6041],[15.2636,51.619],[15.2605,51.6255],[15.2621,51.6455],[15.2735,51.66],[15.2702,51.6688],[15.2521,51.6748],[15.2492,51.6859],[15.2386,51.699],[15.2521,51.7057],[15.2439,51.7135],[15.233,51.7405],[15.2177,51.7756],[15.2219,51.7791],[15.1974,51.7842],[15.1789,51.7572],[15.1598,51.7525],[15.1359,51.7581],[15.1353,51.7668],[15.1096,51.7742],[15.1235,51.7788],[15.1435,51.7775],[15.1521,51.7841],[15.1433,51.8043],[15.1703,51.8071],[15.1532,51.8465],[15.0774,51.839],[15.1065,51.8629],[15.0817,51.8608],[15.0706,51.8645],[15.0693,51.8728],[15.0314,51.8805],[15.0151,51.888],[14.9942,51.8831],[14.9499,51.889],[14.9389,51.8937],[14.9187,51.8873],[14.9272,51.8788],[14.9066,51.8729],[14.8821,51.8716],[14.8572,51.8812],[14.8489,51.8756],[14.8584,51.8497],[14.8256,51.8532],[14.818,51.8484],[14.7862,51.8501],[14.7817,51.8563],[14.7623,51.8579],[14.753,51.8525],[14.7551,51.8453],[14.7766,51.8391],[14.7514,51.8358],[14.7262,51.8384],[14.7358,51.8101],[14.7135,51.815],[14.693,51.8105],[14.6833,51.793],[14.674,51.7858],[14.65,51.7865],[14.6551,51.7736],[14.6515,51.7607],[14.6627,51.7584],[14.6567,51.7405],[14.6681,51.7258],[14.6761,51.7236],[14.6892,51.7093],[14.7014,51.7048],[14.7468,51.6762],[14.7578,51.6611],[14.7511,51.6516],[14.7559,51.6457],[14.7541,51.6268],[14.7641,51.6174],[14.7651,51.6078],[14.7505,51.5949],[14.7304,51.5841],[14.7269,51.575],[14.7112,51.5627],[14.7289,51.5504],[14.7291,51.5314],[14.7367,51.5256],[14.7665,51.5189],[14.7967,51.5176],[14.8135,51.5059],[14.8201,51.5074],[14.8528,51.4893],[14.8701,51.4853],[14.8875,51.4879],[14.8978,51.4821],[14.9224,51.4823],[14.9267,51.4732],[14.947,51.4721],[14.9668,51.446],[14.9742,51.4419],[14.9661,51.4268],[14.967,51.4162],[14.9589,51.4109],[14.9689,51.3977],[14.9693,51.3791],[14.9836,51.374],[14.9742,51.364],[15.0089,51.3644],[15.009,51.3742],[15.0179,51.3935],[15.0712,51.397],[15.083,51.4086],[15.0862,51.4255]]]},"properties":{"code":"0811","name":"powiat żarski","country":"PL","level":"district","parent":"08","grodzki":false,"type":"powiat"}},
{"type":"Feature","geometry":{"type":"Polygon","coordinates":[[[17.7867,52.6515],[17.7866,52.6579],[17.8052,52.6648],[17.8017,52.6683],[17.8149,52.6756],[17.8022,52.6917],[17.8073,52.701],[17.8274,52.7103],[17.8358,52.7189],[17.855,52.7233],[17.8701,52.7387],[17.9168,52.7478],[17.9187,52.7562],[17.9094,52.7596],[17.9159,52.7677],[17.9006,52.7826],[17.9076,52.7938],[17.8919,52.7968],[17.8859,52.8133],[17.8596,52.8211],[17.8616,52.8271],[17.8776,52.8328],[17.8862,52.8214],[17.9041,52.825],[17.9088,52.83],[17.9372,52.8417],[17.9645,52.8253],[17.9579,52.8136],[17.9841,52.8169],[17.9778,52.8023],[17.9964,52.797],[18.01,52.8051],[18.0338,52.8082],[18.0526,52.8064],[18.0546,52.8205],[18.0686,52.8314],[18.0559,52.8366],[18.0705,52.8489],[18.0505,52.8557],[18.0593,52.875],[18.0541,52.8844],[18.0328,52.9076],[17.9967,52.9061],[17.9677,52.924],[17.9895,52.937],[17.9896,52.9426],[18.0158,52.9448],[18.0088,52.9628],[18.0105,52.9661],[17.9976,52.9816],[17.9856,52.9819],[17.9854,52.9934],[17.9748,52.9931],[17.9693,53.0008],[17.9777,53.0037],[17.9759,53.018],[17.9629,53.0203],[17.9634,53.0318],[17.9391,53.0386],[17.8951,53.033],[17.8784,53.043],[17.8487,53.0264],[17.8348,53.0243],[17.8388,53.011],[17.8489,53.0132],[17.8592,52.995],[17.8508,52.9947],[17.8527,52.9783],[17.8263,52.9655],[17.8319,52.9598],[17.8086,52.9409],[17.8101,52.9354],[17.7859,52.9333],[17.7887,52.923],[17.7792,52.9203],[17.7644,52.9244],[17.7259,52.9165],[17.7161,52.9245],[17.6987,52.9246],[17.6786,52.9178],[17.6597,52.9219],[17.64,52.916],[17.6137,52.9167],[17.606,52.9079],[17.5622,52.8949],[17.5529,52.9042],[17.5379,52.8989],[17.5125,52.9088],[17.519,52.8968],[17.5183,52.8857],[17.5285,52.8848],[17.5233,52.8742],[17.5271,52.8582],[17.5133,52.8549],[17.5158,52.8385],[17.5123,52.8318],[17.521,52.8215],[17.5045,52.8041],[17.5098,52.7958],[17.5029,52.7865],[17.4604,52.7868],[17.4528,52.7972],[17.4324,52.7839],[17.4109,52.7852],[17.4081,52.7715],[17.4144,52.7625],[17.4097,52.7571],[17.4217,52.7511],[17.4393,52.7504],[17.4585,52.7389],[17.4877,52.7295],[17.4801,52.7114],[17.5003,52.7111],[17.4953,52.704],[17.4779,52.7068],[17.4673,52.6805],[17.5008,52.6847],[17.5061,52.6733],[17.5244,52.6726],[17.5237,52.6784],[17.5439,52.6896],[17.5574,52.6882],[17.573,52.6921],[17.5813,52.7046],[17.6145,52.703],[17.6277,52.7082],[17.6404,52.6923],[17.6477,52.6903],[17.6314,52.6791],[17.6387,52.6634],[17.6303,52.655],[17.6468,52.6448],[17.6775,52.6486],[17.6754,52.6402],[17.6824,52.6238],[17.6772,52.6182],[17.6781,52.6024],[17.6901,52.6023],[17.6981,52.612],[17.7061,52.6086],[17.7212,52.6197],[17.7491,52.6325],[17.7445,52.6425],[17.7238,52.6331],[17.7161,52.6397],[17.7381,52.6508],[17.7653,52.6556],[17.7605,52.6495],[17.7665,52.6385],[17.7771,52.6363],[17.7803,52.6486],[17.7867,52.6515]]]},"properties":{"code":"0419","name":"powiat żniński","country":"PL","level":"district","parent":"04","grodzki":false,"type":"powiat"}},
{"type":"Feature","geometry":{"type":"MultiPolygon","coordinates":[[[[18.6568,50.0813],[18.6448,50.0809],[18.6405,50.0686],[18.6517,50.0547],[18.6123,50.043],[18.6023,50.0312],[18.611,50.0184],[18.6321,50.0221],[18.6515,50.0208],[18.6658,50.0125],[18.669,50.0184],[18.6811,50.01],[18.6797,50.0048],[18.6935,50.001],[18.7028,50.0143],[18.7294,50.0102],[18.7232,49.9963],[18.7416,49.9994],[18.7543,49.9978],[18.7736,50.0009],[18.7736,50.0203],[18.7492,50.0258],[18.7542,50.0543],[18.7261,50.0618],[18.7261,50.0658],[18.7081,50.0726],[18.6825,50.0722],[18.6568,50.0813]]],[[[18.6005,50.0411],[18.6093,50.0417],[18.6093,50.0424],[18.6005,50.0411]]]]},"properties":{"code":"2479","name":"powiat Żory","country":"PL","level":"district","parent":"24","grodzki":true,"type":"miasto na prawach powiatu"}},
{"type":"Feature","geometry":{"type":"Polygon","coordinates":[[[19.6848,52.963],[19.6971,52.9638],[19.6974,52.9714],[19.7168,52.9654],[19.7341,52.9673],[19.7697,52.9592],[19.7897,52.9416],[19.8116,52.932],[19.8222,52.9325],[19.817,52.9207],[19.84,52.9206],[19.8578,52.9119],[19.8633,52.9048],[19.8854,52.9057],[19.888,52.9094],[19.9325,52.9007],[19.9569,52.8906],[19.964,52.8824],[19.9549,52.8592],[19.9689,52.8451],[19.9592,52.8306],[19.9711,52.8259],[19.9915,52.828],[20.0002,52.8541],[20.0167,52.8489],[20.0113,52.8401],[20.0268,52.8233],[20.0439,52.8361],[20.0611,52.832],[20.0877,52.8359],[20.1267,52.8261],[20.1328,52.8405],[20.1445,52.8514],[20.1283,52.8554],[20.1442,52.864],[20.1427,52.8832],[20.147,52.8858],[20.1311,52.889],[20.1183,52.8766],[20.101,52.8725],[20.0931,52.8936],[20.1012,52.8932],[20.1031,52.9163],[20.0965,52.9079],[20.0497,52.9012],[20.0569,52.9108],[20.0468,52.9171],[20.0468,52.9263],[20.0326,52.9292],[20.039,52.9406],[20.0329,52.9479],[20.0421,52.9517],[20.0373,52.9677],[20.0282,52.9613],[20.0266,52.9687],[20.0373,52.9677],[20.0445,52.9768],[20.0584,52.98],[20.0387,52.9862],[20.0372,53.0122],[20.0775,53.0148],[20.0717,53.0214],[20.0428,53.0331],[20.0532,53.0435],[20.0749,53.0459],[20.0921,53.0415],[20.0856,53.0521],[20.0864,53.0702],[20.1015,53.067],[20.1033,53.076],[20.1172,53.0921],[20.1222,53.1109],[20.1379,53.1116],[20.1371,53.12],[20.1246,53.1273],[20.1351,53.1425],[20.1271,53.1467],[20.119,53.1622],[20.1042,53.1681],[20.0774,53.1654],[20.0762,53.1573],[20.0523,53.1552],[20.0387,53.1592],[20.0344,53.1477],[20.0256,53.1451],[20.0197,53.1531],[19.9782,53.1439],[19.9581,53.1548],[19.9548,53.1602],[19.9266,53.1675],[19.9281,53.1715],[19.9074,53.177],[19.9164,53.1935],[19.9134,53.2115],[19.8834,53.2085],[19.882,53.2025],[19.8471,53.1923],[19.8254,53.1733],[19.8389,53.1632],[19.8388,53.1414],[19.7776,53.155],[19.7616,53.1518],[19.7326,53.1445],[19.712,53.1347],[19.7105,53.1215],[19.6929,53.1195],[19.6847,53.1231],[19.6827,53.1129],[19.6671,53.1061],[19.6523,53.1069],[19.6465,53.1122],[19.6342,53.1117],[19.6387,53.0949],[19.647,53.0873],[19.6479,53.0755],[19.6607,53.069],[19.6468,53.0663],[19.6458,53.0543],[19.6516,53.0505],[19.6522,53.0378],[19.6656,53.0401],[19.6781,53.032],[19.6835,53.0186],[19.6771,53.0007],[19.6702,52.9935],[19.6848,52.963]]]},"properties":{"code":"1437","name":"powiat żuromiński","country":"PL","level":"district","parent":"14","grodzki":false,"type":"powiat"}},
{"type":"Feature","geometry":{"type":"Polygon","coordinates":[[[20.6579,51.9255],[20.6322,51.9334],[20.634,51.9473],[20.6147,51.9538],[20.609,51.9664],[20.5969,51.9673],[20.5973,51.9787],[20.6101,51.9761],[20.6127,51.9832],[20.6085,52.0103],[20.6138,52.0252],[20.6034,52.0355],[20.6141,52.0319],[20.6241,52.0398],[20.6214,52.0481],[20.6006,52.0539],[20.5887,52.0499],[20.5498,52.0504],[20.5316,52.048],[20.5228,52.0511],[20.5098,52.038],[20.4956,52.0336],[20.4764,52.0358],[20.4622,52.042],[20.4748,52.0566],[20.4625,52.0732],[20.4442,52.084],[20.4514,52.0885],[20.4395,52.0949],[20.4543,52.0983],[20.4367,52.109],[20.4295,52.1234],[20.421,52.1213],[20.4111,52.1402],[20.3912,52.1373],[20.3937,52.1322],[20.3798,52.1298],[20.377,52.1353],[20.3476,52.1314],[20.3469,52.1512],[20.3242,52.1495],[20.3089,52.1377],[20.2684,52.1461],[20.2687,52.126],[20.2519,52.1173],[20.2574,52.1063],[20.2689,52.1007],[20.2699,52.0771],[20.2458,52.0754],[20.2531,52.0553],[20.2059,52.028],[20.1987,52.0256],[20.2256,52.005],[20.2432,51.9989],[20.2501,52.0062],[20.2624,52.0004],[20.2551,51.9956],[20.2722,51.9823],[20.2715,51.9713],[20.294,51.9671],[20.2407,51.951],[20.2427,51.9345],[20.2658,51.9309],[20.2687,51.9352],[20.2916,51.9397],[20.31,51.935],[20.3116,51.9185],[20.301,51.9132],[20.3182,51.9123],[20.3239,51.922],[20.3538,51.9197],[20.3598,51.9283],[20.3726,51.9236],[20.3837,51.937],[20.3707,51.9383],[20.3891,51.942],[20.3982,51.9308],[20.4136,51.9304],[20.4235,51.941],[20.4326,51.9374],[20.4394,51.9435],[20.4516,51.9352],[20.4755,51.9311],[20.478,51.9202],[20.4858,51.9205],[20.4909,51.9104],[20.4794,51.9],[20.4983,51.8895],[20.5188,51.8924],[20.5691,51.8877],[20.5664,51.8763],[20.5837,51.8706],[20.591,51.8606],[20.5906,51.8494],[20.6054,51.8496],[20.6243,51.8443],[20.6434,51.8515],[20.6456,51.8646],[20.6438,51.9017],[20.66,51.9024],[20.6578,51.9094],[20.6671,51.9158],[20.6579,51.9255]]]},"properties":{"code":"1438","name":"powiat żyrardowski","country":"PL","level":"district","parent":"14","grodzki":false,"type":"powiat"}},
{"type":"Feature","geometry":{"type":"Polygon","coordinates":[[[18.9466,49.5174],[18.9716,49.5043],[18.9733,49.4968],[18.9605,49.4828],[18.9702,49.4768],[18.9608,49.4547],[18.9739,49.4517],[18.9778,49.4405],[18.9883,49.4318],[18.9857,49.4218],[18.9687,49.4133],[18.9712,49.4021],[18.9799,49.3952],[18.9896,49.3984],[19.027,49.394],[19.0447,49.4004],[19.0539,49.4152],[19.0702,49.4124],[19.0727,49.418],[19.0915,49.416],[19.1073,49.4037],[19.1224,49.4026],[19.1375,49.41],[19.1534,49.4038],[19.1773,49.414],[19.1876,49.4097],[19.1974,49.4146],[19.1857,49.4347],[19.1986,49.4482],[19.209,49.4518],[19.219,49.4486],[19.2283,49.4637],[19.22,49.4693],[19.237,49.5017],[19.2336,49.5109],[19.2605,49.527],[19.2607,49.5312],[19.2815,49.5353],[19.2929,49.5332],[19.3156,49.5366],[19.3188,49.5311],[19.347,49.5359],[19.3624,49.5361],[19.3686,49.545],[19.3666,49.5537],[19.3736,49.5594],[19.3714,49.5674],[19.4,49.5741],[19.4076,49.5808],[19.4096,49.5918],[19.4446,49.6005],[19.443,49.6092],[19.4674,49.6138],[19.4808,49.6244],[19.4689,49.648],[19.4778,49.6608],[19.465,49.6679],[19.4594,49.6764],[19.4411,49.6805],[19.4138,49.6728],[19.4071,49.6786],[19.3918,49.6773],[19.3725,49.6955],[19.3907,49.6984],[19.4004,49.7108],[19.4105,49.7101],[19.4293,49.7195],[19.4287,49.7275],[19.4446,49.7349],[19.446,49.7426],[19.4364,49.7571],[19.415,49.7753],[19.4085,49.764],[19.3995,49.7617],[19.3867,49.7696],[19.373,49.7707],[19.3661,49.7777],[19.3498,49.7714],[19.3168,49.7779],[19.2873,49.7797],[19.2719,49.7757],[19.2619,49.7783],[19.249,49.7916],[19.235,49.7876],[19.2201,49.7888],[19.2118,49.7954],[19.2076,49.8082],[19.1856,49.8288],[19.1662,49.8249],[19.1583,49.8181],[19.142,49.8146],[19.1468,49.8016],[19.1398,49.7967],[19.1275,49.7786],[19.1485,49.7677],[19.1395,49.7635],[19.1216,49.7435],[19.1145,49.7478],[19.1099,49.7414],[19.1159,49.7317],[19.1245,49.7324],[19.1231,49.7178],[19.1105,49.7142],[19.1174,49.7072],[19.0968,49.7036],[19.0848,49.7068],[19.0503,49.7029],[19.0497,49.6982],[19.0247,49.6801],[19.0069,49.6721],[19.0015,49.6566],[19.0024,49.6432],[19.0173,49.6223],[19.0006,49.5964],[18.984,49.587],[18.9869,49.5719],[18.9784,49.5627],[18.9867,49.5483],[18.9802,49.5386],[18.9535,49.5357],[18.9521,49.5216],[18.9466,49.5174]]]},"properties":{"code":"2417","name":"powiat żywiecki","country":"PL","level":"district","parent":"24","grodzki":false,"type":"powiat"}},
{"type":"Feature","geometry":{"type":"Polygon","coordinates":[[[22.1933,51.6597],[22.182,51.6576],[22.1573,51.668],[22.1656,51.678],[22.1624,51.6849],[22.1515,51.6858],[22.1379,51.6952],[22.139,51.7054],[22.1149,51.717],[22.119,51.7199],[22.0913,51.7236],[22.074,51.7284],[22.0662,51.7082],[22.061,51.7086],[22.0464,51.7325],[22.0607,51.7288],[22.0626,51.7379],[22.0499,51.7389],[22.0493,51.7444],[22.0612,51.7521],[22.0587,51.7602],[22.0644,51.7802],[22.0765,51.7826],[22.0753,51.79],[22.0311,51.7795],[21.9827,51.7856],[21.9564,51.7938],[21.9352,51.7854],[21.9274,51.7789],[21.9003,51.7776],[21.8973,51.7688],[21.8666,51.7687],[21.8577,51.7595],[21.8444,51.7584],[21.8357,51.7438],[21.8481,51.7426],[21.8478,51.7369],[21.8737,51.7287],[21.8699,51.7208],[21.8768,51.7117],[21.901,51.7071],[21.8941,51.6974],[21.8825,51.694],[21.8778,51.6766],[21.8558,51.6772],[21.8518,51.669],[21.845,51.6732],[21.8387,51.6522],[21.8308,51.6483],[21.8027,51.6469],[21.7916,51.6507],[21.7844,51.644],[21.76,51.6404],[21.7492,51.612],[21.7267,51.6181],[21.7221,51.6374],[21.7138,51.6351],[21.6483,51.6599],[21.6362,51.6543],[21.6405,51.6443],[21.6401,51.6259],[21.6235,51.6231],[21.6155,51.6176],[21.6254,51.6101],[21.6484,51.603],[21.6556,51.5824],[21.678,51.5774],[21.6961,51.5701],[21.7558,51.5604],[21.7824,51.5686],[21.8174,51.5642],[21.8278,51.5596],[21.8331,51.5484],[21.8514,51.5479],[21.8871,51.5304],[21.889,51.5358],[21.9173,51.538],[21.9332,51.5447],[21.9504,51.5355],[21.9791,51.5571],[21.9781,51.566],[22.0095,51.5753],[22.0429,51.5701],[22.0766,51.573],[22.1139,51.5713],[22.1259,51.5652],[22.1374,51.5722],[22.1653,51.5759],[22.1711,51.5819],[22.1878,51.5844],[22.1928,51.5921],[22.1898,51.603],[22.2038,51.5972],[22.2179,51.5993],[22.2121,51.6043],[22.2412,51.6061],[22.243,51.6129],[22.2252,51.6171],[22.207,51.626],[22.2018,51.639],[22.189,51.644],[22.1933,51.6597]]]},"properties":{"code":"0616","name":"powiat rycki","country":"PL","level":"district","parent":"06","grodzki":false,"type":"powiat"}},
{"type":"Feature","geometry":{"type":"Polygon","coordinates":[[[19.6465,53.1122],[19.6414,53.1156],[19.6119,53.1181],[19.6033,53.1054],[19.5927,53.1058],[19.5938,53.085],[19.5896,53.0803],[19.5529,53.0888],[19.5127,53.1075],[19.4976,53.0999],[19.4866,53.1001],[19.4713,53.1163],[19.4474,53.1145],[19.4005,53.1072],[19.3686,53.1074],[19.3576,53.1211],[19.3373,53.1242],[19.3331,53.1295],[19.3504,53.1356],[19.3289,53.1704],[19.3451,53.1721],[19.3362,53.1811],[19.3197,53.1891],[19.3278,53.1942],[19.3294,53.208],[19.3411,53.2028],[19.3428,53.2084],[19.3273,53.2167],[19.2722,53.2089],[19.2535,53.1998],[19.252,53.1903],[19.2373,53.1905],[19.2103,53.1707],[19.2008,53.168],[19.2086,53.1618],[19.1941,53.1597],[19.1869,53.152],[19.206,53.1293],[19.2279,53.1337],[19.2399,53.1295],[19.2258,53.1211],[19.2568,53.1048],[19.2274,53.094],[19.2354,53.082],[19.2165,53.0692],[19.2232,53.0618],[19.2048,53.0569],[19.2003,53.05],[19.1826,53.0498],[19.18,53.0329],[19.2091,53.0225],[19.2016,53.02],[19.2053,53.0094],[19.2386,53.0048],[19.239,53.0015],[19.2489,52.9984],[19.257,53.0033],[19.2687,52.9964],[19.2594,52.9853],[19.2751,52.9819],[19.2962,52.9704],[19.3078,52.9447],[19.3283,52.9521],[19.3469,52.9497],[19.3435,52.9404],[19.3587,52.9359],[19.3833,52.9337],[19.3823,52.9434],[19.3909,52.9293],[19.4017,52.9356],[19.4327,52.9333],[19.4447,52.939],[19.4453,52.9474],[19.4577,52.9418],[19.4846,52.944],[19.4869,52.9403],[19.5289,52.9364],[19.5408,52.9484],[19.5825,52.9569],[19.5861,52.963],[19.5593,52.9791],[19.5547,52.9901],[19.6119,52.9769],[19.6241,52.9772],[19.6364,52.9698],[19.6487,52.9697],[19.6546,52.9613],[19.6713,52.9556],[19.6848,52.963],[19.6702,52.9935],[19.6771,53.0007],[19.6835,53.0186],[19.6781,53.032],[19.6656,53.0401],[19.6522,53.0378],[19.6516,53.0505],[19.6458,53.0543],[19.6468,53.0663],[19.6607,53.069],[19.6479,53.0755],[19.647,53.0873],[19.6387,53.0949],[19.6342,53.1117],[19.6465,53.1122]]]},"properties":{"code":"0412","name":"powiat rypiński","country":"PL","level":"district","parent":"04","grodzki":false,"type":"powiat"}},
{"type":"Feature","geometry":{"type":"Polygon","coordinates":[[[22.1308,50.0274],[22.1287,50.0403],[22.1228,50.0434],[22.1473,50.0607],[22.1524,50.0759],[22.168,50.0834],[22.1685,50.0961],[22.1762,50.1009],[22.171,50.1061],[22.1493,50.1134],[22.1374,50.1084],[22.1281,50.1148],[22.1256,50.1308],[22.1146,50.1402],[22.1071,50.139],[22.102,50.1499],[22.1109,50.1535],[22.0965,50.157],[22.0993,50.1695],[22.0901,50.1729],[22.1224,50.1748],[22.1261,50.1829],[22.1427,50.1849],[22.1595,50.182],[22.1774,50.1741],[22.1847,50.1781],[22.1806,50.1925],[22.1881,50.1969],[22.1818,50.203],[22.1966,50.2063],[22.1991,50.2147],[22.194,50.225],[22.1856,50.226],[22.1976,50.2337],[22.2247,50.2356],[22.2335,50.2468],[22.248,50.2609],[22.2306,50.271],[22.213,50.2719],[22.2109,50.2774],[22.1963,50.2734],[22.1988,50.2856],[22.212,50.2999],[22.2027,50.3047],[22.2073,50.3121],[22.1887,50.3191],[22.1929,50.3366],[22.1999,50.3433],[22.1976,50.3521],[22.1738,50.3487],[22.1669,50.3432],[22.1527,50.3476],[22.1526,50.3537],[22.1251,50.3552],[22.1085,50.3641],[22.1076,50.3691],[22.0854,50.3674],[22.0891,50.3584],[22.1019,50.355],[22.0825,50.3433],[22.07,50.3313],[21.9988,50.3239],[22.0056,50.3089],[22.0082,50.3026],[22.086,50.3076],[22.0792,50.3],[22.0813,50.2861],[22.0961,50.2801],[22.0966,50.2732],[22.0863,50.2652],[22.0679,50.2588],[22.0592,50.2491],[22.0454,50.2437],[22.0517,50.237],[22.0401,50.2312],[22.0092,50.2323],[22.0091,50.2323],[22.0092,50.2323],[22.0091,50.2323],[21.9969,50.2341],[21.9897,50.242],[21.9707,50.2479],[21.9507,50.2487],[21.9202,50.2357],[21.9283,50.2272],[21.9285,50.2083],[21.9347,50.2014],[21.9156,50.1824],[21.8879,50.1856],[21.8648,50.1774],[21.8594,50.151],[21.8034,50.1514],[21.804,50.1422],[21.7925,50.1198],[21.779,50.1142],[21.7874,50.0984],[21.8129,50.0969],[21.8229,50.0838],[21.7985,50.0723],[21.7959,50.059],[21.8036,50.0392],[21.8216,50.0316],[21.8118,50.0235],[21.8078,50.0086],[21.7913,49.9954],[21.7815,49.9955],[21.7735,49.9876],[21.7759,49.9811],[21.7482,49.9689],[21.7923,49.9729],[21.8154,49.9699],[21.8322,49.9647],[21.8411,49.9673],[21.8598,49.9606],[21.867,49.9505],[21.8958,49.9573],[21.9164,49.9472],[21.9016,49.9326],[21.902,49.9229],[21.9312,49.8939],[21.9455,49.8752],[21.9632,49.864],[21.9805,49.8584],[21.9845,49.8527],[22.003,49.8455],[22.0193,49.843],[22.0203,49.8376],[22.0264,49.8329],[22.0517,49.8256],[22.0883,49.8313],[22.0964,49.8358],[22.1172,49.8161],[22.1244,49.805],[22.1557,49.7827],[22.1713,49.7815],[22.1963,49.7894],[22.2062,49.7956],[22.2163,49.7909],[22.2351,49.79],[22.2235,49.7825],[22.2196,49.7733],[22.2256,49.7678],[22.2343,49.7708],[22.2623,49.7632],[22.2945,49.7446],[22.3126,49.7531],[22.3267,49.7499],[22.3364,49.7666],[22.3177,49.7845],[22.3069,49.7883],[22.2942,49.8001],[22.3036,49.8006],[22.3212,49.815],[22.3037,49.8254],[22.3083,49.8335],[22.3002,49.8452],[22.3097,49.8533],[22.3043,49.8572],[22.3088,49.8701],[22.2991,49.8728],[22.265,49.8752],[22.2649,49.8752],[22.265,49.8752],[22.2649,49.8752],[22.2557,49.889],[22.2384,49.9005],[22.2456,49.9058],[22.2324,49.9172],[22.2376,49.9215],[22.2342,49.9315],[22.2156,49.9385],[22.2237,49.9434],[22.2265,49.9645],[22.2301,49.9662],[22.2302,49.9662],[22.2301,49.9662],[22.2302,49.9662],[22.2287,49.9676],[22.2286,49.9677],[22.2287,49.9676],[22.2286,49.9677],[22.2106,49.9712],[22.1874,49.9988],[22.1672,50.0054],[22.1484,50.0033],[22.1326,50.0174],[22.1308,50.0274]],[[21.967,50.0884],[21.972,50.0942],[21.9818,50.0922],[21.985,50.0806],[22.0185,50.0754],[22.0365,50.0683],[22.0655,50.0735],[22.0672,50.0669],[22.0768,50.0691],[22.0709,50.0579],[22.0535,50.0486],[22.07,50.0337],[22.075,50.0347],[22.0923,50.0182],[22.0835,49.9959],[22.0659,49.9848],[22.0434,49.99],[22.0336,49.9704],[22.0274,49.9735],[22.0196,49.9634],[21.9952,49.963],[21.9899,49.9398],[21.9788,49.9335],[21.9583,49.9574],[21.9555,49.9843],[21.9621,49.9937],[21.9363,49.9977],[21.9387,50.019],[21.9467,50.0301],[21.9334,50.0321],[21.9223,50.0283],[21.902,50.0369],[21.8681,50.0354],[21.8587,50.0427],[21.8681,50.0481],[21.894,50.0547],[21.9208,50.0563],[21.9329,50.0614],[21.9345,50.0721],[21.9517,50.077],[21.9636,50.0758],[21.967,50.0884]]]},"properties":{"code":"1816","name":"powiat rzeszowski","country":"PL","level":"district","parent":"18","grodzki":false,"type":"powiat"}},
{"type":"Feature","geometry":{"type":"Polygon","coordinates":[[[21.967,50.0884],[21.9636,50.0758],[21.9517,50.077],[21.9345,50.0721],[21.9329,50.0614],[21.9208,50.0563],[21.894,50.0547],[21.8681,50.0481],[21.8587,50.0427],[21.8681,50.0354],[21.902,50.0369],[21.9223,50.0283],[21.9334,50.0321],[21.9467,50.0301],[21.9387,50.019],[21.9363,49.9977],[21.9621,49.9937],[21.9555,49.9843],[21.9583,49.9574],[21.9788,49.9335],[21.9899,49.9398],[21.9952,49.963],[22.0196,49.9634],[22.0274,49.9735],[22.0336,49.9704],[22.0434,49.99],[22.0659,49.9848],[22.0835,49.9959],[22.0923,50.0182],[22.075,50.0347],[22.07,50.0337],[22.0535,50.0486],[22.0709,50.0579],[22.0768,50.0691],[22.0672,50.0669],[22.0655,50.0735],[22.0365,50.0683],[22.0185,50.0754],[21.985,50.0806],[21.9818,50.0922],[21.972,50.0942],[21.967,50.0884]]]},"properties":{"code":"1863","name":"powiat Rzeszów","country":"PL","level":"district","parent":"18","grodzki":true,"type":"miasto na prawach powiatu"}},
{"type":"Feature","geometry":{"type":"Polygon","coordinates":[[[21.8434,50.7392],[21.8406,50.7601],[21.8612,50.7867],[21.8643,50.8027],[21.869,50.8136],[21.8665,50.8221],[21.8467,50.8352],[21.8416,50.8443],[21.8474,50.8617],[21.8358,50.8783],[21.8226,50.8779],[21.7989,50.8703],[21.7591,50.879],[21.7535,50.876],[21.7594,50.8615],[21.7699,50.8571],[21.748,50.8454],[21.7333,50.8446],[21.7323,50.8388],[21.7187,50.8454],[21.7137,50.832],[21.721,50.8208],[21.7184,50.8071],[21.7324,50.8037],[21.7232,50.7974],[21.7194,50.7809],[21.6892,50.7731],[21.6779,50.7733],[21.6732,50.7812],[21.6285,50.7955],[21.6227,50.7951],[21.5993,50.782],[21.5952,50.7651],[21.5759,50.7696],[21.5555,50.7641],[21.5518,50.7598],[21.5609,50.7506],[21.5809,50.741],[21.5881,50.7339],[21.5664,50.727],[21.5573,50.7314],[21.548,50.7229],[21.5394,50.7241],[21.5337,50.7128],[21.5419,50.6998],[21.5246,50.6906],[21.517,50.6799],[21.4898,50.7054],[21.4756,50.7115],[21.4654,50.7034],[21.4475,50.7069],[21.4453,50.6982],[21.4336,50.697],[21.4125,50.7077],[21.4067,50.6985],[21.3994,50.6988],[21.3836,50.6897],[21.378,50.6937],[21.3542,50.6944],[21.3502,50.6835],[21.3557,50.6704],[21.3551,50.6559],[21.3791,50.651],[21.3969,50.6502],[21.3907,50.6281],[21.3936,50.6217],[21.4169,50.6168],[21.3945,50.6088],[21.4032,50.5911],[21.4142,50.5924],[21.4288,50.5789],[21.4498,50.5733],[21.4452,50.5652],[21.478,50.5516],[21.4719,50.5446],[21.4828,50.5311],[21.5045,50.5256],[21.5177,50.5092],[21.5538,50.5205],[21.5901,50.517],[21.6012,50.5197],[21.6241,50.5454],[21.6474,50.5627],[21.6575,50.573],[21.6674,50.6011],[21.6751,50.6095],[21.7074,50.6276],[21.7226,50.6454],[21.7334,50.6416],[21.7483,50.6552],[21.7598,50.6549],[21.7612,50.648],[21.7792,50.645],[21.7786,50.657],[21.7936,50.6755],[21.7863,50.68],[21.8189,50.69],[21.826,50.6995],[21.8299,50.7204],[21.8434,50.7392]]]},"properties":{"code":"2609","name":"powiat sandomierski","country":"PL","level":"district","parent":"26","grodzki":false,"type":"powiat"}},
{"type":"Feature","geometry":{"type":"Polygon","coordinates":[[[21.9522,49.35],[21.961,49.3491],[21.9774,49.3264],[21.9832,49.3104],[22.0107,49.2895],[22.0336,49.2791],[22.0331,49.2647],[22.0408,49.2584],[22.039,49.245],[22.0302,49.2255],[22.0506,49.2163],[22.0771,49.2091],[22.1276,49.2005],[22.1438,49.2005],[22.1429,49.1936],[22.1759,49.1831],[22.193,49.1744],[22.2096,49.1825],[22.2219,49.1844],[22.2375,49.2019],[22.2449,49.2187],[22.2436,49.2329],[22.2475,49.2448],[22.2266,49.2593],[22.1952,49.2674],[22.188,49.2985],[22.189,49.3087],[22.197,49.3098],[22.219,49.3265],[22.2142,49.338],[22.2199,49.3508],[22.2363,49.3664],[22.2388,49.3803],[22.2528,49.3961],[22.275,49.4294],[22.2952,49.4504],[22.2856,49.4552],[22.2831,49.4845],[22.2937,49.4916],[22.2948,49.506],[22.3004,49.5172],[22.3147,49.5106],[22.3261,49.5231],[22.329,49.533],[22.3502,49.5503],[22.385,49.5297],[22.3956,49.5276],[22.4084,49.5476],[22.4173,49.5454],[22.423,49.5535],[22.395,49.5715],[22.397,49.5755],[22.4208,49.5792],[22.4279,49.5932],[22.3904,49.6127],[22.3827,49.613],[22.3843,49.6264],[22.3923,49.6315],[22.3727,49.6463],[22.3411,49.658],[22.3236,49.6723],[22.327,49.6857],[22.3191,49.6821],[22.3131,49.6682],[22.2793,49.659],[22.2649,49.6623],[22.2669,49.6573],[22.2514,49.6495],[22.2549,49.6376],[22.2418,49.6303],[22.2183,49.6267],[22.1908,49.6508],[22.1741,49.6512],[22.1649,49.644],[22.1508,49.6425],[22.1135,49.6549],[22.0883,49.6387],[22.0749,49.6379],[22.075,49.6379],[22.0749,49.6379],[22.075,49.6379],[22.0742,49.6308],[22.0575,49.6183],[22.0445,49.6282],[22.037,49.626],[22.0273,49.6329],[22.0125,49.6366],[21.9712,49.6188],[21.9639,49.6179],[21.9443,49.6173],[21.9345,49.6205],[21.927,49.6149],[21.9236,49.6025],[21.9088,49.604],[21.9157,49.5944],[21.9154,49.5821],[21.9303,49.5761],[21.9359,49.5527],[21.9239,49.5338],[21.9395,49.5046],[21.9508,49.501],[21.9693,49.4885],[21.9503,49.4757],[21.9669,49.463],[21.9725,49.4546],[21.9591,49.4443],[21.926,49.4345],[21.9294,49.4202],[21.9364,49.4189],[21.9307,49.4025],[21.9392,49.3961],[21.9339,49.3867],[21.9404,49.3666],[21.9522,49.35]]]},"properties":{"code":"1817","name":"powiat sanocki","country":"PL","level":"district","parent":"18","grodzki":false,"type":"powiat"}},
{"type":"Feature","geometry":{"type":"Polygon","coordinates":[[[23.5116,53.9159],[23.5155,53.9601],[23.4895,53.9748],[23.4823,53.9973],[23.4905,54.0053],[23.509,54.0118],[23.5162,54.0286],[23.5249,54.0311],[23.5286,54.0658],[23.5184,54.0787],[23.5183,54.0898],[23.507,54.0995],[23.502,54.1129],[23.4926,54.117],[23.4953,54.1326],[23.4858,54.1532],[23.4733,54.1581],[23.4755,54.1634],[23.4612,54.1678],[23.459,54.1755],[23.4245,54.1775],[23.4192,54.1911],[23.4064,54.1963],[23.3868,54.2248],[23.3582,54.2336],[23.3484,54.2457],[23.3375,54.2517],[23.2887,54.2571],[23.2818,54.2607],[23.2489,54.2568],[23.2339,54.2609],[23.2024,54.2886],[23.1764,54.2909],[23.1543,54.297],[23.15,54.2875],[23.1374,54.2867],[23.1287,54.2771],[23.1469,54.2664],[23.1411,54.2593],[23.1087,54.2454],[23.1132,54.2411],[23.1289,54.2464],[23.1156,54.2356],[23.1214,54.2283],[23.1302,54.2314],[23.139,54.2238],[23.132,54.2185],[23.146,54.2145],[23.1391,54.2113],[23.1534,54.1976],[23.143,54.1707],[23.1143,54.1742],[23.1051,54.1603],[23.1028,54.1453],[23.0898,54.1491],[23.08,54.1358],[23.0942,54.1299],[23.083,54.1217],[23.0833,54.1074],[23.1203,54.0932],[23.1143,54.077],[23.1311,54.078],[23.1412,54.0829],[23.1507,54.0727],[23.1178,54.0689],[23.1148,54.0612],[23.1065,54.0646],[23.0914,54.0583],[23.104,54.0492],[23.1264,54.0507],[23.1419,54.0323],[23.1358,54.0181],[23.1278,54.0205],[23.1294,54.0042],[23.0901,53.989],[23.0956,53.9819],[23.08,53.962],[23.1006,53.9602],[23.0992,53.9703],[23.1121,53.9702],[23.1134,53.9612],[23.1363,53.961],[23.1381,53.9756],[23.1555,53.9758],[23.1496,53.9566],[23.1638,53.9515],[23.2262,53.9595],[23.266,53.9455],[23.2757,53.9547],[23.3032,53.9449],[23.3295,53.951],[23.3537,53.9413],[23.337,53.937],[23.3713,53.9343],[23.389,53.9251],[23.3854,53.9212],[23.3943,53.9083],[23.4167,53.8942],[23.4247,53.9019],[23.4635,53.8949],[23.4806,53.9073],[23.4913,53.9032],[23.5116,53.9159]]]},"properties":{"code":"2009","name":"powiat sejneński","country":"PL","level":"district","parent":"20","grodzki":false,"type":"powiat"}},
{"type":"Feature","geometry":{"type":"Polygon","coordinates":[[[17.7024,53.2859],[17.7123,53.2901],[17.7064,53.2985],[17.7195,53.3025],[17.7324,53.3214],[17.7308,53.3352],[17.6913,53.3335],[17.6873,53.3416],[17.7004,53.3574],[17.7095,53.3604],[17.7061,53.3716],[17.7396,53.3909],[17.7452,53.4008],[17.7707,53.4023],[17.7695,53.4332],[17.73,53.4342],[17.7275,53.4625],[17.7211,53.4806],[17.7198,53.5052],[17.6997,53.506],[17.6765,53.5007],[17.6651,53.5117],[17.6489,53.5164],[17.6415,53.5298],[17.6226,53.543],[17.6065,53.5389],[17.6033,53.5574],[17.6318,53.5573],[17.6567,53.5712],[17.6508,53.5816],[17.6267,53.5878],[17.6044,53.5969],[17.5793,53.5785],[17.5433,53.5809],[17.5283,53.5945],[17.523,53.6063],[17.5089,53.6173],[17.4997,53.6077],[17.4664,53.6015],[17.4664,53.6016],[17.4413,53.5987],[17.4218,53.5821],[17.4185,53.5646],[17.4136,53.5603],[17.4207,53.5486],[17.4219,53.5358],[17.4115,53.5337],[17.4027,53.5133],[17.3938,53.5078],[17.3907,53.491],[17.3825,53.4686],[17.3387,53.4493],[17.3309,53.4364],[17.2947,53.4218],[17.2906,53.4142],[17.2957,53.4037],[17.2479,53.3757],[17.2572,53.3634],[17.2641,53.3634],[17.2939,53.3533],[17.3252,53.347],[17.334,53.3487],[17.3452,53.3356],[17.3539,53.3344],[17.3596,53.3181],[17.3847,53.307],[17.3925,53.2909],[17.4073,53.2825],[17.4202,53.2834],[17.4388,53.2675],[17.4505,53.2714],[17.4522,53.2834],[17.4756,53.282],[17.5056,53.2833],[17.5261,53.2776],[17.5553,53.2949],[17.5706,53.2849],[17.614,53.2745],[17.6362,53.2796],[17.6295,53.2893],[17.6553,53.282],[17.6761,53.2801],[17.6847,53.2864],[17.7024,53.2859]]]},"properties":{"code":"0413","name":"powiat sępoleński","country":"PL","level":"district","parent":"04","grodzki":false,"type":"powiat"}},
{"type":"Feature","geometry":{"type":"Polygon","coordinates":[[[22.2409,52.1314],[22.2494,52.1277],[22.2645,52.135],[22.2662,52.1452],[22.2811,52.151],[22.3002,52.1396],[22.3301,52.1618],[22.3243,52.1743],[22.3059,52.1757],[22.2996,52.1847],[22.2639,52.1957],[22.2443,52.1806],[22.2404,52.1865],[22.2223,52.1959],[22.2253,52.1708],[22.2378,52.1543],[22.2409,52.1314]]]},"properties":{"code":"1464","name":"powiat Siedlce","country":"PL","level":"district","parent":"14","grodzki":true,"type":"miasto na prawach powiatu"}},
{"type":"Feature","geometry":{"type":"Polygon","coordinates":[[[22.6483,52.0909],[22.6113,52.1172],[22.5996,52.1217],[22.6008,52.1315],[22.5793,52.1364],[22.5618,52.1466],[22.5764,52.1526],[22.5855,52.1648],[22.5794,52.1692],[22.59,52.1807],[22.6088,52.1785],[22.6289,52.1721],[22.6318,52.1821],[22.6286,52.199],[22.645,52.1992],[22.6474,52.2191],[22.6326,52.222],[22.636,52.2385],[22.678,52.2421],[22.6814,52.2378],[22.7008,52.2407],[22.699,52.2477],[22.6752,52.2461],[22.6698,52.2691],[22.6821,52.2784],[22.6845,52.2716],[22.7058,52.2791],[22.7238,52.2804],[22.722,52.2967],[22.73,52.3015],[22.7232,52.3068],[22.7069,52.3084],[22.6737,52.3199],[22.675,52.325],[22.6922,52.3266],[22.7139,52.324],[22.7209,52.3342],[22.7374,52.3305],[22.7407,52.3439],[22.7311,52.3538],[22.7298,52.3623],[22.7156,52.3639],[22.7215,52.3725],[22.7228,52.3833],[22.7067,52.3922],[22.6869,52.393],[22.6663,52.3857],[22.6568,52.3933],[22.6457,52.3888],[22.6276,52.393],[22.6133,52.3881],[22.6074,52.3983],[22.594,52.3988],[22.5821,52.393],[22.5797,52.4008],[22.5678,52.4028],[22.5628,52.4105],[22.5537,52.3999],[22.564,52.39],[22.537,52.3857],[22.5194,52.3868],[22.537,52.3769],[22.5402,52.3653],[22.5517,52.368],[22.5518,52.3521],[22.5244,52.3544],[22.5128,52.3421],[22.5101,52.3296],[22.4914,52.3196],[22.4824,52.3215],[22.4506,52.3198],[22.4165,52.3137],[22.4025,52.3187],[22.3818,52.3148],[22.3776,52.3214],[22.3627,52.3221],[22.3676,52.3041],[22.3328,52.3042],[22.3178,52.3013],[22.3152,52.3055],[22.3001,52.3013],[22.2929,52.3117],[22.2737,52.317],[22.2649,52.3102],[22.2465,52.3123],[22.2434,52.301],[22.2243,52.3058],[22.2139,52.3039],[22.2107,52.2882],[22.197,52.291],[22.183,52.3003],[22.1713,52.2984],[22.1741,52.3116],[22.1649,52.316],[22.1318,52.3158],[22.1158,52.3133],[22.1024,52.3253],[22.076,52.3382],[22.0647,52.3335],[22.0815,52.3264],[22.0922,52.3143],[22.0659,52.302],[22.067,52.2976],[22.0424,52.2932],[22.0418,52.2768],[22.0549,52.2659],[22.0527,52.255],[22.0617,52.2437],[22.0765,52.239],[22.0724,52.2254],[22.0507,52.2274],[22.0488,52.2095],[22.0263,52.2101],[22.0212,52.2156],[22.0067,52.2156],[21.9675,52.2209],[21.9418,52.2164],[21.9334,52.1962],[21.9215,52.1944],[21.9067,52.1813],[21.9161,52.1752],[21.9004,52.1611],[21.9141,52.1594],[21.9199,52.149],[21.9314,52.1523],[21.9376,52.147],[21.9369,52.1343],[21.9468,52.1061],[21.9767,52.0906],[21.9709,52.0855],[21.9466,52.0784],[21.9261,52.063],[21.9229,52.0547],[21.9111,52.0552],[21.87,52.0364],[21.8746,52.0263],[21.8874,52.0218],[21.8808,52.0151],[21.8879,51.9908],[21.8892,51.9732],[21.9028,51.9805],[21.9101,51.9777],[21.9317,51.9882],[21.934,51.9932],[21.9577,51.9924],[21.967,51.9888],[21.9862,52.0003],[21.9977,52.0121],[22.0064,52.0089],[22.0265,52.0157],[22.0298,52.0215],[22.0508,52.0206],[22.0667,52.0088],[22.0766,52.0059],[22.1137,52.0023],[22.1374,52.0062],[22.1462,52.0147],[22.1519,52.0284],[22.2127,52.0137],[22.242,52.0097],[22.2537,52.0045],[22.286,52.0195],[22.2975,52.0374],[22.3227,52.0369],[22.3245,52.0229],[22.316,52.014],[22.3348,51.9984],[22.3449,51.9968],[22.3719,52.007],[22.3843,52.0163],[22.425,52.015],[22.4413,52.0223],[22.4443,52.0299],[22.456,52.0296],[22.4699,52.0541],[22.4833,52.0672],[22.5159,52.0684],[22.5204,52.0573],[22.5309,52.0504],[22.5483,52.0506],[22.5475,52.0445],[22.5762,52.0379],[22.6083,52.037],[22.6087,52.0273],[22.6229,52.0187],[22.6375,52.0321],[22.6613,52.0366],[22.6628,52.0508],[22.6691,52.063],[22.6638,52.0705],[22.6667,52.0795],[22.6483,52.0909]],[[22.2409,52.1314],[22.2378,52.1543],[22.2253,52.1708],[22.2223,52.1959],[22.2404,52.1865],[22.2443,52.1806],[22.2639,52.1957],[22.2996,52.1847],[22.3059,52.1757],[22.3243,52.1743],[22.3301,52.1618],[22.3002,52.1396],[22.2811,52.151],[22.2662,52.1452],[22.2645,52.135],[22.2494,52.1277],[22.2409,52.1314]]]},"properties":{"code":"1426","name":"powiat siedlecki","country":"PL","level":"district","parent":"14","grodzki":false,"type":"powiat"}},
{"type":"Feature","geometry":{"type":"Polygon","coordinates":[[[19.0013,50.2963],[19.0313,50.2857],[19.0339,50.2784],[19.0503,50.2753],[19.0611,50.2954],[19.0457,50.3008],[19.0498,50.3201],[19.0565,50.3279],[19.0543,50.3387],[19.0604,50.3463],[19.0415,50.3488],[19.036,50.3385],[19.0109,50.3307],[18.9854,50.3359],[18.9853,50.3247],[18.9972,50.3217],[18.9866,50.3174],[18.9872,50.3095],[19.0013,50.2963]]]},"properties":{"code":"2474","name":"powiat Siemianowice Śląskie","country":"PL","level":"district","parent":"24","grodzki":true,"type":"miasto na prawach powiatu"}},
{"type":"Feature","geometry":{"type":"Polygon","coordinates":[[[22.7215,52.3725],[22.7298,52.3663],[22.7395,52.3815],[22.7526,52.384],[22.7682,52.3725],[22.7955,52.3737],[22.8513,52.3588],[22.8578,52.3636],[22.8917,52.3647],[22.9197,52.3745],[22.9572,52.3682],[22.966,52.3634],[22.9765,52.3468],[22.9896,52.3446],[22.9875,52.3375],[22.997,52.3316],[23.0062,52.3364],[23.0381,52.3292],[23.0484,52.3214],[23.0589,52.3041],[23.0483,52.2915],[23.0514,52.2854],[23.0725,52.2816],[23.1097,52.2999],[23.1284,52.2878],[23.1552,52.2799],[23.1783,52.2831],[23.2156,52.3296],[23.2413,52.3574],[23.278,52.3928],[23.2999,52.4038],[23.3103,52.414],[23.3139,52.4267],[23.3008,52.4383],[23.2978,52.4338],[23.2678,52.435],[23.2622,52.4407],[23.2784,52.4409],[23.2756,52.474],[23.2577,52.4899],[23.2919,52.497],[23.315,52.4964],[23.3149,52.5013],[23.2671,52.5313],[23.2183,52.5415],[23.1925,52.5434],[23.1748,52.566],[23.1704,52.5718],[23.1412,52.5737],[23.1097,52.5845],[23.0873,52.5854],[23.0829,52.5922],[23.0744,52.5767],[23.0133,52.5762],[23.002,52.5659],[22.9935,52.5747],[22.998,52.5849],[22.9701,52.5903],[22.9364,52.5916],[22.9231,52.5975],[22.9257,52.6078],[22.9415,52.6187],[22.9097,52.6195],[22.8946,52.6382],[22.8823,52.6356],[22.8808,52.6447],[22.8383,52.6408],[22.844,52.6491],[22.8384,52.6546],[22.853,52.6633],[22.8321,52.6618],[22.8088,52.6527],[22.7924,52.6504],[22.7864,52.6724],[22.7719,52.6751],[22.7875,52.6969],[22.7777,52.6963],[22.7668,52.6857],[22.7432,52.6879],[22.7173,52.6746],[22.7182,52.6697],[22.703,52.6663],[22.6981,52.6309],[22.6695,52.6213],[22.6546,52.6233],[22.6378,52.6173],[22.6035,52.5991],[22.5674,52.5982],[22.5566,52.6104],[22.5582,52.6219],[22.5408,52.6064],[22.5251,52.6134],[22.5206,52.6097],[22.5011,52.6177],[22.4982,52.6239],[22.4838,52.6177],[22.4763,52.6028],[22.4893,52.5986],[22.467,52.5929],[22.4578,52.5854],[22.4693,52.5652],[22.4837,52.5607],[22.4902,52.5471],[22.5267,52.5212],[22.5101,52.4902],[22.512,52.4813],[22.525,52.4721],[22.5289,52.4623],[22.5487,52.4678],[22.5542,52.4632],[22.5414,52.4393],[22.5419,52.4242],[22.5628,52.4105],[22.5678,52.4028],[22.5797,52.4008],[22.5821,52.393],[22.594,52.3988],[22.6074,52.3983],[22.6133,52.3881],[22.6276,52.393],[22.6457,52.3888],[22.6568,52.3933],[22.6663,52.3857],[22.6869,52.393],[22.7067,52.3922],[22.7228,52.3833],[22.7215,52.3725]]]},"properties":{"code":"2010","name":"powiat siemiatycki","country":"PL","level":"district","parent":"20","grodzki":false,"type":"powiat"}},
{"type":"Feature","geometry":{"type":"Polygon","coordinates":[[[18.6857,51.821],[18.6654,51.8264],[18.6486,51.8268],[18.6425,51.8339],[18.6303,51.8308],[18.6132,51.8344],[18.5949,51.8481],[18.5671,51.8442],[18.55,51.8454],[18.535,51.8417],[18.5346,51.8361],[18.5172,51.8351],[18.5099,51.8423],[18.5073,51.8544],[18.4844,51.85],[18.472,51.851],[18.4646,51.838],[18.4719,51.8199],[18.447,51.8272],[18.4393,51.8255],[18.4443,51.7985],[18.4369,51.7936],[18.4093,51.7917],[18.4293,51.7732],[18.4299,51.7572],[18.4215,51.7579],[18.4151,51.7453],[18.4235,51.7359],[18.4208,51.7268],[18.4011,51.7238],[18.411,51.7144],[18.4122,51.7006],[18.3956,51.6995],[18.3791,51.6895],[18.3799,51.6844],[18.3642,51.6817],[18.3553,51.6605],[18.3809,51.6523],[18.37,51.6343],[18.3528,51.6333],[18.35,51.6269],[18.3647,51.624],[18.3685,51.6169],[18.3487,51.6014],[18.3768,51.6001],[18.3706,51.591],[18.3727,51.5768],[18.3648,51.5645],[18.373,51.5474],[18.3586,51.5364],[18.3606,51.5314],[18.3801,51.5182],[18.3828,51.4773],[18.3601,51.4682],[18.3514,51.4497],[18.3407,51.441],[18.3405,51.4302],[18.3263,51.4198],[18.332,51.4075],[18.3293,51.3919],[18.3436,51.3884],[18.404,51.3934],[18.4268,51.3977],[18.4642,51.3994],[18.5025,51.3961],[18.5196,51.3902],[18.5215,51.3846],[18.5612,51.3836],[18.5735,51.3824],[18.5929,51.3743],[18.6168,51.3808],[18.6202,51.3675],[18.6626,51.3585],[18.6803,51.3593],[18.6854,51.352],[18.7002,51.3593],[18.7251,51.3572],[18.7296,51.3611],[18.7668,51.3652],[18.7682,51.3799],[18.7888,51.3906],[18.7807,51.3964],[18.7827,51.4102],[18.803,51.4105],[18.818,51.4334],[18.8317,51.447],[18.8375,51.4436],[18.8571,51.455],[18.8679,51.453],[18.8785,51.4661],[18.869,51.4695],[18.8631,51.4891],[18.868,51.4931],[18.8571,51.4984],[18.8579,51.5059],[18.8681,51.5098],[18.8714,51.5185],[18.8593,51.5253],[18.8478,51.5478],[18.8336,51.5527],[18.8167,51.5512],[18.8235,51.5579],[18.8113,51.5633],[18.8335,51.5761],[18.8434,51.5776],[18.8475,51.5886],[18.8695,51.5905],[18.8798,51.6009],[18.8643,51.6123],[18.8734,51.6165],[18.8468,51.6354],[18.8566,51.6423],[18.8203,51.6573],[18.8066,51.6657],[18.8016,51.6876],[18.821,51.685],[18.8415,51.6968],[18.8374,51.7103],[18.8395,51.7269],[18.7834,51.746],[18.7642,51.7496],[18.7609,51.7606],[18.747,51.7588],[18.7497,51.7489],[18.7342,51.7436],[18.7344,51.7347],[18.6923,51.7422],[18.6764,51.7416],[18.6551,51.7472],[18.6567,51.7675],[18.6634,51.7723],[18.661,51.7851],[18.6678,51.7854],[18.6683,51.8018],[18.683,51.8112],[18.6857,51.821]],[[18.8181,51.6568],[18.8197,51.6503],[18.8015,51.645],[18.7939,51.6535],[18.8181,51.6568]]]},"properties":{"code":"1014","name":"powiat sieradzki","country":"PL","level":"district","parent":"10","grodzki":false,"type":"powiat"}},
{"type":"Feature","geometry":{"type":"Polygon","coordinates":[[[19.5258,52.7037],[19.5186,52.6922],[19.5768,52.6958],[19.5767,52.6875],[19.6026,52.686],[19.62,52.6888],[19.64,52.6785],[19.6918,52.6833],[19.6979,52.69],[19.7126,52.6943],[19.7261,52.6926],[19.7371,52.7049],[19.743,52.6963],[19.7571,52.6921],[19.7784,52.7056],[19.791,52.7082],[19.7968,52.7246],[19.8234,52.7338],[19.8481,52.728],[19.8605,52.732],[19.8732,52.7482],[19.8953,52.7462],[19.9053,52.7607],[19.9253,52.7656],[19.9386,52.7624],[19.951,52.7649],[19.964,52.7808],[19.9641,52.7808],[19.9723,52.7821],[19.9627,52.7925],[19.9698,52.7984],[19.9699,52.8093],[19.9824,52.8122],[19.9986,52.8077],[19.9983,52.827],[19.9915,52.828],[19.9711,52.8259],[19.9592,52.8306],[19.9689,52.8451],[19.9549,52.8592],[19.964,52.8824],[19.9569,52.8906],[19.9325,52.9007],[19.888,52.9094],[19.8854,52.9057],[19.8633,52.9048],[19.8578,52.9119],[19.84,52.9206],[19.817,52.9207],[19.8222,52.9325],[19.8116,52.932],[19.7897,52.9416],[19.7697,52.9592],[19.7341,52.9673],[19.7168,52.9654],[19.6974,52.9714],[19.6971,52.9638],[19.6848,52.963],[19.6713,52.9556],[19.6546,52.9613],[19.6487,52.9697],[19.6364,52.9698],[19.6241,52.9772],[19.6119,52.9769],[19.5547,52.9901],[19.5593,52.9791],[19.5861,52.963],[19.5825,52.9569],[19.5408,52.9484],[19.5289,52.9364],[19.4869,52.9403],[19.4846,52.944],[19.4577,52.9418],[19.4453,52.9474],[19.4447,52.939],[19.4508,52.9255],[19.4649,52.9196],[19.4586,52.9068],[19.5087,52.8679],[19.5109,52.8618],[19.489,52.8668],[19.4749,52.8653],[19.4634,52.8559],[19.473,52.8515],[19.444,52.8374],[19.4313,52.8403],[19.423,52.8327],[19.4312,52.8235],[19.4238,52.8156],[19.4376,52.8148],[19.453,52.8046],[19.4657,52.8045],[19.4677,52.786],[19.4945,52.7782],[19.4909,52.7743],[19.5065,52.762],[19.499,52.7515],[19.5147,52.7486],[19.5195,52.7425],[19.5011,52.737],[19.5026,52.715],[19.5271,52.7062],[19.5258,52.7037]]]},"properties":{"code":"1427","name":"powiat sierpecki","country":"PL","level":"district","parent":"14","grodzki":false,"type":"powiat"}},
{"type":"Feature","geometry":{"type":"Polygon","coordinates":[[[20.6047,51.0514],[20.6146,51.0469],[20.6172,51.0562],[20.6295,51.0548],[20.6312,51.0609],[20.65,51.0626],[20.6721,51.0495],[20.6406,51.0284],[20.6483,51.0236],[20.675,51.0178],[20.6864,51.0108],[20.7103,51.0266],[20.7396,51.0092],[20.7493,50.9977],[20.7319,50.9917],[20.7375,50.9776],[20.7459,50.9713],[20.761,50.9756],[20.7641,50.9498],[20.7944,50.9501],[20.7951,50.9356],[20.8044,50.9452],[20.8331,50.9346],[20.8549,50.9567],[20.8283,50.9629],[20.8388,50.9961],[20.8568,50.9994],[20.8792,51.0221],[20.9008,51.0162],[20.9018,51.025],[20.9132,51.0318],[20.9154,51.0414],[20.9087,51.0473],[20.9094,51.0573],[20.9183,51.0662],[20.9028,51.0826],[20.9094,51.0884],[20.9221,51.08],[20.9433,51.0803],[20.9564,51.0736],[20.9636,51.0766],[20.9588,51.0849],[20.9676,51.0973],[20.9694,51.1087],[20.9771,51.1115],[20.9599,51.1163],[20.9763,51.1226],[20.9759,51.1324],[20.9489,51.1433],[20.9532,51.154],[20.9682,51.1512],[20.9837,51.1665],[20.9654,51.1739],[20.968,51.1766],[20.9207,51.1953],[20.8798,51.1544],[20.85,51.1706],[20.8216,51.1784],[20.8091,51.1612],[20.8217,51.1578],[20.813,51.1458],[20.7877,51.1528],[20.7822,51.1453],[20.7662,51.1499],[20.7712,51.157],[20.7184,51.1727],[20.6974,51.149],[20.6855,51.1512],[20.6835,51.1366],[20.6719,51.1282],[20.6749,51.1209],[20.6687,51.1088],[20.6639,51.1108],[20.6546,51.1009],[20.6281,51.0985],[20.6049,51.0785],[20.6009,51.0673],[20.6047,51.0514]]]},"properties":{"code":"2610","name":"powiat skarżyski","country":"PL","level":"district","parent":"26","grodzki":false,"type":"powiat"}},
{"type":"Feature","geometry":{"type":"Polygon","coordinates":[[[20.2005,51.9735],[20.2323,51.9732],[20.22,51.9859],[20.2026,51.9822],[20.173,51.9863],[20.1623,51.9937],[20.119,51.9758],[20.107,51.9664],[20.1131,51.9433],[20.1052,51.9272],[20.1229,51.9267],[20.1319,51.933],[20.1535,51.9303],[20.1637,51.9329],[20.184,51.9312],[20.1782,51.9429],[20.1924,51.948],[20.1833,51.9498],[20.1864,51.9749],[20.2005,51.9735]]]},"properties":{"code":"1063","name":"powiat Skierniewice","country":"PL","level":"district","parent":"10","grodzki":true,"type":"miasto na prawach powiatu"}},
{"type":"Feature","geometry":{"type":"Polygon","coordinates":[[[20.1158,51.7402],[20.1384,51.7424],[20.146,51.7603],[20.1654,51.7585],[20.1666,51.7693],[20.1793,51.7793],[20.1863,51.7776],[20.1892,51.7998],[20.1853,51.8028],[20.154,51.8047],[20.1251,51.8132],[20.1221,51.8257],[20.1365,51.8357],[20.1379,51.8442],[20.1518,51.8399],[20.1746,51.8423],[20.1869,51.8344],[20.2067,51.8393],[20.2065,51.8481],[20.215,51.8505],[20.2806,51.8497],[20.2851,51.8437],[20.3152,51.8416],[20.315,51.8472],[20.3406,51.8496],[20.3289,51.8629],[20.3318,51.8707],[20.3679,51.8651],[20.3741,51.8596],[20.415,51.8697],[20.4331,51.8483],[20.4607,51.8634],[20.4733,51.8625],[20.4785,51.8679],[20.51,51.8671],[20.5087,51.8821],[20.5188,51.8924],[20.4983,51.8895],[20.4794,51.9],[20.4909,51.9104],[20.4858,51.9205],[20.478,51.9202],[20.4755,51.9311],[20.4516,51.9352],[20.4394,51.9435],[20.4326,51.9374],[20.4235,51.941],[20.4136,51.9304],[20.3982,51.9308],[20.3891,51.942],[20.3707,51.9383],[20.3837,51.937],[20.3726,51.9236],[20.3598,51.9283],[20.3538,51.9197],[20.3239,51.922],[20.3182,51.9123],[20.301,51.9132],[20.3116,51.9185],[20.31,51.935],[20.2916,51.9397],[20.2687,51.9352],[20.2658,51.9309],[20.2427,51.9345],[20.2407,51.951],[20.294,51.9671],[20.2715,51.9713],[20.2722,51.9823],[20.2551,51.9956],[20.2624,52.0004],[20.2501,52.0062],[20.2432,51.9989],[20.2256,52.005],[20.1987,52.0256],[20.2059,52.028],[20.2531,52.0553],[20.2458,52.0754],[20.2699,52.0771],[20.2689,52.1007],[20.2574,52.1063],[20.2519,52.1173],[20.213,52.1186],[20.2023,52.1147],[20.189,52.1213],[20.1783,52.1323],[20.1651,52.1386],[20.1606,52.1513],[20.1348,52.1453],[20.1156,52.1438],[20.1117,52.1313],[20.0987,52.1299],[20.1017,52.1221],[20.1136,52.1253],[20.1241,52.0937],[20.0928,52.0857],[20.0979,52.0683],[20.1192,52.0694],[20.1256,52.0611],[20.1186,52.0509],[20.1287,52.0498],[20.1268,52.0428],[20.1117,52.0285],[20.1161,52.024],[20.0778,52.0282],[20.0894,52.0217],[20.0674,52.0134],[20.0515,52.0038],[20.0617,51.9947],[20.0204,51.9883],[20.0054,51.9838],[20.0023,51.9959],[19.9612,51.9921],[19.9633,51.983],[19.9451,51.9813],[19.9479,51.9693],[19.924,51.967],[19.9266,51.9567],[19.9069,51.949],[19.9091,51.9321],[19.9245,51.9343],[19.9301,51.9236],[19.8986,51.9192],[19.9005,51.9095],[19.8685,51.9159],[19.8734,51.895],[19.886,51.888],[19.8778,51.8831],[19.8761,51.8723],[19.8895,51.8624],[19.9227,51.8496],[19.946,51.8457],[19.9628,51.8503],[19.9686,51.8431],[19.9855,51.8343],[19.9958,51.8363],[20.0141,51.8269],[20.0022,51.8148],[19.995,51.8145],[19.9952,51.7991],[20.0049,51.7987],[20.0024,51.7909],[19.9901,51.7938],[19.9871,51.7808],[20.0162,51.7734],[20.0435,51.7647],[20.0607,51.7626],[20.0734,51.7506],[20.0938,51.7386],[20.1015,51.7423],[20.1158,51.7402]],[[20.2005,51.9735],[20.1864,51.9749],[20.1833,51.9498],[20.1924,51.948],[20.1782,51.9429],[20.184,51.9312],[20.1637,51.9329],[20.1535,51.9303],[20.1319,51.933],[20.1229,51.9267],[20.1052,51.9272],[20.1131,51.9433],[20.107,51.9664],[20.119,51.9758],[20.1623,51.9937],[20.173,51.9863],[20.2026,51.9822],[20.22,51.9859],[20.2323,51.9732],[20.2005,51.9735]]]},"properties":{"code":"1015","name":"powiat skierniewicki","country":"PL","level":"district","parent":"10","grodzki":false,"type":"powiat"}},
{"type":"Feature","geometry":{"type":"Polygon","coordinates":[[[16.7317,54.2319],[16.7603,54.2339],[16.7744,54.2407],[16.7858,54.24],[16.8169,54.2464],[16.8313,54.2458],[16.8651,54.261],[16.8625,54.2897],[16.8543,54.3076],[16.8387,54.3163],[16.8139,54.3186],[16.8241,54.3316],[16.8231,54.3379],[16.8281,54.3458],[16.8078,54.3705],[16.8375,54.3705],[16.8507,54.3741],[16.8586,54.3826],[16.8404,54.3987],[16.8401,54.4053],[16.8244,54.4157],[16.8396,54.432],[16.8411,54.4384],[16.8211,54.4563],[16.8275,54.4648],[16.8172,54.4687],[16.8106,54.4818],[16.8007,54.4807],[16.7933,54.4874],[16.764,54.4861],[16.7527,54.4968],[16.7393,54.521],[16.7475,54.5304],[16.7392,54.5384],[16.7126,54.5542],[16.6985,54.5701],[16.6898,54.5702],[16.5988,54.558],[16.5636,54.5485],[16.5309,54.5437],[16.5051,54.5276],[16.4804,54.5172],[16.4322,54.4881],[16.3897,54.4453],[16.3721,54.442],[16.3518,54.4171],[16.3231,54.3916],[16.2731,54.3573],[16.2135,54.3213],[16.2516,54.3148],[16.2597,54.3203],[16.2592,54.33],[16.2762,54.3337],[16.2926,54.3283],[16.2989,54.3195],[16.319,54.3211],[16.3259,54.3131],[16.3356,54.2871],[16.3465,54.2828],[16.3947,54.2923],[16.3975,54.3086],[16.4069,54.3097],[16.4119,54.2926],[16.4231,54.284],[16.4121,54.2809],[16.395,54.2561],[16.4135,54.2523],[16.4438,54.2501],[16.4434,54.2385],[16.431,54.2345],[16.4136,54.2176],[16.438,54.2126],[16.465,54.2215],[16.4973,54.2229],[16.4956,54.2391],[16.529,54.2378],[16.5566,54.2265],[16.5688,54.2269],[16.57,54.2201],[16.5584,54.2174],[16.5399,54.1964],[16.5466,54.1909],[16.5649,54.1924],[16.5801,54.1895],[16.6056,54.1931],[16.6121,54.2045],[16.6048,54.2113],[16.6163,54.223],[16.6396,54.2256],[16.6409,54.2185],[16.6613,54.218],[16.6677,54.2078],[16.6835,54.2144],[16.7017,54.2152],[16.6965,54.2271],[16.7105,54.242],[16.7264,54.2401],[16.7317,54.2319]]]},"properties":{"code":"3213","name":"powiat sławieński","country":"PL","level":"district","parent":"32","grodzki":false,"type":"powiat"}},
{"type":"Feature","geometry":{"type":"Polygon","coordinates":[[[14.9133,52.2099],[14.8972,52.2402],[14.8839,52.2531],[14.9015,52.2571],[14.9169,52.2529],[14.9171,52.2657],[14.8982,52.2811],[14.8776,52.2808],[14.8687,52.2915],[14.8802,52.3111],[14.9001,52.317],[14.906,52.3268],[14.8826,52.3332],[14.8748,52.3418],[14.8769,52.3624],[14.892,52.3661],[14.8967,52.3616],[14.9197,52.362],[14.9182,52.3828],[14.9261,52.3969],[14.9465,52.4096],[14.9817,52.4032],[14.9835,52.3913],[15.0093,52.3934],[15.0245,52.3911],[15.0354,52.413],[15.0247,52.4293],[15.031,52.4374],[15.0419,52.4405],[15.0407,52.4519],[15.0335,52.4544],[14.9976,52.4567],[14.9879,52.4652],[14.9906,52.4909],[14.9748,52.4909],[14.9689,52.4977],[14.9722,52.5061],[14.9943,52.5166],[14.9819,52.5235],[14.9603,52.5266],[14.9448,52.525],[14.9289,52.5299],[14.901,52.5248],[14.8763,52.5118],[14.8456,52.5135],[14.8236,52.5072],[14.8122,52.5112],[14.8055,52.5253],[14.8131,52.5391],[14.7869,52.5446],[14.7578,52.543],[14.7144,52.5459],[14.6561,52.5672],[14.6474,52.5722],[14.637,52.5753],[14.6385,52.5674],[14.6185,52.5569],[14.6051,52.5355],[14.605,52.5276],[14.616,52.5081],[14.6317,52.5018],[14.6331,52.4901],[14.6122,52.4758],[14.6101,52.4652],[14.5793,52.4417],[14.562,52.4396],[14.5476,52.4317],[14.547,52.4141],[14.5361,52.4014],[14.535,52.3935],[14.5521,52.3741],[14.5536,52.3499],[14.5631,52.3381],[14.561,52.331],[14.5727,52.3239],[14.5849,52.3065],[14.576,52.2971],[14.5758,52.2886],[14.5889,52.2821],[14.5926,52.2747],[14.6171,52.2715],[14.6465,52.2626],[14.6591,52.2623],[14.6927,52.2557],[14.7149,52.2368],[14.7117,52.2192],[14.7026,52.2061],[14.6885,52.1989],[14.6854,52.1924],[14.7053,52.1735],[14.7031,52.1643],[14.6791,52.1435],[14.684,52.1258],[14.6816,52.1167],[14.6947,52.1016],[14.7243,52.0935],[14.7413,52.0852],[14.7552,52.07],[14.7628,52.0702],[14.7724,52.0811],[14.7902,52.0705],[14.8047,52.0746],[14.7898,52.0833],[14.8049,52.0947],[14.7965,52.1087],[14.8125,52.1094],[14.809,52.1341],[14.8363,52.1485],[14.8592,52.1466],[14.8715,52.1411],[14.8714,52.1344],[14.8865,52.1378],[14.8796,52.1552],[14.8693,52.1538],[14.8888,52.1665],[14.8814,52.1765],[14.8963,52.1829],[14.8832,52.1945],[14.8889,52.2065],[14.9133,52.2099]]]},"properties":{"code":"0805","name":"powiat słubicki","country":"PL","level":"district","parent":"08","grodzki":false,"type":"powiat"}},
{"type":"Feature","geometry":{"type":"Polygon","coordinates":[[[17.9346,52.0909],[17.9582,52.0909],[17.9696,52.0973],[17.9711,52.1064],[18.0075,52.1144],[18.0329,52.1179],[18.0281,52.1268],[18.0054,52.142],[17.9843,52.1464],[18.0046,52.1581],[18.0167,52.1764],[18.0254,52.1732],[18.0313,52.1825],[18.0233,52.1934],[18.0235,52.204],[18.0161,52.228],[18.0088,52.2361],[18.0268,52.2435],[18.0235,52.2535],[18.0399,52.2724],[18.0362,52.2855],[18.0667,52.2947],[18.0512,52.3034],[18.0396,52.3032],[18.0445,52.3126],[18.0321,52.3147],[18.0239,52.322],[18.0218,52.3323],[18.0521,52.3313],[18.0854,52.3664],[18.0813,52.3703],[18.0898,52.3836],[18.0848,52.4008],[18.0679,52.4016],[18.073,52.4192],[18.057,52.428],[18.0503,52.4366],[18.0261,52.4502],[18.0361,52.4569],[18.0554,52.4629],[18.074,52.475],[18.0839,52.4765],[18.1324,52.5021],[18.1329,52.5058],[18.125,52.5071],[18.1242,52.5164],[18.1063,52.5138],[18.0905,52.5204],[18.0917,52.5316],[18.1068,52.5385],[18.0954,52.5532],[18.0644,52.5518],[18.0594,52.5428],[18.0227,52.5551],[18.0026,52.555],[17.9982,52.5421],[17.9874,52.5432],[17.9872,52.5534],[17.9667,52.5366],[17.9596,52.5367],[17.9417,52.5234],[17.9315,52.5234],[17.9107,52.5167],[17.9061,52.5008],[17.9118,52.4773],[17.9225,52.4711],[17.9202,52.46],[17.9113,52.4555],[17.9088,52.4444],[17.8803,52.4303],[17.8635,52.4273],[17.8558,52.4195],[17.8601,52.4133],[17.8513,52.4055],[17.853,52.3879],[17.8418,52.3828],[17.8014,52.3766],[17.7933,52.3786],[17.7751,52.3683],[17.7397,52.3767],[17.7006,52.3755],[17.6944,52.3626],[17.6965,52.3487],[17.7069,52.3398],[17.7222,52.336],[17.7169,52.328],[17.7393,52.3212],[17.7433,52.3145],[17.7257,52.3062],[17.7073,52.3059],[17.6944,52.3009],[17.6871,52.3063],[17.6836,52.2994],[17.6924,52.2958],[17.7022,52.2777],[17.7161,52.2706],[17.7657,52.258],[17.7818,52.2472],[17.7703,52.2369],[17.7765,52.2301],[17.7584,52.2296],[17.7407,52.2249],[17.7657,52.2],[17.8001,52.191],[17.8301,52.1925],[17.8336,52.1852],[17.8227,52.1637],[17.8225,52.1519],[17.7976,52.1559],[17.7794,52.1425],[17.7785,52.1295],[17.7667,52.1188],[17.7707,52.1093],[17.7832,52.1072],[17.7912,52.0986],[17.8235,52.0881],[17.8293,52.0793],[17.8527,52.0734],[17.8682,52.0831],[17.8857,52.0823],[17.9346,52.0909]]]},"properties":{"code":"3023","name":"powiat słupecki","country":"PL","level":"district","parent":"30","grodzki":false,"type":"powiat"}},
{"type":"Feature","geometry":{"type":"Polygon","coordinates":[[[17.0353,54.4268],[17.045,54.4228],[17.0581,54.427],[17.0823,54.4504],[17.105,54.4541],[17.1016,54.4699],[17.0808,54.4706],[17.0814,54.4865],[17.0436,54.4957],[17.0254,54.4921],[17.0159,54.4984],[17.0061,54.496],[17.001,54.4841],[16.9868,54.49],[16.9894,54.5024],[16.9635,54.5002],[16.9227,54.4853],[16.9453,54.4819],[16.9518,54.4913],[16.966,54.4903],[16.9522,54.4685],[16.9414,54.4634],[16.9179,54.4676],[16.9311,54.4578],[16.9455,54.459],[17.0079,54.4507],[17.0243,54.4457],[17.0177,54.4341],[17.0319,54.4239],[17.0353,54.4268]]]},"properties":{"code":"2263","name":"powiat Słupsk","country":"PL","level":"district","parent":"22","grodzki":true,"type":"miasto na prawach powiatu"}},
{"type":"Feature","geometry":{"type":"Polygon","coordinates":[[[17.0172,54.2654],[17.0289,54.2697],[17.0318,54.2938],[17.0397,54.297],[17.0435,54.3096],[17.0564,54.3112],[17.071,54.3188],[17.0758,54.3109],[17.0849,54.3108],[17.099,54.3007],[17.1009,54.2928],[17.1139,54.2888],[17.1329,54.2904],[17.1504,54.2829],[17.1788,54.2911],[17.2102,54.3059],[17.2399,54.3141],[17.283,54.2969],[17.3002,54.2999],[17.3057,54.3073],[17.3186,54.3045],[17.3241,54.3144],[17.3446,54.3134],[17.3461,54.2952],[17.356,54.2813],[17.3424,54.2796],[17.3583,54.2619],[17.3464,54.2582],[17.3531,54.2438],[17.3793,54.2519],[17.3901,54.249],[17.3917,54.2568],[17.4258,54.2698],[17.4211,54.2805],[17.4277,54.284],[17.4234,54.299],[17.4379,54.2985],[17.4301,54.3072],[17.437,54.3216],[17.4559,54.3262],[17.4624,54.3469],[17.4566,54.3527],[17.4577,54.3662],[17.4519,54.3717],[17.4623,54.3779],[17.4738,54.3722],[17.494,54.3822],[17.4781,54.3923],[17.4854,54.41],[17.5005,54.4167],[17.5065,54.4333],[17.509,54.4281],[17.5416,54.4249],[17.5405,54.4332],[17.582,54.4261],[17.5935,54.4426],[17.6004,54.4425],[17.6051,54.4565],[17.5979,54.4639],[17.6183,54.468],[17.6075,54.4751],[17.596,54.4743],[17.5889,54.4817],[17.5699,54.4842],[17.5631,54.4805],[17.5476,54.4845],[17.5552,54.492],[17.539,54.5032],[17.5653,54.5098],[17.6018,54.5345],[17.5722,54.5448],[17.5569,54.5457],[17.5482,54.5511],[17.5692,54.5702],[17.567,54.5776],[17.5805,54.5901],[17.5816,54.6061],[17.6058,54.6152],[17.6154,54.6269],[17.617,54.6367],[17.598,54.6474],[17.577,54.6534],[17.5582,54.6538],[17.5095,54.6616],[17.5018,54.6674],[17.5238,54.6771],[17.5291,54.6906],[17.5426,54.6915],[17.5265,54.7047],[17.508,54.6992],[17.4883,54.6991],[17.4943,54.7114],[17.4786,54.7023],[17.4645,54.7049],[17.4573,54.7141],[17.4426,54.714],[17.4515,54.7052],[17.4367,54.6965],[17.4253,54.7018],[17.4167,54.7126],[17.4401,54.722],[17.4744,54.7286],[17.5166,54.7472],[17.5295,54.7462],[17.5273,54.7539],[17.4916,54.7521],[17.4912,54.7606],[17.4756,54.7578],[17.3829,54.7532],[17.352,54.75],[17.316,54.7415],[17.2934,54.7396],[17.2481,54.7324],[17.1813,54.7088],[17.0441,54.6689],[17.034,54.6597],[16.9584,54.6158],[16.8984,54.5942],[16.8509,54.5921],[16.8238,54.5839],[16.7941,54.5784],[16.7662,54.5699],[16.6985,54.5701],[16.7126,54.5542],[16.7392,54.5384],[16.7475,54.5304],[16.7393,54.521],[16.7527,54.4968],[16.764,54.4861],[16.7933,54.4874],[16.8007,54.4807],[16.8106,54.4818],[16.8172,54.4687],[16.8275,54.4648],[16.8211,54.4563],[16.8411,54.4384],[16.8396,54.432],[16.8244,54.4157],[16.8401,54.4053],[16.8404,54.3987],[16.8586,54.3826],[16.8507,54.3741],[16.8375,54.3705],[16.8078,54.3705],[16.8281,54.3458],[16.8231,54.3379],[16.8241,54.3316],[16.8139,54.3186],[16.8387,54.3163],[16.8543,54.3076],[16.8625,54.2897],[16.8651,54.261],[16.8313,54.2458],[16.8169,54.2464],[16.7858,54.24],[16.7744,54.2407],[16.7603,54.2339],[16.7317,54.2319],[16.7291,54.2257],[16.7119,54.2142],[16.7197,54.2025],[16.7327,54.2037],[16.7341,54.1767],[16.7503,54.1714],[16.7568,54.1578],[16.7736,54.1535],[16.7747,54.1336],[16.7841,54.1312],[16.779,54.1192],[16.793,54.1212],[16.8046,54.1161],[16.7935,54.1009],[16.7933,54.0845],[16.8001,54.0964],[16.8319,54.0984],[16.8611,54.1097],[16.8717,54.1192],[16.8756,54.1146],[16.8882,54.1196],[16.9054,54.1337],[16.9214,54.127],[16.9327,54.1326],[16.9336,54.1482],[16.9213,54.1456],[16.9213,54.1533],[16.9732,54.1558],[16.9704,54.1865],[17.0083,54.1885],[17.0303,54.2111],[17.0126,54.2252],[17.0171,54.2445],[17.0172,54.2653],[17.0172,54.2654],[17.0172,54.2653],[17.0172,54.2654]],[[17.0353,54.4268],[17.0319,54.4239],[17.0177,54.4341],[17.0243,54.4457],[17.0079,54.4507],[16.9455,54.459],[16.9311,54.4578],[16.9179,54.4676],[16.9414,54.4634],[16.9522,54.4685],[16.966,54.4903],[16.9518,54.4913],[16.9453,54.4819],[16.9227,54.4853],[16.9635,54.5002],[16.9894,54.5024],[16.9868,54.49],[17.001,54.4841],[17.0061,54.496],[17.0159,54.4984],[17.0254,54.4921],[17.0436,54.4957],[17.0814,54.4865],[17.0808,54.4706],[17.1016,54.4699],[17.105,54.4541],[17.0823,54.4504],[17.0581,54.427],[17.045,54.4228],[17.0353,54.4268]]]},"properties":{"code":"2212","name":"powiat słupski","country":"PL","level":"district","parent":"22","grodzki":false,"type":"powiat"}},
{"type":"Feature","geometry":{"type":"Polygon","coordinates":[[[20.4111,52.1402],[20.412,52.1614],[20.3945,52.1639],[20.4136,52.1951],[20.4187,52.1901],[20.4432,52.1901],[20.4603,52.1868],[20.4855,52.1751],[20.4849,52.1838],[20.4804,52.1934],[20.4906,52.1932],[20.4892,52.2185],[20.4744,52.2214],[20.4891,52.2277],[20.4898,52.2381],[20.4677,52.2346],[20.4426,52.241],[20.4258,52.2343],[20.4255,52.2187],[20.4111,52.2192],[20.4169,52.2417],[20.3972,52.2458],[20.3941,52.2391],[20.3843,52.242],[20.3774,52.229],[20.3716,52.2383],[20.3451,52.2379],[20.3305,52.2434],[20.344,52.2515],[20.3357,52.2571],[20.3395,52.2809],[20.3169,52.2811],[20.3265,52.288],[20.3464,52.288],[20.3483,52.2945],[20.3651,52.2926],[20.3829,52.2948],[20.3856,52.3027],[20.3982,52.3039],[20.407,52.2987],[20.4128,52.3074],[20.3788,52.3082],[20.3799,52.3202],[20.4033,52.3289],[20.4215,52.3311],[20.424,52.3385],[20.4187,52.3711],[20.4057,52.3748],[20.4048,52.3843],[20.3933,52.3815],[20.3637,52.3891],[20.3134,52.3912],[20.251,52.3881],[20.2221,52.3817],[20.1947,52.3795],[20.1597,52.3799],[20.1282,52.3865],[20.0912,52.3793],[20.069,52.3845],[20.0504,52.3813],[20.0198,52.3832],[20.0076,52.3943],[19.9915,52.4003],[19.9769,52.4191],[19.9617,52.4163],[19.9669,52.4054],[19.9805,52.3969],[19.9822,52.3874],[19.9713,52.3764],[19.989,52.3745],[20.0023,52.369],[19.9996,52.3573],[19.9828,52.3376],[19.9845,52.335],[19.9459,52.3123],[19.9361,52.2997],[19.9392,52.2893],[19.9538,52.2834],[19.9651,52.2683],[19.9859,52.2624],[20.018,52.262],[20.0421,52.2577],[20.0376,52.2467],[20.0735,52.2375],[20.0805,52.233],[20.0631,52.1989],[20.0621,52.1881],[20.0874,52.1682],[20.091,52.1526],[20.117,52.1464],[20.1156,52.1438],[20.1348,52.1453],[20.1606,52.1513],[20.1651,52.1386],[20.1783,52.1323],[20.189,52.1213],[20.2023,52.1147],[20.213,52.1186],[20.2519,52.1173],[20.2687,52.126],[20.2684,52.1461],[20.3089,52.1377],[20.3242,52.1495],[20.3469,52.1512],[20.3476,52.1314],[20.377,52.1353],[20.3798,52.1298],[20.3937,52.1322],[20.3912,52.1373],[20.4111,52.1402]]]},"properties":{"code":"1428","name":"powiat sochaczewski","country":"PL","level":"district","parent":"14","grodzki":false,"type":"powiat"}},
{"type":"Feature","geometry":{"type":"Polygon","coordinates":[[[22.076,52.3382],[22.1024,52.3253],[22.1158,52.3133],[22.1318,52.3158],[22.1649,52.316],[22.1741,52.3116],[22.1713,52.2984],[22.183,52.3003],[22.197,52.291],[22.2107,52.2882],[22.2139,52.3039],[22.2243,52.3058],[22.2434,52.301],[22.2465,52.3123],[22.2649,52.3102],[22.2737,52.317],[22.2929,52.3117],[22.3001,52.3013],[22.3152,52.3055],[22.3178,52.3013],[22.3328,52.3042],[22.3676,52.3041],[22.3627,52.3221],[22.3776,52.3214],[22.3818,52.3148],[22.4025,52.3187],[22.4165,52.3137],[22.4506,52.3198],[22.4824,52.3215],[22.4914,52.3196],[22.5101,52.3296],[22.5128,52.3421],[22.5244,52.3544],[22.5518,52.3521],[22.5517,52.368],[22.5402,52.3653],[22.537,52.3769],[22.5194,52.3868],[22.537,52.3857],[22.564,52.39],[22.5537,52.3999],[22.5628,52.4105],[22.5419,52.4242],[22.5414,52.4393],[22.5542,52.4632],[22.5487,52.4678],[22.5289,52.4623],[22.525,52.4721],[22.512,52.4813],[22.5101,52.4902],[22.5267,52.5212],[22.4902,52.5471],[22.4837,52.5607],[22.4693,52.5652],[22.4578,52.5854],[22.4174,52.5994],[22.4086,52.6097],[22.3939,52.6129],[22.3848,52.6225],[22.371,52.6242],[22.3739,52.6348],[22.3495,52.6562],[22.3085,52.668],[22.2783,52.6693],[22.27,52.6757],[22.2497,52.6829],[22.228,52.6861],[22.2203,52.6959],[22.1803,52.6984],[22.1672,52.6923],[22.1621,52.7007],[22.1127,52.6922],[22.1032,52.693],[22.0702,52.6835],[22.0637,52.6789],[22.043,52.6762],[22.0537,52.6613],[22.0444,52.6463],[22.0489,52.6339],[22.0351,52.6216],[21.9998,52.6219],[21.9758,52.6119],[21.9904,52.6098],[21.984,52.5901],[21.9981,52.5894],[22.0044,52.5719],[22.0397,52.5739],[22.0393,52.5673],[22.0636,52.561],[22.0416,52.5468],[22.0539,52.5357],[22.0836,52.5325],[22.0964,52.5153],[22.0956,52.505],[22.1109,52.5065],[22.1315,52.5002],[22.124,52.4863],[22.132,52.4861],[22.1345,52.4761],[22.1573,52.4828],[22.1822,52.4606],[22.1572,52.4667],[22.1552,52.454],[22.1642,52.4469],[22.1357,52.4255],[22.0903,52.4099],[22.085,52.3932],[22.0898,52.3878],[22.124,52.3718],[22.1339,52.361],[22.1309,52.3546],[22.1071,52.3433],[22.076,52.3382]]]},"properties":{"code":"1429","name":"powiat sokołowski","country":"PL","level":"district","parent":"14","grodzki":false,"type":"powiat"}},
{"type":"Feature","geometry":{"type":"Polygon","coordinates":[[[23.1178,53.3392],[23.1202,53.3528],[23.1527,53.35],[23.1749,53.3615],[23.1555,53.3631],[23.1602,53.3832],[23.2036,53.3797],[23.2198,53.3847],[23.2313,53.3787],[23.2378,53.382],[23.2558,53.3763],[23.3191,53.367],[23.3173,53.3589],[23.3071,53.3544],[23.326,53.3496],[23.3373,53.3521],[23.3281,53.3338],[23.3518,53.3482],[23.3636,53.3514],[23.3673,53.3411],[23.3558,53.3414],[23.3558,53.3343],[23.3696,53.3201],[23.3745,53.321],[23.3947,53.31],[23.3967,53.2988],[23.4037,53.2944],[23.3985,53.2774],[23.3852,53.2733],[23.4151,53.2731],[23.4366,53.2629],[23.4457,53.271],[23.4553,53.267],[23.5126,53.2559],[23.4986,53.2336],[23.4888,53.2361],[23.4868,53.226],[23.4777,53.2188],[23.468,53.2228],[23.4724,53.2037],[23.4833,53.2053],[23.4959,53.1934],[23.494,53.2151],[23.5248,53.2163],[23.5163,53.2092],[23.5347,53.201],[23.5358,53.2103],[23.7117,53.1696],[23.7113,53.1588],[23.7192,53.1538],[23.7466,53.149],[23.7485,53.157],[23.7673,53.16],[23.7735,53.1544],[23.838,53.1497],[23.8418,53.1626],[23.8702,53.1599],[23.8722,53.1679],[23.8965,53.1624],[23.9095,53.1674],[23.8684,53.1939],[23.8572,53.2104],[23.862,53.2137],[23.8553,53.2318],[23.8187,53.244],[23.799,53.2742],[23.7635,53.3382],[23.7371,53.3916],[23.7074,53.4365],[23.6672,53.5126],[23.6597,53.5214],[23.651,53.5456],[23.6269,53.5957],[23.6027,53.6626],[23.5887,53.6959],[23.5622,53.702],[23.5593,53.7086],[23.5321,53.7102],[23.5172,53.7017],[23.5039,53.6996],[23.51,53.6924],[23.4926,53.694],[23.4667,53.7031],[23.4359,53.7047],[23.4147,53.7002],[23.34,53.7219],[23.3287,53.7138],[23.2958,53.7079],[23.2717,53.7112],[23.2466,53.7076],[23.2268,53.7184],[23.2233,53.7143],[23.2033,53.7132],[23.1744,53.6969],[23.1498,53.6925],[23.1383,53.6809],[23.1228,53.677],[23.1099,53.6687],[23.1019,53.6714],[23.0685,53.6592],[23.0668,53.6412],[23.0476,53.6317],[23.0076,53.6262],[23.0048,53.6102],[22.9577,53.6002],[22.9609,53.6188],[22.9487,53.6098],[22.9287,53.6071],[22.9298,53.5849],[22.9325,53.5809],[22.9578,53.5914],[22.9785,53.58],[22.9972,53.5781],[23.003,53.5562],[22.9918,53.5496],[23.0225,53.5344],[23.0576,53.5355],[23.0536,53.526],[23.0602,53.5142],[23.0714,53.5065],[23.074,53.4961],[23.0633,53.4734],[23.0669,53.4231],[23.0584,53.4019],[23.1093,53.3976],[23.1021,53.3676],[23.0942,53.3463],[23.1178,53.3392]]]},"properties":{"code":"2011","name":"powiat sokólski","country":"PL","level":"district","parent":"20","grodzki":false,"type":"powiat"}},
{"type":"Feature","geometry":{"type":"Polygon","coordinates":[[[18.5075,54.4228],[18.5593,54.423],[18.5834,54.4257],[18.6165,54.4376],[18.6162,54.4664],[18.5587,54.4637],[18.525,54.4575],[18.5045,54.445],[18.5075,54.4228]]]},"properties":{"code":"2264","name":"powiat Sopot","country":"PL","level":"district","parent":"22","grodzki":true,"type":"miasto na prawach powiatu"}},
{"type":"Feature","geometry":{"type":"Polygon","coordinates":[[[19.3119,50.2583],[19.3114,50.275],[19.3032,50.2813],[19.2806,50.2805],[19.2851,50.2917],[19.2719,50.2969],[19.2543,50.2949],[19.2531,50.3041],[19.234,50.3001],[19.2257,50.3109],[19.1961,50.3169],[19.1865,50.3136],[19.1656,50.3133],[19.1437,50.3054],[19.1111,50.3017],[19.0713,50.2943],[19.0753,50.2805],[19.0969,50.2824],[19.099,50.2782],[19.1224,50.2668],[19.1244,50.266],[19.1372,50.2584],[19.1474,50.2359],[19.1607,50.2263],[19.1964,50.2281],[19.2152,50.2398],[19.206,50.2518],[19.2324,50.2611],[19.234,50.258],[19.2679,50.2556],[19.2749,50.2594],[19.2841,50.2551],[19.3119,50.2583]]]},"properties":{"code":"2475","name":"powiat Sosnowiec","country":"PL","level":"district","parent":"24","grodzki":true,"type":"miasto na prawach powiatu"}},
{"type":"Feature","geometry":{"type":"Polygon","coordinates":[[[22.163,50.7973],[22.1374,50.801],[22.0943,50.8141],[22.0521,50.8205],[22.0412,50.8099],[22.0133,50.7959],[21.9944,50.7832],[21.9724,50.7878],[21.9502,50.7716],[21.9206,50.7746],[21.8954,50.7797],[21.8754,50.7796],[21.8797,50.7889],[21.8747,50.7982],[21.8643,50.8027],[21.8612,50.7867],[21.8406,50.7601],[21.8434,50.7392],[21.8674,50.7228],[21.8671,50.7139],[21.8805,50.7027],[21.8648,50.6874],[21.8594,50.6773],[21.873,50.6755],[21.8621,50.6594],[21.8583,50.6473],[21.8669,50.6337],[21.9043,50.6151],[21.9102,50.6016],[21.9407,50.5886],[21.9371,50.5781],[21.9632,50.5739],[21.9626,50.5685],[21.9894,50.5672],[21.9791,50.5588],[21.9689,50.5399],[21.9808,50.53],[21.9683,50.5196],[21.9517,50.5185],[21.9732,50.5058],[21.9652,50.5034],[21.8839,50.4884],[21.8951,50.476],[21.8822,50.4729],[21.8519,50.4623],[21.8683,50.4254],[21.8812,50.3919],[21.891,50.3935],[21.8968,50.4027],[21.9192,50.4148],[21.9344,50.3977],[21.9515,50.3998],[21.952,50.384],[21.9735,50.3903],[21.9661,50.3728],[21.9839,50.3674],[22.0044,50.3615],[22.0177,50.3619],[22.0278,50.3767],[22.019,50.3795],[22.0391,50.4091],[22.0551,50.4048],[22.0623,50.4166],[22.0585,50.4535],[22.0866,50.4534],[22.0649,50.5129],[22.0735,50.5265],[22.1013,50.5508],[22.141,50.5472],[22.146,50.5511],[22.157,50.546],[22.1545,50.5353],[22.1631,50.5279],[22.1833,50.5401],[22.2021,50.5398],[22.2287,50.5487],[22.2268,50.5574],[22.2337,50.5645],[22.2118,50.5611],[22.2026,50.5546],[22.2,50.5623],[22.2072,50.568],[22.2499,50.5744],[22.251,50.5923],[22.2639,50.604],[22.2503,50.6104],[22.2337,50.6104],[22.2227,50.6184],[22.1967,50.615],[22.1965,50.6178],[22.2209,50.6242],[22.2463,50.6249],[22.2472,50.6332],[22.2232,50.6598],[22.2063,50.6662],[22.1894,50.6644],[22.1418,50.6697],[22.1461,50.678],[22.1552,50.6794],[22.1691,50.6889],[22.1763,50.7007],[22.1704,50.7062],[22.2008,50.7524],[22.1975,50.7609],[22.1524,50.7718],[22.163,50.7973]]]},"properties":{"code":"1818","name":"powiat stalowowolski","country":"PL","level":"district","parent":"18","grodzki":false,"type":"powiat"}},
{"type":"Feature","geometry":{"type":"Polygon","coordinates":[[[20.9132,51.0318],[20.9604,51.013],[20.9853,51.023],[20.9964,51.0185],[20.9701,50.9921],[20.984,50.9861],[21.0002,50.9726],[21.0177,50.9688],[21.0099,50.9522],[20.9939,50.9544],[20.9909,50.9412],[21.0004,50.9395],[20.9944,50.9204],[20.9961,50.9081],[21.0075,50.915],[21.0305,50.9082],[21.0267,50.9011],[21.0467,50.8971],[21.0716,50.8976],[21.0748,50.905],[21.0985,50.9091],[21.121,50.9013],[21.1185,50.9079],[21.1471,50.9136],[21.1581,50.9079],[21.1671,50.9166],[21.1638,50.9366],[21.1827,50.9377],[21.1844,50.9438],[21.2007,50.9466],[21.1924,50.9519],[21.1991,50.9612],[21.1962,50.9705],[21.2079,50.9799],[21.1992,50.9876],[21.206,50.9992],[21.2212,51.0021],[21.2252,50.9938],[21.2383,50.9967],[21.2496,50.9903],[21.2584,50.9974],[21.2728,50.9831],[21.2854,50.9876],[21.294,51.0114],[21.3255,51.0361],[21.3823,51.0368],[21.3825,51.0405],[21.3831,51.0583],[21.3719,51.0588],[21.3704,51.0655],[21.3542,51.0662],[21.3533,51.0852],[21.3111,51.0842],[21.1528,51.0803],[21.1509,51.0995],[21.1602,51.1022],[21.154,51.1255],[21.1641,51.1285],[21.1342,51.1285],[21.1282,51.1409],[21.0912,51.1551],[21.0967,51.1647],[21.1161,51.1789],[21.1183,51.1917],[21.1079,51.1932],[21.1106,51.2008],[21.0703,51.2114],[21.0684,51.2069],[21.0749,51.1986],[21.0698,51.1741],[21.0566,51.1571],[21.0229,51.1586],[21.0243,51.1504],[20.9985,51.1445],[20.9932,51.152],[21.0008,51.1596],[20.9837,51.1665],[20.9682,51.1512],[20.9532,51.154],[20.9489,51.1433],[20.9759,51.1324],[20.9763,51.1226],[20.9599,51.1163],[20.9771,51.1115],[20.9694,51.1087],[20.9676,51.0973],[20.9588,51.0849],[20.9636,51.0766],[20.9564,51.0736],[20.9433,51.0803],[20.9221,51.08],[20.9094,51.0884],[20.9028,51.0826],[20.9183,51.0662],[20.9094,51.0573],[20.9087,51.0473],[20.9154,51.0414],[20.9132,51.0318]]]},"properties":{"code":"2611","name":"powiat starachowicki","country":"PL","level":"district","parent":"26","grodzki":false,"type":"powiat"}},
{"type":"Feature","geometry":{"type":"Polygon","coordinates":[[[14.8618,53.2465],[14.9343,53.2547],[14.938,53.2461],[14.9513,53.2503],[14.9506,53.2554],[14.9779,53.2588],[14.9959,53.2808],[15.0125,53.2758],[15.004,53.2635],[15.0094,53.2607],[15.0241,53.2683],[15.0197,53.258],[15.0411,53.26],[15.0586,53.2486],[15.0688,53.2328],[15.0683,53.2129],[15.051,53.2002],[15.0406,53.2033],[15.0442,53.19],[15.0491,53.1932],[15.1054,53.1737],[15.1329,53.1764],[15.1542,53.1754],[15.1797,53.1775],[15.1724,53.1633],[15.1505,53.1624],[15.1587,53.1551],[15.1801,53.1494],[15.2122,53.1376],[15.1924,53.1163],[15.2051,53.1133],[15.198,53.1084],[15.2008,53.0954],[15.1924,53.0927],[15.1987,53.0852],[15.2058,53.0819],[15.2201,53.095],[15.2349,53.0907],[15.248,53.0973],[15.2679,53.0948],[15.2758,53.1044],[15.2729,53.1131],[15.3038,53.1287],[15.3104,53.1349],[15.323,53.1309],[15.3351,53.1464],[15.3328,53.1628],[15.3678,53.1661],[15.367,53.1748],[15.3414,53.1893],[15.3538,53.1966],[15.3186,53.2083],[15.3068,53.2014],[15.2701,53.2008],[15.254,53.2184],[15.2728,53.2445],[15.2826,53.2526],[15.2894,53.2503],[15.3129,53.2546],[15.3349,53.2538],[15.3516,53.2486],[15.3702,53.2515],[15.3978,53.2469],[15.4161,53.2466],[15.4586,53.2334],[15.4906,53.2369],[15.4978,53.2412],[15.4944,53.2537],[15.4786,53.2492],[15.4699,53.2604],[15.491,53.2704],[15.469,53.2759],[15.4778,53.2808],[15.4795,53.2964],[15.4682,53.3051],[15.4847,53.3157],[15.5055,53.3187],[15.5233,53.3254],[15.5175,53.3308],[15.5349,53.3352],[15.5462,53.3328],[15.5712,53.3439],[15.5848,53.3433],[15.591,53.348],[15.5881,53.3634],[15.597,53.3684],[15.5942,53.3976],[15.6009,53.4027],[15.6048,53.4226],[15.6268,53.4201],[15.6274,53.4286],[15.641,53.431],[15.6711,53.4291],[15.647,53.4392],[15.6569,53.4478],[15.6485,53.4494],[15.6564,53.4571],[15.7018,53.4771],[15.719,53.4923],[15.7049,53.4975],[15.6974,53.4965],[15.6885,53.4845],[15.6781,53.4823],[15.6579,53.4849],[15.6499,53.4809],[15.6288,53.4814],[15.618,53.4908],[15.6279,53.4951],[15.6214,53.5032],[15.609,53.5063],[15.5853,53.5054],[15.5793,53.4961],[15.5567,53.4966],[15.5546,53.4906],[15.5156,53.4708],[15.5018,53.4745],[15.4789,53.4742],[15.467,53.4782],[15.4539,53.4887],[15.4464,53.501],[15.428,53.5028],[15.4231,53.5097],[15.4353,53.5111],[15.4273,53.5207],[15.4056,53.5181],[15.3941,53.5327],[15.3991,53.5386],[15.3941,53.5485],[15.367,53.5375],[15.3371,53.5316],[15.3249,53.5149],[15.3062,53.506],[15.2867,53.5042],[15.2894,53.5238],[15.2753,53.5225],[15.2504,53.5373],[15.2365,53.5314],[15.2122,53.5098],[15.2267,53.5003],[15.2105,53.4895],[15.1753,53.4903],[15.175,53.4778],[15.1508,53.469],[15.1286,53.4692],[15.1208,53.4804],[15.0933,53.468],[15.0945,53.4655],[15.0694,53.4595],[15.0603,53.4702],[15.0398,53.464],[15.0402,53.4601],[15.0144,53.4549],[15.007,53.4598],[14.9613,53.4585],[14.9361,53.453],[14.9161,53.4438],[14.8976,53.4491],[14.8929,53.4585],[14.8761,53.4522],[14.8798,53.4431],[14.8933,53.4393],[14.8583,53.4351],[14.8263,53.4287],[14.7776,53.4257],[14.778,53.403],[14.7903,53.3945],[14.7682,53.3856],[14.7751,53.3769],[14.7636,53.3767],[14.7581,53.3831],[14.7405,53.3755],[14.7369,53.3691],[14.7562,53.3634],[14.7693,53.345],[14.7867,53.3513],[14.7836,53.3458],[14.8046,53.3343],[14.8009,53.3258],[14.8078,53.3166],[14.8406,53.3202],[14.8502,53.31],[14.8651,53.3117],[14.8625,53.3062],[14.8752,53.3014],[14.8696,53.2944],[14.8743,53.2781],[14.8589,53.2724],[14.8618,53.2465]]]},"properties":{"code":"3214","name":"powiat stargardzki","country":"PL","level":"district","parent":"32","grodzki":false,"type":"powiat"}},
{"type":"Feature","geometry":{"type":"Polygon","coordinates":[[[18.2638,53.701],[18.2919,53.6994],[18.3462,53.6923],[18.3542,53.6874],[18.42,53.6919],[18.4185,53.6872],[18.4557,53.6937],[18.4551,53.6865],[18.4684,53.6897],[18.4758,53.7037],[18.4942,53.6992],[18.5145,53.7038],[18.5232,53.6915],[18.5125,53.6877],[18.5145,53.681],[18.5298,53.6792],[18.5281,53.6687],[18.5434,53.6664],[18.5506,53.6559],[18.5802,53.6579],[18.5824,53.6662],[18.5671,53.6733],[18.5787,53.6774],[18.5856,53.6736],[18.6095,53.6706],[18.6306,53.6746],[18.6552,53.6936],[18.6634,53.6966],[18.6768,53.6907],[18.6966,53.7],[18.6969,53.7135],[18.6908,53.7208],[18.7,53.7295],[18.7138,53.7285],[18.7178,53.7353],[18.734,53.7368],[18.73,53.744],[18.7165,53.7483],[18.7229,53.7635],[18.7035,53.7663],[18.6998,53.7737],[18.6778,53.7746],[18.6367,53.7703],[18.6315,53.7888],[18.6339,53.7998],[18.5921,53.8025],[18.5985,53.8133],[18.5927,53.8152],[18.6036,53.8246],[18.6123,53.8253],[18.6049,53.8419],[18.5875,53.8619],[18.6116,53.8738],[18.6028,53.8814],[18.6035,53.8935],[18.6268,53.9163],[18.6249,53.9212],[18.6368,53.9445],[18.6542,53.9545],[18.6733,53.9547],[18.6797,53.9598],[18.6747,53.9707],[18.6588,53.9825],[18.6641,53.9961],[18.674,54.0058],[18.6536,54.0124],[18.6578,54.0181],[18.6388,54.0165],[18.6175,54.0338],[18.6008,54.03],[18.5919,54.0401],[18.5715,54.0416],[18.5689,54.0533],[18.5552,54.0514],[18.5501,54.071],[18.5693,54.0686],[18.5765,54.0795],[18.5721,54.0861],[18.5921,54.0971],[18.5907,54.1059],[18.5833,54.1036],[18.5478,54.1106],[18.5319,54.1086],[18.5333,54.1264],[18.5066,54.1206],[18.4818,54.1193],[18.4483,54.1227],[18.4208,54.1203],[18.3912,54.1212],[18.3567,54.1432],[18.3525,54.1393],[18.3272,54.1411],[18.3306,54.1277],[18.3189,54.1131],[18.3529,54.1092],[18.329,54.0835],[18.3493,54.0754],[18.3484,54.068],[18.3605,54.0595],[18.344,54.0459],[18.327,54.0502],[18.3186,54.0384],[18.2946,54.036],[18.2942,54.0258],[18.2852,54.0157],[18.2946,54.0117],[18.2781,53.9966],[18.3022,53.9927],[18.325,54.0021],[18.336,53.9966],[18.3495,53.9775],[18.3314,53.9756],[18.3179,53.9786],[18.3031,53.9652],[18.2728,53.953],[18.2616,53.9581],[18.2202,53.9471],[18.2179,53.9422],[18.1991,53.9434],[18.2037,53.956],[18.1643,53.962],[18.1351,53.9474],[18.1369,53.9333],[18.1242,53.9337],[18.1064,53.9255],[18.1016,53.9233],[18.1402,53.8934],[18.1296,53.8868],[18.108,53.8986],[18.108,53.8937],[18.0816,53.8875],[18.0827,53.8813],[18.0708,53.8739],[18.072,53.8646],[18.0829,53.8534],[18.0635,53.8503],[18.0969,53.8309],[18.1216,53.8302],[18.1226,53.824],[18.0946,53.811],[18.0752,53.7975],[18.072,53.7811],[18.0942,53.7749],[18.0994,53.7674],[18.108,53.7696],[18.1108,53.7582],[18.1305,53.7694],[18.1518,53.7682],[18.1549,53.7532],[18.1706,53.7453],[18.1814,53.7533],[18.2015,53.7562],[18.1981,53.7385],[18.2213,53.7517],[18.219,53.7398],[18.2561,53.7462],[18.2739,53.7317],[18.2679,53.7242],[18.2741,53.7168],[18.2542,53.7113],[18.2638,53.701]]]},"properties":{"code":"2213","name":"powiat starogardzki","country":"PL","level":"district","parent":"22","grodzki":false,"type":"powiat"}},
{"type":"Feature","geometry":{"type":"Polygon","coordinates":[[[21.5177,50.5092],[21.5045,50.5256],[21.4828,50.5311],[21.4719,50.5446],[21.478,50.5516],[21.4452,50.5652],[21.4498,50.5733],[21.4288,50.5789],[21.4142,50.5924],[21.4032,50.5911],[21.3945,50.6088],[21.4169,50.6168],[21.3936,50.6217],[21.3907,50.6281],[21.3969,50.6502],[21.3791,50.651],[21.3551,50.6559],[21.3557,50.6704],[21.3502,50.6835],[21.3371,50.6869],[21.301,50.6909],[21.2891,50.6988],[21.2666,50.6847],[21.2562,50.6887],[21.2328,50.6912],[21.2192,50.6965],[21.2076,50.6909],[21.1978,50.6925],[21.1976,50.7019],[21.1822,50.7048],[21.1729,50.7012],[21.1584,50.7049],[21.1458,50.6988],[21.1622,50.6921],[21.1453,50.6856],[21.1413,50.6739],[21.147,50.6692],[21.1622,50.6713],[21.1522,50.6574],[21.1575,50.6474],[21.141,50.6379],[21.1213,50.6367],[21.1091,50.6309],[21.1013,50.6363],[21.0671,50.6301],[21.053,50.6419],[21.0353,50.6457],[21.0237,50.6204],[21.013,50.621],[21.0142,50.6309],[20.9959,50.633],[20.9969,50.6689],[20.9734,50.6745],[20.9553,50.6727],[20.9445,50.6583],[20.9358,50.6557],[20.9052,50.6547],[20.8781,50.6614],[20.8792,50.6497],[20.8741,50.6357],[20.8968,50.6383],[20.9121,50.6367],[20.9241,50.6275],[20.9163,50.6141],[20.9048,50.6036],[20.922,50.6105],[20.9431,50.6057],[20.9374,50.5941],[20.9461,50.5854],[20.9506,50.5682],[20.9317,50.5474],[20.9319,50.5368],[20.976,50.5584],[21.0018,50.5606],[21.0232,50.5582],[21.0303,50.563],[21.0529,50.5663],[21.07,50.5614],[21.0631,50.5557],[21.0625,50.5439],[21.0737,50.5288],[21.0719,50.5204],[21.1024,50.519],[21.0854,50.5088],[21.0843,50.4999],[21.1112,50.4953],[21.1105,50.4881],[21.0947,50.4863],[21.0912,50.4805],[21.0759,50.4765],[21.0803,50.4883],[21.0684,50.4859],[21.0623,50.4769],[21.0381,50.487],[21.0154,50.4894],[21.0071,50.4705],[20.9856,50.4654],[20.9807,50.4577],[21.0069,50.4513],[21.0312,50.4405],[21.0333,50.4353],[21.0549,50.4328],[21.0809,50.4333],[21.0797,50.4264],[21.092,50.4258],[21.086,50.4112],[21.1167,50.4091],[21.1255,50.4031],[21.125,50.3891],[21.1118,50.3841],[21.1131,50.3661],[21.1192,50.3617],[21.1425,50.3601],[21.1491,50.3534],[21.1657,50.3423],[21.1667,50.3331],[21.1766,50.3298],[21.1865,50.3373],[21.188,50.3504],[21.2083,50.3549],[21.2196,50.3573],[21.2315,50.3743],[21.2513,50.3789],[21.2579,50.3914],[21.277,50.3905],[21.281,50.4084],[21.2995,50.4136],[21.3112,50.4217],[21.3671,50.441],[21.4013,50.4392],[21.4437,50.4565],[21.4506,50.4693],[21.4427,50.4847],[21.4541,50.4941],[21.4821,50.4964],[21.5177,50.5092]]]},"properties":{"code":"2612","name":"powiat staszowski","country":"PL","level":"district","parent":"26","grodzki":false,"type":"powiat"}},
{"type":"Feature","geometry":{"type":"Polygon","coordinates":[[[18.3698,50.4158],[18.3669,50.4268],[18.3872,50.4323],[18.3875,50.4452],[18.3817,50.4491],[18.3838,50.4612],[18.3796,50.4788],[18.3838,50.4836],[18.4097,50.4746],[18.44,50.4807],[18.4526,50.4769],[18.452,50.4626],[18.4813,50.4583],[18.486,50.4699],[18.475,50.4731],[18.4672,50.4887],[18.4665,50.4995],[18.4479,50.4994],[18.4382,50.5272],[18.4299,50.5316],[18.4356,50.5447],[18.4779,50.5527],[18.506,50.5492],[18.5338,50.5427],[18.559,50.5401],[18.5727,50.5481],[18.5799,50.5456],[18.6074,50.5499],[18.6162,50.5692],[18.598,50.5686],[18.5908,50.5778],[18.6017,50.6045],[18.5901,50.6064],[18.5873,50.6138],[18.5174,50.6255],[18.5132,50.6307],[18.5093,50.6213],[18.4833,50.6165],[18.4682,50.6251],[18.4554,50.6625],[18.4588,50.6793],[18.4483,50.6844],[18.4292,50.6822],[18.4276,50.69],[18.3839,50.7024],[18.3704,50.7032],[18.3731,50.6915],[18.3613,50.6903],[18.3425,50.6957],[18.3182,50.6788],[18.3114,50.6713],[18.2845,50.6741],[18.2775,50.6711],[18.2788,50.6429],[18.2619,50.637],[18.2431,50.6372],[18.2285,50.6447],[18.2071,50.6495],[18.1797,50.6255],[18.1719,50.6119],[18.1586,50.6094],[18.1579,50.5983],[18.1406,50.5906],[18.1218,50.5907],[18.1289,50.5785],[18.127,50.5583],[18.118,50.5543],[18.1069,50.5327],[18.0908,50.5118],[18.0758,50.5079],[18.1051,50.4859],[18.129,50.4804],[18.1573,50.462],[18.1466,50.4563],[18.1513,50.4459],[18.1634,50.4486],[18.1568,50.434],[18.1479,50.4297],[18.1535,50.4144],[18.1449,50.4061],[18.1604,50.3999],[18.1481,50.3913],[18.1535,50.3866],[18.177,50.3846],[18.1889,50.3766],[18.2297,50.3831],[18.2293,50.3953],[18.2756,50.3871],[18.2902,50.4012],[18.2986,50.4047],[18.3034,50.3978],[18.3577,50.3566],[18.3728,50.3611],[18.3725,50.3716],[18.3874,50.3701],[18.3768,50.3803],[18.3906,50.3854],[18.3936,50.3915],[18.3781,50.4135],[18.3699,50.4158],[18.3698,50.4158],[18.3699,50.4158],[18.3698,50.4158]]]},"properties":{"code":"1611","name":"powiat strzelecki","country":"PL","level":"district","parent":"16","grodzki":false,"type":"powiat"}},
{"type":"Feature","geometry":{"type":"Polygon","coordinates":[[[15.982,53.1155],[15.9793,53.1103],[15.9129,53.12],[15.9118,53.124],[15.8804,53.1187],[15.8753,53.1211],[15.8482,53.1152],[15.86,53.0937],[15.8115,53.0844],[15.8216,53.0652],[15.7917,53.0592],[15.8041,53.0505],[15.802,53.0441],[15.7879,53.0428],[15.7729,53.0267],[15.7624,53.0256],[15.778,53.0152],[15.7701,53.0002],[15.7211,52.9866],[15.6819,52.9972],[15.6333,52.9764],[15.6155,52.9843],[15.588,52.9811],[15.5805,52.9889],[15.5722,52.9869],[15.5469,53.0145],[15.5405,53.0084],[15.4858,52.9968],[15.4653,52.9887],[15.4438,52.9899],[15.4197,52.9833],[15.4052,52.9745],[15.3868,52.9687],[15.39,52.9621],[15.381,52.9591],[15.3683,52.9465],[15.3507,52.9431],[15.3211,52.9511],[15.2868,52.9572],[15.2836,52.9448],[15.292,52.9328],[15.3023,52.9264],[15.3202,52.9085],[15.3317,52.9044],[15.3654,52.9018],[15.3734,52.8878],[15.3996,52.8846],[15.4234,52.8865],[15.4364,52.8791],[15.4452,52.8424],[15.4248,52.8391],[15.4235,52.8252],[15.4331,52.8182],[15.4145,52.8101],[15.4338,52.8096],[15.4692,52.789],[15.446,52.7785],[15.4562,52.7765],[15.4903,52.752],[15.4993,52.7513],[15.5235,52.7643],[15.5415,52.7697],[15.5633,52.7639],[15.5761,52.7671],[15.5852,52.7625],[15.579,52.756],[15.5879,52.743],[15.5874,52.7263],[15.601,52.7267],[15.6037,52.7141],[15.6134,52.7059],[15.6367,52.7012],[15.6719,52.703],[15.6972,52.7082],[15.7377,52.7133],[15.7797,52.7004],[15.7933,52.7069],[15.8123,52.7097],[15.8373,52.7063],[15.8849,52.7149],[15.9074,52.7149],[15.9199,52.7232],[15.9449,52.7292],[15.9469,52.7549],[15.9272,52.7784],[15.9262,52.784],[15.9383,52.7862],[15.9346,52.8014],[15.9117,52.8037],[15.8932,52.8128],[15.9018,52.8353],[15.9187,52.8411],[15.9229,52.8311],[15.9517,52.8432],[15.9463,52.8542],[15.9609,52.8542],[15.9741,52.859],[15.9631,52.874],[15.9756,52.873],[15.9797,52.8809],[15.9676,52.8988],[15.9802,52.9136],[15.9722,52.9288],[15.9798,52.9337],[15.9605,52.9561],[15.962,52.9695],[15.9522,52.9718],[15.9549,52.9894],[15.9494,52.9985],[15.9558,53.0081],[15.9554,53.0403],[15.9625,53.0414],[15.9784,53.0568],[15.9897,53.0563],[15.9849,53.0644],[15.9943,53.0731],[15.9957,53.0894],[15.9852,53.093],[15.9793,53.103],[15.982,53.1155]]]},"properties":{"code":"0806","name":"powiat strzelecko-drezdenecki","country":"PL","level":"district","parent":"08","grodzki":false,"type":"powiat"}},
{"type":"Feature","geometry":{"type":"Polygon","coordinates":[[[17.0692,50.9031],[17.0558,50.9047],[17.0515,50.917],[17.0417,50.9196],[17.0324,50.9084],[17.0179,50.9099],[17.0114,50.9205],[16.9971,50.9071],[16.9925,50.9129],[16.9755,50.9081],[16.9768,50.8999],[16.9591,50.9045],[16.9514,50.8914],[16.9573,50.8851],[16.9429,50.8749],[16.9408,50.8646],[16.923,50.866],[16.912,50.8715],[16.9015,50.8703],[16.9029,50.8543],[16.9212,50.8454],[16.9225,50.8379],[16.9139,50.8257],[16.8994,50.829],[16.8983,50.819],[16.9109,50.8134],[16.8884,50.8122],[16.8827,50.8089],[16.8929,50.7961],[16.8841,50.791],[16.9034,50.788],[16.8971,50.7784],[16.8905,50.7803],[16.8822,50.767],[16.8893,50.7582],[16.8783,50.7439],[16.8662,50.7357],[16.8583,50.7215],[16.8887,50.7229],[16.893,50.7197],[16.8813,50.7091],[16.9011,50.706],[16.9226,50.715],[16.9224,50.7095],[16.9375,50.7065],[16.9394,50.6998],[16.9485,50.7024],[16.958,50.6933],[16.9821,50.6877],[16.9806,50.6936],[17.0051,50.696],[17.0246,50.6922],[17.042,50.6958],[17.0445,50.7008],[17.0648,50.6936],[17.0687,50.6804],[17.0961,50.6732],[17.1191,50.672],[17.1226,50.6631],[17.1457,50.6627],[17.137,50.6526],[17.1203,50.6441],[17.1315,50.6425],[17.1369,50.6356],[17.1516,50.6322],[17.1649,50.6135],[17.1864,50.6163],[17.2322,50.6145],[17.2448,50.6197],[17.2427,50.628],[17.2302,50.6407],[17.2377,50.6515],[17.2395,50.6713],[17.2348,50.6811],[17.2481,50.6828],[17.2591,50.6905],[17.2202,50.7014],[17.2208,50.7137],[17.252,50.7177],[17.2756,50.7446],[17.2943,50.7376],[17.3011,50.743],[17.2914,50.7465],[17.2975,50.7533],[17.2795,50.7609],[17.2663,50.7718],[17.2539,50.7721],[17.2712,50.7805],[17.2708,50.7854],[17.2901,50.7929],[17.3045,50.7886],[17.3452,50.7844],[17.3547,50.7948],[17.3502,50.8076],[17.3384,50.809],[17.3185,50.8212],[17.3039,50.8235],[17.2967,50.818],[17.2813,50.8175],[17.286,50.8254],[17.2451,50.8478],[17.2397,50.8643],[17.2264,50.8577],[17.2045,50.877],[17.2002,50.8562],[17.1906,50.8599],[17.1642,50.8601],[17.1515,50.8644],[17.1436,50.8506],[17.1365,50.8538],[17.1252,50.8404],[17.1089,50.8516],[17.1117,50.8597],[17.0998,50.8646],[17.0982,50.8721],[17.0859,50.8764],[17.0865,50.8851],[17.0709,50.8871],[17.0757,50.8932],[17.0692,50.9031]]]},"properties":{"code":"0217","name":"powiat strzeliński","country":"PL","level":"district","parent":"02","grodzki":false,"type":"powiat"}},
{"type":"Feature","geometry":{"type":"Polygon","coordinates":[[[21.6181,49.7979],[21.6375,49.8058],[21.6401,49.816],[21.6287,49.8231],[21.6422,49.8297],[21.6606,49.8438],[21.6869,49.827],[21.7169,49.8121],[21.7352,49.7958],[21.7419,49.7939],[21.7726,49.8006],[21.8117,49.7812],[21.837,49.7912],[21.8583,49.7918],[21.8948,49.7811],[21.9276,49.7865],[21.9383,49.7954],[21.9421,49.8059],[21.9451,49.8132],[21.9633,49.8225],[21.9873,49.8204],[21.9999,49.8116],[22.0179,49.8083],[22.0111,49.8176],[22.0203,49.8376],[22.0193,49.843],[22.003,49.8455],[21.9845,49.8527],[21.9805,49.8584],[21.9632,49.864],[21.9455,49.8752],[21.9312,49.8939],[21.902,49.9229],[21.9016,49.9326],[21.9164,49.9472],[21.8958,49.9573],[21.867,49.9505],[21.8598,49.9606],[21.8411,49.9673],[21.8322,49.9647],[21.8154,49.9699],[21.7923,49.9729],[21.7482,49.9689],[21.7291,49.97],[21.7217,49.9654],[21.6957,49.9643],[21.6972,49.9524],[21.6931,49.9416],[21.6779,49.9363],[21.6727,49.9254],[21.6415,49.9223],[21.6272,49.9245],[21.6205,49.9206],[21.599,49.9219],[21.5873,49.9154],[21.5696,49.9136],[21.5569,49.9056],[21.5561,49.8996],[21.5415,49.8872],[21.5235,49.8929],[21.521,49.8849],[21.4932,49.88],[21.4843,49.8724],[21.4772,49.8528],[21.4774,49.8405],[21.5105,49.8361],[21.5272,49.8302],[21.5525,49.8277],[21.5568,49.812],[21.5558,49.7954],[21.5598,49.7861],[21.5759,49.7855],[21.6181,49.7979]]]},"properties":{"code":"1819","name":"powiat strzyżowski","country":"PL","level":"district","parent":"18","grodzki":false,"type":"powiat"}},
{"type":"Feature","geometry":{"type":"Polygon","coordinates":[[[15.4358,52.3756],[15.45,52.3863],[15.4387,52.3898],[15.4419,52.3949],[15.416,52.4105],[15.4193,52.4187],[15.3717,52.4204],[15.3712,52.4169],[15.3488,52.4177],[15.35,52.4231],[15.3338,52.4263],[15.337,52.4363],[15.3229,52.4401],[15.3173,52.4482],[15.3221,52.455],[15.2987,52.4618],[15.3042,52.4733],[15.2803,52.4785],[15.2658,52.4852],[15.2708,52.4927],[15.2843,52.4944],[15.2903,52.5017],[15.2753,52.5083],[15.2763,52.541],[15.3102,52.5439],[15.306,52.5901],[15.2373,52.5876],[15.2096,52.5844],[15.211,52.6081],[15.1984,52.6154],[15.1967,52.6261],[15.2061,52.6336],[15.1947,52.6356],[15.1577,52.6521],[15.1374,52.644],[15.107,52.618],[15.0804,52.6172],[15.0642,52.6211],[15.0565,52.6313],[15.037,52.6422],[15.0089,52.6386],[14.9992,52.6404],[14.9529,52.6251],[14.9177,52.618],[14.8803,52.6154],[14.8466,52.6213],[14.8134,52.6091],[14.7846,52.6015],[14.7605,52.6039],[14.7364,52.5975],[14.7044,52.5923],[14.6488,52.5759],[14.6474,52.5722],[14.6561,52.5672],[14.7144,52.5459],[14.7578,52.543],[14.7869,52.5446],[14.8131,52.5391],[14.8055,52.5253],[14.8122,52.5112],[14.8236,52.5072],[14.8456,52.5135],[14.8763,52.5118],[14.901,52.5248],[14.9289,52.5299],[14.9448,52.525],[14.9603,52.5266],[14.9819,52.5235],[14.9943,52.5166],[14.9722,52.5061],[14.9689,52.4977],[14.9748,52.4909],[14.9906,52.4909],[14.9879,52.4652],[14.9976,52.4567],[15.0335,52.4544],[15.0407,52.4519],[15.0419,52.4405],[15.031,52.4374],[15.0247,52.4293],[15.0354,52.413],[15.0245,52.3911],[15.0093,52.3934],[14.9835,52.3913],[14.9817,52.4032],[14.9465,52.4096],[14.9261,52.3969],[14.9182,52.3828],[14.9197,52.362],[14.8967,52.3616],[14.892,52.3661],[14.8769,52.3624],[14.8748,52.3418],[14.8826,52.3332],[14.906,52.3268],[14.9001,52.317],[14.8802,52.3111],[14.8687,52.2915],[14.8776,52.2808],[14.8982,52.2811],[14.9171,52.2657],[14.9169,52.2529],[14.9015,52.2571],[14.8839,52.2531],[14.8972,52.2402],[14.9133,52.2099],[14.9242,52.206],[14.9371,52.2111],[14.9636,52.2093],[14.9823,52.2189],[15.0239,52.2165],[15.0569,52.2254],[15.0675,52.2328],[15.0868,52.2317],[15.0913,52.2261],[15.0961,52.2303],[15.1208,52.235],[15.1317,52.2302],[15.1549,52.2377],[15.1579,52.2449],[15.1452,52.2539],[15.1679,52.2661],[15.1795,52.2551],[15.2136,52.2805],[15.2278,52.2853],[15.1999,52.297],[15.2022,52.3098],[15.2427,52.3117],[15.2279,52.3417],[15.2425,52.3428],[15.2575,52.3642],[15.2574,52.3716],[15.2823,52.3724],[15.2899,52.3764],[15.3273,52.3707],[15.3449,52.3659],[15.3491,52.3787],[15.3916,52.3765],[15.4049,52.3705],[15.4358,52.3756]]]},"properties":{"code":"0807","name":"powiat sulęciński","country":"PL","level":"district","parent":"08","grodzki":false,"type":"powiat"}},
{"type":"Feature","geometry":{"type":"Polygon","coordinates":[[[19.7576,49.8301],[19.7456,49.8307],[19.731,49.821],[19.7259,49.8074],[19.7079,49.8036],[19.684,49.8109],[19.6618,49.814],[19.6626,49.809],[19.6441,49.8078],[19.6435,49.7956],[19.6282,49.7982],[19.606,49.7927],[19.5855,49.7942],[19.5712,49.7987],[19.5588,49.7962],[19.5395,49.8018],[19.5276,49.7985],[19.5277,49.7929],[19.5085,49.787],[19.5045,49.7904],[19.4905,49.7862],[19.4753,49.789],[19.4644,49.7979],[19.4457,49.7957],[19.4435,49.7887],[19.415,49.7753],[19.4364,49.7571],[19.446,49.7426],[19.4446,49.7349],[19.4287,49.7275],[19.4293,49.7195],[19.4105,49.7101],[19.4004,49.7108],[19.3907,49.6984],[19.3725,49.6955],[19.3918,49.6773],[19.4071,49.6786],[19.4138,49.6728],[19.4411,49.6805],[19.4594,49.6764],[19.465,49.6679],[19.4778,49.6608],[19.4689,49.648],[19.4808,49.6244],[19.4674,49.6138],[19.4746,49.6047],[19.4684,49.5965],[19.4784,49.588],[19.4972,49.5816],[19.5102,49.5814],[19.5182,49.5734],[19.5293,49.573],[19.5601,49.5801],[19.592,49.5929],[19.5959,49.5994],[19.5866,49.6127],[19.5903,49.6225],[19.6193,49.6237],[19.6271,49.6134],[19.6566,49.5948],[19.6765,49.5756],[19.6953,49.5788],[19.7034,49.576],[19.7297,49.5759],[19.7349,49.5721],[19.7528,49.5718],[19.763,49.581],[19.7548,49.5864],[19.767,49.5904],[19.7762,49.5855],[19.7985,49.5939],[19.814,49.5923],[19.8521,49.5957],[19.8627,49.5993],[19.8744,49.6164],[19.8719,49.6334],[19.8937,49.6376],[19.9063,49.6469],[19.9052,49.6592],[19.8858,49.6833],[19.8876,49.6911],[19.9003,49.6971],[19.9116,49.713],[19.8891,49.711],[19.8685,49.7151],[19.8547,49.7102],[19.7959,49.7055],[19.7925,49.7239],[19.7981,49.7277],[19.7845,49.7354],[19.7883,49.7422],[19.7721,49.751],[19.7913,49.7629],[19.8043,49.7656],[19.7992,49.7907],[19.7868,49.7914],[19.751,49.7862],[19.743,49.7905],[19.7556,49.8036],[19.7497,49.8133],[19.7678,49.825],[19.7576,49.8301]]]},"properties":{"code":"1215","name":"powiat suski","country":"PL","level":"district","parent":"12","grodzki":false,"type":"powiat"}},
{"type":"Feature","geometry":{"type":"Polygon","coordinates":[[[22.7783,53.9228],[22.7885,53.9285],[22.7958,53.9227],[22.8163,53.9334],[22.8219,53.9276],[22.8512,53.9429],[22.8599,53.9528],[22.8381,53.9593],[22.8373,53.9702],[22.8506,53.9661],[22.8867,53.9683],[22.8718,53.9962],[22.9134,54.0117],[22.9257,54.0071],[22.9883,54.0163],[23.0039,54.0127],[23.0152,54.0156],[23.0371,54.0096],[23.124,54.0248],[23.1278,54.0205],[23.1358,54.0181],[23.1419,54.0323],[23.1264,54.0507],[23.104,54.0492],[23.0914,54.0583],[23.1065,54.0646],[23.1148,54.0612],[23.1178,54.0689],[23.1507,54.0727],[23.1412,54.0829],[23.1311,54.078],[23.1143,54.077],[23.1203,54.0932],[23.0833,54.1074],[23.083,54.1217],[23.0942,54.1299],[23.08,54.1358],[23.0898,54.1491],[23.1028,54.1453],[23.1051,54.1603],[23.1143,54.1742],[23.143,54.1707],[23.1534,54.1976],[23.1391,54.2113],[23.146,54.2145],[23.132,54.2185],[23.139,54.2238],[23.1302,54.2314],[23.1214,54.2283],[23.1156,54.2356],[23.1289,54.2464],[23.1132,54.2411],[23.1087,54.2454],[23.1411,54.2593],[23.1469,54.2664],[23.1287,54.2771],[23.1374,54.2867],[23.15,54.2875],[23.1543,54.297],[23.1598,54.3096],[23.1404,54.3159],[23.0922,54.2985],[23.0421,54.316],[23.0509,54.3335],[23.0632,54.341],[23.0477,54.3492],[23.0094,54.3557],[22.9939,54.3619],[23.0102,54.3828],[22.9848,54.3845],[22.9838,54.3896],[22.9485,54.3928],[22.9347,54.3962],[22.8875,54.3999],[22.888,54.4091],[22.8547,54.4104],[22.8363,54.4065],[22.8114,54.371],[22.792,54.3633],[22.8061,54.3495],[22.803,54.341],[22.7818,54.3334],[22.7765,54.328],[22.7928,54.3256],[22.784,54.3058],[22.79,54.2999],[22.768,54.2894],[22.7513,54.2982],[22.7457,54.2912],[22.7293,54.2849],[22.6929,54.2754],[22.6447,54.2878],[22.6244,54.2687],[22.6107,54.2599],[22.5796,54.2652],[22.5794,54.2583],[22.5688,54.2584],[22.559,54.2474],[22.5527,54.2514],[22.5319,54.2489],[22.5271,54.2309],[22.5101,54.2202],[22.4939,54.2145],[22.4974,54.2105],[22.4815,54.2024],[22.4894,54.1943],[22.5034,54.1933],[22.5006,54.1864],[22.5191,54.1677],[22.5191,54.1613],[22.5369,54.1604],[22.5389,54.1478],[22.5454,54.1485],[22.5471,54.1377],[22.5792,54.1416],[22.5914,54.1507],[22.5937,54.1412],[22.6205,54.1129],[22.6361,54.1079],[22.6355,54.093],[22.6038,54.0819],[22.5969,54.0665],[22.6008,54.0519],[22.6286,54.0475],[22.6707,54.0289],[22.6799,54.0054],[22.691,54.0004],[22.6965,53.9735],[22.7091,53.9666],[22.7237,53.9525],[22.7512,53.9432],[22.7783,53.9228]],[[22.9813,54.1058],[22.9831,54.0933],[22.9762,54.0897],[22.9806,54.0808],[22.9947,54.072],[22.9842,54.0685],[22.9704,54.076],[22.9596,54.0735],[22.973,54.059],[22.9617,54.0545],[22.9373,54.0514],[22.9346,54.0404],[22.8985,54.049],[22.9011,54.0603],[22.8959,54.0688],[22.8827,54.0758],[22.8913,54.0779],[22.8812,54.0939],[22.8672,54.0928],[22.8762,54.1025],[22.8722,54.1154],[22.8917,54.1339],[22.9309,54.1394],[22.9318,54.1573],[22.9501,54.165],[22.9731,54.154],[22.9705,54.1364],[22.98,54.1202],[22.9693,54.1157],[22.9813,54.1058]]]},"properties":{"code":"2012","name":"powiat suwalski","country":"PL","level":"district","parent":"20","grodzki":false,"type":"powiat"}},
{"type":"Feature","geometry":{"type":"Polygon","coordinates":[[[22.9813,54.1058],[22.9693,54.1157],[22.98,54.1202],[22.9705,54.1364],[22.9731,54.154],[22.9501,54.165],[22.9318,54.1573],[22.9309,54.1394],[22.8917,54.1339],[22.8722,54.1154],[22.8762,54.1025],[22.8672,54.0928],[22.8812,54.0939],[22.8913,54.0779],[22.8827,54.0758],[22.8959,54.0688],[22.9011,54.0603],[22.8985,54.049],[22.9346,54.0404],[22.9373,54.0514],[22.9617,54.0545],[22.973,54.059],[22.9596,54.0735],[22.9704,54.076],[22.9842,54.0685],[22.9947,54.072],[22.9806,54.0808],[22.9762,54.0897],[22.9831,54.0933],[22.9813,54.1058]]]},"properties":{"code":"2063","name":"powiat Suwałki","country":"PL","level":"district","parent":"20","grodzki":true,"type":"miasto na prawach powiatu"}},
{"type":"Feature","geometry":{"type":"Polygon","coordinates":[[[16.4607,52.3766],[16.4808,52.3738],[16.486,52.3808],[16.51,52.3837],[16.507,52.3918],[16.521,52.4008],[16.528,52.3898],[16.5482,52.3921],[16.5555,52.3789],[16.567,52.381],[16.584,52.3976],[16.5765,52.4121],[16.6005,52.4122],[16.5992,52.4198],[16.5725,52.4361],[16.5553,52.4342],[16.5666,52.4404],[16.5849,52.4422],[16.5882,52.4473],[16.602,52.4414],[16.608,52.4452],[16.6032,52.46],[16.6096,52.4598],[16.6146,52.4734],[16.624,52.4742],[16.6289,52.4943],[16.6494,52.5143],[16.6525,52.5218],[16.6415,52.5264],[16.67,52.5298],[16.6846,52.5348],[16.7048,52.5317],[16.7094,52.5185],[16.7221,52.5218],[16.7166,52.5288],[16.7251,52.5407],[16.734,52.5414],[16.7408,52.5595],[16.7298,52.5661],[16.7079,52.5635],[16.6996,52.5728],[16.6728,52.567],[16.6757,52.5848],[16.6691,52.5927],[16.6545,52.5985],[16.6448,52.6107],[16.641,52.6278],[16.6227,52.6377],[16.6332,52.6446],[16.622,52.6483],[16.6112,52.6614],[16.6001,52.6667],[16.6134,52.6686],[16.6282,52.6802],[16.6477,52.6759],[16.647,52.6834],[16.6367,52.6921],[16.6016,52.7034],[16.5821,52.7123],[16.5762,52.7245],[16.5833,52.7431],[16.5582,52.7388],[16.5172,52.7596],[16.5045,52.7543],[16.4682,52.7517],[16.4554,52.7376],[16.4318,52.7502],[16.4443,52.7564],[16.4394,52.7661],[16.4228,52.763],[16.4152,52.7697],[16.3877,52.7596],[16.3923,52.7717],[16.3583,52.7756],[16.3605,52.7626],[16.3726,52.7572],[16.3351,52.7497],[16.3367,52.7607],[16.3276,52.7752],[16.3128,52.7764],[16.2858,52.7659],[16.2608,52.7862],[16.2419,52.7932],[16.2124,52.7924],[16.185,52.7941],[16.1391,52.7855],[16.1131,52.769],[16.0798,52.7591],[16.0664,52.7489],[16.059,52.7271],[16.0401,52.7335],[16.0138,52.7347],[16.0181,52.7253],[16.0321,52.7206],[16.0564,52.7238],[16.0788,52.7041],[16.108,52.6997],[16.1233,52.6877],[16.1495,52.6928],[16.1517,52.6845],[16.1864,52.6832],[16.207,52.6779],[16.2168,52.6682],[16.2269,52.6656],[16.2458,52.6693],[16.2445,52.657],[16.2522,52.6491],[16.259,52.6564],[16.2674,52.6483],[16.2818,52.6504],[16.2884,52.6399],[16.3065,52.6397],[16.3086,52.6492],[16.3185,52.6513],[16.3255,52.6312],[16.3385,52.6203],[16.3265,52.6132],[16.3164,52.6158],[16.2685,52.6183],[16.259,52.6025],[16.2719,52.5948],[16.2902,52.5751],[16.2574,52.5695],[16.2607,52.5564],[16.2497,52.5477],[16.2271,52.5497],[16.2324,52.5286],[16.2388,52.524],[16.2279,52.513],[16.2154,52.5158],[16.1864,52.5071],[16.1942,52.4889],[16.2063,52.4911],[16.2312,52.4891],[16.2284,52.4803],[16.2533,52.4733],[16.285,52.4749],[16.29,52.4716],[16.2869,52.4595],[16.3146,52.4548],[16.324,52.4491],[16.3163,52.446],[16.3443,52.4367],[16.3611,52.4254],[16.3761,52.4215],[16.3918,52.424],[16.3926,52.4145],[16.4116,52.4025],[16.4201,52.4114],[16.4423,52.4052],[16.4414,52.3876],[16.4607,52.3766]]]},"properties":{"code":"3024","name":"powiat szamotulski","country":"PL","level":"district","parent":"30","grodzki":false,"type":"powiat"}},
{"type":"Feature","geometry":{"type":"Polygon","coordinates":[[[14.5543,53.3544],[14.5323,53.3361],[14.5664,53.3279],[14.5684,53.3236],[14.5846,53.3241],[14.5751,53.3335],[14.5935,53.3365],[14.5918,53.3443],[14.6058,53.3547],[14.6196,53.3538],[14.6182,53.362],[14.635,53.3657],[14.6584,53.3618],[14.6665,53.3553],[14.6826,53.3539],[14.6957,53.3599],[14.7192,53.3624],[14.7146,53.3538],[14.7244,53.3381],[14.7463,53.3292],[14.758,53.328],[14.7697,53.3346],[14.7585,53.3391],[14.7689,53.3432],[14.7913,53.3352],[14.8009,53.3258],[14.8046,53.3343],[14.7836,53.3458],[14.7867,53.3513],[14.7693,53.345],[14.7562,53.3634],[14.7369,53.3691],[14.7405,53.3755],[14.7581,53.3831],[14.7636,53.3767],[14.7751,53.3769],[14.7682,53.3856],[14.7903,53.3945],[14.778,53.403],[14.7664,53.407],[14.7268,53.4047],[14.7169,53.4127],[14.7526,53.4258],[14.747,53.4317],[14.762,53.4412],[14.7458,53.444],[14.7361,53.4349],[14.7087,53.4265],[14.7004,53.435],[14.712,53.4496],[14.7062,53.4683],[14.6963,53.4685],[14.6946,53.4924],[14.702,53.5044],[14.691,53.5118],[14.6798,53.5129],[14.6828,53.531],[14.6758,53.5366],[14.6586,53.536],[14.6426,53.5253],[14.6353,53.5339],[14.6058,53.5364],[14.5935,53.5312],[14.5705,53.5377],[14.5561,53.5328],[14.5536,53.5264],[14.574,53.5233],[14.5813,53.5177],[14.5844,53.5052],[14.5626,53.4973],[14.5541,53.4988],[14.5076,53.4958],[14.5064,53.4911],[14.4645,53.497],[14.4494,53.4948],[14.4439,53.4848],[14.4606,53.4764],[14.47,53.4614],[14.4615,53.4565],[14.473,53.4498],[14.4459,53.4442],[14.483,53.4365],[14.471,53.4178],[14.4845,53.4172],[14.4845,53.4072],[14.4714,53.4016],[14.4862,53.3909],[14.4918,53.3936],[14.5356,53.3824],[14.5388,53.3752],[14.5743,53.3714],[14.5864,53.3671],[14.5606,53.3594],[14.5543,53.3544]]]},"properties":{"code":"3262","name":"powiat Szczecin","country":"PL","level":"district","parent":"32","grodzki":true,"type":"miasto na prawach powiatu"}},
{"type":"Feature","geometry":{"type":"Polygon","coordinates":[[[16.8922,53.6559],[16.8803,53.6884],[16.8773,53.7191],[16.8577,53.7471],[16.9007,53.761],[16.9206,53.7746],[16.9307,53.7772],[16.9482,53.8051],[16.9206,53.7992],[16.9095,53.8018],[16.9086,53.8214],[16.8945,53.8233],[16.8733,53.8347],[16.8698,53.8507],[16.8726,53.8686],[16.8957,53.8725],[16.9018,53.8768],[16.9547,53.8747],[16.9505,53.8792],[16.9763,53.8798],[16.9821,53.9049],[16.9552,53.9068],[16.9087,53.9253],[16.8623,53.9509],[16.876,53.9521],[16.8788,53.9657],[16.8743,53.9772],[16.8469,53.9839],[16.8422,53.9979],[16.8286,53.9952],[16.8249,54.0043],[16.8039,53.9916],[16.8134,53.9792],[16.79,53.9814],[16.7928,53.9855],[16.7894,53.9895],[16.7646,53.9909],[16.7565,53.9741],[16.7623,53.9662],[16.7374,53.9581],[16.732,53.9613],[16.7189,53.9534],[16.6903,53.9499],[16.7145,53.9386],[16.7273,53.9233],[16.7101,53.9188],[16.7168,53.9048],[16.7373,53.8961],[16.7215,53.8893],[16.6997,53.8919],[16.6817,53.8897],[16.6634,53.9092],[16.6341,53.8995],[16.6158,53.9064],[16.5932,53.9034],[16.5798,53.8867],[16.5604,53.8935],[16.5411,53.8886],[16.5255,53.9023],[16.4778,53.9098],[16.4491,53.9029],[16.4405,53.9042],[16.429,53.9012],[16.4141,53.9088],[16.3848,53.9099],[16.3661,53.9168],[16.3397,53.8987],[16.3364,53.8851],[16.3264,53.877],[16.2798,53.8752],[16.2647,53.8709],[16.2736,53.8589],[16.2637,53.8569],[16.2551,53.8429],[16.216,53.8399],[16.1971,53.8322],[16.2005,53.8254],[16.2105,53.8205],[16.2025,53.8028],[16.2269,53.7895],[16.2323,53.7734],[16.2153,53.7546],[16.244,53.7511],[16.268,53.7232],[16.2574,53.7097],[16.2485,53.7072],[16.2486,53.6941],[16.2336,53.6939],[16.2394,53.6831],[16.2543,53.6726],[16.281,53.6615],[16.2864,53.6442],[16.2952,53.6446],[16.3006,53.6289],[16.2772,53.6189],[16.2629,53.6179],[16.2776,53.6106],[16.3043,53.6084],[16.3045,53.5897],[16.3212,53.5813],[16.3149,53.5696],[16.3397,53.5706],[16.3588,53.5562],[16.3789,53.5616],[16.3867,53.5587],[16.4039,53.5615],[16.4152,53.5507],[16.4165,53.5416],[16.4104,53.5254],[16.4383,53.5258],[16.4428,53.516],[16.4572,53.5084],[16.447,53.5026],[16.4579,53.4944],[16.4542,53.4885],[16.4824,53.4767],[16.4901,53.4703],[16.5322,53.4783],[16.5803,53.4787],[16.5844,53.4837],[16.646,53.4847],[16.6956,53.5183],[16.7106,53.5161],[16.727,53.5288],[16.717,53.5336],[16.7192,53.5455],[16.7272,53.5551],[16.7278,53.5673],[16.7402,53.5668],[16.7464,53.5757],[16.7395,53.5837],[16.7439,53.596],[16.7629,53.6181],[16.7582,53.6241],[16.8138,53.6308],[16.8145,53.641],[16.8261,53.6434],[16.8417,53.6261],[16.8553,53.6324],[16.8537,53.6387],[16.8664,53.6503],[16.8696,53.6477],[16.8922,53.6559]]]},"properties":{"code":"3215","name":"powiat szczecinecki","country":"PL","level":"district","parent":"32","grodzki":false,"type":"powiat"}},
{"type":"Feature","geometry":{"type":"Polygon","coordinates":[[[21.0539,53.3343],[21.0818,53.3438],[21.0917,53.3497],[21.1144,53.3544],[21.1361,53.3655],[21.1413,53.3773],[21.1758,53.3936],[21.1966,53.3979],[21.2137,53.4067],[21.2497,53.4196],[21.2815,53.4268],[21.2918,53.4088],[21.3026,53.4239],[21.3393,53.4195],[21.3516,53.4143],[21.355,53.4202],[21.3691,53.4206],[21.3877,53.4308],[21.4022,53.4276],[21.4236,53.4297],[21.4383,53.4403],[21.4263,53.4489],[21.4459,53.4459],[21.4347,53.4632],[21.5179,53.477],[21.5517,53.4781],[21.55,53.486],[21.5302,53.4929],[21.529,53.4881],[21.4817,53.4952],[21.4752,53.5054],[21.456,53.5093],[21.4229,53.6032],[21.41,53.6078],[21.4216,53.6382],[21.3871,53.6398],[21.377,53.6452],[21.375,53.6317],[21.3627,53.6255],[21.3408,53.6266],[21.3411,53.6327],[21.3139,53.6279],[21.2953,53.6401],[21.2853,53.6507],[21.2712,53.6542],[21.2524,53.664],[21.2512,53.6716],[21.2326,53.6698],[21.2307,53.6539],[21.2177,53.6689],[21.2086,53.6706],[21.2,53.6801],[21.2121,53.6786],[21.214,53.685],[21.1981,53.6975],[21.1796,53.7043],[21.1721,53.7139],[21.1617,53.7152],[21.1506,53.725],[21.1202,53.7352],[21.1116,53.7431],[21.117,53.7472],[21.1042,53.758],[21.1048,53.7705],[21.067,53.7636],[21.069,53.7582],[21.047,53.753],[21.0555,53.7592],[21.0477,53.766],[21.0589,53.7677],[21.0594,53.7801],[21.0528,53.791],[21.0254,53.7802],[21.0321,53.7669],[21.0211,53.7652],[21.0082,53.7733],[20.9705,53.7645],[20.9585,53.7835],[20.9088,53.7794],[20.891,53.7677],[20.8583,53.7514],[20.8356,53.7378],[20.8538,53.732],[20.8334,53.7224],[20.8374,53.7179],[20.8146,53.719],[20.7708,53.6928],[20.7592,53.6951],[20.7201,53.6716],[20.7114,53.6725],[20.7012,53.6608],[20.697,53.6481],[20.7015,53.639],[20.6882,53.6293],[20.7085,53.6089],[20.7179,53.6046],[20.6859,53.6086],[20.6877,53.6202],[20.6687,53.6142],[20.6536,53.618],[20.6299,53.6175],[20.6232,53.6135],[20.6507,53.606],[20.6478,53.5955],[20.6302,53.5811],[20.6147,53.5763],[20.6184,53.5663],[20.5933,53.5542],[20.5917,53.5425],[20.5987,53.5307],[20.6023,53.5161],[20.6168,53.499],[20.6075,53.4876],[20.5947,53.4867],[20.6053,53.468],[20.6261,53.4723],[20.6245,53.4648],[20.632,53.4523],[20.6789,53.462],[20.686,53.454],[20.6848,53.4439],[20.6952,53.4298],[20.7073,53.4321],[20.7122,53.4152],[20.7371,53.4146],[20.7508,53.4197],[20.7489,53.3868],[20.7684,53.3894],[20.7763,53.3749],[20.7893,53.3631],[20.7858,53.3527],[20.8005,53.3371],[20.817,53.334],[20.7916,53.3095],[20.7987,53.3059],[20.8248,53.3044],[20.8472,53.2925],[20.8578,53.3036],[20.8732,53.3125],[20.8722,53.3211],[20.9061,53.3102],[20.9065,53.3207],[20.9269,53.3202],[20.9195,53.3257],[20.9207,53.3353],[20.9095,53.3427],[20.9363,53.3598],[20.9473,53.3551],[20.9744,53.3543],[20.9917,53.3614],[21.001,53.3567],[21.0312,53.3513],[21.0539,53.3343]]]},"properties":{"code":"2817","name":"powiat szczycieński","country":"PL","level":"district","parent":"28","grodzki":false,"type":"powiat"}},
{"type":"Feature","geometry":{"type":"Polygon","coordinates":[[[19.576,53.9483],[19.5667,53.9434],[19.5531,53.9479],[19.5362,53.9445],[19.5127,53.9474],[19.4892,53.9466],[19.4587,53.9421],[19.4373,53.9319],[19.4168,53.9263],[19.4005,53.9302],[19.4017,53.9343],[19.3737,53.9354],[19.3659,53.9607],[19.3778,53.9849],[19.3865,53.9913],[19.4107,53.9994],[19.3602,54.0045],[19.3247,54.0203],[19.3201,54.0271],[19.293,54.0248],[19.279,54.0129],[19.268,54.0252],[19.2537,54.0273],[19.2143,54.0101],[19.1802,54.0149],[19.1735,54.0109],[19.1615,54.0182],[19.1261,54.0238],[19.1145,54.0218],[19.0804,54.0027],[19.0779,53.9968],[19.0627,53.9892],[19.0588,53.9998],[19.044,54.0057],[19.0291,53.9887],[19.0034,53.993],[18.9821,54.001],[18.9707,53.9932],[18.9493,53.9886],[18.9301,53.9687],[18.9102,53.9697],[18.9014,53.9662],[18.8977,53.9518],[18.891,53.945],[18.8775,53.9432],[18.8613,53.9468],[18.8617,53.9279],[18.8787,53.91],[18.8858,53.9156],[18.9327,53.8992],[18.967,53.9026],[18.9613,53.8964],[18.9929,53.8802],[18.9765,53.867],[18.9931,53.8668],[18.9982,53.856],[19.0058,53.8537],[19.0319,53.8669],[19.0551,53.86],[19.052,53.8543],[19.0691,53.8451],[19.0877,53.8417],[19.0762,53.8338],[19.0798,53.8262],[19.0997,53.8136],[19.0908,53.8102],[19.0996,53.8056],[19.1256,53.8151],[19.1724,53.8415],[19.2111,53.8391],[19.2628,53.823],[19.2886,53.8238],[19.323,53.8139],[19.3707,53.8142],[19.4542,53.7976],[19.4605,53.7832],[19.4806,53.7771],[19.4719,53.7849],[19.5003,53.8066],[19.4796,53.8168],[19.5186,53.8466],[19.5142,53.8567],[19.5244,53.8601],[19.5335,53.8801],[19.5526,53.8942],[19.5603,53.9167],[19.556,53.9258],[19.5813,53.9271],[19.5821,53.9395],[19.576,53.9483]]]},"properties":{"code":"2216","name":"powiat sztumski","country":"PL","level":"district","parent":"22","grodzki":false,"type":"powiat"}},
{"type":"Feature","geometry":{"type":"Polygon","coordinates":[[[20.6855,51.1512],[20.6974,51.149],[20.7184,51.1727],[20.7712,51.157],[20.7662,51.1499],[20.7822,51.1453],[20.7877,51.1528],[20.813,51.1458],[20.8217,51.1578],[20.8091,51.1612],[20.8216,51.1784],[20.85,51.1706],[20.8798,51.1544],[20.9207,51.1953],[20.968,51.1766],[20.9654,51.1739],[20.9837,51.1665],[21.0008,51.1596],[20.9932,51.152],[20.9985,51.1445],[21.0243,51.1504],[21.0229,51.1586],[21.0566,51.1571],[21.0698,51.1741],[21.0749,51.1986],[21.0684,51.2069],[21.0558,51.2098],[21.0172,51.2346],[21.0174,51.2655],[21.0018,51.2759],[21.0309,51.2817],[21.0393,51.2921],[21.0247,51.3084],[21.0317,51.318],[21.0313,51.3297],[21.0147,51.3345],[20.988,51.3539],[20.9548,51.3622],[20.9221,51.36],[20.9135,51.3675],[20.8906,51.3649],[20.8977,51.3525],[20.8827,51.3495],[20.8865,51.3457],[20.8785,51.3313],[20.8545,51.3432],[20.8313,51.3305],[20.8163,51.3164],[20.8015,51.3137],[20.7794,51.3192],[20.7649,51.3074],[20.7611,51.2961],[20.7777,51.2981],[20.779,51.2883],[20.7578,51.2668],[20.7483,51.2689],[20.7323,51.2592],[20.7136,51.2627],[20.7089,51.269],[20.6822,51.2634],[20.667,51.2516],[20.6525,51.2515],[20.6521,51.2629],[20.6398,51.2641],[20.6347,51.25],[20.6145,51.2497],[20.6105,51.2425],[20.6217,51.2301],[20.6469,51.2176],[20.6778,51.2091],[20.7003,51.196],[20.702,51.182],[20.6853,51.1736],[20.6887,51.1588],[20.6855,51.1512]]]},"properties":{"code":"1430","name":"powiat szydłowiecki","country":"PL","level":"district","parent":"14","grodzki":false,"type":"powiat"}},
{"type":"Feature","geometry":{"type":"Polygon","coordinates":[[[17.5144,52.1241],[17.5019,52.1244],[17.4821,52.1156],[17.4656,52.112],[17.4563,52.1175],[17.4704,52.1395],[17.457,52.1402],[17.4316,52.1618],[17.4256,52.1765],[17.4306,52.1944],[17.4653,52.1981],[17.4731,52.21],[17.4624,52.2148],[17.4479,52.228],[17.4567,52.2355],[17.4532,52.2476],[17.4701,52.2482],[17.4792,52.2543],[17.4881,52.2683],[17.4745,52.2774],[17.4511,52.2697],[17.4282,52.2725],[17.4298,52.2824],[17.4167,52.2802],[17.4071,52.2851],[17.4078,52.3011],[17.4023,52.3011],[17.3999,52.3139],[17.415,52.3174],[17.4191,52.324],[17.4035,52.3388],[17.3954,52.3408],[17.3772,52.3353],[17.3687,52.3453],[17.328,52.3486],[17.3345,52.3363],[17.3223,52.3402],[17.3127,52.3299],[17.2767,52.3307],[17.2811,52.3193],[17.258,52.3123],[17.2406,52.3119],[17.2279,52.2914],[17.2157,52.281],[17.1925,52.284],[17.1881,52.2759],[17.1977,52.2694],[17.1829,52.2572],[17.1708,52.2645],[17.1553,52.2513],[17.1453,52.255],[17.1114,52.243],[17.1206,52.2354],[17.1451,52.2457],[17.1776,52.2277],[17.1301,52.2164],[17.1537,52.2049],[17.148,52.1966],[17.1277,52.1879],[17.1171,52.1914],[17.0984,52.1838],[17.0919,52.1629],[17.1132,52.151],[17.1142,52.1402],[17.1256,52.1333],[17.143,52.133],[17.1439,52.1172],[17.1386,52.1007],[17.1512,52.0991],[17.1635,52.1031],[17.1831,52.0993],[17.2039,52.1059],[17.2197,52.1051],[17.2263,52.1097],[17.244,52.1084],[17.2632,52.1002],[17.2786,52.1021],[17.2823,52.0967],[17.3183,52.0997],[17.3239,52.0941],[17.3198,52.0828],[17.2909,52.076],[17.2757,52.0674],[17.2732,52.0369],[17.2897,52.0298],[17.3121,52.0349],[17.3085,52.019],[17.3265,52.0106],[17.3419,52.022],[17.3701,52.0146],[17.3933,52.019],[17.4074,52.0134],[17.4406,52.0299],[17.4471,52.0282],[17.4702,52.0387],[17.4697,52.0434],[17.4916,52.0512],[17.4768,52.0611],[17.4693,52.0749],[17.4785,52.0743],[17.4773,52.0827],[17.4967,52.086],[17.5173,52.094],[17.5192,52.103],[17.5115,52.1087],[17.5144,52.1241]]]},"properties":{"code":"3025","name":"powiat średzki","country":"PL","level":"district","parent":"30","grodzki":false,"type":"powiat"}},
{"type":"Feature","geometry":{"type":"Polygon","coordinates":[[[16.8307,51.1118],[16.8332,51.1243],[16.8171,51.1264],[16.8247,51.1413],[16.8073,51.1389],[16.8131,51.1503],[16.8254,51.1515],[16.8276,51.1588],[16.8211,51.1718],[16.8276,51.1836],[16.8527,51.1779],[16.8754,51.1809],[16.8881,51.1875],[16.8823,51.2037],[16.9051,51.2095],[16.9038,51.2151],[16.8898,51.2207],[16.8694,51.237],[16.8524,51.2397],[16.84,51.2515],[16.8258,51.2502],[16.8201,51.2584],[16.8006,51.2587],[16.7805,51.2573],[16.7622,51.2613],[16.7509,51.257],[16.7249,51.2597],[16.7195,51.254],[16.6916,51.2413],[16.6761,51.2497],[16.6406,51.246],[16.6294,51.2512],[16.6071,51.2458],[16.5976,51.2399],[16.5792,51.2488],[16.5474,51.2431],[16.5332,51.2432],[16.5017,51.2264],[16.4721,51.2306],[16.4528,51.2303],[16.4488,51.2121],[16.4662,51.2073],[16.467,51.203],[16.4546,51.1836],[16.4456,51.1789],[16.4468,51.1713],[16.4637,51.158],[16.4673,51.1477],[16.4544,51.1477],[16.4444,51.1392],[16.4487,51.1342],[16.4418,51.1261],[16.4584,51.112],[16.475,51.1059],[16.4713,51.0953],[16.4799,51.0876],[16.461,51.0807],[16.4505,51.0822],[16.4371,51.0758],[16.4253,51.0798],[16.4188,51.0709],[16.4053,51.0708],[16.4038,51.0624],[16.392,51.0584],[16.3746,51.0634],[16.3735,51.0733],[16.3566,51.0711],[16.3445,51.0654],[16.3431,51.0562],[16.3331,51.0551],[16.3322,51.0463],[16.3429,51.0341],[16.3372,51.029],[16.3455,51.0204],[16.369,51.0252],[16.3807,51.0128],[16.4058,51.0096],[16.4131,51.0041],[16.4309,51.0078],[16.4299,51.014],[16.4698,51.0073],[16.4883,50.9983],[16.5049,50.9981],[16.5101,50.9927],[16.5265,50.991],[16.5608,50.9996],[16.5655,50.9961],[16.5957,51.0034],[16.6027,51.0018],[16.6082,51.0097],[16.6213,51.0129],[16.6326,51.006],[16.6509,51.0084],[16.6585,51.0185],[16.6842,51.0159],[16.6851,51.0293],[16.7102,51.0329],[16.7223,51.0411],[16.7145,51.0472],[16.721,51.0614],[16.7388,51.0641],[16.7579,51.0545],[16.768,51.0756],[16.7497,51.0775],[16.7531,51.0887],[16.7613,51.088],[16.7832,51.1014],[16.811,51.0934],[16.8307,51.1118]]]},"properties":{"code":"0218","name":"powiat średzki","country":"PL","level":"district","parent":"02","grodzki":false,"type":"powiat"}},
{"type":"Feature","geometry":{"type":"Polygon","coordinates":[[[17.1886,51.9675],[17.2037,51.9836],[17.2226,51.9877],[17.2753,51.9862],[17.288,51.9886],[17.3235,51.9871],[17.3265,52.0106],[17.3085,52.019],[17.3121,52.0349],[17.2897,52.0298],[17.2732,52.0369],[17.2757,52.0674],[17.2909,52.076],[17.3198,52.0828],[17.3239,52.0941],[17.3183,52.0997],[17.2823,52.0967],[17.2786,52.1021],[17.2632,52.1002],[17.244,52.1084],[17.2263,52.1097],[17.2197,52.1051],[17.2039,52.1059],[17.1831,52.0993],[17.1635,52.1031],[17.1512,52.0991],[17.1386,52.1007],[17.1439,52.1172],[17.143,52.133],[17.1256,52.1333],[17.1142,52.1402],[17.1132,52.151],[17.0919,52.1629],[17.0984,52.1838],[17.0832,52.1806],[17.0658,52.1688],[17.0573,52.167],[17.037,52.152],[17.0353,52.1631],[17.0067,52.1711],[16.9908,52.1847],[16.9777,52.1854],[16.9467,52.1674],[16.9453,52.1797],[16.9245,52.1858],[16.9143,52.1943],[16.8941,52.1975],[16.884,52.1856],[16.8722,52.1824],[16.8499,52.1866],[16.8255,52.1804],[16.8171,52.1835],[16.8007,52.1767],[16.8034,52.1631],[16.7903,52.1408],[16.8123,52.1318],[16.8219,52.1184],[16.8408,52.1146],[16.8492,52.1194],[16.8667,52.1176],[16.8603,52.104],[16.884,52.1026],[16.8884,52.0935],[16.8732,52.0919],[16.8784,52.0805],[16.8761,52.0671],[16.9181,52.0684],[16.9254,52.0616],[16.917,52.046],[16.9013,52.0365],[16.8884,52.0213],[16.9088,52.0134],[16.9277,52.0179],[16.9431,52.0157],[16.9594,52.0052],[16.9819,52.0011],[16.9946,51.9935],[17.0047,51.9802],[17.0151,51.9753],[17.0433,51.9714],[17.0454,51.9598],[17.03,51.951],[17.0352,51.9426],[17.0539,51.936],[17.0922,51.9278],[17.1081,51.9295],[17.1208,51.925],[17.1313,51.9337],[17.1258,51.9465],[17.1372,51.9488],[17.1612,51.9623],[17.1639,51.968],[17.1767,51.9616],[17.1886,51.9675]]]},"properties":{"code":"3026","name":"powiat śremski","country":"PL","level":"district","parent":"30","grodzki":false,"type":"powiat"}},
{"type":"Feature","geometry":{"type":"Polygon","coordinates":[[[22.6388,51.214],[22.7013,51.1911],[22.6868,51.1776],[22.689,51.1679],[22.6811,51.1521],[22.691,51.1378],[22.6939,51.1192],[22.69,51.1065],[22.6988,51.1031],[22.7298,51.1027],[22.7271,51.0893],[22.7438,51.0826],[22.7582,51.081],[22.7762,51.0847],[22.7725,51.0737],[22.7874,51.0536],[22.8119,51.0464],[22.8101,51.0183],[22.7773,50.9928],[22.7881,50.9834],[22.8135,50.9734],[22.8266,50.9728],[22.836,50.9786],[22.8447,50.9743],[22.879,50.9652],[22.9177,50.9765],[22.9166,50.989],[22.9297,50.9924],[22.9264,50.9972],[22.9469,51.0012],[22.9519,51.0211],[22.9015,51.0243],[22.8934,51.0491],[22.8803,51.0493],[22.8806,51.0702],[22.8875,51.0695],[22.9083,51.0968],[22.9163,51.111],[22.9296,51.1221],[22.9381,51.1178],[22.9594,51.1197],[22.9738,51.1114],[22.9997,51.1061],[23.0056,51.0929],[23.0363,51.0876],[23.0648,51.0974],[23.0513,51.1078],[23.0554,51.1164],[23.0692,51.1249],[23.0446,51.1275],[23.0524,51.1372],[23.0429,51.1419],[23.0521,51.1465],[23.0682,51.1458],[23.0602,51.1528],[23.0406,51.1536],[23.0436,51.1741],[23.0409,51.1836],[23.0291,51.1802],[22.9993,51.1788],[23.002,51.1963],[22.9756,51.1958],[22.9439,51.1854],[22.9381,51.1762],[22.923,51.174],[22.9008,51.1792],[22.8758,51.1807],[22.8612,51.1888],[22.8629,51.2074],[22.8447,51.2352],[22.853,51.2393],[22.8435,51.2499],[22.8585,51.2493],[22.8581,51.2594],[22.8485,51.2599],[22.8454,51.2707],[22.8268,51.2717],[22.8084,51.2845],[22.7699,51.2781],[22.7455,51.2688],[22.724,51.2641],[22.7418,51.2501],[22.7199,51.235],[22.6645,51.2425],[22.6518,51.244],[22.6536,51.2234],[22.6509,51.2158],[22.6388,51.214]]]},"properties":{"code":"0617","name":"powiat świdnicki","country":"PL","level":"district","parent":"06","grodzki":false,"type":"powiat"}},
{"type":"Feature","geometry":{"type":"Polygon","coordinates":[[[16.4889,50.7144],[16.4978,50.7112],[16.5033,50.7178],[16.5197,50.7206],[16.5301,50.7314],[16.5432,50.7345],[16.5634,50.7446],[16.5592,50.7527],[16.5716,50.7574],[16.5579,50.7655],[16.548,50.7772],[16.5804,50.7893],[16.5938,50.7989],[16.5789,50.8179],[16.5856,50.8268],[16.6138,50.8184],[16.6387,50.8258],[16.6353,50.8185],[16.6497,50.8227],[16.669,50.8205],[16.6917,50.8348],[16.6971,50.8431],[16.6906,50.8405],[16.6871,50.8502],[16.675,50.8515],[16.6765,50.8694],[16.6716,50.8768],[16.6795,50.8855],[16.6957,50.8886],[16.6957,50.9094],[16.6797,50.9211],[16.7015,50.9299],[16.6891,50.9341],[16.6903,50.9394],[16.651,50.9327],[16.6532,50.924],[16.6426,50.9227],[16.618,50.9282],[16.5924,50.9153],[16.5758,50.9199],[16.5813,50.9331],[16.5714,50.9399],[16.5661,50.9514],[16.5842,50.9493],[16.5905,50.9609],[16.5816,50.9754],[16.5943,50.9803],[16.6056,50.9739],[16.615,50.9795],[16.6302,50.9803],[16.6152,50.989],[16.6179,50.9929],[16.6027,51.0018],[16.5957,51.0034],[16.5655,50.9961],[16.5608,50.9996],[16.5265,50.991],[16.5101,50.9927],[16.5049,50.9981],[16.4883,50.9983],[16.4698,51.0073],[16.4299,51.014],[16.4309,51.0078],[16.4131,51.0041],[16.4058,51.0096],[16.3807,51.0128],[16.369,51.0252],[16.3455,51.0204],[16.3372,51.029],[16.32,51.0233],[16.3199,51.0135],[16.2989,51.0192],[16.2692,51.0121],[16.2651,51.0022],[16.2378,51.0081],[16.2313,51.0143],[16.2155,51.0186],[16.1986,51.0167],[16.1955,51.0042],[16.2064,50.999],[16.2016,50.9711],[16.1833,50.9644],[16.176,50.9669],[16.1594,50.9507],[16.1699,50.9452],[16.1867,50.9201],[16.1969,50.9148],[16.2009,50.9058],[16.1952,50.8935],[16.2039,50.8857],[16.2211,50.8843],[16.2396,50.8868],[16.2389,50.8747],[16.2448,50.8716],[16.2653,50.8771],[16.2794,50.8691],[16.2819,50.8597],[16.2723,50.854],[16.2806,50.8475],[16.2999,50.8496],[16.319,50.8453],[16.3285,50.8391],[16.3421,50.8386],[16.3547,50.8222],[16.3322,50.8105],[16.3553,50.796],[16.3507,50.7932],[16.3666,50.7928],[16.3769,50.7861],[16.3906,50.7669],[16.409,50.7664],[16.4146,50.7585],[16.43,50.758],[16.4532,50.7519],[16.4619,50.7463],[16.4591,50.738],[16.4717,50.7366],[16.4825,50.7284],[16.4889,50.7144]]]},"properties":{"code":"0219","name":"powiat świdnicki","country":"PL","level":"district","parent":"02","grodzki":false,"type":"powiat"}},
{"type":"Feature","geometry":{"type":"Polygon","coordinates":[[[16.2336,53.6939],[16.2486,53.6941],[16.2485,53.7072],[16.2574,53.7097],[16.268,53.7232],[16.244,53.7511],[16.2153,53.7546],[16.2323,53.7734],[16.2269,53.7895],[16.2025,53.8028],[16.2105,53.8205],[16.2005,53.8254],[16.1831,53.8193],[16.185,53.8111],[16.1646,53.81],[16.1463,53.8245],[16.154,53.832],[16.1541,53.8434],[16.1444,53.855],[16.1446,53.8778],[16.0978,53.8861],[16.0842,53.8986],[16.0687,53.8984],[16.0463,53.8806],[16.013,53.9019],[15.996,53.9001],[15.9819,53.9101],[15.9615,53.9156],[15.9327,53.9117],[15.9117,53.914],[15.9024,53.9226],[15.887,53.9165],[15.8643,53.9154],[15.8593,53.9048],[15.8649,53.8949],[15.8576,53.8862],[15.8387,53.9014],[15.8217,53.8986],[15.814,53.9074],[15.7989,53.9036],[15.807,53.8992],[15.7869,53.8906],[15.7783,53.9114],[15.8153,53.9324],[15.7619,53.9343],[15.7559,53.9434],[15.7643,53.9533],[15.7317,53.9591],[15.7257,53.964],[15.7071,53.9553],[15.6849,53.9624],[15.6733,53.9704],[15.6706,53.9635],[15.6451,53.9643],[15.6299,53.946],[15.6152,53.9397],[15.5875,53.9334],[15.5744,53.9168],[15.5532,53.9093],[15.5495,53.9034],[15.5642,53.889],[15.5351,53.8873],[15.5291,53.8903],[15.5313,53.8736],[15.5419,53.8667],[15.5356,53.857],[15.5544,53.8484],[15.5621,53.8299],[15.5548,53.8202],[15.5673,53.7919],[15.5937,53.7667],[15.6031,53.7547],[15.6215,53.7524],[15.6459,53.7348],[15.6446,53.7317],[15.674,53.713],[15.6825,53.6963],[15.7006,53.6868],[15.7514,53.6762],[15.76,53.6658],[15.7907,53.66],[15.8061,53.6655],[15.8135,53.6773],[15.8299,53.6772],[15.8445,53.6705],[15.857,53.652],[15.872,53.6545],[15.8924,53.6527],[15.9002,53.6477],[15.9271,53.6531],[15.9364,53.6676],[15.9327,53.672],[15.9431,53.6786],[15.9677,53.6713],[15.9956,53.6717],[16.0109,53.6547],[16.024,53.6548],[16.0317,53.6494],[16.0438,53.657],[16.0303,53.6595],[16.045,53.6799],[16.0627,53.6875],[16.0626,53.6875],[16.0627,53.6875],[16.0626,53.6875],[16.0734,53.6919],[16.0817,53.6884],[16.0932,53.6926],[16.0984,53.6816],[16.1189,53.6689],[16.1361,53.681],[16.1538,53.6711],[16.1973,53.6864],[16.2033,53.6936],[16.2336,53.6939]]]},"properties":{"code":"3216","name":"powiat świdwiński","country":"PL","level":"district","parent":"32","grodzki":false,"type":"powiat"}},
{"type":"Feature","geometry":{"type":"Polygon","coordinates":[[[15.3058,52.1313],[15.326,52.1268],[15.3274,52.1222],[15.3657,52.1145],[15.413,52.1163],[15.3992,52.1029],[15.406,52.095],[15.4378,52.1105],[15.4571,52.1081],[15.4805,52.1009],[15.5263,52.1246],[15.5518,52.1225],[15.5909,52.1375],[15.6055,52.1539],[15.614,52.1556],[15.6069,52.1641],[15.6344,52.1717],[15.6314,52.1769],[15.657,52.1827],[15.6713,52.161],[15.6899,52.1656],[15.6903,52.1738],[15.699,52.1743],[15.7012,52.1665],[15.7222,52.1691],[15.7318,52.1742],[15.7367,52.1918],[15.7732,52.1942],[15.8078,52.2151],[15.812,52.2098],[15.8305,52.2076],[15.8495,52.2133],[15.8608,52.2276],[15.8524,52.2621],[15.8814,52.2842],[15.8808,52.2904],[15.8551,52.2848],[15.8266,52.2837],[15.8503,52.2941],[15.8526,52.3071],[15.8302,52.3205],[15.7994,52.3183],[15.7668,52.3087],[15.766,52.3049],[15.725,52.2906],[15.7003,52.2904],[15.6963,52.2973],[15.6515,52.3105],[15.6392,52.3231],[15.6263,52.3209],[15.6224,52.3427],[15.5797,52.3449],[15.5709,52.3421],[15.5644,52.3517],[15.4978,52.3592],[15.4922,52.3661],[15.4544,52.3605],[15.4551,52.3677],[15.4416,52.3682],[15.4358,52.3756],[15.4049,52.3705],[15.3916,52.3765],[15.3491,52.3787],[15.3449,52.3659],[15.3273,52.3707],[15.2899,52.3764],[15.2823,52.3724],[15.2574,52.3716],[15.2575,52.3642],[15.2425,52.3428],[15.2279,52.3417],[15.2427,52.3117],[15.2022,52.3098],[15.1999,52.297],[15.2278,52.2853],[15.2136,52.2805],[15.1795,52.2551],[15.1679,52.2661],[15.1452,52.2539],[15.1579,52.2449],[15.1549,52.2377],[15.1317,52.2302],[15.1208,52.235],[15.0961,52.2303],[15.0913,52.2261],[15.101,52.205],[15.1538,52.2147],[15.1554,52.2113],[15.1978,52.2188],[15.2039,52.2058],[15.2146,52.2076],[15.2208,52.1946],[15.2545,52.2084],[15.2884,52.214],[15.3048,52.2042],[15.3144,52.2026],[15.304,52.1903],[15.2928,52.1432],[15.3058,52.1313]]]},"properties":{"code":"0808","name":"powiat świebodziński","country":"PL","level":"district","parent":"08","grodzki":false,"type":"powiat"}},
{"type":"Feature","geometry":{"type":"Polygon","coordinates":[[[18.2797,53.2531],[18.2928,53.2555],[18.3071,53.2684],[18.3267,53.3],[18.3294,53.3171],[18.3684,53.3481],[18.3889,53.3591],[18.4148,53.3649],[18.411,53.3681],[18.4261,53.38],[18.4503,53.3786],[18.4776,53.4033],[18.4778,53.4112],[18.494,53.4162],[18.5152,53.4147],[18.5444,53.4162],[18.571,53.4271],[18.6094,53.4314],[18.6228,53.4307],[18.6377,53.4259],[18.639,53.4315],[18.6612,53.4336],[18.6802,53.4391],[18.704,53.4517],[18.7337,53.4747],[18.7563,53.5239],[18.7641,53.5479],[18.761,53.5756],[18.7616,53.6049],[18.7405,53.6323],[18.7393,53.6446],[18.753,53.6635],[18.7715,53.6769],[18.789,53.7021],[18.7657,53.6998],[18.7507,53.6926],[18.7413,53.6928],[18.731,53.6844],[18.7084,53.6865],[18.6952,53.6928],[18.6966,53.7],[18.6768,53.6907],[18.6634,53.6966],[18.6552,53.6936],[18.6306,53.6746],[18.6095,53.6706],[18.5856,53.6736],[18.5787,53.6774],[18.5671,53.6733],[18.5824,53.6662],[18.5802,53.6579],[18.5506,53.6559],[18.5434,53.6664],[18.5281,53.6687],[18.5298,53.6792],[18.5145,53.681],[18.5125,53.6877],[18.5232,53.6915],[18.5145,53.7038],[18.4942,53.6992],[18.4758,53.7037],[18.4684,53.6897],[18.4551,53.6865],[18.4557,53.6937],[18.4185,53.6872],[18.42,53.6919],[18.3542,53.6874],[18.3462,53.6923],[18.2919,53.6994],[18.2638,53.701],[18.2365,53.7095],[18.207,53.6986],[18.2184,53.6898],[18.2115,53.6818],[18.2278,53.6766],[18.2332,53.6693],[18.2243,53.6673],[18.2044,53.6421],[18.1949,53.6438],[18.1718,53.6277],[18.167,53.6159],[18.1534,53.6143],[18.1588,53.609],[18.1772,53.6083],[18.1828,53.5983],[18.1723,53.5849],[18.1955,53.561],[18.2261,53.56],[18.2176,53.5494],[18.1867,53.551],[18.2059,53.5427],[18.2035,53.5362],[18.1675,53.5372],[18.1603,53.5248],[18.1301,53.5259],[18.1113,53.5211],[18.1327,53.5224],[18.122,53.5053],[18.1123,53.5046],[18.1148,53.4657],[18.0966,53.47],[18.0764,53.467],[18.0698,53.4553],[18.053,53.4432],[18.0834,53.4364],[18.0872,53.4296],[18.0761,53.4238],[18.071,53.4119],[18.0608,53.4194],[18.0553,53.4031],[18.046,53.3942],[18.0343,53.3936],[18.0576,53.3857],[18.065,53.3794],[18.0589,53.3627],[18.0396,53.3618],[18.0618,53.3541],[18.0503,53.3463],[18.0492,53.3347],[18.0577,53.3407],[18.083,53.3386],[18.0894,53.3452],[18.1064,53.3447],[18.1165,53.3301],[18.139,53.3162],[18.1541,53.3108],[18.1718,53.2979],[18.1786,53.2982],[18.1852,53.2787],[18.2342,53.2738],[18.2379,53.2703],[18.2591,53.2697],[18.2752,53.273],[18.2608,53.2612],[18.2797,53.2531]]]},"properties":{"code":"0414","name":"powiat świecki","country":"PL","level":"district","parent":"04","grodzki":false,"type":"powiat"}},
{"type":"Feature","geometry":{"type":"Polygon","coordinates":[[[18.896,50.325],[18.8869,50.3074],[18.8921,50.3011],[18.8835,50.2949],[18.8994,50.2891],[18.8996,50.2776],[18.9298,50.2709],[18.9358,50.2891],[18.919,50.3025],[18.9306,50.3134],[18.927,50.3181],[18.896,50.325]]]},"properties":{"code":"2476","name":"powiat Świętochłowice","country":"PL","level":"district","parent":"24","grodzki":true,"type":"miasto na prawach powiatu"}},
{"type":"Feature","geometry":{"type":"Polygon","coordinates":[[[14.391,53.9173],[14.3662,53.9127],[14.3445,53.9119],[14.3029,53.9196],[14.3015,53.9304],[14.2804,53.9376],[14.2712,53.9348],[14.2726,53.9242],[14.2497,53.924],[14.2268,53.9304],[14.2077,53.9159],[14.1853,53.912],[14.2058,53.9106],[14.2121,53.9006],[14.2154,53.8808],[14.2124,53.8674],[14.2741,53.7852],[14.3814,53.7686],[14.4409,53.7726],[14.4204,53.864],[14.4083,53.8933],[14.391,53.9173]]]},"properties":{"code":"3263","name":"powiat Świnoujście","country":"PL","level":"district","parent":"32","grodzki":true,"type":"miasto na prawach powiatu"}},
{"type":"Feature","geometry":{"type":"Polygon","coordinates":[[[21.7792,50.645],[21.7612,50.648],[21.7598,50.6549],[21.7483,50.6552],[21.7334,50.6416],[21.7226,50.6454],[21.7074,50.6276],[21.6751,50.6095],[21.6674,50.6011],[21.6575,50.573],[21.6474,50.5627],[21.6241,50.5454],[21.6012,50.5197],[21.6118,50.5129],[21.6228,50.5128],[21.6298,50.5242],[21.6457,50.5237],[21.6594,50.535],[21.6996,50.5387],[21.7112,50.5347],[21.7329,50.5513],[21.746,50.5759],[21.7516,50.576],[21.7745,50.5928],[21.793,50.6119],[21.7934,50.6162],[21.7733,50.6226],[21.7731,50.6371],[21.7792,50.645]]]},"properties":{"code":"1864","name":"powiat Tarnobrzeg","country":"PL","level":"district","parent":"18","grodzki":true,"type":"miasto na prawach powiatu"}},
{"type":"Feature","geometry":{"type":"Polygon","coordinates":[[[21.7792,50.645],[21.7731,50.6371],[21.7733,50.6226],[21.7934,50.6162],[21.793,50.6119],[21.7745,50.5928],[21.7516,50.576],[21.746,50.5759],[21.7329,50.5513],[21.7112,50.5347],[21.6996,50.5387],[21.6594,50.535],[21.6457,50.5237],[21.6298,50.5242],[21.6228,50.5128],[21.6118,50.5129],[21.6012,50.5197],[21.5901,50.517],[21.5538,50.5205],[21.5177,50.5092],[21.4821,50.4964],[21.4849,50.4882],[21.4991,50.4747],[21.5063,50.4743],[21.5234,50.4637],[21.5313,50.4667],[21.5345,50.4489],[21.5651,50.4347],[21.5507,50.4009],[21.582,50.3935],[21.5985,50.3869],[21.6368,50.39],[21.6423,50.4155],[21.6705,50.4369],[21.6757,50.448],[21.6848,50.4292],[21.7171,50.4087],[21.7394,50.4007],[21.7568,50.3878],[21.7898,50.3997],[21.7973,50.406],[21.793,50.4356],[21.7764,50.4492],[21.8016,50.4589],[21.8528,50.4705],[21.8662,50.4822],[21.8822,50.4729],[21.8951,50.476],[21.8839,50.4884],[21.9652,50.5034],[21.9732,50.5058],[21.9517,50.5185],[21.9683,50.5196],[21.9808,50.53],[21.9689,50.5399],[21.9791,50.5588],[21.9894,50.5672],[21.9626,50.5685],[21.9632,50.5739],[21.9371,50.5781],[21.9407,50.5886],[21.9102,50.6016],[21.9043,50.6151],[21.8669,50.6337],[21.8583,50.6473],[21.8621,50.6594],[21.873,50.6755],[21.8594,50.6773],[21.8648,50.6874],[21.8805,50.7027],[21.8671,50.7139],[21.8674,50.7228],[21.8434,50.7392],[21.8299,50.7204],[21.826,50.6995],[21.8189,50.69],[21.7863,50.68],[21.7936,50.6755],[21.7786,50.657],[21.7792,50.645]]]},"properties":{"code":"1820","name":"powiat tarnobrzeski","country":"PL","level":"district","parent":"18","grodzki":false,"type":"powiat"}},
{"type":"Feature","geometry":{"type":"Polygon","coordinates":[[[18.9145,50.3722],[18.9234,50.4035],[18.9186,50.4165],[18.9289,50.421],[18.9627,50.4186],[18.9707,50.4133],[18.9852,50.4156],[18.9887,50.4308],[19.0117,50.4292],[19.0237,50.4489],[19.0218,50.4562],[19.0464,50.449],[19.0602,50.4489],[19.064,50.443],[19.0694,50.4536],[19.0887,50.4571],[19.1038,50.4702],[19.0988,50.4816],[19.1137,50.4804],[19.1215,50.4911],[19.1154,50.5004],[19.1344,50.5043],[19.1336,50.5225],[19.1149,50.5122],[19.0791,50.5079],[19.0528,50.4933],[19.0433,50.5184],[19.0203,50.5323],[19.0434,50.5403],[19.0227,50.5427],[19.0238,50.5551],[19.0299,50.5617],[19.0013,50.5635],[19.0033,50.5755],[18.9917,50.5708],[18.9673,50.5724],[18.9657,50.5795],[18.95,50.5805],[18.949,50.5738],[18.9062,50.5766],[18.9073,50.5834],[18.8751,50.5854],[18.8656,50.6003],[18.8452,50.6175],[18.8426,50.6102],[18.8187,50.5892],[18.8171,50.5822],[18.8439,50.5757],[18.8609,50.5744],[18.8705,50.5634],[18.8556,50.5565],[18.8623,50.5538],[18.8445,50.5441],[18.8256,50.5596],[18.8103,50.5608],[18.7967,50.569],[18.7798,50.572],[18.774,50.587],[18.7638,50.5915],[18.738,50.596],[18.723,50.5941],[18.7102,50.587],[18.6883,50.5865],[18.6681,50.5894],[18.6565,50.5953],[18.6017,50.6045],[18.5908,50.5778],[18.598,50.5686],[18.6162,50.5692],[18.6074,50.5499],[18.6236,50.5511],[18.6156,50.5436],[18.6355,50.5488],[18.6491,50.5456],[18.6651,50.534],[18.6498,50.5262],[18.6377,50.5246],[18.6526,50.4991],[18.6433,50.49],[18.6293,50.4916],[18.6228,50.4774],[18.6533,50.4711],[18.6493,50.4633],[18.6282,50.4589],[18.6152,50.4365],[18.6313,50.4312],[18.6339,50.4221],[18.6461,50.4195],[18.6505,50.4125],[18.6506,50.4124],[18.6505,50.4125],[18.6506,50.4124],[18.656,50.4078],[18.6581,50.3739],[18.6631,50.36],[18.6448,50.3544],[18.6475,50.3498],[18.6648,50.3526],[18.6802,50.3395],[18.7135,50.3281],[18.7319,50.3315],[18.7389,50.343],[18.7541,50.3416],[18.7466,50.3679],[18.7637,50.3672],[18.7714,50.3756],[18.7843,50.3708],[18.8002,50.3739],[18.8,50.3842],[18.7886,50.3925],[18.7903,50.3997],[18.802,50.3997],[18.8129,50.4055],[18.831,50.4022],[18.8342,50.4125],[18.8622,50.406],[18.8634,50.413],[18.8842,50.4059],[18.8836,50.399],[18.8945,50.3973],[18.884,50.3831],[18.9145,50.3722]]]},"properties":{"code":"2413","name":"powiat tarnogórski","country":"PL","level":"district","parent":"24","grodzki":false,"type":"powiat"}},
{"type":"Feature","geometry":{"type":"Polygon","coordinates":[[[21.2971,49.8429],[21.2829,49.8457],[21.2662,49.8415],[21.2502,49.8415],[21.2247,49.853],[21.2282,49.8608],[21.2254,49.8841],[21.261,49.8849],[21.2796,49.892],[21.2882,49.9094],[21.2847,49.9241],[21.2452,49.9305],[21.2308,49.9287],[21.1925,49.9316],[21.1797,49.9283],[21.1715,49.9433],[21.161,49.9509],[21.161,49.9646],[21.1507,49.9761],[21.1498,49.9958],[21.1544,50.0034],[21.1788,50.0118],[21.1929,50.0293],[21.1737,50.0352],[21.173,50.0392],[21.1515,50.0453],[21.1461,50.0543],[21.1682,50.0612],[21.179,50.0807],[21.1692,50.0791],[21.1601,50.0895],[21.199,50.095],[21.1846,50.1003],[21.1869,50.1062],[21.1769,50.1118],[21.1929,50.1202],[21.1485,50.1264],[21.146,50.1345],[21.1643,50.136],[21.1757,50.1427],[21.1524,50.1476],[21.1318,50.1358],[21.1268,50.1288],[21.1365,50.124],[21.1402,50.115],[21.096,50.1127],[21.0799,50.1148],[21.0604,50.1068],[21.0203,50.115],[21.0101,50.1261],[20.9995,50.123],[21,50.1168],[20.9831,50.1157],[20.9811,50.1116],[20.9566,50.1122],[20.9615,50.1271],[20.9547,50.1375],[20.9641,50.1461],[20.9487,50.1481],[20.9316,50.1577],[20.9342,50.1648],[20.9186,50.1658],[20.9092,50.162],[20.8811,50.161],[20.8645,50.1683],[20.8757,50.1794],[20.8748,50.1957],[20.855,50.2063],[20.8507,50.2147],[20.8506,50.2147],[20.8507,50.2147],[20.8506,50.2147],[20.8311,50.2232],[20.8107,50.2119],[20.7933,50.2185],[20.7589,50.2084],[20.7491,50.2139],[20.7458,50.2292],[20.728,50.2428],[20.7295,50.2309],[20.7062,50.2252],[20.7036,50.2182],[20.6797,50.2144],[20.6815,50.2059],[20.6815,50.2008],[20.702,50.1863],[20.6967,50.1637],[20.709,50.1545],[20.7446,50.1477],[20.7643,50.1301],[20.7531,50.1286],[20.7559,50.1206],[20.7345,50.1174],[20.744,50.1097],[20.7568,50.1117],[20.7608,50.1025],[20.7695,50.1027],[20.7813,50.0914],[20.7742,50.0879],[20.7813,50.0702],[20.7702,50.058],[20.7576,50.0527],[20.755,50.0329],[20.7982,50.0257],[20.7871,50.0166],[20.7859,50.0069],[20.7727,50.0075],[20.7786,50.0153],[20.769,50.0202],[20.7632,50.0139],[20.7461,50.0074],[20.7574,49.999],[20.7652,49.9816],[20.7559,49.9737],[20.7556,49.9636],[20.7903,49.9558],[20.7871,49.9503],[20.7702,49.9423],[20.7533,49.9395],[20.7576,49.9271],[20.7575,49.9271],[20.7576,49.9271],[20.7575,49.9271],[20.7513,49.9181],[20.7749,49.9078],[20.7651,49.898],[20.7385,49.9034],[20.7273,49.9018],[20.7246,49.8951],[20.7365,49.8867],[20.7209,49.8803],[20.7266,49.8683],[20.7363,49.8609],[20.733,49.8558],[20.7148,49.8511],[20.7111,49.8361],[20.6979,49.8365],[20.7108,49.8281],[20.7132,49.8066],[20.7395,49.8001],[20.7368,49.7882],[20.7562,49.7891],[20.7742,49.7857],[20.7962,49.7744],[20.8225,49.7643],[20.8453,49.7639],[20.8543,49.7502],[20.8656,49.751],[20.8758,49.7413],[20.873,49.7336],[20.8826,49.7317],[20.8984,49.7321],[20.9091,49.74],[20.9188,49.7321],[20.9331,49.7286],[20.946,49.7416],[20.9597,49.7474],[20.9786,49.7417],[21.0062,49.7473],[21.0034,49.761],[21.0275,49.7633],[21.0407,49.7698],[21.0415,49.7633],[21.0646,49.7476],[21.0955,49.7628],[21.1018,49.7711],[21.1208,49.7741],[21.1359,49.7697],[21.1576,49.7816],[21.1831,49.7788],[21.205,49.7807],[21.2418,49.7761],[21.2515,49.7922],[21.2692,49.7936],[21.2761,49.8039],[21.3084,49.7961],[21.3303,49.8039],[21.3322,49.8108],[21.3489,49.8147],[21.3358,49.8273],[21.2971,49.8429]],[[20.9707,49.9878],[20.9585,49.9861],[20.9399,49.9922],[20.9348,49.986],[20.9135,49.9884],[20.9214,49.9977],[20.9044,50.0001],[20.9105,50.0094],[20.8937,50.0121],[20.8936,50.0272],[20.9119,50.0355],[20.9278,50.036],[20.9312,50.0569],[20.9269,50.0651],[20.9426,50.0665],[20.9967,50.0649],[21.0116,50.0622],[21.0087,50.0533],[21.0263,50.0552],[21.0347,50.0505],[21.0345,50.0226],[21.0403,50.0239],[21.0606,50.0168],[21.0484,50.0069],[21.0224,50.0029],[21.0241,49.9894],[20.9707,49.9878]]]},"properties":{"code":"1216","name":"powiat tarnowski","country":"PL","level":"district","parent":"12","grodzki":false,"type":"powiat"}},
{"type":"Feature","geometry":{"type":"Polygon","coordinates":[[[20.9707,49.9878],[21.0241,49.9894],[21.0224,50.0029],[21.0484,50.0069],[21.0606,50.0168],[21.0403,50.0239],[21.0345,50.0226],[21.0347,50.0505],[21.0263,50.0552],[21.0087,50.0533],[21.0116,50.0622],[20.9967,50.0649],[20.9426,50.0665],[20.9269,50.0651],[20.9312,50.0569],[20.9278,50.036],[20.9119,50.0355],[20.8936,50.0272],[20.8937,50.0121],[20.9105,50.0094],[20.9044,50.0001],[20.9214,49.9977],[20.9135,49.9884],[20.9348,49.986],[20.9399,49.9922],[20.9585,49.9861],[20.9707,49.9878]]]},"properties":{"code":"1263","name":"powiat Tarnów","country":"PL","level":"district","parent":"12","grodzki":true,"type":"miasto na prawach powiatu"}},
{"type":"Feature","geometry":{"type":"Polygon","coordinates":[[[20.1901,49.3377],[20.1691,49.3623],[20.1724,49.3666],[20.1595,49.3754],[20.1547,49.3861],[20.1127,49.3987],[20.116,49.4138],[20.0991,49.4196],[20.1012,49.4233],[20.0853,49.4284],[20.0799,49.4206],[20.05,49.4253],[20.0496,49.4106],[20.0195,49.3946],[19.9966,49.3953],[19.9996,49.3892],[19.9869,49.3793],[19.9708,49.3745],[19.9429,49.3823],[19.9415,49.3539],[19.9216,49.3515],[19.8998,49.3398],[19.8993,49.3273],[19.8881,49.3266],[19.8781,49.3359],[19.8542,49.3439],[19.8438,49.3541],[19.7953,49.3475],[19.805,49.3228],[19.7926,49.3026],[19.7945,49.296],[19.8098,49.2954],[19.8228,49.2768],[19.8063,49.2745],[19.7925,49.268],[19.7905,49.2553],[19.7663,49.2346],[19.7669,49.2226],[19.7584,49.216],[19.7631,49.2076],[19.795,49.1984],[19.8075,49.2057],[19.8198,49.1995],[19.8295,49.2017],[19.8406,49.1937],[19.8694,49.1958],[19.887,49.2082],[19.9019,49.213],[19.9032,49.2302],[19.9193,49.2358],[19.9712,49.23],[19.9816,49.2318],[20.0086,49.2201],[20.0065,49.2132],[20.0205,49.2015],[20.0405,49.197],[20.0426,49.1932],[20.0756,49.1787],[20.0882,49.1797],[20.0844,49.1962],[20.0872,49.2075],[20.1016,49.2227],[20.0978,49.2345],[20.1022,49.2529],[20.122,49.2679],[20.1287,49.2771],[20.1329,49.3006],[20.15,49.3192],[20.159,49.3065],[20.1758,49.3142],[20.1678,49.3236],[20.1842,49.3278],[20.1901,49.3377]]]},"properties":{"code":"1217","name":"powiat tatrzański","country":"PL","level":"district","parent":"12","grodzki":false,"type":"powiat"}},
{"type":"Feature","geometry":{"type":"Polygon","coordinates":[[[18.8613,53.9468],[18.8718,53.9596],[18.8645,53.9746],[18.8435,53.9849],[18.8373,53.9946],[18.8369,54.0185],[18.8169,54.044],[18.815,54.0705],[18.8076,54.0853],[18.8074,54.0975],[18.8175,54.1087],[18.8289,54.1297],[18.8282,54.1416],[18.8123,54.1427],[18.8061,54.1541],[18.7388,54.1517],[18.6979,54.1463],[18.6851,54.1514],[18.6737,54.1386],[18.6608,54.1401],[18.6544,54.133],[18.6429,54.14],[18.6289,54.1423],[18.6237,54.1257],[18.5957,54.1201],[18.5907,54.1059],[18.5921,54.0971],[18.5721,54.0861],[18.5765,54.0795],[18.5693,54.0686],[18.5501,54.071],[18.5552,54.0514],[18.5689,54.0533],[18.5715,54.0416],[18.5919,54.0401],[18.6008,54.03],[18.6175,54.0338],[18.6388,54.0165],[18.6578,54.0181],[18.6536,54.0124],[18.674,54.0058],[18.6641,53.9961],[18.6588,53.9825],[18.6747,53.9707],[18.6797,53.9598],[18.6733,53.9547],[18.6542,53.9545],[18.6368,53.9445],[18.6249,53.9212],[18.6268,53.9163],[18.6035,53.8935],[18.6028,53.8814],[18.6116,53.8738],[18.5875,53.8619],[18.6049,53.8419],[18.6123,53.8253],[18.6036,53.8246],[18.5927,53.8152],[18.5985,53.8133],[18.5921,53.8025],[18.6339,53.7998],[18.6315,53.7888],[18.6367,53.7703],[18.6778,53.7746],[18.6998,53.7737],[18.7035,53.7663],[18.7229,53.7635],[18.7165,53.7483],[18.73,53.744],[18.734,53.7368],[18.7178,53.7353],[18.7138,53.7285],[18.7,53.7295],[18.6908,53.7208],[18.6969,53.7135],[18.6966,53.7],[18.6952,53.6928],[18.7084,53.6865],[18.731,53.6844],[18.7413,53.6928],[18.7507,53.6926],[18.7657,53.6998],[18.789,53.7021],[18.8449,53.7274],[18.8519,53.7327],[18.8565,53.7489],[18.8424,53.7667],[18.8389,53.7847],[18.8498,53.8056],[18.84,53.8182],[18.8405,53.8352],[18.8553,53.848],[18.8833,53.882],[18.8884,53.9002],[18.8787,53.91],[18.8617,53.9279],[18.8613,53.9468]]]},"properties":{"code":"2214","name":"powiat tczewski","country":"PL","level":"district","parent":"22","grodzki":false,"type":"powiat"}},
{"type":"Feature","geometry":{"type":"Polygon","coordinates":[[[23.6229,50.684],[23.6178,50.6758],[23.5962,50.6788],[23.5915,50.6599],[23.5998,50.6613],[23.6043,50.6448],[23.5983,50.6276],[23.5982,50.614],[23.5784,50.6052],[23.5778,50.5961],[23.5887,50.59],[23.5842,50.5842],[23.5738,50.5908],[23.5563,50.5898],[23.5573,50.6006],[23.5279,50.599],[23.5034,50.5953],[23.5034,50.6032],[23.4931,50.6024],[23.4888,50.593],[23.4292,50.5917],[23.4049,50.5963],[23.3958,50.6089],[23.3758,50.6112],[23.3372,50.6095],[23.3147,50.6102],[23.3103,50.596],[23.3097,50.5751],[23.2974,50.5601],[23.2949,50.5475],[23.3101,50.5461],[23.3257,50.5401],[23.3131,50.5229],[23.2944,50.5276],[23.2912,50.5224],[23.3139,50.5188],[23.3188,50.5031],[23.2956,50.4986],[23.2995,50.4935],[23.2934,50.4812],[23.285,50.4842],[23.2688,50.4742],[23.2606,50.4857],[23.238,50.4869],[23.232,50.4966],[23.2183,50.4984],[23.2153,50.5058],[23.1843,50.492],[23.1796,50.4963],[23.1689,50.4921],[23.18,50.4849],[23.1724,50.4817],[23.1544,50.4882],[23.1346,50.4758],[23.1207,50.4813],[23.1078,50.4716],[23.1166,50.4667],[23.1255,50.4472],[23.1195,50.4413],[23.0946,50.4565],[23.048,50.4216],[23.1413,50.3667],[23.1838,50.396],[23.1939,50.3909],[23.2196,50.3875],[23.2181,50.3839],[23.2526,50.3646],[23.2507,50.3593],[23.2791,50.3762],[23.3055,50.3801],[23.3176,50.3927],[23.3535,50.4019],[23.3581,50.4105],[23.3876,50.4054],[23.3841,50.3988],[23.3702,50.3995],[23.3662,50.3888],[23.3828,50.3833],[23.3739,50.377],[23.3789,50.3683],[23.405,50.364],[23.4125,50.3515],[23.4351,50.3478],[23.4329,50.3399],[23.4097,50.31],[23.4285,50.3023],[23.457,50.3032],[23.47,50.2936],[23.4926,50.2995],[23.5179,50.2897],[23.5048,50.2868],[23.5037,50.2804],[23.5139,50.2788],[23.5089,50.2613],[23.5278,50.2623],[23.5425,50.2586],[23.5479,50.2518],[23.581,50.266],[23.6116,50.2992],[23.631,50.3048],[23.6389,50.3205],[23.6863,50.3316],[23.6911,50.3533],[23.7031,50.3753],[23.727,50.388],[23.7788,50.4011],[23.8034,50.4048],[23.884,50.4083],[23.9408,50.4139],[23.9747,50.4129],[23.9631,50.418],[23.9936,50.4191],[23.9907,50.4317],[23.9709,50.4328],[23.9511,50.4397],[23.9378,50.4398],[23.9146,50.4515],[23.9159,50.456],[23.8757,50.4713],[23.8822,50.4811],[23.9027,50.4811],[23.9105,50.4879],[23.9191,50.5042],[23.9314,50.506],[23.9479,50.5208],[23.9616,50.5265],[23.9682,50.5373],[23.958,50.5385],[23.9664,50.5486],[23.9827,50.5441],[23.9878,50.5485],[23.9741,50.564],[23.9639,50.5679],[23.9199,50.578],[23.9081,50.5642],[23.8962,50.5646],[23.8889,50.5569],[23.8728,50.5558],[23.867,50.5501],[23.8582,50.5564],[23.8496,50.5759],[23.8306,50.5797],[23.8197,50.5881],[23.8053,50.5921],[23.795,50.5883],[23.7777,50.5886],[23.7534,50.5982],[23.7615,50.6177],[23.7569,50.624],[23.7625,50.6318],[23.7712,50.6313],[23.773,50.6404],[23.7451,50.6444],[23.7323,50.6375],[23.7187,50.6487],[23.716,50.6728],[23.7119,50.6624],[23.7027,50.6732],[23.7303,50.7022],[23.7223,50.7045],[23.7059,50.6945],[23.6805,50.6874],[23.6715,50.6903],[23.6648,50.6832],[23.6534,50.6811],[23.6229,50.684]]]},"properties":{"code":"0618","name":"powiat tomaszowski","country":"PL","level":"district","parent":"06","grodzki":false,"type":"powiat"}},
{"type":"Feature","geometry":{"type":"Polygon","coordinates":[[[19.9707,51.4312],[20.006,51.4351],[20.0165,51.431],[20.0363,51.4335],[20.0536,51.4415],[20.0661,51.4565],[20.0624,51.4687],[20.0782,51.4709],[20.0832,51.465],[20.1017,51.4704],[20.1193,51.4518],[20.1291,51.4633],[20.1465,51.4618],[20.1917,51.4631],[20.185,51.486],[20.1994,51.4822],[20.21,51.4922],[20.2251,51.4887],[20.2275,51.5025],[20.2466,51.5063],[20.2655,51.5028],[20.2633,51.5137],[20.254,51.5151],[20.252,51.5233],[20.2678,51.5285],[20.2918,51.5505],[20.3004,51.5528],[20.3231,51.5741],[20.3256,51.5824],[20.3366,51.5835],[20.3488,51.5757],[20.3518,51.5833],[20.3668,51.5764],[20.401,51.5869],[20.4113,51.5983],[20.4222,51.6012],[20.4151,51.6043],[20.4253,51.6112],[20.4148,51.634],[20.3913,51.636],[20.3851,51.6417],[20.385,51.6417],[20.372,51.6326],[20.3595,51.64],[20.3583,51.6476],[20.3265,51.6476],[20.3205,51.6556],[20.2855,51.6544],[20.2811,51.6662],[20.2876,51.6823],[20.2796,51.7005],[20.2662,51.6965],[20.2646,51.7102],[20.232,51.7128],[20.2205,51.7244],[20.2015,51.7157],[20.1776,51.7101],[20.1694,51.7007],[20.1527,51.7027],[20.141,51.7086],[20.1527,51.7163],[20.1494,51.723],[20.134,51.7242],[20.116,51.7309],[20.1158,51.7402],[20.1015,51.7423],[20.0938,51.7386],[20.0734,51.7506],[20.0607,51.7626],[20.0435,51.7647],[20.0162,51.7734],[19.989,51.7558],[19.9963,51.7475],[19.9813,51.741],[19.9822,51.727],[19.9687,51.7282],[19.9557,51.7191],[19.9535,51.7064],[19.9129,51.6644],[19.8788,51.6604],[19.8772,51.6798],[19.859,51.6939],[19.849,51.6908],[19.825,51.6951],[19.8254,51.7],[19.7907,51.708],[19.78,51.7078],[19.7789,51.6952],[19.7713,51.6961],[19.7722,51.7062],[19.7518,51.7102],[19.7335,51.6925],[19.7464,51.6875],[19.732,51.6803],[19.7208,51.6387],[19.7271,51.6351],[19.7083,51.6295],[19.7209,51.6117],[19.7174,51.6005],[19.7251,51.5981],[19.7134,51.572],[19.7341,51.5694],[19.7384,51.5591],[19.7578,51.5568],[19.7734,51.5586],[19.7787,51.545],[19.7954,51.5318],[19.8037,51.5316],[19.8132,51.5399],[19.8355,51.5343],[19.8218,51.543],[19.8293,51.5562],[19.8257,51.5697],[19.8417,51.579],[19.8496,51.5784],[19.8702,51.5577],[19.8853,51.5511],[19.8882,51.5406],[19.8814,51.5394],[19.8809,51.5288],[19.864,51.5286],[19.8567,51.5239],[19.8704,51.5199],[19.8725,51.5061],[19.9022,51.5133],[19.922,51.4948],[19.9185,51.4823],[19.958,51.4769],[19.9534,51.467],[19.9597,51.4529],[19.9542,51.4463],[19.9346,51.4397],[19.9359,51.4271],[19.9264,51.4242],[19.928,51.42],[19.9477,51.4283],[19.9707,51.4312]]]},"properties":{"code":"1016","name":"powiat tomaszowski","country":"PL","level":"district","parent":"10","grodzki":false,"type":"powiat"}},
{"type":"Feature","geometry":{"type":"Polygon","coordinates":[[[18.6249,52.9844],[18.6598,52.9894],[18.6752,52.9725],[18.7009,52.9769],[18.6888,52.998],[18.7121,53.0021],[18.7147,52.9959],[18.7272,52.9996],[18.7243,53.0116],[18.7313,53.0186],[18.7208,53.0259],[18.7201,53.0336],[18.7408,53.0428],[18.7289,53.0433],[18.7075,53.0567],[18.6891,53.0563],[18.6518,53.0656],[18.6427,53.0578],[18.6178,53.0574],[18.5965,53.063],[18.5739,53.0591],[18.5718,53.0641],[18.5444,53.0597],[18.5317,53.0538],[18.536,53.0501],[18.5186,53.043],[18.5245,53.0256],[18.4886,53.0277],[18.478,53.0165],[18.4607,53.0155],[18.4958,53.0083],[18.5354,53.0094],[18.5627,53.0023],[18.5621,52.9875],[18.5509,52.9719],[18.5504,52.9631],[18.5676,52.9753],[18.6082,52.9742],[18.6249,52.9844]]]},"properties":{"code":"0463","name":"powiat Toruń","country":"PL","level":"district","parent":"04","grodzki":true,"type":"miasto na prawach powiatu"}},
{"type":"Feature","geometry":{"type":"Polygon","coordinates":[[[18.7618,53.2011],[18.7623,53.2063],[18.7828,53.2163],[18.7926,53.2141],[18.8027,53.2202],[18.7796,53.225],[18.7725,53.2303],[18.7924,53.2511],[18.7766,53.2459],[18.7322,53.2582],[18.7249,53.263],[18.7173,53.2504],[18.7032,53.2474],[18.6844,53.2569],[18.6701,53.2414],[18.6761,53.2407],[18.655,53.2297],[18.653,53.2248],[18.6304,53.2296],[18.6369,53.2355],[18.6048,53.2432],[18.5871,53.2261],[18.5748,53.221],[18.5682,53.2266],[18.5386,53.217],[18.5202,53.2243],[18.5126,53.2233],[18.5129,53.2142],[18.491,53.2078],[18.4842,53.1967],[18.472,53.1934],[18.468,53.2017],[18.4236,53.1766],[18.4162,53.1833],[18.3871,53.1793],[18.382,53.1826],[18.3694,53.1709],[18.3495,53.1698],[18.3387,53.1664],[18.3408,53.1567],[18.3157,53.162],[18.3034,53.1542],[18.3101,53.1442],[18.304,53.1281],[18.2697,53.1188],[18.2732,53.1335],[18.2409,53.1288],[18.2101,53.1177],[18.1868,53.1063],[18.1689,53.1056],[18.1573,53.1107],[18.1463,53.1026],[18.154,53.0988],[18.1735,53.0934],[18.2063,53.0925],[18.2451,53.0834],[18.2604,53.0868],[18.3004,53.0796],[18.337,53.0636],[18.3833,53.0489],[18.4074,53.0395],[18.38,53.0175],[18.3776,52.9936],[18.3669,52.9869],[18.4077,52.9885],[18.4073,52.9839],[18.3824,52.9807],[18.3845,52.9752],[18.3609,52.9461],[18.4397,52.9558],[18.4457,52.9424],[18.4957,52.9485],[18.5129,52.908],[18.5306,52.8967],[18.5648,52.879],[18.5777,52.8736],[18.5779,52.8654],[18.5916,52.8581],[18.606,52.8627],[18.6043,52.8713],[18.6199,52.8773],[18.6244,52.8876],[18.6349,52.893],[18.6413,52.8893],[18.6552,52.8966],[18.6896,52.8975],[18.695,52.9225],[18.7082,52.9238],[18.7226,52.9334],[18.7505,52.9161],[18.7692,52.9102],[18.8132,52.9063],[18.8312,52.8936],[18.8366,52.8805],[18.8546,52.8682],[18.8891,52.8595],[18.9054,52.8455],[18.9073,52.836],[18.9281,52.8357],[18.9505,52.8305],[18.9433,52.8441],[18.9533,52.8519],[19.0186,52.8462],[19.0348,52.8494],[19.0425,52.8635],[19.0627,52.8834],[19.0505,52.9157],[19.0273,52.9173],[19.0298,52.9323],[19.0174,52.9333],[19.0227,52.9429],[19.0096,52.9646],[19.0372,52.9677],[19.0407,52.9639],[19.056,52.9709],[19.0942,52.969],[19.0943,52.9795],[19.0748,52.9931],[19.0632,52.9891],[19.0506,52.9916],[19.04,53.0052],[19.0219,53.0022],[19.0251,52.9903],[19.0151,52.9932],[19.0104,52.9868],[18.9826,52.9871],[18.9798,52.9772],[18.9581,52.9738],[18.9566,52.9878],[18.9346,52.9932],[18.947,53.0021],[18.9515,53.015],[18.9227,53.0257],[18.9087,53.0244],[18.9025,53.0311],[18.8649,53.0448],[18.8605,53.0608],[18.8647,53.0673],[18.8269,53.071],[18.8254,53.0802],[18.8112,53.0854],[18.8186,53.0896],[18.8148,53.1048],[18.8023,53.129],[18.7809,53.1402],[18.7727,53.1385],[18.7631,53.1476],[18.7278,53.1525],[18.7333,53.1578],[18.7523,53.1554],[18.7611,53.1662],[18.7442,53.18],[18.7522,53.1853],[18.7618,53.2011]],[[18.6249,52.9844],[18.6082,52.9742],[18.5676,52.9753],[18.5504,52.9631],[18.5509,52.9719],[18.5621,52.9875],[18.5627,53.0023],[18.5354,53.0094],[18.4958,53.0083],[18.4607,53.0155],[18.478,53.0165],[18.4886,53.0277],[18.5245,53.0256],[18.5186,53.043],[18.536,53.0501],[18.5317,53.0538],[18.5444,53.0597],[18.5718,53.0641],[18.5739,53.0591],[18.5965,53.063],[18.6178,53.0574],[18.6427,53.0578],[18.6518,53.0656],[18.6891,53.0563],[18.7075,53.0567],[18.7289,53.0433],[18.7408,53.0428],[18.7201,53.0336],[18.7208,53.0259],[18.7313,53.0186],[18.7243,53.0116],[18.7272,52.9996],[18.7147,52.9959],[18.7121,53.0021],[18.6888,52.998],[18.7009,52.9769],[18.6752,52.9725],[18.6598,52.9894],[18.6249,52.9844]]]},"properties":{"code":"0415","name":"powiat toruński","country":"PL","level":"district","parent":"04","grodzki":false,"type":"powiat"}},
{"type":"Feature","geometry":{"type":"Polygon","coordinates":[[[17.3401,51.3729],[17.3302,51.3832],[17.3159,51.3826],[17.3136,51.3958],[17.2794,51.3871],[17.2823,51.3948],[17.269,51.3927],[17.2626,51.3983],[17.2356,51.3918],[17.216,51.397],[17.2213,51.4043],[17.2019,51.414],[17.172,51.4155],[17.1539,51.4278],[17.1341,51.4302],[17.1224,51.4365],[17.1309,51.4399],[17.1124,51.4481],[17.1287,51.4586],[17.15,51.4649],[17.1491,51.4695],[17.126,51.4664],[17.1137,51.4611],[17.0974,51.4615],[17.1099,51.4688],[17.0984,51.4837],[17.0999,51.4959],[17.087,51.5074],[17.0813,51.5063],[17.0626,51.5357],[17.057,51.5303],[17.0353,51.5331],[17.0028,51.53],[17.0001,51.5382],[16.9895,51.542],[16.9906,51.55],[16.9787,51.5449],[16.9624,51.5447],[16.9559,51.5528],[16.9281,51.5523],[16.9145,51.5594],[16.9018,51.574],[16.8874,51.581],[16.8508,51.5799],[16.8284,51.5722],[16.824,51.573],[16.8059,51.5514],[16.7917,51.5287],[16.7992,51.5228],[16.815,51.5224],[16.8208,51.513],[16.7862,51.5049],[16.7673,51.5106],[16.7605,51.5054],[16.7784,51.4963],[16.7643,51.4853],[16.7591,51.4705],[16.7839,51.4713],[16.7968,51.4562],[16.7981,51.44],[16.7906,51.4362],[16.7891,51.4251],[16.7984,51.4208],[16.7905,51.4102],[16.7718,51.4065],[16.7907,51.3932],[16.7992,51.3912],[16.7752,51.362],[16.7914,51.3557],[16.7785,51.3434],[16.7937,51.3435],[16.8081,51.3347],[16.8008,51.316],[16.8119,51.3155],[16.8107,51.3035],[16.7997,51.3028],[16.8123,51.2938],[16.8101,51.2739],[16.8006,51.2587],[16.8201,51.2584],[16.8258,51.2502],[16.84,51.2515],[16.8524,51.2397],[16.8694,51.237],[16.8898,51.2207],[16.9038,51.2151],[16.9051,51.2095],[16.9213,51.1969],[16.9495,51.2031],[16.958,51.2094],[16.9796,51.2055],[17.0009,51.1975],[16.9999,51.1833],[17.0225,51.1859],[17.0277,51.1753],[17.0432,51.1733],[17.0654,51.1649],[17.0776,51.1659],[17.0801,51.1752],[17.1003,51.1759],[17.0875,51.2143],[17.0728,51.2329],[17.0914,51.2488],[17.1187,51.2433],[17.1234,51.2555],[17.1322,51.2541],[17.1475,51.2439],[17.1711,51.2463],[17.1782,51.2578],[17.1818,51.2756],[17.1945,51.2753],[17.2018,51.2678],[17.2142,51.2748],[17.2425,51.267],[17.2648,51.286],[17.252,51.2912],[17.2548,51.2976],[17.2685,51.3039],[17.2555,51.3102],[17.2617,51.3356],[17.2493,51.3474],[17.2686,51.3524],[17.2879,51.3423],[17.3118,51.3489],[17.3196,51.365],[17.3147,51.3715],[17.3401,51.3729]]]},"properties":{"code":"0220","name":"powiat trzebnicki","country":"PL","level":"district","parent":"02","grodzki":false,"type":"powiat"}},
{"type":"Feature","geometry":{"type":"Polygon","coordinates":[[[18.0343,53.3936],[18.046,53.3942],[18.0553,53.4031],[18.0608,53.4194],[18.071,53.4119],[18.0761,53.4238],[18.0872,53.4296],[18.0834,53.4364],[18.053,53.4432],[18.0698,53.4553],[18.0764,53.467],[18.0966,53.47],[18.1148,53.4657],[18.1123,53.5046],[18.122,53.5053],[18.1327,53.5224],[18.1113,53.5211],[18.1301,53.5259],[18.1603,53.5248],[18.1675,53.5372],[18.2035,53.5362],[18.2059,53.5427],[18.1867,53.551],[18.2176,53.5494],[18.2261,53.56],[18.1955,53.561],[18.1723,53.5849],[18.1828,53.5983],[18.1772,53.6083],[18.1588,53.609],[18.1534,53.6143],[18.167,53.6159],[18.1718,53.6277],[18.1949,53.6438],[18.2044,53.6421],[18.2243,53.6673],[18.2332,53.6693],[18.2278,53.6766],[18.2115,53.6818],[18.2184,53.6898],[18.207,53.6986],[18.2365,53.7095],[18.2638,53.701],[18.2542,53.7113],[18.2741,53.7168],[18.2679,53.7242],[18.2739,53.7317],[18.2561,53.7462],[18.219,53.7398],[18.2213,53.7517],[18.1981,53.7385],[18.2015,53.7562],[18.1814,53.7533],[18.1706,53.7453],[18.1549,53.7532],[18.1518,53.7682],[18.1305,53.7694],[18.1108,53.7582],[18.108,53.7696],[18.0994,53.7674],[18.0942,53.7749],[18.072,53.7811],[18.0706,53.7735],[18.0577,53.7605],[18.0468,53.7362],[18.0318,53.7251],[17.9912,53.7245],[17.9864,53.7315],[17.9694,53.7382],[17.9536,53.7381],[17.9486,53.7473],[17.9326,53.7449],[17.9318,53.7493],[17.9009,53.7479],[17.8686,53.7596],[17.8601,53.755],[17.8669,53.7455],[17.8761,53.746],[17.8894,53.7277],[17.9023,53.7229],[17.8925,53.7174],[17.8967,53.7099],[17.8784,53.7074],[17.8638,53.6929],[17.8522,53.6879],[17.8335,53.6924],[17.808,53.6794],[17.7981,53.6788],[17.7722,53.6999],[17.7631,53.6948],[17.7665,53.6882],[17.7539,53.6793],[17.7407,53.678],[17.7436,53.6684],[17.7342,53.6633],[17.7383,53.656],[17.7236,53.6404],[17.7119,53.6362],[17.7193,53.6237],[17.7187,53.614],[17.711,53.609],[17.7351,53.6137],[17.7357,53.6013],[17.7304,53.5929],[17.7046,53.5952],[17.6872,53.5927],[17.668,53.6007],[17.657,53.594],[17.6583,53.5858],[17.6742,53.5836],[17.6749,53.572],[17.6567,53.5712],[17.6318,53.5573],[17.6033,53.5574],[17.6065,53.5389],[17.6226,53.543],[17.6415,53.5298],[17.6489,53.5164],[17.6651,53.5117],[17.6765,53.5007],[17.6997,53.506],[17.7198,53.5052],[17.7211,53.4806],[17.7275,53.4625],[17.73,53.4342],[17.7695,53.4332],[17.7771,53.4294],[17.8006,53.4284],[17.8133,53.4327],[17.8287,53.4278],[17.8489,53.4159],[17.8607,53.4214],[17.8783,53.4206],[17.8797,53.429],[17.8912,53.429],[17.8971,53.439],[17.9143,53.4399],[17.9323,53.4301],[17.932,53.4212],[17.9398,53.4106],[17.9579,53.4022],[17.9699,53.3842],[17.9992,53.3913],[18.0255,53.3902],[18.0343,53.3936]]]},"properties":{"code":"0416","name":"powiat tucholski","country":"PL","level":"district","parent":"04","grodzki":false,"type":"powiat"}},
{"type":"Feature","geometry":{"type":"Polygon","coordinates":[[[18.472,51.851],[18.4844,51.85],[18.5073,51.8544],[18.5099,51.8423],[18.5172,51.8351],[18.5346,51.8361],[18.535,51.8417],[18.55,51.8454],[18.5671,51.8442],[18.5949,51.8481],[18.6132,51.8344],[18.6303,51.8308],[18.6425,51.8339],[18.6486,51.8268],[18.6654,51.8264],[18.6857,51.821],[18.6928,51.8451],[18.701,51.8529],[18.6968,51.8657],[18.721,51.8735],[18.7365,51.8922],[18.7368,51.901],[18.7489,51.9076],[18.7679,51.9278],[18.7425,51.9371],[18.7382,51.9627],[18.7298,51.9547],[18.7155,51.9701],[18.7332,51.9682],[18.7334,51.9791],[18.7176,51.995],[18.7346,52.0027],[18.726,52.0131],[18.7285,52.021],[18.7165,52.0323],[18.7222,52.0539],[18.7179,52.0657],[18.7149,52.0757],[18.693,52.0883],[18.6895,52.0949],[18.6863,52.1279],[18.6671,52.1354],[18.631,52.1208],[18.6065,52.1231],[18.5902,52.1288],[18.5267,52.1366],[18.511,52.1457],[18.4877,52.1509],[18.4648,52.1708],[18.454,52.1653],[18.4348,52.1641],[18.4279,52.1601],[18.4233,52.1705],[18.4209,52.1553],[18.3869,52.1515],[18.3915,52.1374],[18.3761,52.139],[18.3516,52.1465],[18.348,52.1273],[18.3303,52.1288],[18.3293,52.1228],[18.2868,52.1255],[18.2827,52.1147],[18.2727,52.1083],[18.2379,52.0998],[18.2378,52.0998],[18.2379,52.0998],[18.2378,52.0998],[18.2219,52.0927],[18.2293,52.0845],[18.2182,52.0767],[18.2283,52.0501],[18.2285,52.039],[18.2399,52.0455],[18.2548,52.0412],[18.2725,52.0301],[18.2513,52.0083],[18.2811,51.9863],[18.2973,51.9805],[18.3233,51.9459],[18.3195,51.9429],[18.332,51.9307],[18.3269,51.9263],[18.344,51.9164],[18.3453,51.9103],[18.3795,51.9039],[18.3889,51.9116],[18.4102,51.911],[18.4164,51.8953],[18.413,51.8895],[18.4243,51.8805],[18.4232,51.8735],[18.4378,51.8709],[18.4744,51.8696],[18.4816,51.8563],[18.472,51.851]]]},"properties":{"code":"3027","name":"powiat turecki","country":"PL","level":"district","parent":"30","grodzki":false,"type":"powiat"}},
{"type":"Feature","geometry":{"type":"Polygon","coordinates":[[[18.9342,50.1586],[18.9297,50.1484],[18.9341,50.1391],[18.9253,50.1323],[18.9347,50.1218],[18.9522,50.1235],[18.954,50.1115],[18.9331,50.0819],[18.9474,50.0842],[18.962,50.08],[18.9802,50.0798],[19.0014,50.0837],[19.0152,50.0794],[19.036,50.0808],[19.0361,50.0772],[19.0513,50.0823],[19.0497,50.0914],[19.0578,50.0904],[19.0548,50.1043],[19.0881,50.0994],[19.0864,50.1073],[19.0758,50.1084],[19.0876,50.1145],[19.0759,50.1193],[19.0816,50.1313],[19.0703,50.131],[19.0619,50.1392],[19.047,50.1397],[19.0373,50.1464],[19.0385,50.1637],[19.0222,50.1758],[18.9907,50.1706],[18.9489,50.1556],[18.9342,50.1586]]]},"properties":{"code":"2477","name":"powiat Tychy","country":"PL","level":"district","parent":"24","grodzki":true,"type":"miasto na prawach powiatu"}},
{"type":"Feature","geometry":{"type":"Polygon","coordinates":[[[19.415,49.7753],[19.4435,49.7887],[19.4457,49.7957],[19.4644,49.7979],[19.4753,49.789],[19.4905,49.7862],[19.5045,49.7904],[19.5085,49.787],[19.5277,49.7929],[19.5276,49.7985],[19.5395,49.8018],[19.5588,49.7962],[19.5712,49.7987],[19.5855,49.7942],[19.606,49.7927],[19.6282,49.7982],[19.6435,49.7956],[19.6441,49.8078],[19.6626,49.809],[19.6618,49.814],[19.684,49.8109],[19.7079,49.8036],[19.7259,49.8074],[19.731,49.821],[19.7456,49.8307],[19.7576,49.8301],[19.764,49.8315],[19.7655,49.8426],[19.7766,49.8478],[19.7775,49.867],[19.7892,49.8768],[19.8094,49.8813],[19.8103,49.8852],[19.8011,49.8892],[19.7727,49.893],[19.7577,49.9099],[19.7567,49.9165],[19.7424,49.9119],[19.7324,49.9177],[19.7176,49.9475],[19.7193,49.9581],[19.698,49.957],[19.6961,49.9485],[19.6762,49.9486],[19.6618,49.9532],[19.6522,49.9684],[19.6691,49.9787],[19.6508,49.9837],[19.6457,49.9912],[19.637,49.9806],[19.6233,49.9849],[19.6007,49.9823],[19.6048,49.9883],[19.5968,50.0006],[19.5921,49.9912],[19.5809,49.9889],[19.5662,50.0019],[19.5603,50.0121],[19.5376,50.024],[19.5171,50.0223],[19.5103,50.0257],[19.4831,50.0201],[19.4701,49.9881],[19.471,49.9702],[19.4644,49.9569],[19.4669,49.9411],[19.452,49.9366],[19.4213,49.9502],[19.4123,49.9642],[19.3809,49.9585],[19.3645,49.9476],[19.354,49.945],[19.3576,49.9383],[19.3565,49.9204],[19.3309,49.9228],[19.3089,49.9125],[19.2984,49.8938],[19.3161,49.884],[19.3157,49.8692],[19.29,49.8506],[19.2866,49.8164],[19.3033,49.7959],[19.3158,49.7845],[19.3168,49.7779],[19.3498,49.7714],[19.3661,49.7777],[19.373,49.7707],[19.3867,49.7696],[19.3995,49.7617],[19.4085,49.764],[19.415,49.7753]]]},"properties":{"code":"1218","name":"powiat wadowicki","country":"PL","level":"district","parent":"12","grodzki":false,"type":"powiat"}},
{"type":"Feature","geometry":{"type":"Polygon","coordinates":[[[16.2723,50.854],[16.254,50.8494],[16.2494,50.8381],[16.2597,50.8355],[16.247,50.8236],[16.2769,50.8168],[16.2639,50.807],[16.2798,50.7969],[16.2694,50.7904],[16.2595,50.798],[16.2399,50.7956],[16.2288,50.7728],[16.2338,50.7712],[16.2276,50.7509],[16.2387,50.7444],[16.2553,50.7421],[16.2531,50.7277],[16.263,50.7174],[16.3043,50.7237],[16.3086,50.7417],[16.3272,50.7457],[16.3432,50.7684],[16.3276,50.7804],[16.3507,50.7932],[16.3553,50.796],[16.3322,50.8105],[16.3547,50.8222],[16.3421,50.8386],[16.3285,50.8391],[16.319,50.8453],[16.2999,50.8496],[16.2806,50.8475],[16.2723,50.854]]]},"properties":{"code":"0265","name":"powiat Wałbrzych","country":"PL","level":"district","parent":"02","grodzki":true,"type":"miasto na prawach powiatu"}},
{"type":"Feature","geometry":{"type":"Polygon","coordinates":[[[16.3507,50.7932],[16.3276,50.7804],[16.3432,50.7684],[16.3272,50.7457],[16.3086,50.7417],[16.3043,50.7237],[16.263,50.7174],[16.2531,50.7277],[16.2553,50.7421],[16.2387,50.7444],[16.2276,50.7509],[16.2338,50.7712],[16.2288,50.7728],[16.2399,50.7956],[16.2595,50.798],[16.2694,50.7904],[16.2798,50.7969],[16.2639,50.807],[16.2769,50.8168],[16.247,50.8236],[16.2597,50.8355],[16.2494,50.8381],[16.254,50.8494],[16.2723,50.854],[16.2819,50.8597],[16.2794,50.8691],[16.2653,50.8771],[16.2448,50.8716],[16.2389,50.8747],[16.2396,50.8868],[16.2211,50.8843],[16.2039,50.8857],[16.1976,50.8715],[16.179,50.8639],[16.148,50.8635],[16.12,50.853],[16.103,50.8589],[16.0869,50.861],[16.0679,50.8263],[16.0812,50.8258],[16.0866,50.8201],[16.0724,50.8133],[16.0682,50.7908],[16.0756,50.7796],[16.0881,50.7764],[16.1078,50.7586],[16.1005,50.749],[16.112,50.7372],[16.116,50.7242],[16.1341,50.7095],[16.1493,50.7118],[16.1738,50.7086],[16.1795,50.6938],[16.1647,50.6831],[16.1535,50.6865],[16.1422,50.6804],[16.1122,50.6783],[16.1045,50.6677],[16.1073,50.6621],[16.1258,50.6606],[16.1395,50.6508],[16.1484,50.6533],[16.1704,50.6453],[16.1794,50.6287],[16.2174,50.6333],[16.2218,50.6502],[16.2339,50.6711],[16.2584,50.6671],[16.28,50.6681],[16.2818,50.6614],[16.305,50.6591],[16.3223,50.6666],[16.3431,50.6615],[16.3512,50.6479],[16.3625,50.6483],[16.3778,50.6369],[16.3866,50.6428],[16.4016,50.6442],[16.4054,50.6541],[16.4366,50.6482],[16.4472,50.6507],[16.4578,50.6605],[16.4766,50.668],[16.4797,50.6811],[16.4804,50.6934],[16.4927,50.699],[16.4837,50.7093],[16.4889,50.7144],[16.4825,50.7284],[16.4717,50.7366],[16.4591,50.738],[16.4619,50.7463],[16.4532,50.7519],[16.43,50.758],[16.4146,50.7585],[16.409,50.7664],[16.3906,50.7669],[16.3769,50.7861],[16.3666,50.7928],[16.3507,50.7932]]]},"properties":{"code":"0221","name":"powiat wałbrzyski","country":"PL","level":"district","parent":"02","grodzki":false,"type":"powiat"}},
{"type":"Feature","geometry":{"type":"Polygon","coordinates":[[[16.3905,53.131],[16.3983,53.1484],[16.3916,53.1578],[16.3992,53.1637],[16.4167,53.1489],[16.4325,53.1564],[16.445,53.1544],[16.455,53.1644],[16.4765,53.1703],[16.4838,53.1642],[16.4996,53.1633],[16.501,53.1726],[16.5206,53.1858],[16.5278,53.1997],[16.5396,53.2014],[16.5291,53.2138],[16.5357,53.2201],[16.5448,53.2172],[16.5594,53.2332],[16.5795,53.2271],[16.5957,53.2277],[16.5965,53.2176],[16.6096,53.2087],[16.6257,53.2086],[16.6202,53.2135],[16.6346,53.2199],[16.625,53.2264],[16.6323,53.2337],[16.6207,53.2336],[16.6294,53.2494],[16.6447,53.2556],[16.63,53.26],[16.6456,53.2679],[16.6578,53.2666],[16.6513,53.2806],[16.6621,53.2787],[16.6745,53.2901],[16.7145,53.2991],[16.6859,53.3078],[16.6782,53.3197],[16.6566,53.3209],[16.6235,53.3462],[16.5851,53.3467],[16.572,53.3584],[16.5626,53.353],[16.5512,53.3587],[16.5328,53.3758],[16.5257,53.3672],[16.5084,53.3761],[16.5102,53.3796],[16.4751,53.3881],[16.477,53.3974],[16.4666,53.4041],[16.4442,53.4522],[16.46,53.4527],[16.4639,53.4573],[16.4398,53.4593],[16.4333,53.4588],[16.4184,53.4416],[16.4067,53.4367],[16.3939,53.4214],[16.3848,53.4396],[16.3573,53.4319],[16.3711,53.4262],[16.3623,53.4209],[16.3412,53.4178],[16.3192,53.4072],[16.2915,53.4086],[16.2669,53.3982],[16.2176,53.3959],[16.1506,53.3761],[16.111,53.3802],[16.1065,53.3994],[16.0886,53.404],[16.0889,53.3988],[16.062,53.4073],[16.0561,53.3998],[16.0692,53.3971],[16.0719,53.3735],[16.0623,53.3657],[16.0565,53.3688],[16.0518,53.3856],[16.0367,53.4009],[16.0092,53.4038],[15.9861,53.3876],[15.9761,53.3764],[15.9844,53.3704],[15.974,53.3632],[15.9766,53.3559],[15.9982,53.3371],[15.9892,53.3219],[16.0082,53.3112],[16.0221,53.3108],[16.0244,53.3174],[16.0543,53.3157],[16.0463,53.3107],[16.0691,53.3117],[16.0628,53.2955],[16.076,53.289],[16.0292,53.2686],[16.019,53.2556],[16.0077,53.2508],[16.0036,53.2401],[16.0366,53.2321],[16.0232,53.2269],[16.0168,53.2073],[15.9991,53.1985],[15.9905,53.1791],[15.98,53.1721],[15.9628,53.129],[15.9862,53.1223],[15.982,53.1155],[15.9793,53.103],[15.9852,53.093],[15.9957,53.0894],[15.9943,53.0731],[15.9849,53.0644],[15.9897,53.0563],[15.9784,53.0568],[15.9625,53.0414],[16.0101,53.0337],[16.0231,53.0356],[16.045,53.0288],[16.0545,53.0216],[16.0835,53.0145],[16.1168,53.0121],[16.1378,53.0137],[16.1861,53.0336],[16.2295,53.0394],[16.2709,53.0492],[16.288,53.0442],[16.2949,53.0381],[16.3169,53.0367],[16.3161,53.0512],[16.324,53.058],[16.3391,53.0603],[16.3642,53.0822],[16.346,53.1124],[16.3599,53.1144],[16.363,53.123],[16.3905,53.131]]]},"properties":{"code":"3217","name":"powiat wałecki","country":"PL","level":"district","parent":"32","grodzki":false,"type":"powiat"}},
{"type":"Feature","geometry":{"type":"Polygon","coordinates":[[[20.9864,52.1176],[20.9845,52.1056],[21.0187,52.1037],[21.0352,52.1068],[21.0436,52.1129],[21.08,52.0978],[21.1009,52.1087],[21.1272,52.126],[21.1325,52.1232],[21.1549,52.1436],[21.165,52.1447],[21.1759,52.1485],[21.2136,52.152],[21.2347,52.1589],[21.2557,52.1472],[21.2625,52.1531],[21.254,52.1574],[21.2699,52.1741],[21.2598,52.1826],[21.2654,52.186],[21.2402,52.1959],[21.2491,52.207],[21.2617,52.2101],[21.2505,52.2226],[21.2544,52.2353],[21.2395,52.2363],[21.2379,52.245],[21.2537,52.2458],[21.2505,52.2627],[21.1904,52.2562],[21.1804,52.2566],[21.184,52.2678],[21.1712,52.2773],[21.1724,52.2888],[21.1643,52.2897],[21.1491,52.2793],[21.105,52.274],[21.1003,52.2847],[21.0876,52.2955],[21.0778,52.3219],[21.0895,52.3238],[21.0852,52.3374],[21.0817,52.3541],[21.0738,52.3673],[21.0606,52.3626],[21.0446,52.364],[21.0233,52.3574],[21.0095,52.3568],[21.0057,52.3641],[20.9713,52.359],[20.9661,52.3682],[20.9436,52.3664],[20.9392,52.3584],[20.9241,52.3596],[20.9151,52.354],[20.9237,52.3437],[20.9221,52.3237],[20.895,52.3213],[20.8884,52.3132],[20.8783,52.3121],[20.8758,52.2805],[20.8812,52.2796],[20.8787,52.2651],[20.8638,52.25],[20.891,52.247],[20.8896,52.2319],[20.8731,52.2291],[20.8709,52.2089],[20.8532,52.2045],[20.8531,52.1972],[20.856,52.1878],[20.8671,52.1908],[20.8672,52.1825],[20.8977,52.1825],[20.9147,52.1856],[20.9239,52.1663],[20.9538,52.1561],[20.9623,52.1482],[20.985,52.1391],[20.9799,52.128],[20.9864,52.1176]]]},"properties":{"code":"1465","name":"powiat Warszawa","country":"PL","level":"district","parent":"14","grodzki":true,"type":"miasto na prawach powiatu"}},
{"type":"Feature","geometry":{"type":"Polygon","coordinates":[[[20.8205,52.3789],[20.8145,52.3645],[20.8284,52.36],[20.8205,52.3461],[20.8015,52.3444],[20.7789,52.3506],[20.7772,52.3425],[20.7622,52.3231],[20.7405,52.3223],[20.7312,52.3481],[20.7056,52.3418],[20.687,52.3301],[20.6464,52.3148],[20.6201,52.3113],[20.6041,52.3337],[20.5538,52.3261],[20.5646,52.312],[20.5295,52.3119],[20.5342,52.2948],[20.476,52.2937],[20.4712,52.2851],[20.4404,52.292],[20.4298,52.2981],[20.4323,52.3048],[20.4485,52.3035],[20.4574,52.322],[20.4222,52.3213],[20.4215,52.3311],[20.4033,52.3289],[20.3799,52.3202],[20.3788,52.3082],[20.4128,52.3074],[20.407,52.2987],[20.3982,52.3039],[20.3856,52.3027],[20.3829,52.2948],[20.3651,52.2926],[20.3483,52.2945],[20.3464,52.288],[20.3265,52.288],[20.3169,52.2811],[20.3395,52.2809],[20.3357,52.2571],[20.344,52.2515],[20.3305,52.2434],[20.3451,52.2379],[20.3716,52.2383],[20.3774,52.229],[20.3843,52.242],[20.3941,52.2391],[20.3972,52.2458],[20.4169,52.2417],[20.4111,52.2192],[20.4255,52.2187],[20.4258,52.2343],[20.4426,52.241],[20.4677,52.2346],[20.4898,52.2381],[20.4891,52.2277],[20.4744,52.2214],[20.4892,52.2185],[20.4906,52.1932],[20.4804,52.1934],[20.4849,52.1838],[20.5074,52.1976],[20.5103,52.2032],[20.522,52.1964],[20.5158,52.1913],[20.5321,52.1895],[20.545,52.1651],[20.5798,52.1585],[20.6038,52.1576],[20.6308,52.1652],[20.6384,52.1698],[20.6413,52.1814],[20.6507,52.1755],[20.6551,52.1806],[20.6787,52.1871],[20.6958,52.1823],[20.699,52.1899],[20.7402,52.1876],[20.7479,52.1995],[20.7631,52.196],[20.7664,52.2011],[20.775,52.1905],[20.7856,52.1933],[20.816,52.1911],[20.8286,52.1966],[20.8531,52.1972],[20.8532,52.2045],[20.8709,52.2089],[20.8731,52.2291],[20.8896,52.2319],[20.891,52.247],[20.8638,52.25],[20.8787,52.2651],[20.8812,52.2796],[20.8758,52.2805],[20.8783,52.3121],[20.8884,52.3132],[20.895,52.3213],[20.9221,52.3237],[20.9237,52.3437],[20.9151,52.354],[20.912,52.3626],[20.8968,52.3746],[20.8761,52.3793],[20.8415,52.3768],[20.8205,52.3789]]]},"properties":{"code":"1432","name":"powiat warszawski zachodni","country":"PL","level":"district","parent":"14","grodzki":false,"type":"powiat"}},
{"type":"Feature","geometry":{"type":"Polygon","coordinates":[[[18.7618,53.2011],[18.8111,53.1838],[18.8457,53.1868],[18.8751,53.1848],[18.8895,53.1971],[18.8988,53.1837],[18.9133,53.1835],[18.9359,53.1898],[18.9391,53.1852],[18.9665,53.1882],[18.9882,53.2107],[19.0125,53.2027],[18.9993,53.1852],[19.016,53.1787],[19.0151,53.1726],[19.0483,53.1728],[19.0675,53.1794],[19.075,53.188],[19.0862,53.1848],[19.1069,53.1891],[19.0962,53.1927],[19.1071,53.1998],[19.1013,53.2052],[19.1181,53.215],[19.1326,53.2112],[19.1421,53.2275],[19.1335,53.2393],[19.1404,53.2466],[19.1324,53.256],[19.1135,53.2671],[19.1394,53.2771],[19.1298,53.3066],[19.1327,53.3222],[19.1514,53.3225],[19.1577,53.3279],[19.1457,53.333],[19.119,53.3353],[19.1224,53.3394],[19.1044,53.3512],[19.0839,53.3573],[19.1166,53.3736],[19.107,53.3807],[19.0923,53.3782],[19.0768,53.3927],[19.0543,53.3787],[19.039,53.3511],[19.0283,53.356],[19.0076,53.3533],[19.0043,53.3651],[18.9806,53.3628],[18.9753,53.3495],[18.9366,53.3399],[18.9322,53.3467],[18.8918,53.3423],[18.8848,53.332],[18.8563,53.3601],[18.8399,53.3655],[18.822,53.3832],[18.7934,53.3856],[18.7728,53.378],[18.749,53.3785],[18.7498,53.3684],[18.7242,53.3648],[18.7277,53.3586],[18.7189,53.3508],[18.7069,53.3539],[18.6957,53.3443],[18.7078,53.3394],[18.6994,53.3279],[18.738,53.3193],[18.7408,53.2977],[18.7239,53.2847],[18.7137,53.2816],[18.7389,53.2772],[18.7249,53.263],[18.7322,53.2582],[18.7766,53.2459],[18.7924,53.2511],[18.7725,53.2303],[18.7796,53.225],[18.8027,53.2202],[18.7926,53.2141],[18.7828,53.2163],[18.7623,53.2063],[18.7618,53.2011]]]},"properties":{"code":"0417","name":"powiat wąbrzeski","country":"PL","level":"district","parent":"04","grodzki":false,"type":"powiat"}},
{"type":"Feature","geometry":{"type":"Polygon","coordinates":[[[17.1514,52.574],[17.1567,52.5815],[17.1853,52.5764],[17.2131,52.5837],[17.2278,52.5913],[17.2258,52.5998],[17.2362,52.6095],[17.2587,52.6226],[17.2657,52.6349],[17.2739,52.6313],[17.3001,52.6421],[17.3168,52.646],[17.3362,52.6445],[17.3332,52.6497],[17.343,52.6786],[17.3355,52.6827],[17.3681,52.6828],[17.3788,52.6709],[17.3959,52.6742],[17.395,52.6857],[17.4163,52.6905],[17.4363,52.6892],[17.4384,52.6999],[17.4283,52.7076],[17.4357,52.7246],[17.4556,52.7289],[17.4585,52.7389],[17.4393,52.7504],[17.4217,52.7511],[17.4097,52.7571],[17.4144,52.7625],[17.4081,52.7715],[17.4109,52.7852],[17.4324,52.7839],[17.4528,52.7972],[17.4604,52.7868],[17.5029,52.7865],[17.5098,52.7958],[17.5045,52.8041],[17.521,52.8215],[17.5123,52.8318],[17.5158,52.8385],[17.5133,52.8549],[17.5271,52.8582],[17.5233,52.8742],[17.5285,52.8848],[17.5183,52.8857],[17.519,52.8968],[17.5125,52.9088],[17.5096,52.9178],[17.5186,52.928],[17.4983,52.9325],[17.4913,52.9458],[17.4573,52.9509],[17.4257,52.9674],[17.411,52.971],[17.3946,52.9824],[17.3686,52.9733],[17.3169,52.974],[17.317,52.99],[17.3016,52.9948],[17.3188,53.0205],[17.3324,53.019],[17.3367,53.0427],[17.3306,53.0512],[17.3239,53.0783],[17.289,53.084],[17.2922,53.0587],[17.2989,53.0512],[17.287,53.0356],[17.2534,53.0189],[17.2174,53.0226],[17.1882,53.015],[17.1852,53.0056],[17.1884,52.9893],[17.2033,52.98],[17.2017,52.9666],[17.1783,52.9574],[17.1743,52.9409],[17.1779,52.9359],[17.1618,52.932],[17.1577,52.9242],[17.165,52.9077],[17.1446,52.9068],[17.1391,52.9015],[17.0983,52.8968],[17.0787,52.8906],[17.0583,52.8771],[17.0698,52.8671],[17.0609,52.8528],[17.0427,52.8371],[17.0684,52.8272],[17.0482,52.8236],[17.027,52.83],[17.007,52.8284],[17.0031,52.8054],[17.0064,52.7823],[17.0217,52.7795],[17.0283,52.7738],[17.041,52.7774],[17.0695,52.7748],[17.068,52.7821],[17.0886,52.7793],[17.1161,52.7845],[17.1094,52.7693],[17.1183,52.7537],[17.1293,52.7468],[17.1317,52.7298],[17.1163,52.7272],[17.1058,52.713],[17.1219,52.6742],[17.1058,52.6886],[17.0866,52.6818],[17.0443,52.6854],[17.037,52.6899],[17.0329,52.6762],[17.0538,52.6691],[17.0611,52.6613],[17.058,52.6417],[17.0482,52.6431],[17.0443,52.6314],[17.0755,52.6406],[17.1008,52.6234],[17.122,52.6277],[17.1326,52.6197],[17.1223,52.6133],[17.1278,52.6046],[17.12,52.6023],[17.1185,52.5915],[17.1243,52.5857],[17.1303,52.5668],[17.1514,52.574]]]},"properties":{"code":"3028","name":"powiat wągrowiecki","country":"PL","level":"district","parent":"30","grodzki":false,"type":"powiat"}},
{"type":"Feature","geometry":{"type":"Polygon","coordinates":[[[17.8812,54.41],[17.9033,54.4104],[17.9279,54.4147],[17.947,54.4221],[17.9578,54.431],[17.9705,54.4342],[17.9917,54.4319],[18.0067,54.4242],[18.0275,54.4229],[18.0483,54.4335],[18.0666,54.4345],[18.0958,54.4291],[18.1054,54.4335],[18.1036,54.4198],[18.1172,54.4157],[18.1342,54.4178],[18.144,54.4082],[18.1668,54.4165],[18.1805,54.4176],[18.2043,54.4363],[18.2266,54.4381],[18.2296,54.4437],[18.2468,54.439],[18.2436,54.43],[18.2621,54.4251],[18.2782,54.4287],[18.3036,54.4251],[18.3294,54.4276],[18.3473,54.4242],[18.3647,54.4393],[18.3892,54.4376],[18.4167,54.4561],[18.4181,54.4656],[18.4078,54.4762],[18.3921,54.4931],[18.3773,54.4942],[18.3666,54.4897],[18.358,54.4932],[18.3797,54.5128],[18.3846,54.5222],[18.4026,54.5292],[18.3896,54.5423],[18.4144,54.5568],[18.4278,54.559],[18.431,54.5665],[18.4184,54.5819],[18.423,54.5917],[18.4095,54.6065],[18.4111,54.6131],[18.3878,54.6143],[18.3796,54.6231],[18.3816,54.6336],[18.3663,54.6421],[18.3453,54.6338],[18.3289,54.639],[18.3193,54.6361],[18.3117,54.6419],[18.2928,54.6438],[18.2946,54.6554],[18.2427,54.6482],[18.2336,54.6727],[18.2225,54.6663],[18.2051,54.6716],[18.2067,54.6764],[18.181,54.6861],[18.1871,54.6935],[18.1813,54.6997],[18.16,54.6916],[18.1587,54.6953],[18.1169,54.6993],[18.1049,54.7141],[18.0962,54.7188],[18.0928,54.7391],[18.0636,54.7753],[18.057,54.7942],[18.0368,54.7951],[18.038,54.7839],[18.0228,54.7768],[18.0389,54.757],[17.9995,54.7528],[17.9729,54.7617],[17.9573,54.7792],[17.9324,54.7782],[17.9331,54.788],[17.9179,54.7962],[17.9114,54.8118],[17.915,54.8274],[17.8268,54.8119],[17.7558,54.8037],[17.6665,54.7833],[17.6763,54.7716],[17.7038,54.7777],[17.7225,54.7743],[17.7251,54.756],[17.7435,54.7464],[17.7631,54.7443],[17.7725,54.7323],[17.7635,54.7337],[17.7493,54.7245],[17.769,54.7055],[17.7824,54.7018],[17.7885,54.6776],[17.797,54.6679],[17.8276,54.6659],[17.8268,54.6559],[17.8143,54.6362],[17.8161,54.6054],[17.801,54.6117],[17.7786,54.6145],[17.7844,54.5914],[17.7972,54.5878],[17.8137,54.5685],[17.8272,54.562],[17.8423,54.5647],[17.8472,54.5584],[17.8309,54.5534],[17.8383,54.5418],[17.8368,54.5248],[17.8242,54.5211],[17.8273,54.5126],[17.858,54.5147],[17.8651,54.501],[17.8799,54.4976],[17.8753,54.4915],[17.8866,54.4805],[17.8672,54.4758],[17.8458,54.4633],[17.8528,54.4439],[17.8774,54.4179],[17.8812,54.41]]]},"properties":{"code":"2215","name":"powiat wejherowski","country":"PL","level":"district","parent":"22","grodzki":false,"type":"powiat"}},
{"type":"Feature","geometry":{"type":"Polygon","coordinates":[[[21.5622,54.0808],[21.5734,54.0876],[21.5651,54.0983],[21.5837,54.1007],[21.6005,54.1127],[21.6261,54.117],[21.6497,54.114],[21.6722,54.1025],[21.7058,54.101],[21.7227,54.0971],[21.7365,54.1013],[21.746,54.0963],[21.7685,54.1004],[21.7744,54.092],[21.8167,54.0918],[21.825,54.1006],[21.8383,54.0998],[21.8874,54.0872],[21.8997,54.0923],[21.9153,54.1084],[21.9291,54.1139],[21.9376,54.1287],[21.9569,54.1329],[21.9777,54.1336],[22.0251,54.1391],[22.0202,54.1531],[22.0227,54.1725],[21.9975,54.1778],[21.9942,54.1957],[21.9688,54.2289],[21.9756,54.2337],[21.9598,54.2417],[21.9681,54.2437],[21.9845,54.2602],[21.9621,54.2845],[21.963,54.3062],[21.9675,54.3109],[21.9519,54.316],[21.9383,54.3333],[21.815,54.3312],[21.8004,54.3318],[21.6767,54.3268],[21.6349,54.3274],[21.5736,54.3254],[21.5593,54.3226],[21.5512,54.3162],[21.5505,54.3065],[21.5619,54.3008],[21.5645,54.2779],[21.5506,54.2738],[21.5382,54.2621],[21.5379,54.2435],[21.5644,54.2347],[21.5646,54.2245],[21.5829,54.2152],[21.586,54.2232],[21.6023,54.2201],[21.595,54.1956],[21.5537,54.1857],[21.5667,54.1702],[21.5779,54.1631],[21.5737,54.1464],[21.545,54.1439],[21.5567,54.1304],[21.5342,54.1289],[21.5311,54.1227],[21.5437,54.0895],[21.5587,54.0874],[21.5622,54.0808]]]},"properties":{"code":"2819","name":"powiat węgorzewski","country":"PL","level":"district","parent":"28","grodzki":false,"type":"powiat"}},
{"type":"Feature","geometry":{"type":"Polygon","coordinates":[[[21.7042,52.39],[21.7291,52.3872],[21.7339,52.3926],[21.7431,52.3726],[21.7533,52.3668],[21.754,52.3585],[21.7968,52.3528],[21.8035,52.3431],[21.7889,52.3373],[21.7606,52.3328],[21.7335,52.3348],[21.7238,52.3268],[21.7421,52.3237],[21.7381,52.3136],[21.7842,52.3077],[21.7684,52.2913],[21.795,52.2899],[21.7927,52.2631],[21.8168,52.2583],[21.8279,52.2507],[21.8339,52.2589],[21.846,52.2566],[21.8433,52.2442],[21.8591,52.2437],[21.8702,52.2356],[21.8703,52.2356],[21.8702,52.2356],[21.8703,52.2356],[21.8747,52.2316],[21.8611,52.2262],[21.8601,52.2154],[21.869,52.2111],[21.8732,52.2211],[21.8905,52.2278],[21.8994,52.2352],[21.9213,52.2374],[21.9214,52.2173],[21.9418,52.2164],[21.9675,52.2209],[22.0067,52.2156],[22.0212,52.2156],[22.0263,52.2101],[22.0488,52.2095],[22.0507,52.2274],[22.0724,52.2254],[22.0765,52.239],[22.0617,52.2437],[22.0527,52.255],[22.0549,52.2659],[22.0418,52.2768],[22.0424,52.2932],[22.067,52.2976],[22.0659,52.302],[22.0922,52.3143],[22.0815,52.3264],[22.0647,52.3335],[22.076,52.3382],[22.1071,52.3433],[22.1309,52.3546],[22.1339,52.361],[22.124,52.3718],[22.0898,52.3878],[22.085,52.3932],[22.0903,52.4099],[22.1357,52.4255],[22.1642,52.4469],[22.1552,52.454],[22.1572,52.4667],[22.1822,52.4606],[22.1573,52.4828],[22.1345,52.4761],[22.132,52.4861],[22.124,52.4863],[22.1315,52.5002],[22.1109,52.5065],[22.0956,52.505],[22.0964,52.5153],[22.0836,52.5325],[22.0539,52.5357],[22.0416,52.5468],[22.0636,52.561],[22.0393,52.5673],[22.0397,52.5739],[22.0044,52.5719],[21.9981,52.5894],[21.984,52.5901],[21.9904,52.6098],[21.9758,52.6119],[21.9998,52.6219],[22.0026,52.6305],[21.9995,52.647],[21.9574,52.6481],[21.944,52.6509],[21.9283,52.6427],[21.931,52.6577],[21.912,52.6576],[21.92,52.6699],[21.9217,52.6879],[21.9054,52.6946],[21.8958,52.703],[21.8796,52.6932],[21.8666,52.6989],[21.8415,52.6932],[21.8205,52.6846],[21.8034,52.6707],[21.7928,52.6752],[21.773,52.6649],[21.7282,52.6529],[21.7297,52.6433],[21.7106,52.6353],[21.7041,52.6426],[21.6952,52.6363],[21.6748,52.6304],[21.6836,52.6214],[21.6584,52.6153],[21.6699,52.6124],[21.657,52.6034],[21.6487,52.6134],[21.617,52.6125],[21.6223,52.6046],[21.616,52.6011],[21.591,52.602],[21.5848,52.605],[21.5675,52.6015],[21.586,52.589],[21.5788,52.5826],[21.5852,52.571],[21.599,52.5622],[21.597,52.5529],[21.598,52.5468],[21.6134,52.5291],[21.6224,52.5276],[21.6269,52.5172],[21.6424,52.5119],[21.6701,52.5073],[21.6781,52.5145],[21.7047,52.5093],[21.7106,52.5006],[21.7332,52.4838],[21.7379,52.4692],[21.7336,52.4547],[21.7271,52.4615],[21.7091,52.4563],[21.6655,52.4644],[21.6831,52.4551],[21.7082,52.431],[21.7137,52.4104],[21.7203,52.4048],[21.7042,52.39]]]},"properties":{"code":"1433","name":"powiat węgrowski","country":"PL","level":"district","parent":"14","grodzki":false,"type":"powiat"}},
{"type":"Feature","geometry":{"type":"Polygon","coordinates":[[[20.2173,50.0534],[20.21,50.0454],[20.1844,50.0481],[20.154,50.043],[20.1423,50.0457],[20.1251,50.0397],[20.1069,50.0424],[20.0922,50.038],[20.089,50.0449],[20.0677,50.0254],[20.0657,50.0078],[20.0481,50.004],[20.0478,49.999],[20.0185,50.0042],[20.0027,49.9991],[20.0186,49.9859],[20.0081,49.975],[19.9813,49.9726],[19.9822,49.9797],[19.9644,49.9777],[19.9634,49.9686],[19.9693,49.9602],[19.9823,49.9601],[19.9818,49.9493],[20.0037,49.9498],[20.0071,49.9405],[20.0013,49.9311],[20.006,49.9177],[20.0199,49.9099],[20.044,49.9196],[20.0618,49.9155],[20.0751,49.9197],[20.0765,49.9283],[20.1026,49.9181],[20.1099,49.9201],[20.1193,49.9122],[20.1128,49.9005],[20.1299,49.8877],[20.1556,49.8886],[20.1683,49.8939],[20.1777,49.8878],[20.1773,49.8761],[20.1973,49.8787],[20.1942,49.8739],[20.2065,49.868],[20.2188,49.8691],[20.2325,49.8636],[20.2489,49.8636],[20.2615,49.8751],[20.261,49.8825],[20.2713,49.8924],[20.2872,49.8938],[20.2862,49.9039],[20.3052,49.9134],[20.3014,49.9264],[20.3112,49.9312],[20.3055,49.9401],[20.315,49.9489],[20.3101,49.9629],[20.316,49.9678],[20.3078,49.9755],[20.3309,49.9769],[20.3333,49.9832],[20.345,49.9851],[20.3426,49.9947],[20.3239,49.998],[20.3208,50.0185],[20.3876,50.0221],[20.3829,50.0351],[20.3797,50.0646],[20.3661,50.0649],[20.37,50.0723],[20.3554,50.0706],[20.3537,50.0987],[20.3483,50.0999],[20.3396,50.0919],[20.2993,50.0979],[20.2887,50.0837],[20.2748,50.0768],[20.2596,50.0746],[20.2549,50.0662],[20.2342,50.0678],[20.2286,50.0592],[20.2173,50.0534]]]},"properties":{"code":"1219","name":"powiat wielicki","country":"PL","level":"district","parent":"12","grodzki":false,"type":"powiat"}},
{"type":"Feature","geometry":{"type":"Polygon","coordinates":[[[18.3497,51.1372],[18.3652,51.1382],[18.3817,51.1288],[18.4065,51.1241],[18.4189,51.1259],[18.4219,51.1171],[18.4543,51.1151],[18.4645,51.12],[18.4697,51.1044],[18.4814,51.0997],[18.4783,51.0923],[18.4895,51.0907],[18.4987,51.0996],[18.5156,51.1043],[18.5201,51.1162],[18.5155,51.1336],[18.5208,51.1403],[18.5537,51.1388],[18.5676,51.119],[18.5623,51.1065],[18.5808,51.0903],[18.5776,51.082],[18.6083,51.0817],[18.6235,51.0769],[18.6375,51.0634],[18.6607,51.0546],[18.673,51.0569],[18.7029,51.0644],[18.7315,51.0664],[18.7494,51.0623],[18.7679,51.0648],[18.7601,51.0698],[18.7715,51.0823],[18.7844,51.0856],[18.7795,51.0964],[18.7611,51.0934],[18.7479,51.1047],[18.7605,51.1015],[18.7541,51.12],[18.7648,51.1238],[18.7655,51.1303],[18.7903,51.1371],[18.7732,51.1416],[18.7794,51.1654],[18.7926,51.1698],[18.8184,51.1642],[18.8339,51.1667],[18.8214,51.1705],[18.8115,51.1831],[18.8272,51.1983],[18.7953,51.2086],[18.7876,51.2146],[18.8007,51.2337],[18.7935,51.2407],[18.7943,51.2558],[18.8147,51.2529],[18.8152,51.2602],[18.8306,51.2587],[18.8288,51.2643],[18.846,51.2703],[18.8614,51.2681],[18.8586,51.2755],[18.8663,51.2806],[18.8562,51.2908],[18.8885,51.3049],[18.8823,51.3162],[18.8613,51.3233],[18.8683,51.3346],[18.8854,51.3453],[18.8769,51.3516],[18.9078,51.3597],[18.8974,51.3643],[18.8932,51.3834],[18.8743,51.3838],[18.857,51.4019],[18.8489,51.3974],[18.8301,51.3957],[18.8218,51.4048],[18.803,51.4105],[18.7827,51.4102],[18.7807,51.3964],[18.7888,51.3906],[18.7682,51.3799],[18.7668,51.3652],[18.7296,51.3611],[18.7251,51.3572],[18.7002,51.3593],[18.6854,51.352],[18.6803,51.3593],[18.6626,51.3585],[18.6202,51.3675],[18.6168,51.3808],[18.5929,51.3743],[18.5735,51.3824],[18.5612,51.3836],[18.5626,51.3775],[18.5376,51.3732],[18.5368,51.3638],[18.5478,51.3404],[18.51,51.334],[18.4895,51.333],[18.4982,51.3278],[18.5036,51.3145],[18.495,51.2972],[18.4865,51.3034],[18.4755,51.3035],[18.4774,51.3122],[18.4668,51.3128],[18.4605,51.3251],[18.4327,51.3216],[18.418,51.3152],[18.4053,51.3162],[18.4015,51.2773],[18.388,51.2752],[18.3698,51.2641],[18.3623,51.2253],[18.3658,51.2173],[18.3475,51.1864],[18.3541,51.1604],[18.3497,51.1372]]]},"properties":{"code":"1017","name":"powiat wieluński","country":"PL","level":"district","parent":"10","grodzki":false,"type":"powiat"}},
{"type":"Feature","geometry":{"type":"Polygon","coordinates":[[[18.5612,51.3836],[18.5215,51.3846],[18.5196,51.3902],[18.5025,51.3961],[18.4642,51.3994],[18.4268,51.3977],[18.404,51.3934],[18.3436,51.3884],[18.3293,51.3919],[18.332,51.4075],[18.3263,51.4198],[18.296,51.4295],[18.2553,51.4388],[18.2279,51.4519],[18.2127,51.4543],[18.2149,51.4474],[18.1882,51.4412],[18.2063,51.4328],[18.2114,51.4235],[18.2039,51.4168],[18.2076,51.404],[18.1929,51.3876],[18.1492,51.3915],[18.1388,51.3792],[18.1379,51.3781],[18.1388,51.3792],[18.1379,51.3781],[18.1351,51.3608],[18.1266,51.3576],[18.0986,51.362],[18.0745,51.3499],[18.0934,51.3411],[18.0924,51.3257],[18.1128,51.3108],[18.1098,51.2932],[18.12,51.2866],[18.105,51.2855],[18.1031,51.2804],[18.1159,51.2775],[18.1034,51.2683],[18.11,51.2602],[18.1264,51.2689],[18.138,51.2641],[18.1533,51.264],[18.1507,51.2732],[18.1703,51.2714],[18.1675,51.2429],[18.1749,51.2382],[18.1796,51.2222],[18.1652,51.2123],[18.1621,51.1923],[18.1736,51.1919],[18.1637,51.1725],[18.1667,51.1647],[18.1857,51.1576],[18.2202,51.1548],[18.2399,51.1588],[18.2595,51.1577],[18.2773,51.1478],[18.289,51.1465],[18.3053,51.1353],[18.315,51.134],[18.3326,51.1392],[18.3497,51.1372],[18.3541,51.1604],[18.3475,51.1864],[18.3658,51.2173],[18.3623,51.2253],[18.3698,51.2641],[18.388,51.2752],[18.4015,51.2773],[18.4053,51.3162],[18.418,51.3152],[18.4327,51.3216],[18.4605,51.3251],[18.4668,51.3128],[18.4774,51.3122],[18.4755,51.3035],[18.4865,51.3034],[18.495,51.2972],[18.5036,51.3145],[18.4982,51.3278],[18.4895,51.333],[18.51,51.334],[18.5478,51.3404],[18.5368,51.3638],[18.5376,51.3732],[18.5626,51.3775],[18.5612,51.3836]]]},"properties":{"code":"1018","name":"powiat wieruszowski","country":"PL","level":"district","parent":"10","grodzki":false,"type":"powiat"}},
{"type":"Feature","geometry":{"type":"Polygon","coordinates":[[[18.9825,52.736],[18.9521,52.7317],[18.9546,52.7211],[18.9431,52.7187],[18.9394,52.6966],[18.9624,52.6896],[18.987,52.6876],[19.0175,52.6759],[19.0099,52.6721],[19.0263,52.6601],[19.0262,52.656],[19.0065,52.6435],[19.0194,52.6446],[19.0283,52.638],[19.0204,52.6338],[19.0251,52.6237],[19.004,52.6028],[19.0105,52.5948],[19.0466,52.6003],[19.0508,52.6174],[19.059,52.6342],[19.071,52.6248],[19.0897,52.6214],[19.0972,52.6104],[19.1063,52.6133],[19.1083,52.6302],[19.1366,52.6305],[19.1497,52.6265],[19.172,52.6351],[19.1659,52.6386],[19.1763,52.6559],[19.1826,52.6613],[19.1704,52.6692],[19.1591,52.6663],[19.1093,52.6689],[19.0823,52.6795],[19.0559,52.6845],[19.0423,52.6899],[19.0233,52.6871],[19.0009,52.7141],[18.9923,52.7189],[18.9825,52.736]]]},"properties":{"code":"0464","name":"powiat Włocławek","country":"PL","level":"district","parent":"04","grodzki":true,"type":"miasto na prawach powiatu"}},
{"type":"Feature","geometry":{"type":"MultiPolygon","coordinates":[[[[19.0718,52.7794],[19.0421,52.7736],[19.0434,52.7619],[19.0646,52.7559],[19.0835,52.7676],[19.0718,52.7794]]],[[[19.0009,52.7141],[19.0233,52.6871],[19.0423,52.6899],[19.0559,52.6845],[19.0823,52.6795],[19.1093,52.6689],[19.1591,52.6663],[19.1704,52.6692],[19.1826,52.6613],[19.181,52.6746],[19.189,52.6798],[19.1695,52.6953],[19.177,52.705],[19.1674,52.7097],[19.1762,52.7251],[19.1488,52.7293],[19.1398,52.7407],[19.1223,52.7393],[19.102,52.7423],[19.1003,52.7503],[19.0859,52.7477],[19.0816,52.7334],[19.0557,52.7358],[19.0385,52.7245],[19.0313,52.7258],[19.0274,52.7074],[19.0127,52.7173],[19.0009,52.7141]]],[[[19.2892,52.3927],[19.2804,52.4055],[19.293,52.4112],[19.2966,52.4237],[19.2867,52.433],[19.2618,52.4357],[19.2592,52.4426],[19.2681,52.4488],[19.2845,52.4499],[19.2991,52.4453],[19.3194,52.4488],[19.3332,52.4668],[19.3389,52.4798],[19.3579,52.4816],[19.3541,52.4879],[19.3721,52.5072],[19.3957,52.5129],[19.3861,52.5191],[19.3592,52.5215],[19.3217,52.5292],[19.3196,52.5349],[19.3381,52.534],[19.3488,52.5281],[19.3554,52.5371],[19.3411,52.5671],[19.3782,52.5686],[19.3949,52.5773],[19.3952,52.5901],[19.4193,52.5994],[19.425,52.6114],[19.3958,52.622],[19.3713,52.6248],[19.3695,52.6285],[19.3412,52.6314],[19.3381,52.6273],[19.2959,52.6283],[19.2975,52.6316],[19.2478,52.6393],[19.2068,52.6504],[19.1763,52.6559],[19.1659,52.6386],[19.172,52.6351],[19.1497,52.6265],[19.1366,52.6305],[19.1083,52.6302],[19.1063,52.6133],[19.0972,52.6104],[19.0897,52.6214],[19.071,52.6248],[19.059,52.6342],[19.0508,52.6174],[19.0466,52.6003],[19.0105,52.5948],[19.004,52.6028],[19.0251,52.6237],[19.0204,52.6338],[19.0283,52.638],[19.0194,52.6446],[19.0065,52.6435],[19.0262,52.656],[19.0263,52.6601],[19.0099,52.6721],[19.0175,52.6759],[18.987,52.6876],[18.9624,52.6896],[18.9394,52.6966],[18.9431,52.7187],[18.9546,52.7211],[18.9521,52.7317],[18.9825,52.736],[18.9649,52.7438],[18.9571,52.7524],[18.9564,52.7658],[18.9386,52.7826],[18.903,52.7787],[18.8985,52.7723],[18.8602,52.7713],[18.8483,52.7737],[18.8358,52.7687],[18.8276,52.751],[18.8171,52.7427],[18.8431,52.7403],[18.8477,52.7305],[18.8496,52.7075],[18.8609,52.704],[18.8568,52.67],[18.8394,52.6741],[18.8458,52.6607],[18.8578,52.6523],[18.8657,52.6356],[18.8286,52.6484],[18.8078,52.6211],[18.8184,52.6188],[18.8105,52.6057],[18.7811,52.6121],[18.7681,52.5989],[18.7516,52.5955],[18.7467,52.5902],[18.7456,52.5697],[18.7369,52.57],[18.7321,52.5614],[18.7525,52.5492],[18.7583,52.5419],[18.7443,52.5265],[18.7477,52.5162],[18.734,52.4947],[18.7452,52.4946],[18.7304,52.4571],[18.7136,52.4494],[18.6972,52.4541],[18.7,52.4408],[18.7207,52.4276],[18.704,52.4217],[18.6848,52.428],[18.6771,52.4176],[18.6826,52.4112],[18.6811,52.4002],[18.7108,52.4007],[18.7183,52.39],[18.7322,52.38],[18.7325,52.3736],[18.754,52.361],[18.7511,52.3463],[18.7555,52.3328],[18.7786,52.3344],[18.7872,52.342],[18.8142,52.3524],[18.8356,52.3431],[18.8555,52.3484],[18.88,52.3638],[18.9125,52.3662],[18.9113,52.3784],[18.929,52.3788],[18.9208,52.3989],[18.9408,52.3915],[18.9551,52.379],[18.9754,52.375],[18.98,52.3646],[18.9669,52.3612],[18.9701,52.3553],[18.9822,52.3565],[19.0081,52.3493],[19.0053,52.3398],[19.02,52.3379],[19.029,52.3321],[19.0471,52.3328],[19.06,52.3324],[19.0687,52.3378],[19.1008,52.3479],[19.124,52.3428],[19.1482,52.3468],[19.1596,52.3408],[19.1874,52.3485],[19.1996,52.36],[19.2007,52.3513],[19.2183,52.3412],[19.2249,52.3442],[19.2091,52.3535],[19.2101,52.3656],[19.2367,52.3622],[19.2364,52.3693],[19.2639,52.3842],[19.2727,52.3939],[19.2892,52.3927]]]]},"properties":{"code":"0418","name":"powiat włocławski","country":"PL","level":"district","parent":"04","grodzki":false,"type":"powiat"}},
{"type":"Feature","geometry":{"type":"Polygon","coordinates":[[[23.5306,51.7431],[23.51,51.7499],[23.5187,51.7603],[23.483,51.772],[23.4877,51.7771],[23.4652,51.7806],[23.4554,51.777],[23.4484,51.7651],[23.4514,51.7558],[23.447,51.7421],[23.4143,51.7429],[23.4001,51.7368],[23.4004,51.7285],[23.4141,51.7224],[23.4073,51.7132],[23.3966,51.7093],[23.3592,51.6863],[23.3308,51.6761],[23.3284,51.666],[23.3361,51.6571],[23.3209,51.6566],[23.3196,51.6368],[23.3109,51.6278],[23.2528,51.6324],[23.2483,51.6263],[23.2562,51.6114],[23.2283,51.6058],[23.2277,51.619],[23.2018,51.6144],[23.202,51.6089],[23.1783,51.5959],[23.1778,51.5781],[23.1637,51.5773],[23.1469,51.5591],[23.1548,51.5561],[23.1874,51.5331],[23.1954,51.5309],[23.2068,51.5169],[23.2161,51.5141],[23.1927,51.467],[23.1765,51.4593],[23.1035,51.4656],[23.0912,51.4621],[23.0997,51.4455],[23.0852,51.4474],[23.0808,51.4395],[23.0675,51.4337],[23.0636,51.4215],[23.0736,51.4139],[23.0589,51.3999],[23.0794,51.3958],[23.0939,51.3778],[23.0915,51.3671],[23.0995,51.3619],[23.119,51.3718],[23.1182,51.3645],[23.1284,51.3606],[23.1396,51.3662],[23.1423,51.3611],[23.1549,51.3635],[23.1641,51.3734],[23.1719,51.3682],[23.166,51.3619],[23.1805,51.3539],[23.1952,51.358],[23.2167,51.349],[23.2341,51.3281],[23.2693,51.3297],[23.2837,51.3453],[23.285,51.3623],[23.322,51.3588],[23.3334,51.353],[23.3523,51.3496],[23.3675,51.3549],[23.393,51.3533],[23.4319,51.3639],[23.4374,51.3572],[23.4593,51.348],[23.4581,51.3545],[23.4668,51.3702],[23.4779,51.3741],[23.5087,51.3584],[23.5111,51.347],[23.4995,51.348],[23.5079,51.3252],[23.5595,51.3168],[23.5545,51.2954],[23.5793,51.3006],[23.5954,51.2733],[23.6057,51.2756],[23.6051,51.2656],[23.6278,51.2648],[23.6484,51.2692],[23.6554,51.2767],[23.6942,51.2732],[23.7093,51.2773],[23.6857,51.2904],[23.663,51.2924],[23.6562,51.287],[23.646,51.2918],[23.6519,51.3003],[23.6395,51.3099],[23.6361,51.3291],[23.6562,51.3391],[23.6563,51.3586],[23.6691,51.3622],[23.6668,51.3678],[23.6866,51.3686],[23.6806,51.3801],[23.687,51.3891],[23.6769,51.3941],[23.6903,51.3986],[23.7005,51.4099],[23.6768,51.4305],[23.6831,51.4453],[23.6751,51.4413],[23.6513,51.4455],[23.6534,51.4593],[23.6687,51.4715],[23.6703,51.4825],[23.6581,51.4906],[23.6382,51.4856],[23.6211,51.4959],[23.6173,51.5102],[23.6247,51.5144],[23.593,51.5354],[23.5874,51.5295],[23.5651,51.5344],[23.5657,51.5508],[23.5777,51.5579],[23.5678,51.5624],[23.5671,51.5792],[23.5532,51.5836],[23.549,51.5977],[23.5425,51.6003],[23.5464,51.6219],[23.5412,51.6355],[23.5487,51.641],[23.5374,51.6446],[23.5445,51.6615],[23.5578,51.6647],[23.5491,51.6839],[23.5581,51.7016],[23.5471,51.7238],[23.5345,51.7232],[23.527,51.7298],[23.5306,51.7431]]]},"properties":{"code":"0619","name":"powiat włodawski","country":"PL","level":"district","parent":"06","grodzki":false,"type":"powiat"}},
{"type":"Feature","geometry":{"type":"Polygon","coordinates":[[[19.9035,50.6196],[19.9228,50.6198],[19.9246,50.6237],[19.9504,50.6158],[19.9528,50.6287],[19.9686,50.6332],[20.0011,50.6233],[20.0318,50.6336],[20.0245,50.6543],[20.0266,50.6616],[20.0419,50.6707],[20.0569,50.6687],[20.0467,50.684],[20.0541,50.6859],[20.0729,50.68],[20.0814,50.6941],[20.1016,50.7056],[20.0924,50.7153],[20.08,50.7156],[20.0629,50.723],[20.065,50.7305],[20.0524,50.7402],[20.0606,50.7452],[20.0699,50.7591],[20.0816,50.7616],[20.08,50.7723],[20.0951,50.7729],[20.1044,50.7899],[20.1039,50.8001],[20.1157,50.8076],[20.1248,50.8329],[20.1418,50.8433],[20.1792,50.8388],[20.1958,50.8256],[20.2131,50.8195],[20.2226,50.8265],[20.216,50.83],[20.2412,50.8485],[20.2266,50.863],[20.2496,50.8653],[20.2426,50.8684],[20.2253,50.8641],[20.1995,50.8685],[20.227,50.8938],[20.2261,50.9009],[20.2042,50.9207],[20.1756,50.9297],[20.1677,50.9368],[20.1535,50.9304],[20.1289,50.9419],[20.1242,50.9492],[20.1063,50.9615],[20.0925,50.9641],[20.118,50.9846],[20.0897,50.9808],[20.0791,50.9869],[20.0579,50.9808],[20.0395,50.9902],[20.0346,50.9723],[20.0175,50.9624],[19.9559,50.9921],[19.9588,51.0022],[19.9484,51.0131],[19.9357,51.0111],[19.9369,51.0246],[19.8972,51.0286],[19.8862,51.0476],[19.8752,51.0469],[19.866,51.0365],[19.8658,51.0202],[19.8597,51.0145],[19.8637,51.0061],[19.8471,50.9937],[19.8295,50.9677],[19.8331,50.9499],[19.8417,50.9484],[19.8488,50.9357],[19.8325,50.916],[19.8234,50.9155],[19.8089,50.9071],[19.7968,50.9084],[19.7866,50.8871],[19.7765,50.8851],[19.7739,50.8777],[19.7471,50.866],[19.7923,50.8508],[19.8194,50.8385],[19.8322,50.8197],[19.8186,50.8207],[19.8234,50.8056],[19.807,50.8022],[19.7969,50.8166],[19.7842,50.8178],[19.7761,50.7995],[19.7954,50.7837],[19.7705,50.7773],[19.7417,50.7547],[19.7266,50.771],[19.7225,50.7595],[19.7058,50.7618],[19.7044,50.7523],[19.7195,50.733],[19.7129,50.7292],[19.755,50.716],[19.7788,50.7217],[19.8017,50.7171],[19.8108,50.7254],[19.8083,50.7059],[19.8433,50.7057],[19.8504,50.6907],[19.8717,50.693],[19.873,50.683],[19.8616,50.6795],[19.8587,50.671],[19.8644,50.6643],[19.8329,50.6672],[19.8411,50.6629],[19.8352,50.6514],[19.8571,50.6459],[19.8756,50.647],[19.8888,50.6366],[19.9098,50.642],[19.9222,50.6394],[19.909,50.6299],[19.9035,50.6196]]]},"properties":{"code":"2613","name":"powiat włoszczowski","country":"PL","level":"district","parent":"26","grodzki":false,"type":"powiat"}},
{"type":"Feature","geometry":{"type":"Polygon","coordinates":[[[18.5396,49.9257],[18.5151,49.9337],[18.5225,49.9478],[18.5409,49.9467],[18.5468,49.9534],[18.5573,49.9539],[18.5564,49.9647],[18.5739,49.9762],[18.6118,49.9787],[18.603,49.9911],[18.59,49.9989],[18.5781,49.9988],[18.572,49.9985],[18.5721,49.9985],[18.572,49.9985],[18.5721,49.9985],[18.5704,50.0036],[18.5741,50.0059],[18.5551,50.0143],[18.5495,50.0335],[18.5232,50.0382],[18.5049,50.0372],[18.5009,50.0488],[18.4794,50.0526],[18.4799,50.0596],[18.4527,50.0588],[18.4633,50.0694],[18.4614,50.0804],[18.4417,50.0812],[18.4425,50.0863],[18.4424,50.0864],[18.4288,50.087],[18.4001,50.0709],[18.3788,50.0752],[18.3811,50.0684],[18.3491,50.0576],[18.3493,50.0527],[18.3332,50.0567],[18.3074,50.0514],[18.2764,50.0488],[18.2594,50.058],[18.2468,50.0579],[18.2391,50.0457],[18.2639,50.0268],[18.2634,50.0218],[18.276,50.0166],[18.2772,50.0058],[18.2842,49.9967],[18.3254,49.9549],[18.333,49.9494],[18.356,49.9441],[18.3677,49.9368],[18.3921,49.934],[18.4308,49.9382],[18.4327,49.9285],[18.4442,49.9234],[18.4614,49.9228],[18.4851,49.9063],[18.5295,49.8998],[18.547,49.9091],[18.5399,49.912],[18.5396,49.9257]]]},"properties":{"code":"2415","name":"powiat wodzisławski","country":"PL","level":"district","parent":"24","grodzki":false,"type":"powiat"}},
{"type":"Feature","geometry":{"type":"Polygon","coordinates":[[[16.4264,51.9737],[16.4415,51.9899],[16.4525,52.0081],[16.4653,52.0082],[16.4657,52.0161],[16.4495,52.0227],[16.4467,52.0336],[16.431,52.0419],[16.4185,52.0422],[16.4014,52.0491],[16.3957,52.0474],[16.3767,52.0546],[16.37,52.0755],[16.3465,52.0777],[16.3405,52.0841],[16.2832,52.0579],[16.2759,52.071],[16.2521,52.0943],[16.2517,52.0995],[16.2146,52.0943],[16.2143,52.1023],[16.2039,52.1063],[16.2131,52.1193],[16.1981,52.1127],[16.1821,52.1225],[16.1705,52.1394],[16.1588,52.1417],[16.1473,52.1516],[16.1512,52.1594],[16.1703,52.1689],[16.1592,52.1759],[16.1452,52.1716],[16.1274,52.1722],[16.1067,52.1626],[16.0737,52.1684],[16.0874,52.1758],[16.0832,52.1827],[16.0631,52.1797],[16.0846,52.1924],[16.0834,52.2052],[16.0756,52.2081],[16.0825,52.2228],[16.082,52.2368],[16.0725,52.2437],[16.0547,52.2467],[16.0426,52.2306],[15.9963,52.232],[16.0018,52.2192],[15.987,52.2127],[15.9497,52.215],[15.9382,52.1967],[15.908,52.1999],[15.8883,52.186],[15.8901,52.1831],[15.861,52.1828],[15.8584,52.169],[15.8831,52.1628],[15.8836,52.1559],[15.875,52.1305],[15.8568,52.124],[15.8495,52.1135],[15.8333,52.1111],[15.8603,52.0865],[15.8771,52.088],[15.9245,52.0675],[15.9325,52.0876],[15.9414,52.0885],[15.9674,52.082],[15.9884,52.0672],[15.9877,52.0622],[16.0055,52.0543],[15.9917,52.0504],[15.9945,52.0352],[15.966,52.0339],[15.966,52.0267],[15.9692,52.0026],[15.9871,51.9984],[15.9855,52.0039],[16.0031,51.9956],[16.0106,51.9814],[16.0606,51.9772],[16.0796,51.9828],[16.106,51.9968],[16.1229,51.9931],[16.1332,51.9724],[16.1373,51.9544],[16.1239,51.9514],[16.1306,51.9436],[16.1262,51.9339],[16.1431,51.9365],[16.1706,51.9359],[16.2013,51.9424],[16.2359,51.9384],[16.2435,51.9332],[16.2816,51.9296],[16.2881,51.9458],[16.3078,51.9614],[16.3179,51.9621],[16.3161,51.9733],[16.3314,51.9866],[16.3448,51.9819],[16.3645,51.9843],[16.3684,51.9905],[16.3872,51.9923],[16.3659,51.9844],[16.3809,51.9771],[16.3924,51.9813],[16.4264,51.9737]]]},"properties":{"code":"3029","name":"powiat wolsztyński","country":"PL","level":"district","parent":"30","grodzki":false,"type":"powiat"}},
{"type":"Feature","geometry":{"type":"Polygon","coordinates":[[[21.0852,52.3374],[21.0895,52.3238],[21.0778,52.3219],[21.0876,52.2955],[21.1003,52.2847],[21.105,52.274],[21.1491,52.2793],[21.1643,52.2897],[21.1724,52.2888],[21.1712,52.2773],[21.184,52.2678],[21.1804,52.2566],[21.1904,52.2562],[21.2505,52.2627],[21.2955,52.2675],[21.2898,52.2755],[21.2977,52.2789],[21.3199,52.2748],[21.3471,52.2742],[21.3905,52.267],[21.4398,52.2625],[21.4593,52.2705],[21.4228,52.2849],[21.4025,52.2864],[21.4173,52.2923],[21.4044,52.2949],[21.394,52.3029],[21.4011,52.3049],[21.4608,52.3029],[21.4928,52.2919],[21.4975,52.3015],[21.4871,52.3058],[21.4973,52.3293],[21.5106,52.3271],[21.5191,52.3377],[21.5677,52.3408],[21.5827,52.3446],[21.58,52.3612],[21.5933,52.3593],[21.6235,52.3491],[21.6129,52.3625],[21.6303,52.3616],[21.6188,52.3706],[21.6328,52.3701],[21.6425,52.3788],[21.6542,52.3795],[21.6674,52.3743],[21.6793,52.3769],[21.6726,52.3877],[21.6892,52.3886],[21.7055,52.3785],[21.7042,52.39],[21.7203,52.4048],[21.7137,52.4104],[21.7082,52.431],[21.6831,52.4551],[21.6655,52.4644],[21.7091,52.4563],[21.7271,52.4615],[21.7336,52.4547],[21.7379,52.4692],[21.7332,52.4838],[21.7106,52.5006],[21.7047,52.5093],[21.6781,52.5145],[21.6701,52.5073],[21.6424,52.5119],[21.6269,52.5172],[21.6224,52.5276],[21.6134,52.5291],[21.598,52.5468],[21.597,52.5529],[21.5578,52.5535],[21.5518,52.5366],[21.5564,52.5204],[21.5795,52.5179],[21.5764,52.5101],[21.5406,52.5125],[21.5294,52.4956],[21.5264,52.482],[21.5071,52.4831],[21.5071,52.4768],[21.4822,52.4717],[21.4788,52.4774],[21.4443,52.4736],[21.4268,52.4629],[21.3796,52.4712],[21.3843,52.4817],[21.3566,52.4866],[21.3521,52.503],[21.313,52.5026],[21.3149,52.5185],[21.3059,52.533],[21.2845,52.5296],[21.2557,52.5333],[21.2253,52.5337],[21.1946,52.5265],[21.1762,52.5278],[21.1723,52.5162],[21.1629,52.5094],[21.1428,52.519],[21.1276,52.5184],[21.0945,52.5083],[21.0802,52.5078],[21.0646,52.4777],[21.0925,52.477],[21.0917,52.471],[21.1087,52.4563],[21.1114,52.4421],[21.0976,52.4319],[21.1208,52.4112],[21.1166,52.4066],[21.0961,52.4018],[21.0978,52.3832],[21.1076,52.3703],[21.1167,52.3684],[21.1009,52.3495],[21.0852,52.3374]]]},"properties":{"code":"1434","name":"powiat wołomiński","country":"PL","level":"district","parent":"14","grodzki":false,"type":"powiat"}},
{"type":"Feature","geometry":{"type":"Polygon","coordinates":[[[16.4721,51.2306],[16.5017,51.2264],[16.5332,51.2432],[16.5474,51.2431],[16.5792,51.2488],[16.5976,51.2399],[16.6071,51.2458],[16.6294,51.2512],[16.6406,51.246],[16.6761,51.2497],[16.6916,51.2413],[16.7195,51.254],[16.7249,51.2597],[16.7509,51.257],[16.7622,51.2613],[16.7805,51.2573],[16.8006,51.2587],[16.8101,51.2739],[16.8123,51.2938],[16.7997,51.3028],[16.8107,51.3035],[16.8119,51.3155],[16.8008,51.316],[16.8081,51.3347],[16.7937,51.3435],[16.7785,51.3434],[16.7914,51.3557],[16.7752,51.362],[16.7992,51.3912],[16.7907,51.3932],[16.7718,51.4065],[16.7905,51.4102],[16.7984,51.4208],[16.7891,51.4251],[16.7906,51.4362],[16.7981,51.44],[16.7968,51.4562],[16.7839,51.4713],[16.7591,51.4705],[16.7643,51.4853],[16.7408,51.486],[16.7086,51.4913],[16.6945,51.4966],[16.6614,51.4948],[16.6572,51.4906],[16.6421,51.4923],[16.6499,51.515],[16.6183,51.5178],[16.6012,51.5156],[16.5819,51.5025],[16.5602,51.5052],[16.5611,51.5097],[16.5406,51.5112],[16.5226,51.5027],[16.5042,51.5091],[16.492,51.5003],[16.4673,51.5015],[16.4546,51.4936],[16.4494,51.4772],[16.4508,51.4659],[16.4384,51.4275],[16.4456,51.4206],[16.4446,51.4076],[16.4553,51.4023],[16.4766,51.3692],[16.4668,51.3536],[16.4583,51.3505],[16.4534,51.3399],[16.4608,51.3257],[16.4459,51.3173],[16.4157,51.2937],[16.4303,51.2792],[16.4411,51.2737],[16.4556,51.2729],[16.4644,51.2665],[16.459,51.2577],[16.47,51.252],[16.4721,51.2306]]]},"properties":{"code":"0222","name":"powiat wołowski","country":"PL","level":"district","parent":"02","grodzki":false,"type":"powiat"}},
{"type":"Feature","geometry":{"type":"Polygon","coordinates":[[[16.8307,51.1118],[16.8519,51.1093],[16.859,51.1003],[16.8873,51.0934],[16.8897,51.099],[16.9229,51.0978],[16.9189,51.0809],[16.9354,51.0822],[16.9581,51.0674],[16.9551,51.0587],[16.9664,51.0491],[16.9717,51.0554],[16.9927,51.0561],[16.9998,51.0493],[17.0119,51.0542],[17.0099,51.0465],[17.0278,51.0427],[17.0311,51.05],[17.0507,51.0444],[17.0657,51.0503],[17.0652,51.059],[17.0857,51.0467],[17.1034,51.0453],[17.1072,51.0509],[17.0958,51.0594],[17.1114,51.0792],[17.1203,51.0831],[17.1298,51.0795],[17.151,51.0822],[17.1712,51.096],[17.1722,51.1115],[17.1369,51.1278],[17.1505,51.1446],[17.1573,51.1785],[17.1312,51.1799],[17.1248,51.1707],[17.1003,51.1759],[17.0801,51.1752],[17.0776,51.1659],[17.0654,51.1649],[17.0432,51.1733],[17.0277,51.1753],[17.0225,51.1859],[16.9999,51.1833],[17.0009,51.1975],[16.9796,51.2055],[16.958,51.2094],[16.9495,51.2031],[16.9213,51.1969],[16.9051,51.2095],[16.8823,51.2037],[16.8881,51.1875],[16.8754,51.1809],[16.8527,51.1779],[16.8276,51.1836],[16.8211,51.1718],[16.8276,51.1588],[16.8254,51.1515],[16.8131,51.1503],[16.8073,51.1389],[16.8247,51.1413],[16.8171,51.1264],[16.8332,51.1243],[16.8307,51.1118]]]},"properties":{"code":"0264","name":"powiat Wrocław","country":"PL","level":"district","parent":"02","grodzki":true,"type":"miasto na prawach powiatu"}},
{"type":"Feature","geometry":{"type":"Polygon","coordinates":[[[17.1003,51.1759],[17.1248,51.1707],[17.1312,51.1799],[17.1573,51.1785],[17.1505,51.1446],[17.1369,51.1278],[17.1722,51.1115],[17.1712,51.096],[17.151,51.0822],[17.1298,51.0795],[17.1203,51.0831],[17.1114,51.0792],[17.0958,51.0594],[17.1072,51.0509],[17.1034,51.0453],[17.0857,51.0467],[17.0652,51.059],[17.0657,51.0503],[17.0507,51.0444],[17.0311,51.05],[17.0278,51.0427],[17.0099,51.0465],[17.0119,51.0542],[16.9998,51.0493],[16.9927,51.0561],[16.9717,51.0554],[16.9664,51.0491],[16.9551,51.0587],[16.9581,51.0674],[16.9354,51.0822],[16.9189,51.0809],[16.9229,51.0978],[16.8897,51.099],[16.8873,51.0934],[16.859,51.1003],[16.8519,51.1093],[16.8307,51.1118],[16.811,51.0934],[16.7832,51.1014],[16.7613,51.088],[16.7531,51.0887],[16.7497,51.0775],[16.768,51.0756],[16.7579,51.0545],[16.7388,51.0641],[16.721,51.0614],[16.7145,51.0472],[16.7223,51.0411],[16.7102,51.0329],[16.6851,51.0293],[16.6842,51.0159],[16.6585,51.0185],[16.6509,51.0084],[16.6326,51.006],[16.6213,51.0129],[16.6082,51.0097],[16.6027,51.0018],[16.6179,50.9929],[16.6152,50.989],[16.6302,50.9803],[16.615,50.9795],[16.6056,50.9739],[16.5943,50.9803],[16.5816,50.9754],[16.5905,50.9609],[16.5842,50.9493],[16.5661,50.9514],[16.5714,50.9399],[16.5813,50.9331],[16.5758,50.9199],[16.5924,50.9153],[16.618,50.9282],[16.6426,50.9227],[16.6532,50.924],[16.651,50.9327],[16.6903,50.9394],[16.6891,50.9341],[16.7015,50.9299],[16.6797,50.9211],[16.6957,50.9094],[16.6957,50.8886],[16.6795,50.8855],[16.6716,50.8768],[16.6765,50.8694],[16.675,50.8515],[16.6871,50.8502],[16.6906,50.8405],[16.6971,50.8431],[16.7071,50.845],[16.7277,50.8376],[16.7427,50.8371],[16.7532,50.8438],[16.775,50.8445],[16.7806,50.8356],[16.8026,50.8347],[16.8038,50.8216],[16.824,50.82],[16.8201,50.8279],[16.8329,50.8339],[16.8763,50.8322],[16.8769,50.822],[16.8884,50.8122],[16.9109,50.8134],[16.8983,50.819],[16.8994,50.829],[16.9139,50.8257],[16.9225,50.8379],[16.9212,50.8454],[16.9029,50.8543],[16.9015,50.8703],[16.912,50.8715],[16.923,50.866],[16.9408,50.8646],[16.9429,50.8749],[16.9573,50.8851],[16.9514,50.8914],[16.9591,50.9045],[16.9768,50.8999],[16.9755,50.9081],[16.9925,50.9129],[16.9971,50.9071],[17.0114,50.9205],[17.0179,50.9099],[17.0324,50.9084],[17.0417,50.9196],[17.0515,50.917],[17.0558,50.9047],[17.0692,50.9031],[17.0834,50.9037],[17.0767,50.9104],[17.0801,50.9258],[17.1126,50.9217],[17.1147,50.9365],[17.1076,50.9388],[17.1041,50.9498],[17.1151,50.9615],[17.1383,50.9576],[17.1355,50.9649],[17.1601,50.9675],[17.1677,50.9889],[17.1876,50.9994],[17.1974,51.0094],[17.2163,51.0053],[17.226,51.0112],[17.2514,51.0171],[17.2613,51.0306],[17.2887,51.0149],[17.293,51.018],[17.2803,51.0297],[17.2945,51.04],[17.2699,51.0516],[17.2843,51.0561],[17.2961,51.0663],[17.3212,51.064],[17.3259,51.0801],[17.3389,51.0915],[17.3611,51.0966],[17.376,51.1037],[17.3665,51.1102],[17.3436,51.1125],[17.3288,51.1178],[17.33,51.1403],[17.3243,51.1451],[17.3105,51.1377],[17.3062,51.1485],[17.291,51.1502],[17.2929,51.1592],[17.3266,51.1587],[17.3449,51.1686],[17.3248,51.1702],[17.3137,51.1672],[17.3059,51.1727],[17.2902,51.1739],[17.303,51.1918],[17.299,51.1955],[17.3106,51.2148],[17.294,51.2257],[17.2757,51.2236],[17.251,51.2395],[17.2611,51.2524],[17.2425,51.267],[17.2142,51.2748],[17.2018,51.2678],[17.1945,51.2753],[17.1818,51.2756],[17.1782,51.2578],[17.1711,51.2463],[17.1475,51.2439],[17.1322,51.2541],[17.1234,51.2555],[17.1187,51.2433],[17.0914,51.2488],[17.0728,51.2329],[17.0875,51.2143],[17.1003,51.1759]]]},"properties":{"code":"0223","name":"powiat wrocławski","country":"PL","level":"district","parent":"02","grodzki":false,"type":"powiat"}},
{"type":"Feature","geometry":{"type":"Polygon","coordinates":[[[17.7006,52.3755],[17.6941,52.3832],[17.6856,52.3779],[17.6729,52.3807],[17.6713,52.3897],[17.6615,52.3861],[17.6321,52.391],[17.623,52.3876],[17.5969,52.3925],[17.5943,52.3971],[17.573,52.3998],[17.5496,52.4097],[17.5459,52.3989],[17.528,52.3997],[17.5335,52.41],[17.4981,52.4132],[17.4773,52.4108],[17.4754,52.3946],[17.4876,52.3826],[17.4793,52.3791],[17.4533,52.3824],[17.4409,52.4011],[17.418,52.4084],[17.3922,52.4124],[17.3818,52.4188],[17.3642,52.4157],[17.3468,52.4033],[17.3751,52.379],[17.3579,52.3673],[17.3664,52.3649],[17.3687,52.3453],[17.3772,52.3353],[17.3954,52.3408],[17.4035,52.3388],[17.4191,52.324],[17.415,52.3174],[17.3999,52.3139],[17.4023,52.3011],[17.4078,52.3011],[17.4071,52.2851],[17.4167,52.2802],[17.4298,52.2824],[17.4282,52.2725],[17.4511,52.2697],[17.4745,52.2774],[17.4881,52.2683],[17.4792,52.2543],[17.4701,52.2482],[17.4532,52.2476],[17.4567,52.2355],[17.4479,52.228],[17.4624,52.2148],[17.4731,52.21],[17.4653,52.1981],[17.4306,52.1944],[17.4256,52.1765],[17.4316,52.1618],[17.457,52.1402],[17.4704,52.1395],[17.4563,52.1175],[17.4656,52.112],[17.4821,52.1156],[17.5019,52.1244],[17.5144,52.1241],[17.5196,52.1232],[17.5478,52.1445],[17.5548,52.1415],[17.5798,52.1415],[17.5723,52.1364],[17.5853,52.1344],[17.5857,52.1412],[17.6246,52.1449],[17.6662,52.1398],[17.6616,52.1204],[17.6612,52.0984],[17.6679,52.0977],[17.6733,52.0847],[17.6966,52.0708],[17.6969,52.0631],[17.7064,52.0646],[17.7064,52.0719],[17.7409,52.077],[17.7507,52.0829],[17.7587,52.0762],[17.7731,52.0764],[17.8235,52.0881],[17.7912,52.0986],[17.7832,52.1072],[17.7707,52.1093],[17.7667,52.1188],[17.7785,52.1295],[17.7794,52.1425],[17.7976,52.1559],[17.8225,52.1519],[17.8227,52.1637],[17.8336,52.1852],[17.8301,52.1925],[17.8001,52.191],[17.7657,52.2],[17.7407,52.2249],[17.7584,52.2296],[17.7765,52.2301],[17.7703,52.2369],[17.7818,52.2472],[17.7657,52.258],[17.7161,52.2706],[17.7022,52.2777],[17.6924,52.2958],[17.6836,52.2994],[17.6871,52.3063],[17.6944,52.3009],[17.7073,52.3059],[17.7257,52.3062],[17.7433,52.3145],[17.7393,52.3212],[17.7169,52.328],[17.7222,52.336],[17.7069,52.3398],[17.6965,52.3487],[17.6944,52.3626],[17.7006,52.3755]]]},"properties":{"code":"3030","name":"powiat wrzesiński","country":"PL","level":"district","parent":"30","grodzki":false,"type":"powiat"}},
{"type":"Feature","geometry":{"type":"Polygon","coordinates":[[[16.0106,51.9814],[16.0112,51.9652],[15.997,51.9481],[15.9704,51.9416],[15.9586,51.9436],[15.948,51.9341],[15.9714,51.9259],[15.957,51.9192],[15.971,51.9165],[15.9918,51.9036],[15.9927,51.8915],[15.9782,51.891],[15.9736,51.8818],[15.9803,51.8748],[15.9632,51.868],[15.9515,51.8704],[15.9464,51.88],[15.9278,51.8706],[15.9039,51.8669],[15.912,51.857],[15.8965,51.8524],[15.8772,51.8514],[15.8657,51.8595],[15.8611,51.8517],[15.8544,51.855],[15.8352,51.8519],[15.8251,51.8462],[15.849,51.8264],[15.8805,51.8236],[15.8786,51.8119],[15.8839,51.7989],[15.9036,51.7977],[15.928,51.8011],[15.9507,51.8007],[15.9542,51.7924],[15.9683,51.788],[15.9685,51.7949],[15.9792,51.8023],[15.9948,51.8048],[16.0039,51.8005],[16.029,51.8024],[16.035,51.7953],[16.034,51.785],[16.0538,51.7817],[16.0699,51.7826],[16.0779,51.7744],[16.1163,51.7636],[16.134,51.7652],[16.1332,51.7591],[16.1651,51.7598],[16.1778,51.764],[16.16,51.7118],[16.1723,51.7092],[16.1858,51.7161],[16.2176,51.7146],[16.2345,51.6898],[16.2517,51.6862],[16.2653,51.6731],[16.2701,51.6635],[16.275,51.673],[16.2694,51.6847],[16.2979,51.6899],[16.3027,51.6985],[16.3265,51.7021],[16.3476,51.7091],[16.3693,51.7288],[16.3628,51.7425],[16.378,51.753],[16.3765,51.7626],[16.3833,51.7704],[16.3952,51.7672],[16.4069,51.7724],[16.4162,51.7849],[16.3883,51.7933],[16.4018,51.8045],[16.394,51.8197],[16.4005,51.8378],[16.3795,51.8389],[16.3871,51.8464],[16.3577,51.8574],[16.3351,51.8711],[16.3515,51.8807],[16.3128,51.8864],[16.2803,51.9002],[16.2727,51.8951],[16.2521,51.9005],[16.244,51.8881],[16.2293,51.876],[16.2149,51.8698],[16.2002,51.872],[16.1929,51.8851],[16.169,51.8845],[16.1616,51.8924],[16.1231,51.8965],[16.1063,51.8959],[16.0991,51.9023],[16.1087,51.9036],[16.1382,51.9255],[16.1262,51.9339],[16.1306,51.9436],[16.1239,51.9514],[16.1373,51.9544],[16.1332,51.9724],[16.1229,51.9931],[16.106,51.9968],[16.0796,51.9828],[16.0606,51.9772],[16.0106,51.9814]]]},"properties":{"code":"0812","name":"powiat wschowski","country":"PL","level":"district","parent":"08","grodzki":false,"type":"powiat"}},
{"type":"Feature","geometry":{"type":"Polygon","coordinates":[[[22.7742,52.8571],[22.7586,52.8499],[22.7548,52.8596],[22.7601,52.8763],[22.7553,52.8844],[22.7335,52.9032],[22.7186,52.9062],[22.7077,52.9205],[22.715,52.9336],[22.7351,52.9302],[22.7423,52.9254],[22.7625,52.9262],[22.7703,52.9394],[22.7689,52.9513],[22.7869,52.9665],[22.7687,52.982],[22.7777,53.0013],[22.7641,53.0013],[22.7612,53.0066],[22.7782,53.0195],[22.7864,53.0323],[22.8042,53.034],[22.8323,53.0477],[22.8629,53.0552],[22.8683,53.0741],[22.8562,53.0754],[22.8413,53.0709],[22.8237,53.0737],[22.8158,53.079],[22.8132,53.0934],[22.8028,53.1012],[22.8102,53.1208],[22.7988,53.1214],[22.7724,53.1146],[22.7549,53.1148],[22.7261,53.1255],[22.7247,53.1225],[22.6832,53.1304],[22.6865,53.1353],[22.6557,53.143],[22.6377,53.1425],[22.6225,53.1323],[22.594,53.0941],[22.5825,53.0894],[22.5736,53.0714],[22.5621,53.0638],[22.516,53.0581],[22.4934,53.0506],[22.4675,53.0389],[22.458,53.0429],[22.4413,53.0406],[22.4425,53.0262],[22.4354,53.0203],[22.4043,53.0071],[22.3981,52.995],[22.4045,52.9864],[22.3778,52.977],[22.3499,52.9715],[22.3508,52.9552],[22.3579,52.9535],[22.3568,52.9386],[22.3451,52.9354],[22.3444,52.9139],[22.3506,52.9076],[22.3413,52.891],[22.3171,52.8889],[22.3062,52.8703],[22.3004,52.876],[22.2932,52.8711],[22.2846,52.8643],[22.2783,52.8481],[22.2869,52.8536],[22.3074,52.8577],[22.3051,52.8393],[22.2747,52.8318],[22.2752,52.8413],[22.2612,52.8442],[22.2625,52.8365],[22.2425,52.8328],[22.2624,52.8154],[22.2842,52.778],[22.3013,52.7832],[22.3037,52.7695],[22.2999,52.7542],[22.3037,52.748],[22.3237,52.7483],[22.3344,52.7405],[22.3374,52.7542],[22.3469,52.7574],[22.341,52.7648],[22.3446,52.7778],[22.3547,52.7754],[22.3826,52.7776],[22.3875,52.7855],[22.3788,52.7944],[22.3897,52.7955],[22.44,52.7914],[22.4537,52.7882],[22.4607,52.7707],[22.4552,52.7684],[22.4501,52.7497],[22.4442,52.7418],[22.4469,52.7267],[22.4351,52.6962],[22.4447,52.6821],[22.4425,52.6649],[22.4501,52.6543],[22.4736,52.6462],[22.4623,52.6454],[22.4629,52.6393],[22.4495,52.64],[22.4513,52.6247],[22.4086,52.6097],[22.4174,52.5994],[22.4578,52.5854],[22.467,52.5929],[22.4893,52.5986],[22.4763,52.6028],[22.4838,52.6177],[22.4982,52.6239],[22.5011,52.6177],[22.5206,52.6097],[22.5251,52.6134],[22.5408,52.6064],[22.5582,52.6219],[22.5566,52.6104],[22.5674,52.5982],[22.6035,52.5991],[22.6378,52.6173],[22.6546,52.6233],[22.6695,52.6213],[22.6981,52.6309],[22.703,52.6663],[22.7182,52.6697],[22.7173,52.6746],[22.6941,52.6848],[22.6942,52.6917],[22.6762,52.704],[22.661,52.7012],[22.631,52.7259],[22.6145,52.7317],[22.6121,52.7394],[22.6276,52.7496],[22.6593,52.7519],[22.6755,52.7567],[22.6965,52.7776],[22.6927,52.7912],[22.703,52.8028],[22.7291,52.8035],[22.7321,52.8107],[22.7442,52.8108],[22.7481,52.8192],[22.7641,52.8188],[22.771,52.8296],[22.7902,52.8284],[22.7764,52.8416],[22.78,52.8505],[22.7742,52.8571]]]},"properties":{"code":"2013","name":"powiat wysokomazowiecki","country":"PL","level":"district","parent":"20","grodzki":false,"type":"powiat"}},
{"type":"Feature","geometry":{"type":"Polygon","coordinates":[[[21.773,52.6649],[21.7625,52.6734],[21.7524,52.6692],[21.7178,52.6705],[21.7128,52.6618],[21.6993,52.6594],[21.693,52.671],[21.7042,52.6792],[21.7222,52.6802],[21.7058,52.7005],[21.6916,52.6992],[21.6772,52.7094],[21.6812,52.6982],[21.6599,52.6987],[21.6511,52.7275],[21.6561,52.7356],[21.6973,52.7323],[21.6941,52.748],[21.7071,52.7479],[21.7006,52.7558],[21.7004,52.7687],[21.6899,52.78],[21.7126,52.7768],[21.7179,52.7829],[21.7037,52.791],[21.7045,52.7962],[21.676,52.7956],[21.6756,52.8084],[21.6509,52.8086],[21.6511,52.8167],[21.6309,52.8218],[21.6303,52.8315],[21.618,52.8363],[21.6019,52.8342],[21.5976,52.8084],[21.5723,52.8044],[21.5713,52.8149],[21.5509,52.8118],[21.5475,52.8074],[21.5232,52.8071],[21.5143,52.8116],[21.4939,52.7984],[21.4792,52.8014],[21.4596,52.7861],[21.4577,52.781],[21.4385,52.7733],[21.4185,52.7793],[21.4019,52.7906],[21.3888,52.7857],[21.3696,52.7857],[21.3525,52.7906],[21.3407,52.785],[21.3308,52.7906],[21.3228,52.7866],[21.3208,52.7766],[21.329,52.7564],[21.3281,52.7488],[21.3434,52.7459],[21.3472,52.7367],[21.3385,52.7216],[21.3379,52.7047],[21.3236,52.6954],[21.296,52.684],[21.2881,52.6774],[21.2731,52.6758],[21.2989,52.6664],[21.3052,52.6603],[21.2965,52.6569],[21.2832,52.6335],[21.2463,52.6367],[21.2554,52.6111],[21.267,52.6106],[21.2643,52.6015],[21.2704,52.594],[21.2531,52.5968],[21.2325,52.5694],[21.2128,52.5682],[21.2005,52.5734],[21.1728,52.574],[21.1733,52.5597],[21.1218,52.5536],[21.1178,52.5491],[21.1196,52.5315],[21.1409,52.532],[21.1501,52.5276],[21.1428,52.519],[21.1629,52.5094],[21.1723,52.5162],[21.1762,52.5278],[21.1946,52.5265],[21.2253,52.5337],[21.2557,52.5333],[21.2845,52.5296],[21.3059,52.533],[21.3149,52.5185],[21.313,52.5026],[21.3521,52.503],[21.3566,52.4866],[21.3843,52.4817],[21.3796,52.4712],[21.4268,52.4629],[21.4443,52.4736],[21.4788,52.4774],[21.4822,52.4717],[21.5071,52.4768],[21.5071,52.4831],[21.5264,52.482],[21.5294,52.4956],[21.5406,52.5125],[21.5764,52.5101],[21.5795,52.5179],[21.5564,52.5204],[21.5518,52.5366],[21.5578,52.5535],[21.597,52.5529],[21.599,52.5622],[21.5852,52.571],[21.5788,52.5826],[21.586,52.589],[21.5675,52.6015],[21.5848,52.605],[21.591,52.602],[21.616,52.6011],[21.6223,52.6046],[21.617,52.6125],[21.6487,52.6134],[21.657,52.6034],[21.6699,52.6124],[21.6584,52.6153],[21.6836,52.6214],[21.6748,52.6304],[21.6952,52.6363],[21.7041,52.6426],[21.7106,52.6353],[21.7297,52.6433],[21.7282,52.6529],[21.773,52.6649]]]},"properties":{"code":"1435","name":"powiat wyszkowski","country":"PL","level":"district","parent":"14","grodzki":false,"type":"powiat"}},
{"type":"Feature","geometry":{"type":"Polygon","coordinates":[[[18.8002,50.3739],[18.7843,50.3708],[18.7714,50.3756],[18.7637,50.3672],[18.7466,50.3679],[18.7541,50.3416],[18.7389,50.343],[18.7319,50.3315],[18.7386,50.3205],[18.7315,50.3151],[18.7338,50.2959],[18.7507,50.2945],[18.7449,50.282],[18.756,50.2756],[18.7358,50.2708],[18.7505,50.264],[18.7601,50.2529],[18.7822,50.2458],[18.7911,50.2468],[18.7912,50.2468],[18.7911,50.2468],[18.7912,50.2468],[18.7923,50.2468],[18.7994,50.2739],[18.8218,50.2739],[18.8235,50.2866],[18.8443,50.2966],[18.8429,50.3027],[18.831,50.3052],[18.831,50.3202],[18.8494,50.3236],[18.8502,50.3317],[18.8623,50.3281],[18.8449,50.344],[18.8159,50.3534],[18.8146,50.3814],[18.8022,50.3824],[18.8002,50.3739]]]},"properties":{"code":"2478","name":"powiat Zabrze","country":"PL","level":"district","parent":"24","grodzki":true,"type":"miasto na prawach powiatu"}},
{"type":"Feature","geometry":{"type":"Polygon","coordinates":[[[22.2932,52.8711],[22.3004,52.876],[22.3062,52.8703],[22.3171,52.8889],[22.3413,52.891],[22.3506,52.9076],[22.3444,52.9139],[22.3451,52.9354],[22.3568,52.9386],[22.3579,52.9535],[22.3508,52.9552],[22.3499,52.9715],[22.3778,52.977],[22.4045,52.9864],[22.3981,52.995],[22.4043,53.0071],[22.4354,53.0203],[22.4425,53.0262],[22.4413,53.0406],[22.458,53.0429],[22.4675,53.0389],[22.4934,53.0506],[22.516,53.0581],[22.5621,53.0638],[22.5736,53.0714],[22.5825,53.0894],[22.594,53.0941],[22.5853,53.0994],[22.5493,53.1095],[22.5558,53.1163],[22.5503,53.1254],[22.5159,53.1328],[22.513,53.1418],[22.5052,53.1408],[22.4989,53.1652],[22.4837,53.165],[22.4845,53.1801],[22.4783,53.1793],[22.4691,53.2034],[22.4467,53.2022],[22.4503,53.1919],[22.4441,53.1881],[22.4123,53.1839],[22.408,53.1878],[22.401,53.1725],[22.3807,53.1738],[22.3807,53.1628],[22.3668,53.1518],[22.3569,53.151],[22.3626,53.1374],[22.3385,53.1346],[22.3173,53.1283],[22.3203,53.1183],[22.3292,53.1119],[22.3037,53.1132],[22.293,53.1103],[22.3062,53.101],[22.3139,53.0876],[22.2648,53.0731],[22.2574,53.0772],[22.2348,53.056],[22.2357,53.0481],[22.2191,53.0402],[22.2023,53.0449],[22.173,53.0485],[22.1563,53.0614],[22.1563,53.0682],[22.1385,53.0652],[22.1329,53.0572],[22.1114,53.0511],[22.0953,53.0597],[22.1018,53.0738],[22.1022,53.0896],[22.1287,53.0866],[22.132,53.099],[22.1198,53.1021],[22.0843,53.0969],[22.1004,53.1036],[22.0927,53.1172],[22.0572,53.1066],[22.0567,53.098],[22.0666,53.0731],[22.0532,53.0725],[22.0682,53.0501],[22.0558,53.0278],[22.058,53.0181],[22.0387,53.0123],[22.0284,52.993],[22.0302,52.9861],[22.0107,52.9861],[21.9768,52.9811],[21.9761,52.9788],[22.0018,52.9723],[21.9992,52.9621],[21.9884,52.9574],[22.0046,52.9571],[22.016,52.9499],[22.0113,52.9418],[22.0288,52.9385],[22.0112,52.9276],[22.0125,52.9239],[21.9917,52.9197],[21.9944,52.9111],[22.0079,52.9062],[22.0039,52.8779],[22.0252,52.8859],[22.0386,52.8822],[22.0272,52.8647],[22.0394,52.8603],[22.0379,52.8511],[22.0594,52.8501],[22.084,52.8418],[22.1014,52.862],[22.1131,52.849],[22.1242,52.8427],[22.1424,52.8513],[22.1498,52.8466],[22.1741,52.8581],[22.2097,52.8545],[22.2072,52.883],[22.2194,52.8845],[22.2509,52.8764],[22.2794,52.8861],[22.2932,52.8711]]]},"properties":{"code":"2014","name":"powiat zambrowski","country":"PL","level":"district","parent":"20","grodzki":false,"type":"powiat"}},
{"type":"Feature","geometry":{"type":"Polygon","coordinates":[[[23.4795,50.8983],[23.4653,50.8873],[23.4584,50.8767],[23.45,50.8776],[23.4234,50.8935],[23.3975,50.8967],[23.375,50.8905],[23.3185,50.8986],[23.2979,50.9092],[23.2891,50.9068],[23.2652,50.8876],[23.2476,50.8876],[23.2412,50.8825],[23.2597,50.873],[23.2481,50.8619],[23.2477,50.8551],[23.2151,50.8488],[23.2018,50.8502],[23.1997,50.8655],[23.1868,50.8701],[23.1516,50.8762],[23.1534,50.8506],[23.1377,50.8416],[23.1174,50.8403],[23.0959,50.8437],[23.0809,50.8426],[23.083,50.8516],[23.0652,50.8541],[23.0603,50.8601],[23.0336,50.8691],[23.023,50.8568],[23.0044,50.845],[22.989,50.8226],[22.9482,50.8242],[22.9344,50.804],[22.9098,50.81],[22.8881,50.8078],[22.8677,50.7838],[22.84,50.7905],[22.8255,50.7776],[22.797,50.7691],[22.7834,50.7722],[22.7665,50.7709],[22.7689,50.7635],[22.7618,50.7564],[22.7721,50.7556],[22.7834,50.7238],[22.806,50.7221],[22.8228,50.7148],[22.8374,50.7161],[22.8342,50.7033],[22.8121,50.7046],[22.7939,50.6885],[22.7928,50.6798],[22.8007,50.6709],[22.8005,50.6571],[22.7902,50.6473],[22.7781,50.6462],[22.8041,50.632],[22.8127,50.6237],[22.8249,50.6211],[22.8208,50.6108],[22.8293,50.6082],[22.8433,50.6147],[22.8329,50.6218],[22.835,50.6313],[22.8472,50.6364],[22.871,50.6398],[22.8884,50.6191],[22.9084,50.6152],[22.9048,50.6076],[22.8951,50.6064],[22.9021,50.5953],[22.9303,50.601],[22.9434,50.573],[22.9634,50.5733],[22.9795,50.5638],[22.986,50.566],[22.9982,50.5513],[22.9807,50.5461],[22.9998,50.5365],[23.004,50.5222],[23.0214,50.5225],[23.0293,50.5303],[23.0324,50.5234],[23.0929,50.5339],[23.1124,50.5341],[23.1492,50.5201],[23.1614,50.5131],[23.1796,50.4963],[23.1843,50.492],[23.2153,50.5058],[23.2183,50.4984],[23.232,50.4966],[23.238,50.4869],[23.2606,50.4857],[23.2688,50.4742],[23.285,50.4842],[23.2934,50.4812],[23.2995,50.4935],[23.2956,50.4986],[23.3188,50.5031],[23.3139,50.5188],[23.2912,50.5224],[23.2944,50.5276],[23.3131,50.5229],[23.3257,50.5401],[23.3101,50.5461],[23.2949,50.5475],[23.2974,50.5601],[23.3097,50.5751],[23.3103,50.596],[23.3147,50.6102],[23.3372,50.6095],[23.3758,50.6112],[23.3958,50.6089],[23.4049,50.5963],[23.4292,50.5917],[23.4888,50.593],[23.4931,50.6024],[23.5034,50.6032],[23.5034,50.5953],[23.5279,50.599],[23.5573,50.6006],[23.5563,50.5898],[23.5738,50.5908],[23.5842,50.5842],[23.5887,50.59],[23.5778,50.5961],[23.5784,50.6052],[23.5982,50.614],[23.5983,50.6276],[23.6043,50.6448],[23.5998,50.6613],[23.5915,50.6599],[23.5962,50.6788],[23.6178,50.6758],[23.6229,50.684],[23.6148,50.6878],[23.6169,50.6987],[23.6233,50.6982],[23.6254,50.7087],[23.618,50.713],[23.6461,50.7119],[23.6696,50.7135],[23.6606,50.7308],[23.6455,50.7393],[23.6492,50.7511],[23.6592,50.7533],[23.6638,50.7734],[23.6611,50.7908],[23.6523,50.8033],[23.6362,50.8132],[23.6406,50.8228],[23.6219,50.8272],[23.6268,50.8369],[23.6383,50.8341],[23.6494,50.8537],[23.6332,50.8583],[23.629,50.8539],[23.6132,50.8632],[23.5987,50.8635],[23.5804,50.8735],[23.5668,50.8711],[23.5456,50.8839],[23.5123,50.895],[23.5096,50.8876],[23.4897,50.8862],[23.4775,50.8891],[23.4795,50.8983]],[[23.3064,50.7445],[23.301,50.7156],[23.2936,50.7155],[23.2778,50.6959],[23.2584,50.6924],[23.236,50.6963],[23.2205,50.7027],[23.213,50.7116],[23.2128,50.724],[23.2044,50.7283],[23.2237,50.7315],[23.2491,50.7404],[23.2417,50.7502],[23.2691,50.7428],[23.2715,50.7485],[23.3064,50.7445]]]},"properties":{"code":"0620","name":"powiat zamojski","country":"PL","level":"district","parent":"06","grodzki":false,"type":"powiat"}},
{"type":"Feature","geometry":{"type":"Polygon","coordinates":[[[23.3064,50.7445],[23.2715,50.7485],[23.2691,50.7428],[23.2417,50.7502],[23.2491,50.7404],[23.2237,50.7315],[23.2044,50.7283],[23.2128,50.724],[23.213,50.7116],[23.2205,50.7027],[23.236,50.6963],[23.2584,50.6924],[23.2778,50.6959],[23.2936,50.7155],[23.301,50.7156],[23.3064,50.7445]]]},"properties":{"code":"0664","name":"powiat Zamość","country":"PL","level":"district","parent":"06","grodzki":true,"type":"miasto na prawach powiatu"}},
{"type":"Feature","geometry":{"type":"Polygon","coordinates":[[[19.8446,50.4342],[19.8535,50.4351],[19.8552,50.4478],[19.8998,50.4534],[19.903,50.4568],[19.8921,50.4662],[19.9005,50.4735],[19.9284,50.4752],[19.9397,50.4789],[19.9706,50.474],[19.964,50.4887],[19.9518,50.4951],[19.95,50.5048],[19.9392,50.5026],[19.9117,50.5118],[19.9022,50.5393],[19.8548,50.5439],[19.8417,50.5551],[19.7887,50.5545],[19.7897,50.5685],[19.804,50.5656],[19.8175,50.5735],[19.8249,50.5829],[19.8409,50.5907],[19.851,50.6122],[19.8619,50.6217],[19.8984,50.616],[19.9035,50.6196],[19.909,50.6299],[19.9222,50.6394],[19.9098,50.642],[19.8888,50.6366],[19.8756,50.647],[19.8571,50.6459],[19.8352,50.6514],[19.8411,50.6629],[19.8329,50.6672],[19.8644,50.6643],[19.8587,50.671],[19.8616,50.6795],[19.873,50.683],[19.8717,50.693],[19.8504,50.6907],[19.8433,50.7057],[19.8083,50.7059],[19.8108,50.7254],[19.8017,50.7171],[19.7788,50.7217],[19.755,50.716],[19.7129,50.7292],[19.7244,50.7184],[19.7145,50.7153],[19.7331,50.6968],[19.7445,50.6946],[19.7513,50.686],[19.7704,50.6766],[19.7792,50.6765],[19.7864,50.6684],[19.7723,50.6566],[19.7516,50.6568],[19.7326,50.637],[19.7138,50.6388],[19.7035,50.644],[19.7006,50.6586],[19.7135,50.6758],[19.7103,50.6899],[19.6961,50.6949],[19.6843,50.676],[19.6807,50.6631],[19.6721,50.6642],[19.6685,50.6552],[19.6233,50.658],[19.6291,50.6366],[19.6132,50.6302],[19.6201,50.6229],[19.5945,50.618],[19.5641,50.6247],[19.5418,50.612],[19.525,50.6174],[19.5131,50.6147],[19.5127,50.6077],[19.4862,50.6021],[19.4863,50.587],[19.4659,50.5824],[19.4326,50.5882],[19.4279,50.5935],[19.3813,50.5879],[19.3913,50.583],[19.3768,50.5626],[19.3707,50.562],[19.3875,50.5503],[19.3793,50.5421],[19.3911,50.5252],[19.3791,50.5181],[19.367,50.5192],[19.3585,50.5095],[19.3432,50.5074],[19.3068,50.5213],[19.2928,50.5178],[19.2767,50.5046],[19.2703,50.4907],[19.2757,50.4714],[19.2932,50.4332],[19.2675,50.4326],[19.2498,50.4369],[19.2926,50.4232],[19.2903,50.4113],[19.2968,50.4058],[19.296,50.3942],[19.304,50.3908],[19.306,50.3981],[19.3176,50.3914],[19.3292,50.3971],[19.346,50.3963],[19.3521,50.3829],[19.3608,50.3857],[19.4053,50.3625],[19.4037,50.3593],[19.4525,50.3598],[19.4594,50.3633],[19.4603,50.3729],[19.4917,50.366],[19.4876,50.397],[19.5045,50.4011],[19.5195,50.415],[19.536,50.4203],[19.5462,50.4135],[19.5866,50.4103],[19.6058,50.4042],[19.6293,50.4129],[19.6366,50.4094],[19.6717,50.4158],[19.6652,50.4237],[19.6776,50.4339],[19.6947,50.4354],[19.7019,50.4482],[19.725,50.4409],[19.7318,50.4443],[19.7487,50.4421],[19.7695,50.4443],[19.782,50.4401],[19.8042,50.442],[19.8071,50.4361],[19.8201,50.4345],[19.8412,50.4386],[19.8445,50.4342],[19.8446,50.4342]]]},"properties":{"code":"2416","name":"powiat zawierciański","country":"PL","level":"district","parent":"24","grodzki":false,"type":"powiat"}},
{"type":"Feature","geometry":{"type":"Polygon","coordinates":[[[16.5831,50.6283],[16.5882,50.6183],[16.5971,50.6141],[16.5972,50.6057],[16.6059,50.5884],[16.6232,50.5808],[16.6364,50.5704],[16.6264,50.5614],[16.642,50.5497],[16.652,50.5491],[16.6855,50.5372],[16.676,50.5302],[16.6751,50.5165],[16.6838,50.5156],[16.6899,50.5021],[16.7003,50.4968],[16.7003,50.4823],[16.7079,50.4764],[16.7338,50.4769],[16.7571,50.4539],[16.7567,50.4452],[16.7686,50.4251],[16.7882,50.4251],[16.8084,50.3998],[16.8276,50.3975],[16.8505,50.4009],[16.8603,50.4077],[16.8807,50.4362],[16.881,50.4423],[16.9079,50.4494],[16.9403,50.4611],[16.9474,50.4802],[16.959,50.4878],[16.9714,50.4889],[16.9805,50.4824],[16.976,50.4757],[17.0068,50.4753],[17.0201,50.4803],[17.0166,50.4685],[17.0409,50.4632],[17.062,50.4756],[17.0643,50.4889],[17.0567,50.5049],[17.0734,50.5208],[17.0615,50.5365],[17.0755,50.5557],[17.0941,50.5644],[17.0992,50.5759],[17.1149,50.5874],[17.124,50.6084],[17.1649,50.6135],[17.1516,50.6322],[17.1369,50.6356],[17.1315,50.6425],[17.1203,50.6441],[17.137,50.6526],[17.1457,50.6627],[17.1226,50.6631],[17.1191,50.672],[17.0961,50.6732],[17.0687,50.6804],[17.0648,50.6936],[17.0445,50.7008],[17.042,50.6958],[17.0246,50.6922],[17.0051,50.696],[16.9806,50.6936],[16.9821,50.6877],[16.958,50.6933],[16.9485,50.7024],[16.9394,50.6998],[16.9375,50.7065],[16.9224,50.7095],[16.9226,50.715],[16.9011,50.706],[16.8813,50.7091],[16.8765,50.701],[16.8799,50.6916],[16.8725,50.6805],[16.8492,50.6784],[16.8379,50.6716],[16.8235,50.6704],[16.8057,50.6602],[16.8003,50.6693],[16.7824,50.6667],[16.7728,50.6584],[16.7264,50.6675],[16.7046,50.6619],[16.7003,50.6547],[16.7024,50.6408],[16.6704,50.6465],[16.6382,50.6323],[16.6149,50.625],[16.594,50.6452],[16.5803,50.6354],[16.5831,50.6283]]]},"properties":{"code":"0224","name":"powiat ząbkowicki","country":"PL","level":"district","parent":"02","grodzki":false,"type":"powiat"}},
{"type":"Feature","geometry":{"type":"MultiPolygon","coordinates":[[[[19.047,51.7669],[19.0216,51.7682],[19.0092,51.7734],[18.9857,51.7637],[18.9763,51.7487],[18.9689,51.7442],[18.9373,51.7466],[18.9276,51.7527],[18.9015,51.7545],[18.8804,51.7488],[18.8643,51.7309],[18.8613,51.7214],[18.8536,51.7202],[18.8395,51.7269],[18.8374,51.7103],[18.8415,51.6968],[18.821,51.685],[18.8016,51.6876],[18.8066,51.6657],[18.8203,51.6573],[18.8566,51.6423],[18.8468,51.6354],[18.8734,51.6165],[18.8643,51.6123],[18.8798,51.6009],[18.8695,51.5905],[18.8475,51.5886],[18.8434,51.5776],[18.8335,51.5761],[18.8113,51.5633],[18.8235,51.5579],[18.8167,51.5512],[18.8336,51.5527],[18.8478,51.5478],[18.8593,51.5253],[18.8714,51.5185],[18.8681,51.5098],[18.8579,51.5059],[18.8571,51.4984],[18.868,51.4931],[18.8631,51.4891],[18.8842,51.4722],[18.9018,51.483],[18.9068,51.4739],[18.9213,51.4677],[18.9329,51.4708],[18.9194,51.4803],[18.9418,51.4889],[18.9482,51.5202],[18.9568,51.5322],[18.9694,51.5287],[18.975,51.5463],[18.9956,51.5493],[19.0056,51.5609],[19.0245,51.57],[19.0291,51.5786],[19.0416,51.5837],[19.0401,51.5927],[19.0205,51.6041],[19.032,51.6176],[19.0132,51.6329],[19.008,51.6502],[19.0272,51.6662],[19.0399,51.6667],[19.0578,51.6605],[19.0672,51.6623],[19.0445,51.6794],[19.043,51.6868],[19.0681,51.6812],[19.0879,51.6881],[19.1078,51.689],[19.1062,51.7024],[19.0961,51.7117],[19.0726,51.7193],[19.0663,51.7341],[19.0541,51.7339],[19.0387,51.7421],[19.0447,51.7521],[19.0553,51.7543],[19.047,51.7669]]],[[[18.8181,51.6568],[18.7939,51.6535],[18.8015,51.645],[18.8197,51.6503],[18.8181,51.6568]]]]},"properties":{"code":"1019","name":"powiat zduńskowolski","country":"PL","level":"district","parent":"10","grodzki":false,"type":"powiat"}},
{"type":"Feature","geometry":{"type":"Polygon","coordinates":[[[19.6605,51.8538],[19.6726,51.862],[19.7114,51.8775],[19.7064,51.8793],[19.7043,51.8938],[19.6768,51.8913],[19.6934,51.9139],[19.7081,51.9243],[19.7058,51.9449],[19.7243,51.9465],[19.7511,51.9367],[19.7646,51.9452],[19.7861,51.9442],[19.7996,51.9486],[19.84,51.952],[19.8319,51.9769],[19.8048,51.9745],[19.7862,51.9867],[19.7752,51.9867],[19.7308,51.9967],[19.7195,52.0135],[19.7344,52.0209],[19.7375,52.0277],[19.7091,52.0228],[19.6936,52.0237],[19.6795,52.0292],[19.6512,52.0262],[19.6338,52.0192],[19.6207,52.0288],[19.591,52.0299],[19.5919,52.037],[19.5773,52.0321],[19.5622,52.0347],[19.558,52.0217],[19.5431,52.0265],[19.539,52.0137],[19.5241,52.0021],[19.514,52.0113],[19.5051,52.0058],[19.4964,52.0177],[19.4808,52.0221],[19.4881,52.0031],[19.4658,51.997],[19.4512,51.9987],[19.4535,52.0066],[19.4377,52.0082],[19.4303,52.0138],[19.4256,52.0021],[19.4141,52.0051],[19.3889,52.0054],[19.3704,52.0101],[19.3622,52.0228],[19.3729,52.0255],[19.342,52.0323],[19.3452,52.0255],[19.3361,52.0206],[19.3141,52.0171],[19.2937,52.0231],[19.2901,52.0364],[19.2585,52.0307],[19.2597,52.0261],[19.2227,52.0245],[19.22,52.014],[19.1829,52.016],[19.1716,52.0092],[19.1295,52.0125],[19.1209,52.0073],[19.1286,52.0005],[19.1205,51.9904],[19.1286,51.9899],[19.1275,51.9777],[19.139,51.9755],[19.1517,51.9647],[19.1363,51.928],[19.1357,51.9106],[19.1449,51.9057],[19.162,51.9124],[19.1736,51.9085],[19.1887,51.9172],[19.1905,51.8993],[19.1786,51.875],[19.1572,51.8718],[19.1496,51.8497],[19.1549,51.8464],[19.1399,51.8353],[19.1386,51.8251],[19.1504,51.8226],[19.1618,51.8125],[19.2005,51.8036],[19.2007,51.7944],[19.2189,51.7983],[19.2401,51.7966],[19.279,51.7765],[19.2974,51.7712],[19.3099,51.7796],[19.3245,51.7777],[19.3373,51.7841],[19.3489,51.7847],[19.3572,51.7929],[19.3399,51.8004],[19.3291,51.7958],[19.3209,51.8081],[19.3355,51.808],[19.3421,51.8142],[19.3436,51.8305],[19.3519,51.835],[19.374,51.8369],[19.3741,51.8369],[19.374,51.8369],[19.3741,51.8368],[19.3741,51.8369],[19.3741,51.8368],[19.3844,51.8362],[19.3808,51.8216],[19.3991,51.8295],[19.4138,51.8284],[19.4559,51.8363],[19.4571,51.8487],[19.4903,51.8591],[19.5065,51.8599],[19.5144,51.8498],[19.5515,51.8435],[19.5562,51.8485],[19.568,51.8376],[19.586,51.8358],[19.5908,51.8448],[19.6101,51.8473],[19.613,51.8639],[19.6223,51.8576],[19.6605,51.8538]]]},"properties":{"code":"1020","name":"powiat zgierski","country":"PL","level":"district","parent":"10","grodzki":false,"type":"powiat"}},
{"type":"Feature","geometry":{"type":"Polygon","coordinates":[[[15.2755,51.4298],[15.2724,51.4379],[15.252,51.449],[15.2435,51.4463],[15.2082,51.4443],[15.2009,51.4461],[15.2019,51.4633],[15.187,51.464],[15.1506,51.4424],[15.1297,51.4379],[15.1118,51.4284],[15.0862,51.4255],[15.083,51.4086],[15.0712,51.397],[15.0179,51.3935],[15.009,51.3742],[15.0089,51.3644],[14.9742,51.364],[14.9778,51.3417],[14.9924,51.3237],[15.0086,51.3166],[15.013,51.3008],[15.0329,51.2944],[15.0371,51.2577],[15.0233,51.2501],[15.0379,51.244],[15.0164,51.2277],[15.016,51.2142],[15.0047,51.1909],[15.0088,51.1826],[15.0037,51.1666],[14.9931,51.1624],[15.001,51.1499],[14.9908,51.1415],[14.9978,51.1228],[14.9815,51.1173],[14.9836,51.0902],[14.9763,51.0844],[14.9795,51.0774],[14.9676,51.0711],[14.9708,51.0654],[14.963,51.058],[14.9647,51.0501],[14.9537,51.0467],[14.9477,51.0283],[14.9354,51.0206],[14.9381,51.0117],[14.929,50.998],[14.917,50.9945],[14.9194,50.9753],[14.9035,50.9719],[14.8931,50.9501],[14.8966,50.9406],[14.8753,50.9308],[14.8659,50.9166],[14.8516,50.9106],[14.8434,50.9007],[14.8196,50.8851],[14.8234,50.8706],[14.8639,50.8706],[14.8756,50.877],[14.8973,50.8674],[14.9002,50.876],[14.9392,50.8689],[14.9593,50.8619],[14.9771,50.8675],[15.0021,50.869],[14.9962,50.9006],[15.0056,50.9061],[14.9895,50.9216],[15.0143,50.9398],[15.0108,50.963],[15.0173,50.9668],[15.0057,50.9863],[14.9889,50.978],[14.9682,50.99],[14.9854,51.0108],[14.9972,51.0092],[15.0128,51.0157],[15.0129,51.0158],[15.0128,51.0157],[15.0129,51.0158],[15.0161,51.0197],[15.0161,51.0198],[15.0161,51.0197],[15.0161,51.0198],[15.0277,51.0227],[15.0386,51.0121],[15.0557,51.012],[15.0577,51.0225],[15.0788,51.0137],[15.1025,51.0122],[15.1026,51.0121],[15.1025,51.0122],[15.1026,51.0121],[15.106,51.0072],[15.1059,51.0072],[15.106,51.0072],[15.1059,51.0072],[15.0989,50.9978],[15.0989,50.9977],[15.0989,50.9978],[15.0989,50.9977],[15.1007,50.9948],[15.1008,50.9948],[15.1007,50.9948],[15.1008,50.9948],[15.1304,50.9903],[15.1444,51.0134],[15.1682,51.0185],[15.149,51.0337],[15.1412,51.0583],[15.1211,51.0802],[15.1315,51.0998],[15.1222,51.1006],[15.1305,51.1263],[15.1556,51.1441],[15.1529,51.1581],[15.1699,51.1662],[15.1973,51.1619],[15.2084,51.1675],[15.2125,51.1775],[15.2069,51.1909],[15.217,51.1931],[15.2138,51.2165],[15.2076,51.2197],[15.2266,51.2292],[15.2416,51.2423],[15.24,51.255],[15.2556,51.2601],[15.2518,51.2663],[15.2729,51.2628],[15.2988,51.2675],[15.3101,51.2534],[15.3399,51.2591],[15.3185,51.2715],[15.2973,51.2795],[15.289,51.2902],[15.2907,51.304],[15.2855,51.3196],[15.2673,51.3163],[15.2679,51.3276],[15.2486,51.3678],[15.2642,51.3685],[15.2687,51.3731],[15.2562,51.399],[15.2962,51.4066],[15.2921,51.4147],[15.2755,51.4298]]]},"properties":{"code":"0225","name":"powiat zgorzelecki","country":"PL","level":"district","parent":"02","grodzki":false,"type":"powiat"}},
{"type":"Feature","geometry":{"type":"Polygon","coordinates":[[[23.9163,52.9047],[23.894,52.9015],[23.8798,52.9031],[23.8657,52.9103],[23.849,52.9122],[23.8243,52.9107],[23.8017,52.9212],[23.7904,52.9378],[23.7719,52.9358],[23.7572,52.942],[23.7452,52.9386],[23.7303,52.9453],[23.7136,52.9466],[23.702,52.9373],[23.6538,52.9312],[23.624,52.9332],[23.6191,52.931],[23.6158,52.9547],[23.6345,52.9669],[23.6012,52.9675],[23.5826,52.9562],[23.5625,52.956],[23.5834,52.9636],[23.5648,52.9744],[23.5426,52.9779],[23.5354,52.972],[23.5172,52.9717],[23.5024,52.9785],[23.4934,52.9902],[23.474,52.982],[23.4341,52.9746],[23.433,52.9581],[23.4189,52.9639],[23.375,52.9651],[23.3746,52.9291],[23.3704,52.921],[23.3862,52.9208],[23.3905,52.9052],[23.3682,52.8931],[23.343,52.8909],[23.3302,52.8935],[23.3346,52.8561],[23.326,52.8562],[23.3496,52.846],[23.3491,52.8174],[23.3564,52.8046],[23.3705,52.8077],[23.3719,52.782],[23.3756,52.7821],[23.3787,52.7556],[23.3885,52.7558],[23.3784,52.7263],[23.3943,52.7271],[23.3966,52.7204],[23.3908,52.7074],[23.3952,52.6908],[23.4017,52.6853],[23.3875,52.6772],[23.3915,52.6672],[23.376,52.6492],[23.377,52.6421],[23.3567,52.6445],[23.3581,52.6503],[23.3291,52.6578],[23.3195,52.6577],[23.3235,52.6499],[23.2961,52.6336],[23.2841,52.6372],[23.2815,52.6193],[23.2738,52.6046],[23.2762,52.597],[23.2527,52.5884],[23.2352,52.5938],[23.2331,52.5988],[23.218,52.6013],[23.2145,52.5948],[23.2228,52.5898],[23.2149,52.5827],[23.2244,52.5752],[23.2084,52.5751],[23.1881,52.5813],[23.1923,52.5681],[23.1748,52.566],[23.1925,52.5434],[23.2183,52.5415],[23.2671,52.5313],[23.3149,52.5013],[23.315,52.4964],[23.2919,52.497],[23.2577,52.4899],[23.2756,52.474],[23.2784,52.4409],[23.2622,52.4407],[23.2678,52.435],[23.2978,52.4338],[23.3008,52.4383],[23.3139,52.4267],[23.3567,52.469],[23.4082,52.5115],[23.4358,52.53],[23.4579,52.5404],[23.4666,52.5494],[23.5041,52.5662],[23.5402,52.5802],[23.5877,52.5941],[23.6414,52.6075],[23.7198,52.6146],[23.7315,52.6086],[23.7562,52.6145],[23.8794,52.6797],[23.8926,52.6797],[23.9001,52.6912],[23.9386,52.7129],[23.9396,52.8132],[23.9246,52.8307],[23.9237,52.8545],[23.9257,52.8995],[23.9163,52.9047]]]},"properties":{"code":"2005","name":"powiat hajnowski","country":"PL","level":"district","parent":"20","grodzki":false,"type":"powiat"}},
{"type":"Feature","geometry":{"type":"Polygon","coordinates":[[[23.9747,50.4129],[23.9975,50.4121],[24.0058,50.4354],[24.0345,50.4448],[24.038,50.4551],[24.0701,50.5034],[24.0863,50.5515],[24.0913,50.562],[24.0903,50.5779],[24.0986,50.5995],[24.092,50.6234],[24.0936,50.6352],[24.0802,50.6451],[24.0872,50.6524],[24.0867,50.6691],[24.0712,50.6779],[24.0622,50.678],[24.0751,50.7107],[24.072,50.7206],[24.0461,50.7171],[24.0184,50.7251],[24.0163,50.7376],[24.0205,50.747],[24.0127,50.7581],[24.0238,50.7662],[24.0096,50.772],[23.985,50.7701],[23.9683,50.7763],[23.9684,50.7855],[23.9575,50.7941],[23.9652,50.8017],[23.9638,50.8144],[23.9896,50.8375],[24.0069,50.8412],[24.0246,50.8407],[24.0338,50.8364],[24.0721,50.8342],[24.0968,50.8365],[24.1321,50.849],[24.1433,50.8582],[24.1454,50.8695],[24.1171,50.8696],[24.1014,50.8761],[24.0869,50.8888],[24.0523,50.8914],[24.0472,50.9008],[24.0228,50.9166],[23.9988,50.9274],[23.987,50.9451],[23.9697,50.9509],[23.9667,50.9791],[23.9568,50.9908],[23.9366,51.0034],[23.9308,50.9917],[23.9431,50.9889],[23.944,50.9826],[23.9307,50.9807],[23.9276,50.9749],[23.8754,50.9732],[23.8876,50.9339],[23.8379,50.9419],[23.7861,50.9324],[23.7833,50.9254],[23.7499,50.9264],[23.7445,50.9227],[23.7206,50.9224],[23.7168,50.94],[23.7202,50.9481],[23.6969,50.9501],[23.6944,50.9408],[23.6729,50.9389],[23.6507,50.9406],[23.6165,50.9363],[23.5998,50.9312],[23.6004,50.92],[23.5957,50.8973],[23.5975,50.8854],[23.6137,50.8784],[23.613,50.8745],[23.592,50.8791],[23.5804,50.8735],[23.5987,50.8635],[23.6132,50.8632],[23.629,50.8539],[23.6332,50.8583],[23.6494,50.8537],[23.6383,50.8341],[23.6268,50.8369],[23.6219,50.8272],[23.6406,50.8228],[23.6362,50.8132],[23.6523,50.8033],[23.6611,50.7908],[23.6638,50.7734],[23.6592,50.7533],[23.6492,50.7511],[23.6455,50.7393],[23.6606,50.7308],[23.6696,50.7135],[23.6461,50.7119],[23.618,50.713],[23.6254,50.7087],[23.6233,50.6982],[23.6169,50.6987],[23.6148,50.6878],[23.6229,50.684],[23.6534,50.6811],[23.6648,50.6832],[23.6715,50.6903],[23.6805,50.6874],[23.7059,50.6945],[23.7223,50.7045],[23.7303,50.7022],[23.7027,50.6732],[23.7119,50.6624],[23.716,50.6728],[23.7187,50.6487],[23.7323,50.6375],[23.7451,50.6444],[23.773,50.6404],[23.7712,50.6313],[23.7625,50.6318],[23.7569,50.624],[23.7615,50.6177],[23.7534,50.5982],[23.7777,50.5886],[23.795,50.5883],[23.8053,50.5921],[23.8197,50.5881],[23.8306,50.5797],[23.8496,50.5759],[23.8582,50.5564],[23.867,50.5501],[23.8728,50.5558],[23.8889,50.5569],[23.8962,50.5646],[23.9081,50.5642],[23.9199,50.578],[23.9639,50.5679],[23.9741,50.564],[23.9878,50.5485],[23.9827,50.5441],[23.9664,50.5486],[23.958,50.5385],[23.9682,50.5373],[23.9616,50.5265],[23.9479,50.5208],[23.9314,50.506],[23.9191,50.5042],[23.9105,50.4879],[23.9027,50.4811],[23.8822,50.4811],[23.8757,50.4713],[23.9159,50.456],[23.9146,50.4515],[23.9378,50.4398],[23.9511,50.4397],[23.9709,50.4328],[23.9907,50.4317],[23.9936,50.4191],[23.9631,50.418],[23.9747,50.4129]]]},"properties":{"code":"0604","name":"powiat hrubieszowski","country":"PL","level":"district","parent":"06","grodzki":false,"type":"powiat"}},
{"type":"Feature","geometry":{"type":"Polygon","coordinates":[[[19.323,53.8139],[19.3111,53.8045],[19.3089,53.7881],[19.2989,53.7787],[19.3041,53.7673],[19.3009,53.7522],[19.2778,53.7324],[19.2644,53.7302],[19.2403,53.7123],[19.2249,53.7043],[19.213,53.6914],[19.2237,53.6687],[19.2146,53.6694],[19.2151,53.6492],[19.2064,53.6377],[19.1791,53.6403],[19.1629,53.6243],[19.1387,53.61],[19.1304,53.6083],[19.1293,53.5883],[19.1577,53.5815],[19.1613,53.5841],[19.182,53.579],[19.1997,53.5701],[19.1892,53.5478],[19.1952,53.5439],[19.2079,53.5481],[19.2188,53.5243],[19.2297,53.5186],[19.2623,53.5276],[19.3139,53.5448],[19.3457,53.5618],[19.3623,53.5583],[19.3626,53.5474],[19.3769,53.5399],[19.3941,53.5401],[19.3762,53.551],[19.3966,53.5644],[19.4115,53.5694],[19.4634,53.563],[19.4665,53.5534],[19.547,53.5298],[19.5626,53.5278],[19.5644,53.5206],[19.5816,53.5274],[19.611,53.524],[19.6088,53.5052],[19.6184,53.4977],[19.6098,53.4892],[19.6306,53.4803],[19.6293,53.4728],[19.6465,53.4651],[19.6597,53.4633],[19.6699,53.4549],[19.6997,53.467],[19.715,53.4443],[19.7361,53.4497],[19.749,53.4411],[19.7595,53.448],[19.7772,53.4393],[19.8131,53.4544],[19.8288,53.4555],[19.8442,53.448],[19.853,53.4357],[19.8719,53.4435],[19.904,53.436],[19.9393,53.435],[19.948,53.4384],[19.9188,53.4761],[19.8959,53.4842],[19.902,53.5156],[19.8865,53.524],[19.8762,53.5383],[19.8886,53.5441],[19.8823,53.56],[19.853,53.5697],[19.8409,53.5702],[19.8121,53.5834],[19.8164,53.5896],[19.8109,53.6011],[19.7858,53.6039],[19.7385,53.6172],[19.7594,53.6293],[19.7918,53.6617],[19.808,53.6707],[19.8045,53.6818],[19.7895,53.6868],[19.7654,53.6771],[19.7585,53.6834],[19.745,53.6818],[19.7414,53.6922],[19.7039,53.7002],[19.709,53.7073],[19.7001,53.7108],[19.7017,53.7191],[19.7306,53.7281],[19.7193,53.7498],[19.7356,53.7603],[19.7409,53.7739],[19.7584,53.7729],[19.7511,53.7785],[19.7455,53.7949],[19.7619,53.801],[19.7648,53.8096],[19.7454,53.8138],[19.7394,53.8322],[19.7263,53.8338],[19.7091,53.8556],[19.7127,53.8657],[19.7002,53.8769],[19.6869,53.8773],[19.6732,53.888],[19.6478,53.8747],[19.6325,53.8877],[19.6333,53.8938],[19.6004,53.888],[19.5849,53.8931],[19.5856,53.9049],[19.5956,53.9086],[19.5711,53.9089],[19.5734,53.9148],[19.5603,53.9167],[19.5526,53.8942],[19.5335,53.8801],[19.5244,53.8601],[19.5142,53.8567],[19.5186,53.8466],[19.4796,53.8168],[19.5003,53.8066],[19.4719,53.7849],[19.4806,53.7771],[19.4605,53.7832],[19.4542,53.7976],[19.3707,53.8142],[19.323,53.8139]]]},"properties":{"code":"2807","name":"powiat iławski","country":"PL","level":"district","parent":"28","grodzki":false,"type":"powiat"}},
{"type":"Feature","geometry":{"type":"Polygon","coordinates":[[[17.9964,52.797],[18.0203,52.7824],[18.013,52.7704],[18.0387,52.7676],[18.0294,52.7506],[18.0323,52.7386],[18.018,52.7361],[18.0096,52.7261],[18.0113,52.7193],[17.9976,52.7155],[18.0103,52.7128],[18.01,52.6823],[18.0393,52.6826],[18.0434,52.6731],[18.0666,52.6775],[18.068,52.6872],[18.0815,52.6897],[18.1151,52.6894],[18.132,52.6923],[18.14,52.6877],[18.1517,52.6919],[18.1432,52.6948],[18.1583,52.7149],[18.1751,52.7098],[18.1804,52.7195],[18.1882,52.7155],[18.1972,52.729],[18.2272,52.7325],[18.2396,52.7137],[18.2392,52.7003],[18.2634,52.6944],[18.2452,52.6837],[18.2355,52.6724],[18.2527,52.6713],[18.2595,52.6649],[18.2436,52.6609],[18.2392,52.6418],[18.2561,52.6332],[18.254,52.6256],[18.2426,52.6193],[18.2422,52.6074],[18.2652,52.5968],[18.2822,52.5929],[18.3011,52.5828],[18.3058,52.5916],[18.3168,52.5932],[18.3605,52.5915],[18.3612,52.5817],[18.3476,52.5671],[18.3549,52.5518],[18.3524,52.5434],[18.3772,52.5375],[18.3968,52.5424],[18.42,52.5538],[18.4438,52.5588],[18.4393,52.5697],[18.4474,52.5787],[18.4757,52.5789],[18.475,52.5963],[18.4815,52.5986],[18.478,52.6088],[18.4803,52.6245],[18.4632,52.6343],[18.4568,52.6456],[18.4618,52.656],[18.4757,52.6559],[18.4683,52.663],[18.4714,52.6693],[18.4696,52.6892],[18.4999,52.6922],[18.5074,52.7109],[18.5058,52.7373],[18.5006,52.7481],[18.5412,52.7437],[18.5544,52.7562],[18.5837,52.7526],[18.6042,52.7537],[18.6251,52.7872],[18.6129,52.8],[18.5878,52.7979],[18.5829,52.8072],[18.5714,52.8143],[18.5525,52.8102],[18.5422,52.8199],[18.5299,52.8191],[18.5432,52.8327],[18.5384,52.8434],[18.5453,52.855],[18.5537,52.8535],[18.5648,52.879],[18.5306,52.8967],[18.5129,52.908],[18.4957,52.9485],[18.4457,52.9424],[18.4397,52.9558],[18.3609,52.9461],[18.3845,52.9752],[18.3824,52.9807],[18.4073,52.9839],[18.4077,52.9885],[18.3669,52.9869],[18.339,52.9853],[18.3177,52.9705],[18.3075,52.9709],[18.3119,52.9793],[18.3069,52.991],[18.2919,52.9882],[18.296,52.981],[18.2587,52.9799],[18.2286,52.9848],[18.2286,52.9778],[18.244,52.9741],[18.2521,52.9542],[18.2243,52.9532],[18.2179,52.946],[18.1578,52.9449],[18.1577,52.9495],[18.1379,52.9498],[18.136,52.9441],[18.1121,52.9403],[18.0977,52.9486],[18.0825,52.9487],[18.0658,52.9575],[18.0691,52.9617],[18.0388,52.9726],[18.0372,52.9668],[18.0088,52.9628],[18.0158,52.9448],[17.9896,52.9426],[17.9895,52.937],[17.9677,52.924],[17.9967,52.9061],[18.0328,52.9076],[18.0541,52.8844],[18.0593,52.875],[18.0505,52.8557],[18.0705,52.8489],[18.0559,52.8366],[18.0686,52.8314],[18.0546,52.8205],[18.0526,52.8064],[18.0338,52.8082],[18.01,52.8051],[17.9964,52.797]]]},"properties":{"code":"0407","name":"powiat inowrocławski","country":"PL","level":"district","parent":"04","grodzki":false,"type":"powiat"}},
{"type":"Feature","geometry":{"type":"Polygon","coordinates":[[[22.5197,50.5832],[22.5125,50.5898],[22.5558,50.5846],[22.5938,50.5917],[22.625,50.6143],[22.6327,50.616],[22.6465,50.6294],[22.662,50.6376],[22.6812,50.6381],[22.6783,50.6524],[22.6549,50.664],[22.6425,50.6975],[22.6135,50.7106],[22.6141,50.7131],[22.6503,50.7258],[22.6559,50.7312],[22.6432,50.7392],[22.6759,50.7704],[22.6575,50.7817],[22.6408,50.8018],[22.6274,50.8025],[22.6259,50.821],[22.6115,50.8193],[22.6142,50.8325],[22.6016,50.837],[22.5781,50.8384],[22.5524,50.8398],[22.5498,50.8443],[22.5319,50.8478],[22.536,50.8569],[22.5477,50.8624],[22.5402,50.8707],[22.5373,50.9089],[22.5195,50.911],[22.5208,50.9047],[22.5041,50.9075],[22.504,50.902],[22.4823,50.9065],[22.4748,50.9129],[22.4702,50.9026],[22.4693,50.8854],[22.439,50.8852],[22.4176,50.8894],[22.4219,50.882],[22.4128,50.8822],[22.4035,50.8743],[22.4135,50.865],[22.4098,50.8483],[22.3993,50.8341],[22.4043,50.8183],[22.3734,50.8235],[22.3671,50.8169],[22.3527,50.8144],[22.3598,50.8093],[22.363,50.7949],[22.3397,50.7876],[22.3305,50.7979],[22.3311,50.8048],[22.3197,50.7993],[22.2969,50.8141],[22.2921,50.7985],[22.2747,50.7968],[22.2809,50.806],[22.2752,50.8143],[22.2798,50.8244],[22.2626,50.8315],[22.2601,50.8391],[22.2481,50.8422],[22.2352,50.8346],[22.2249,50.8368],[22.2137,50.8251],[22.1919,50.8139],[22.1807,50.8151],[22.163,50.7973],[22.1524,50.7718],[22.1975,50.7609],[22.2008,50.7524],[22.1704,50.7062],[22.1763,50.7007],[22.1691,50.6889],[22.1552,50.6794],[22.1461,50.678],[22.1418,50.6697],[22.1894,50.6644],[22.2063,50.6662],[22.2232,50.6598],[22.2472,50.6332],[22.2463,50.6249],[22.2497,50.6206],[22.2823,50.6226],[22.2944,50.618],[22.3228,50.6184],[22.3493,50.6141],[22.3568,50.609],[22.3789,50.6041],[22.3827,50.5979],[22.3996,50.5938],[22.4073,50.5855],[22.4201,50.5806],[22.4266,50.5843],[22.4653,50.5919],[22.4684,50.586],[22.4923,50.5797],[22.5065,50.5842],[22.5197,50.5832]]]},"properties":{"code":"0605","name":"powiat janowski","country":"PL","level":"district","parent":"06","grodzki":false,"type":"powiat"}},
{"type":"Feature","geometry":{"type":"Polygon","coordinates":[[[17.514,51.9008],[17.5694,51.8953],[17.5726,51.8901],[17.6105,51.8933],[17.6302,51.9037],[17.6562,51.8956],[17.6618,51.8814],[17.6941,51.8848],[17.6769,51.902],[17.6857,51.9184],[17.707,51.9256],[17.7173,51.9399],[17.7027,51.9449],[17.701,51.9628],[17.7042,51.9781],[17.6915,51.9843],[17.6952,51.9929],[17.7124,51.997],[17.6956,52.0128],[17.6996,52.0304],[17.7056,52.0305],[17.7226,52.0448],[17.7026,52.0497],[17.6969,52.0631],[17.6966,52.0708],[17.6733,52.0847],[17.6679,52.0977],[17.6612,52.0984],[17.6616,52.1204],[17.6662,52.1398],[17.6246,52.1449],[17.5857,52.1412],[17.5853,52.1344],[17.5723,52.1364],[17.5798,52.1415],[17.5548,52.1415],[17.5478,52.1445],[17.5196,52.1232],[17.5144,52.1241],[17.5115,52.1087],[17.5192,52.103],[17.5173,52.094],[17.4967,52.086],[17.4773,52.0827],[17.4785,52.0743],[17.4693,52.0749],[17.4768,52.0611],[17.4916,52.0512],[17.4697,52.0434],[17.4702,52.0387],[17.4471,52.0282],[17.4406,52.0299],[17.4074,52.0134],[17.3933,52.019],[17.3701,52.0146],[17.3419,52.022],[17.3265,52.0106],[17.3235,51.9871],[17.288,51.9886],[17.2753,51.9862],[17.2226,51.9877],[17.2037,51.9836],[17.1886,51.9675],[17.1969,51.9649],[17.2287,51.9674],[17.2461,51.9493],[17.2692,51.9533],[17.2695,51.9375],[17.2879,51.9309],[17.314,51.9115],[17.3072,51.8966],[17.3226,51.8947],[17.3368,51.8856],[17.3672,51.8822],[17.3713,51.8735],[17.3812,51.8762],[17.3974,51.8734],[17.404,51.8792],[17.418,51.8809],[17.4417,51.8964],[17.4706,51.893],[17.514,51.9008]]]},"properties":{"code":"3006","name":"powiat jarociński","country":"PL","level":"district","parent":"30","grodzki":false,"type":"powiat"}},
{"type":"Feature","geometry":{"type":"Polygon","coordinates":[[[22.4184,49.8883],[22.4366,49.8748],[22.4511,49.8725],[22.4578,49.8653],[22.4489,49.8577],[22.458,49.8473],[22.4795,49.8491],[22.4953,49.8431],[22.5163,49.8446],[22.5439,49.8386],[22.5674,49.8412],[22.5916,49.8374],[22.6218,49.8481],[22.6635,49.8655],[22.6742,49.8723],[22.6774,49.8819],[22.6718,49.8978],[22.6825,49.9037],[22.7107,49.908],[22.7224,49.9252],[22.731,49.9183],[22.7451,49.9159],[22.7564,49.9195],[22.7705,49.9088],[22.7633,49.8968],[22.7821,49.8954],[22.7962,49.9016],[22.8163,49.8962],[22.8172,49.9045],[22.8362,49.9063],[22.8423,49.8966],[22.8526,49.8982],[22.8573,49.8874],[22.8935,49.8877],[22.8913,49.9069],[22.918,49.9081],[22.9146,49.9327],[22.9264,49.933],[22.9398,49.9203],[22.9557,49.9236],[22.9601,49.9494],[22.9787,49.9495],[22.9906,49.944],[23.0342,49.9402],[23.0412,49.9344],[23.0557,49.9355],[23.0539,49.9243],[23.0928,49.9288],[23.1075,49.942],[23.1149,49.9565],[23.1426,49.9712],[23.1538,49.9808],[23.1426,49.9837],[23.1108,49.9854],[23.1016,49.9833],[23.0915,49.9881],[23.0567,49.9863],[23.0354,49.9906],[23.0387,49.9964],[23.0069,49.9973],[23.0176,50.0078],[23.037,50.0202],[23.0471,50.0402],[23.0672,50.0529],[23.0307,50.056],[23.0196,50.0629],[22.9964,50.0686],[22.9711,50.0684],[22.9537,50.0738],[22.9479,50.0927],[22.9154,50.0987],[22.9231,50.1109],[22.8928,50.1143],[22.9139,50.119],[22.9124,50.1241],[22.9302,50.1586],[22.9406,50.173],[22.8857,50.165],[22.8938,50.1492],[22.8736,50.1501],[22.879,50.1669],[22.8681,50.1764],[22.8689,50.1896],[22.7978,50.2095],[22.7846,50.2128],[22.726,50.1929],[22.7251,50.1883],[22.7539,50.1829],[22.7778,50.1745],[22.7563,50.167],[22.7643,50.1573],[22.7635,50.1434],[22.7252,50.1483],[22.7199,50.1439],[22.6851,50.1373],[22.6819,50.1305],[22.6698,50.1288],[22.6511,50.1335],[22.6299,50.1338],[22.6016,50.1409],[22.5839,50.132],[22.5896,50.116],[22.5977,50.1082],[22.6025,50.095],[22.5939,50.0918],[22.5944,50.0829],[22.6059,50.073],[22.5967,50.0629],[22.6004,50.0418],[22.58,50.0321],[22.5598,50.0268],[22.5511,50.0023],[22.5681,49.9905],[22.5776,49.9907],[22.5805,49.9816],[22.556,49.9829],[22.5648,49.9628],[22.5503,49.9615],[22.5041,49.9499],[22.4701,49.9449],[22.4433,49.919],[22.4455,49.9162],[22.4121,49.9075],[22.4115,49.8977],[22.4184,49.8883],[22.4184,49.8882],[22.4184,49.8883]]]},"properties":{"code":"1804","name":"powiat jarosławski","country":"PL","level":"district","parent":"18","grodzki":false,"type":"powiat"}},
{"type":"Feature","geometry":{"type":"Polygon","coordinates":[[[21.5803,49.4353],[21.5768,49.4486],[21.5696,49.4565],[21.591,49.4706],[21.5892,49.4845],[21.6039,49.4951],[21.6142,49.4969],[21.6039,49.5119],[21.6011,49.5314],[21.5933,49.5451],[21.581,49.5494],[21.5984,49.5845],[21.6109,49.5918],[21.6137,49.6052],[21.6031,49.6073],[21.6178,49.6143],[21.6252,49.6244],[21.6172,49.6367],[21.5981,49.6354],[21.5939,49.6266],[21.5724,49.6319],[21.5727,49.6418],[21.5881,49.6508],[21.5841,49.6575],[21.5855,49.6713],[21.5797,49.6737],[21.5798,49.6921],[21.5951,49.6934],[21.6019,49.7047],[21.62,49.7088],[21.622,49.7292],[21.6136,49.7426],[21.6037,49.7458],[21.6153,49.7565],[21.6114,49.763],[21.6324,49.7614],[21.6452,49.7678],[21.6461,49.7749],[21.6342,49.7739],[21.627,49.7921],[21.6181,49.7979],[21.5759,49.7855],[21.5598,49.7861],[21.5558,49.7954],[21.5568,49.812],[21.5525,49.8277],[21.5272,49.8302],[21.5105,49.8361],[21.4774,49.8405],[21.4392,49.8376],[21.4432,49.8343],[21.4433,49.8343],[21.4432,49.8343],[21.4433,49.8343],[21.407,49.8286],[21.4054,49.8381],[21.3908,49.8509],[21.3786,49.8667],[21.3633,49.872],[21.3455,49.8683],[21.3508,49.8562],[21.3497,49.8375],[21.3251,49.8369],[21.3071,49.8403],[21.3067,49.8585],[21.2903,49.8531],[21.2971,49.8429],[21.3358,49.8273],[21.3489,49.8147],[21.3322,49.8108],[21.3303,49.8039],[21.3084,49.7961],[21.2761,49.8039],[21.2692,49.7936],[21.2515,49.7922],[21.2418,49.7761],[21.2535,49.763],[21.2578,49.7521],[21.2813,49.7552],[21.2967,49.7481],[21.3102,49.7488],[21.3187,49.7392],[21.3158,49.7282],[21.331,49.7197],[21.3204,49.6984],[21.3408,49.6972],[21.3468,49.69],[21.3428,49.6582],[21.3578,49.6495],[21.3627,49.6338],[21.3451,49.6082],[21.3267,49.5937],[21.3475,49.5793],[21.3638,49.577],[21.3805,49.5676],[21.3645,49.5539],[21.3598,49.5431],[21.3809,49.5385],[21.3906,49.5285],[21.3826,49.5253],[21.3929,49.5115],[21.4076,49.5096],[21.4102,49.5011],[21.4209,49.492],[21.3907,49.489],[21.3927,49.4815],[21.4092,49.474],[21.4114,49.4678],[21.3922,49.4558],[21.3987,49.4338],[21.4066,49.4266],[21.4341,49.4123],[21.4562,49.4163],[21.467,49.4132],[21.479,49.4158],[21.4854,49.4263],[21.4957,49.4296],[21.5112,49.4197],[21.5342,49.4354],[21.551,49.4331],[21.565,49.4412],[21.5803,49.4353]]]},"properties":{"code":"1805","name":"powiat jasielski","country":"PL","level":"district","parent":"18","grodzki":false,"type":"powiat"}},
{"type":"Feature","geometry":{"type":"Polygon","coordinates":[[[18.6296,49.8999],[18.618,49.9068],[18.6316,49.921],[18.6693,49.9142],[18.6821,49.9377],[18.6866,49.9542],[18.6821,49.958],[18.6521,49.9585],[18.6412,49.9624],[18.6538,49.9645],[18.657,49.9815],[18.6678,50.0095],[18.6797,50.0048],[18.6811,50.01],[18.669,50.0184],[18.6658,50.0125],[18.6515,50.0208],[18.6321,50.0221],[18.611,50.0184],[18.614,50.0073],[18.59,49.9989],[18.603,49.9911],[18.6118,49.9787],[18.5739,49.9762],[18.5564,49.9647],[18.5573,49.9539],[18.5468,49.9534],[18.5409,49.9467],[18.5225,49.9478],[18.5151,49.9337],[18.5396,49.9257],[18.559,49.918],[18.5721,49.9217],[18.5757,49.9104],[18.5955,49.9021],[18.6252,49.8966],[18.6296,49.8999]]]},"properties":{"code":"2467","name":"powiat Jastrzębie-Zdrój","country":"PL","level":"district","parent":"24","grodzki":true,"type":"miasto na prawach powiatu"}},
{"type":"Feature","geometry":{"type":"Polygon","coordinates":[[[16.2039,50.8857],[16.1952,50.8935],[16.2009,50.9058],[16.1969,50.9148],[16.1867,50.9201],[16.1699,50.9452],[16.1594,50.9507],[16.176,50.9669],[16.1833,50.9644],[16.2016,50.9711],[16.2064,50.999],[16.1955,51.0042],[16.1986,51.0167],[16.2155,51.0186],[16.2313,51.0143],[16.2378,51.0081],[16.2651,51.0022],[16.2692,51.0121],[16.2989,51.0192],[16.3199,51.0135],[16.32,51.0233],[16.3372,51.029],[16.3429,51.0341],[16.3322,51.0463],[16.3331,51.0551],[16.3431,51.0562],[16.3445,51.0654],[16.3566,51.0711],[16.3735,51.0733],[16.3746,51.0634],[16.392,51.0584],[16.4038,51.0624],[16.4053,51.0708],[16.4188,51.0709],[16.4253,51.0798],[16.4371,51.0758],[16.4505,51.0822],[16.461,51.0807],[16.4799,51.0876],[16.4713,51.0953],[16.475,51.1059],[16.4584,51.112],[16.4418,51.1261],[16.4139,51.131],[16.4066,51.125],[16.3872,51.1289],[16.3863,51.1331],[16.37,51.1357],[16.3731,51.1405],[16.3563,51.1495],[16.3267,51.1448],[16.3238,51.137],[16.3122,51.1299],[16.3036,51.1153],[16.2903,51.1091],[16.2753,51.1125],[16.2687,51.1067],[16.249,51.1094],[16.2362,51.099],[16.2165,51.1098],[16.195,51.1053],[16.1952,51.1223],[16.1734,51.1275],[16.1718,51.1331],[16.1525,51.1367],[16.1389,51.1302],[16.1341,51.1119],[16.1251,51.108],[16.1076,51.1109],[16.0963,51.1008],[16.0705,51.1061],[16.0675,51.1215],[16.0476,51.1154],[16.0475,51.1153],[16.0448,51.1078],[16.0279,51.1055],[16.0104,51.0793],[15.9975,51.0795],[15.9819,51.0713],[15.9698,51.0739],[15.9329,51.0612],[15.934,51.0431],[15.9426,51.0351],[15.9767,51.0211],[15.9783,51.008],[15.9869,50.9957],[16.0014,50.9909],[15.9818,50.9658],[15.976,50.9483],[15.9536,50.9366],[15.9537,50.9293],[15.9438,50.9205],[15.9329,50.9236],[15.931,50.9007],[15.9365,50.8952],[15.9475,50.8988],[15.962,50.8946],[15.9714,50.8924],[15.9806,50.9014],[16.0003,50.8994],[16.0183,50.8935],[16.0192,50.9082],[16.033,50.901],[16.0385,50.9128],[16.0476,50.9108],[16.0338,50.8963],[16.059,50.9012],[16.0505,50.8908],[16.0741,50.8842],[16.0704,50.8705],[16.1096,50.8724],[16.1225,50.8707],[16.1151,50.8599],[16.103,50.8589],[16.12,50.853],[16.148,50.8635],[16.179,50.8639],[16.1976,50.8715],[16.2039,50.8857]]]},"properties":{"code":"0205","name":"powiat jaworski","country":"PL","level":"district","parent":"02","grodzki":false,"type":"powiat"}},
{"type":"Feature","geometry":{"type":"Polygon","coordinates":[[[19.2592,50.1169],[19.2778,50.1197],[19.2706,50.1437],[19.2883,50.1404],[19.3316,50.1442],[19.3538,50.1539],[19.3451,50.1647],[19.3487,50.1733],[19.3666,50.1732],[19.3664,50.1798],[19.3518,50.177],[19.3392,50.1816],[19.337,50.1897],[19.3637,50.1905],[19.3832,50.1997],[19.4025,50.2019],[19.4054,50.2068],[19.4165,50.2013],[19.4162,50.2103],[19.442,50.2266],[19.4287,50.2255],[19.4111,50.2333],[19.3931,50.2334],[19.3401,50.2496],[19.3234,50.2591],[19.3119,50.2583],[19.2841,50.2551],[19.2749,50.2594],[19.2679,50.2556],[19.234,50.258],[19.2324,50.2611],[19.206,50.2518],[19.2152,50.2398],[19.1964,50.2281],[19.1607,50.2263],[19.1629,50.2164],[19.177,50.2054],[19.1883,50.205],[19.1917,50.1963],[19.2043,50.1928],[19.2213,50.1773],[19.2336,50.172],[19.2417,50.1613],[19.2538,50.1342],[19.2592,50.1169]]]},"properties":{"code":"2468","name":"powiat Jaworzno","country":"PL","level":"district","parent":"24","grodzki":true,"type":"miasto na prawach powiatu"}},
{"type":"Feature","geometry":{"type":"Polygon","coordinates":[[[15.62,50.7678],[15.6324,50.7751],[15.6487,50.8013],[15.6293,50.8077],[15.6382,50.8141],[15.6359,50.8252],[15.656,50.8302],[15.6661,50.8471],[15.6809,50.8509],[15.7086,50.8477],[15.7196,50.8594],[15.7168,50.8633],[15.7315,50.8729],[15.7463,50.8677],[15.7481,50.8592],[15.7647,50.8593],[15.7775,50.8682],[15.7637,50.8813],[15.7871,50.8934],[15.7975,50.8839],[15.7948,50.8964],[15.8179,50.9007],[15.8308,50.8931],[15.8772,50.9003],[15.8698,50.9133],[15.8547,50.9179],[15.8446,50.9159],[15.8477,50.9265],[15.8283,50.9321],[15.8207,50.9242],[15.8021,50.9159],[15.7725,50.9276],[15.7683,50.9326],[15.7512,50.9242],[15.7265,50.9215],[15.7255,50.9279],[15.7093,50.93],[15.7012,50.9185],[15.6843,50.9109],[15.6677,50.9114],[15.6578,50.8963],[15.6499,50.8942],[15.6641,50.8845],[15.6637,50.8769],[15.6302,50.8624],[15.6343,50.8557],[15.6207,50.8465],[15.6171,50.8305],[15.605,50.8268],[15.6069,50.8187],[15.5955,50.8198],[15.5838,50.8129],[15.5861,50.7994],[15.5779,50.7787],[15.6018,50.7768],[15.62,50.7678]]]},"properties":{"code":"0261","name":"powiat Jelenia Góra","country":"PL","level":"district","parent":"02","grodzki":true,"type":"miasto na prawach powiatu"}},
{"type":"Feature","geometry":{"type":"Polygon","coordinates":[[[19.95,50.5048],[19.9721,50.5161],[19.9709,50.5205],[19.9875,50.5198],[20.0271,50.5086],[20.0282,50.5009],[20.0389,50.5002],[20.0541,50.5117],[20.0757,50.5099],[20.0837,50.4994],[20.097,50.4961],[20.0871,50.4896],[20.1176,50.4851],[20.1306,50.4899],[20.1665,50.4844],[20.1716,50.4911],[20.1937,50.4956],[20.2228,50.4847],[20.2258,50.4781],[20.2496,50.4791],[20.2478,50.4753],[20.2639,50.4671],[20.2729,50.4699],[20.2834,50.4724],[20.2922,50.4599],[20.3271,50.4472],[20.3252,50.4547],[20.3334,50.4705],[20.3478,50.4696],[20.3621,50.4743],[20.3694,50.4885],[20.3568,50.4907],[20.3297,50.5024],[20.3435,50.5291],[20.3325,50.5324],[20.3422,50.5457],[20.3658,50.5476],[20.3648,50.5388],[20.3807,50.5432],[20.4161,50.541],[20.4316,50.5303],[20.4386,50.535],[20.4583,50.5297],[20.4739,50.5585],[20.4996,50.5683],[20.514,50.5964],[20.5101,50.6043],[20.4982,50.6041],[20.5057,50.6168],[20.4975,50.6153],[20.5088,50.638],[20.5278,50.6379],[20.5445,50.6468],[20.5538,50.6414],[20.568,50.6482],[20.5719,50.666],[20.5843,50.6679],[20.5815,50.6762],[20.5568,50.6892],[20.5605,50.6988],[20.5378,50.7023],[20.5347,50.6973],[20.5175,50.7081],[20.516,50.7208],[20.5036,50.7262],[20.4979,50.7221],[20.4744,50.7307],[20.4632,50.7417],[20.419,50.747],[20.4147,50.7418],[20.4106,50.7543],[20.4219,50.7604],[20.405,50.7638],[20.3816,50.7827],[20.3448,50.789],[20.3234,50.7994],[20.3186,50.8223],[20.3078,50.8308],[20.3077,50.8483],[20.2974,50.8573],[20.2727,50.8643],[20.268,50.8572],[20.2496,50.8653],[20.2266,50.863],[20.2412,50.8485],[20.216,50.83],[20.2226,50.8265],[20.2131,50.8195],[20.1958,50.8256],[20.1792,50.8388],[20.1418,50.8433],[20.1248,50.8329],[20.1157,50.8076],[20.1039,50.8001],[20.1044,50.7899],[20.0951,50.7729],[20.08,50.7723],[20.0816,50.7616],[20.0699,50.7591],[20.0606,50.7452],[20.0524,50.7402],[20.065,50.7305],[20.0629,50.723],[20.08,50.7156],[20.0924,50.7153],[20.1016,50.7056],[20.0814,50.6941],[20.0729,50.68],[20.0541,50.6859],[20.0467,50.684],[20.0569,50.6687],[20.0419,50.6707],[20.0266,50.6616],[20.0245,50.6543],[20.0318,50.6336],[20.0011,50.6233],[19.9686,50.6332],[19.9528,50.6287],[19.9504,50.6158],[19.9246,50.6237],[19.9228,50.6198],[19.9035,50.6196],[19.8984,50.616],[19.8619,50.6217],[19.851,50.6122],[19.8409,50.5907],[19.8249,50.5829],[19.8175,50.5735],[19.804,50.5656],[19.7897,50.5685],[19.7887,50.5545],[19.8417,50.5551],[19.8548,50.5439],[19.9022,50.5393],[19.9117,50.5118],[19.9392,50.5026],[19.95,50.5048]]]},"properties":{"code":"2602","name":"powiat jędrzejowski","country":"PL","level":"district","parent":"26","grodzki":false,"type":"powiat"}},
{"type":"Feature","geometry":{"type":"Polygon","coordinates":[[[18.3586,51.5364],[18.373,51.5474],[18.3648,51.5645],[18.3727,51.5768],[18.3706,51.591],[18.3768,51.6001],[18.3487,51.6014],[18.3685,51.6169],[18.3647,51.624],[18.35,51.6269],[18.3528,51.6333],[18.37,51.6343],[18.3809,51.6523],[18.3553,51.6605],[18.3642,51.6817],[18.3799,51.6844],[18.3791,51.6895],[18.3956,51.6995],[18.4122,51.7006],[18.411,51.7144],[18.4011,51.7238],[18.4208,51.7268],[18.4235,51.7359],[18.4151,51.7453],[18.4215,51.7579],[18.4299,51.7572],[18.4293,51.7732],[18.4093,51.7917],[18.4369,51.7936],[18.4443,51.7985],[18.4393,51.8255],[18.447,51.8272],[18.4719,51.8199],[18.4646,51.838],[18.472,51.851],[18.4816,51.8563],[18.4744,51.8696],[18.4378,51.8709],[18.4232,51.8735],[18.4243,51.8805],[18.413,51.8895],[18.4164,51.8953],[18.4102,51.911],[18.3889,51.9116],[18.3795,51.9039],[18.3453,51.9103],[18.344,51.9164],[18.3269,51.9263],[18.332,51.9307],[18.3195,51.9429],[18.3233,51.9459],[18.2973,51.9805],[18.2811,51.9863],[18.2513,52.0083],[18.2725,52.0301],[18.2548,52.0412],[18.2399,52.0455],[18.2285,52.039],[18.2255,52.0252],[18.2134,52.0146],[18.1938,52.0157],[18.1905,52.0024],[18.1675,52.0084],[18.1683,51.9861],[18.1102,51.9823],[18.105,51.9757],[18.0611,51.9796],[17.9905,51.9976],[17.9472,52.0001],[17.9757,51.97],[17.98,51.9589],[17.9485,51.9529],[17.934,51.9363],[17.9456,51.9263],[17.95,51.9163],[17.9362,51.9156],[17.9581,51.8993],[17.9651,51.8884],[17.9635,51.8762],[17.973,51.8735],[17.9928,51.8508],[18.012,51.846],[18.0169,51.8304],[18.0132,51.8246],[18.0213,51.8147],[18.0153,51.8005],[18.0287,51.7894],[18.0426,51.7854],[18.0425,51.7795],[18.0549,51.7801],[18.0804,51.7869],[18.0959,51.7939],[18.1004,51.7854],[18.1274,51.7699],[18.137,51.7602],[18.1522,51.7593],[18.1571,51.7487],[18.1492,51.7339],[18.1282,51.7307],[18.1307,51.7253],[18.119,51.7092],[18.0874,51.7062],[18.0806,51.6909],[18.1224,51.6926],[18.1122,51.6776],[18.1114,51.6667],[18.0794,51.6542],[18.0747,51.6376],[18.0816,51.6274],[18.0875,51.6284],[18.0934,51.6105],[18.1089,51.5998],[18.1323,51.5918],[18.1574,51.5873],[18.1773,51.5801],[18.1843,51.569],[18.1884,51.5495],[18.1773,51.5457],[18.2044,51.5329],[18.2298,51.5356],[18.2592,51.5469],[18.2739,51.5444],[18.2929,51.5474],[18.3187,51.5462],[18.3586,51.5364]]]},"properties":{"code":"3007","name":"powiat kaliski","country":"PL","level":"district","parent":"30","grodzki":false,"type":"powiat"}},
{"type":"Feature","geometry":{"type":"Polygon","coordinates":[[[18.0874,51.7062],[18.119,51.7092],[18.1307,51.7253],[18.1282,51.7307],[18.1492,51.7339],[18.1571,51.7487],[18.1522,51.7593],[18.137,51.7602],[18.1274,51.7699],[18.1004,51.7854],[18.0959,51.7939],[18.0804,51.7869],[18.0549,51.7801],[18.0425,51.7795],[18.0325,51.7723],[18.035,51.7653],[18.0096,51.7597],[18.0061,51.7487],[17.995,51.7411],[18.018,51.7331],[17.9979,51.7176],[18.0134,51.712],[18.0167,51.7152],[18.0338,51.7097],[18.0516,51.7117],[18.0634,51.7015],[18.0874,51.7062]]]},"properties":{"code":"3061","name":"powiat Kalisz","country":"PL","level":"district","parent":"30","grodzki":true,"type":"miasto na prawach powiatu"}},
{"type":"Feature","geometry":{"type":"Polygon","coordinates":[[[16.103,50.8589],[16.1151,50.8599],[16.1225,50.8707],[16.1096,50.8724],[16.0704,50.8705],[16.0741,50.8842],[16.0505,50.8908],[16.059,50.9012],[16.0338,50.8963],[16.0476,50.9108],[16.0385,50.9128],[16.033,50.901],[16.0192,50.9082],[16.0183,50.8935],[16.0003,50.8994],[15.9806,50.9014],[15.9714,50.8924],[15.962,50.8946],[15.9525,50.8728],[15.9572,50.8485],[15.9268,50.8335],[15.9232,50.8226],[15.8888,50.8042],[15.8925,50.7907],[15.883,50.7853],[15.8676,50.7631],[15.8617,50.7454],[15.8319,50.7427],[15.8299,50.7247],[15.8517,50.707],[15.8634,50.6803],[15.861,50.6744],[15.8799,50.6712],[15.8851,50.6753],[15.9195,50.6846],[15.9666,50.6918],[15.9886,50.6849],[15.9897,50.6783],[16.0046,50.6571],[16.0085,50.6345],[16.0217,50.6302],[15.9984,50.6229],[15.9864,50.6147],[16.0248,50.5986],[16.0426,50.6142],[16.0561,50.6097],[16.0676,50.6398],[16.0951,50.653],[16.1073,50.6621],[16.1045,50.6677],[16.1122,50.6783],[16.1422,50.6804],[16.1535,50.6865],[16.1647,50.6831],[16.1795,50.6938],[16.1738,50.7086],[16.1493,50.7118],[16.1341,50.7095],[16.116,50.7242],[16.112,50.7372],[16.1005,50.749],[16.1078,50.7586],[16.0881,50.7764],[16.0756,50.7796],[16.0682,50.7908],[16.0724,50.8133],[16.0866,50.8201],[16.0812,50.8258],[16.0679,50.8263],[16.0869,50.861],[16.103,50.8589]]]},"properties":{"code":"0207","name":"powiat kamiennogórski","country":"PL","level":"district","parent":"02","grodzki":false,"type":"powiat"}},
{"type":"Feature","geometry":{"type":"Polygon","coordinates":[[[15.0832,53.7939],[15.0958,53.7991],[15.0967,53.8127],[15.0599,53.8149],[15.0548,53.8308],[15.0388,53.8373],[15.0541,53.8504],[15.0419,53.8795],[15.05,53.8886],[15.0593,53.8897],[15.0552,53.9027],[15.0245,53.9121],[15.0269,53.924],[15.0386,53.9238],[15.0602,53.9315],[15.0757,53.9285],[15.0747,53.9348],[15.0548,53.9445],[15.0578,53.9648],[15.0422,53.9677],[15.0316,53.9831],[15.0086,53.9928],[15.0062,54.0013],[14.9927,54.0055],[14.9795,54.0011],[14.9669,54.0059],[14.969,54.0202],[14.9813,54.0294],[14.9736,54.0312],[14.9613,54.048],[14.954,54.0403],[14.9296,54.0392],[14.926,54.0475],[14.9011,54.0447],[14.8952,54.0557],[14.7908,54.0366],[14.755,54.0287],[14.7262,54.0245],[14.713,54.0179],[14.6796,54.0071],[14.5872,53.987],[14.5326,53.9708],[14.5034,53.9655],[14.448,53.9345],[14.4024,53.9194],[14.391,53.9173],[14.4083,53.8933],[14.4204,53.864],[14.4409,53.7726],[14.5185,53.7779],[14.5787,53.7872],[14.5972,53.7967],[14.6165,53.771],[14.6405,53.7756],[14.658,53.7676],[14.6967,53.7756],[14.6963,53.7823],[14.7236,53.786],[14.7257,53.7994],[14.737,53.8169],[14.748,53.8159],[14.7536,53.8043],[14.7618,53.8033],[14.794,53.8114],[14.8108,53.8091],[14.8224,53.7938],[14.8399,53.7944],[14.8592,53.8049],[14.8649,53.8177],[14.879,53.8103],[14.8953,53.8139],[14.9015,53.805],[14.914,53.8092],[14.9377,53.7899],[14.9513,53.7755],[14.9635,53.7736],[14.9633,53.7678],[14.9816,53.7721],[15.0109,53.7865],[15.0198,53.7833],[15.043,53.7833],[15.0671,53.7879],[15.0725,53.7851],[15.0832,53.7939]]]},"properties":{"code":"3207","name":"powiat kamieński","country":"PL","level":"district","parent":"32","grodzki":false,"type":"powiat"}},
{"type":"Feature","geometry":{"type":"Polygon","coordinates":[[[15.62,50.7678],[15.6486,50.7595],[15.6593,50.7599],[15.6839,50.7526],[15.6886,50.7428],[15.7057,50.7373],[15.7234,50.7398],[15.735,50.7361],[15.7598,50.7436],[15.7792,50.7423],[15.7915,50.7527],[15.8143,50.7554],[15.8319,50.7427],[15.8617,50.7454],[15.8676,50.7631],[15.883,50.7853],[15.8925,50.7907],[15.8888,50.8042],[15.9232,50.8226],[15.9268,50.8335],[15.9572,50.8485],[15.9525,50.8728],[15.962,50.8946],[15.9475,50.8988],[15.9365,50.8952],[15.931,50.9007],[15.9329,50.9236],[15.9069,50.9271],[15.9033,50.9361],[15.8825,50.9497],[15.8475,50.937],[15.8324,50.9398],[15.8151,50.9663],[15.8224,50.9803],[15.777,50.9938],[15.7739,51.0016],[15.7377,51.0114],[15.7225,51.0072],[15.7199,50.9966],[15.6915,50.9997],[15.6892,50.9893],[15.6769,50.9843],[15.6903,50.9767],[15.6978,50.9644],[15.6945,50.9555],[15.6719,50.9593],[15.649,50.9532],[15.6334,50.9548],[15.6381,50.9492],[15.5902,50.9491],[15.5686,50.9396],[15.5363,50.9376],[15.5221,50.9391],[15.5033,50.9226],[15.5083,50.9149],[15.4863,50.9117],[15.4847,50.9033],[15.5011,50.8891],[15.4877,50.8786],[15.4763,50.8779],[15.4562,50.8848],[15.4459,50.8599],[15.4392,50.8523],[15.4134,50.853],[15.4132,50.833],[15.3981,50.8336],[15.3858,50.8386],[15.3682,50.836],[15.3747,50.8209],[15.3743,50.8111],[15.3662,50.8018],[15.374,50.7887],[15.3748,50.7776],[15.3921,50.7759],[15.4151,50.7928],[15.4208,50.8032],[15.4388,50.8091],[15.4502,50.8071],[15.4805,50.7908],[15.4937,50.7882],[15.511,50.7908],[15.5243,50.777],[15.5457,50.7805],[15.564,50.7761],[15.5779,50.7787],[15.5861,50.7994],[15.5838,50.8129],[15.5955,50.8198],[15.6069,50.8187],[15.605,50.8268],[15.6171,50.8305],[15.6207,50.8465],[15.6343,50.8557],[15.6302,50.8624],[15.6637,50.8769],[15.6641,50.8845],[15.6499,50.8942],[15.6578,50.8963],[15.6677,50.9114],[15.6843,50.9109],[15.7012,50.9185],[15.7093,50.93],[15.7255,50.9279],[15.7265,50.9215],[15.7512,50.9242],[15.7683,50.9326],[15.7725,50.9276],[15.8021,50.9159],[15.8207,50.9242],[15.8283,50.9321],[15.8477,50.9265],[15.8446,50.9159],[15.8547,50.9179],[15.8698,50.9133],[15.8772,50.9003],[15.8308,50.8931],[15.8179,50.9007],[15.7948,50.8964],[15.7975,50.8839],[15.7871,50.8934],[15.7637,50.8813],[15.7775,50.8682],[15.7647,50.8593],[15.7481,50.8592],[15.7463,50.8677],[15.7315,50.8729],[15.7168,50.8633],[15.7196,50.8594],[15.7086,50.8477],[15.6809,50.8509],[15.6661,50.8471],[15.656,50.8302],[15.6359,50.8252],[15.6382,50.8141],[15.6293,50.8077],[15.6487,50.8013],[15.6324,50.7751],[15.62,50.7678]]]},"properties":{"code":"0206","name":"powiat karkonoski","country":"PL","level":"district","parent":"02","grodzki":false,"type":"powiat"}},
{"type":"Feature","geometry":{"type":"Polygon","coordinates":[[[17.8002,54.1782],[17.8342,54.1786],[17.8449,54.1872],[17.8625,54.1911],[17.8822,54.1904],[17.8967,54.1859],[17.9082,54.1743],[17.9349,54.179],[17.9535,54.1894],[17.988,54.1977],[18.0005,54.1901],[17.995,54.1772],[18.0404,54.1777],[18.0617,54.1812],[18.088,54.1995],[18.1142,54.2017],[18.1385,54.1932],[18.1357,54.1883],[18.1502,54.1869],[18.165,54.199],[18.1822,54.1923],[18.1873,54.1948],[18.2228,54.188],[18.2151,54.196],[18.2262,54.1995],[18.2285,54.207],[18.2442,54.2164],[18.2545,54.2333],[18.2687,54.2405],[18.2897,54.2424],[18.3054,54.2491],[18.3279,54.2655],[18.358,54.2616],[18.374,54.2732],[18.3945,54.2785],[18.4329,54.2791],[18.4341,54.2875],[18.4563,54.3006],[18.4505,54.3117],[18.46,54.3076],[18.4858,54.3046],[18.488,54.317],[18.4782,54.3266],[18.4569,54.3323],[18.4685,54.3467],[18.4637,54.3537],[18.4412,54.3574],[18.446,54.3776],[18.4305,54.3835],[18.4655,54.4009],[18.4655,54.4077],[18.442,54.4082],[18.4429,54.4185],[18.4568,54.4364],[18.4389,54.4386],[18.451,54.4433],[18.4392,54.4525],[18.438,54.4631],[18.4188,54.4701],[18.4185,54.4796],[18.4078,54.4762],[18.4181,54.4656],[18.4167,54.4561],[18.3892,54.4376],[18.3647,54.4393],[18.3473,54.4242],[18.3294,54.4276],[18.3036,54.4251],[18.2782,54.4287],[18.2621,54.4251],[18.2436,54.43],[18.2468,54.439],[18.2296,54.4437],[18.2266,54.4381],[18.2043,54.4363],[18.1805,54.4176],[18.1668,54.4165],[18.144,54.4082],[18.1342,54.4178],[18.1172,54.4157],[18.1036,54.4198],[18.1054,54.4335],[18.0958,54.4291],[18.0666,54.4345],[18.0483,54.4335],[18.0275,54.4229],[18.0067,54.4242],[17.9917,54.4319],[17.9705,54.4342],[17.9578,54.431],[17.947,54.4221],[17.9279,54.4147],[17.9033,54.4104],[17.8812,54.41],[17.8565,54.4034],[17.8486,54.4103],[17.825,54.4155],[17.799,54.4118],[17.7924,54.3942],[17.8015,54.386],[17.7891,54.3753],[17.7963,54.3706],[17.7792,54.3652],[17.7625,54.3535],[17.7504,54.3544],[17.7442,54.3459],[17.7443,54.3459],[17.7442,54.3459],[17.7443,54.3459],[17.739,54.3235],[17.7154,54.3221],[17.7079,54.3038],[17.7259,54.2941],[17.7131,54.2855],[17.7241,54.2625],[17.6975,54.2367],[17.7161,54.237],[17.7098,54.2325],[17.7139,54.2205],[17.7242,54.2216],[17.7196,54.2091],[17.6997,54.1903],[17.6816,54.182],[17.6894,54.18],[17.7106,54.1947],[17.7081,54.1795],[17.7375,54.2065],[17.7508,54.2],[17.7462,54.1853],[17.7645,54.1763],[17.7741,54.1863],[17.8002,54.1782]]]},"properties":{"code":"2205","name":"powiat kartuski","country":"PL","level":"district","parent":"22","grodzki":false,"type":"powiat"}},
{"type":"Feature","geometry":{"type":"Polygon","coordinates":[[[18.9342,50.1586],[18.9489,50.1556],[18.9907,50.1706],[19.0222,50.1758],[19.0385,50.1637],[19.0373,50.1464],[19.047,50.1397],[19.0619,50.1392],[19.0703,50.131],[19.0816,50.1313],[19.0746,50.134],[19.0911,50.1472],[19.1021,50.1443],[19.1017,50.1551],[19.11,50.1609],[19.0965,50.1894],[19.0958,50.2032],[19.0686,50.206],[19.0916,50.2098],[19.1026,50.2391],[19.1014,50.247],[19.1106,50.25],[19.1224,50.2668],[19.1244,50.266],[19.1224,50.2668],[19.099,50.2782],[19.0969,50.2824],[19.0753,50.2805],[19.0713,50.2943],[19.0611,50.2954],[19.0503,50.2753],[19.0339,50.2784],[19.0313,50.2857],[19.0013,50.2963],[19.0067,50.285],[18.9921,50.2721],[18.9701,50.2864],[18.9639,50.2841],[18.9542,50.2624],[18.9591,50.2492],[18.9561,50.2391],[18.9445,50.2315],[18.9444,50.2315],[18.9445,50.2315],[18.9444,50.2315],[18.9428,50.2316],[18.9427,50.2316],[18.9428,50.2316],[18.9427,50.2316],[18.9078,50.2289],[18.8946,50.2359],[18.8969,50.2194],[18.9136,50.2221],[18.9228,50.2094],[18.9336,50.1786],[18.9481,50.1669],[18.9342,50.1586]]]},"properties":{"code":"2469","name":"powiat Katowice","country":"PL","level":"district","parent":"24","grodzki":true,"type":"miasto na prawach powiatu"}},
{"type":"Feature","geometry":{"type":"Polygon","coordinates":[[[18.5648,52.879],[18.5537,52.8535],[18.5453,52.855],[18.5384,52.8434],[18.5432,52.8327],[18.5299,52.8191],[18.5422,52.8199],[18.5525,52.8102],[18.5714,52.8143],[18.5829,52.8072],[18.5878,52.7979],[18.6129,52.8],[18.6251,52.7872],[18.6042,52.7537],[18.5837,52.7526],[18.5544,52.7562],[18.5412,52.7437],[18.5006,52.7481],[18.5058,52.7373],[18.5074,52.7109],[18.5218,52.7112],[18.5488,52.7172],[18.559,52.7166],[18.5965,52.724],[18.616,52.7233],[18.6508,52.7258],[18.648,52.7126],[18.6777,52.7082],[18.6811,52.7214],[18.722,52.7093],[18.7555,52.688],[18.7754,52.6817],[18.8164,52.6532],[18.8286,52.6484],[18.8657,52.6356],[18.8578,52.6523],[18.8458,52.6607],[18.8394,52.6741],[18.8568,52.67],[18.8609,52.704],[18.8496,52.7075],[18.8477,52.7305],[18.8431,52.7403],[18.8171,52.7427],[18.8276,52.751],[18.8358,52.7687],[18.8483,52.7737],[18.8602,52.7713],[18.8985,52.7723],[18.903,52.7787],[18.9386,52.7826],[18.9295,52.7897],[18.9294,52.7988],[18.9092,52.8226],[18.9073,52.836],[18.9054,52.8455],[18.8891,52.8595],[18.8546,52.8682],[18.8366,52.8805],[18.8312,52.8936],[18.8132,52.9063],[18.7692,52.9102],[18.7505,52.9161],[18.7226,52.9334],[18.7082,52.9238],[18.695,52.9225],[18.6896,52.8975],[18.6552,52.8966],[18.6413,52.8893],[18.6349,52.893],[18.6244,52.8876],[18.6199,52.8773],[18.6043,52.8713],[18.606,52.8627],[18.5916,52.8581],[18.5779,52.8654],[18.5777,52.8736],[18.5648,52.879]]]},"properties":{"code":"0401","name":"powiat aleksandrowski","country":"PL","level":"district","parent":"04","grodzki":false,"type":"powiat"}},
{"type":"Feature","geometry":{"type":"Polygon","coordinates":[[[23.5116,53.9159],[23.4913,53.9032],[23.4806,53.9073],[23.4635,53.8949],[23.4247,53.9019],[23.4167,53.8942],[23.3943,53.9083],[23.3854,53.9212],[23.389,53.9251],[23.3713,53.9343],[23.337,53.937],[23.3537,53.9413],[23.3295,53.951],[23.3032,53.9449],[23.2757,53.9547],[23.266,53.9455],[23.2262,53.9595],[23.1638,53.9515],[23.1496,53.9566],[23.1555,53.9758],[23.1381,53.9756],[23.1363,53.961],[23.1134,53.9612],[23.1121,53.9702],[23.0992,53.9703],[23.1006,53.9602],[23.08,53.962],[23.0956,53.9819],[23.0901,53.989],[23.1294,54.0042],[23.1278,54.0205],[23.124,54.0248],[23.0371,54.0096],[23.0152,54.0156],[23.0039,54.0127],[22.9883,54.0163],[22.9257,54.0071],[22.9134,54.0117],[22.8718,53.9962],[22.8867,53.9683],[22.8506,53.9661],[22.8373,53.9702],[22.8381,53.9593],[22.8599,53.9528],[22.8512,53.9429],[22.8219,53.9276],[22.8163,53.9334],[22.7958,53.9227],[22.7885,53.9285],[22.7783,53.9228],[22.7828,53.9155],[22.7752,53.8968],[22.7854,53.8834],[22.779,53.8656],[22.7581,53.8497],[22.7267,53.8332],[22.7268,53.8039],[22.6968,53.7616],[22.7324,53.7515],[22.7442,53.7295],[22.7236,53.7151],[22.7246,53.7084],[22.7044,53.6877],[22.7235,53.6857],[22.7286,53.6986],[22.7719,53.6892],[22.7871,53.6813],[22.8101,53.6876],[22.8233,53.688],[22.8395,53.6822],[22.8442,53.6866],[22.8512,53.6901],[22.8775,53.6748],[22.8682,53.6705],[22.8828,53.6612],[22.8803,53.6289],[22.8874,53.603],[22.9192,53.6057],[22.9016,53.5949],[22.8739,53.5829],[22.8776,53.5734],[22.8879,53.578],[22.8993,53.5701],[22.9298,53.5849],[22.9287,53.6071],[22.9487,53.6098],[22.9609,53.6188],[22.9577,53.6002],[23.0048,53.6102],[23.0076,53.6262],[23.0476,53.6317],[23.0668,53.6412],[23.0685,53.6592],[23.1019,53.6714],[23.1099,53.6687],[23.1228,53.677],[23.1383,53.6809],[23.1498,53.6925],[23.1744,53.6969],[23.2033,53.7132],[23.2233,53.7143],[23.2268,53.7184],[23.2466,53.7076],[23.2717,53.7112],[23.2958,53.7079],[23.3287,53.7138],[23.34,53.7219],[23.4147,53.7002],[23.4359,53.7047],[23.4667,53.7031],[23.4926,53.694],[23.51,53.6924],[23.5039,53.6996],[23.5172,53.7017],[23.5321,53.7102],[23.5593,53.7086],[23.5622,53.702],[23.5887,53.6959],[23.5853,53.7057],[23.5856,53.7283],[23.5821,53.7438],[23.549,53.7678],[23.5447,53.7962],[23.5462,53.8258],[23.5535,53.8319],[23.5451,53.845],[23.5482,53.8561],[23.5241,53.8626],[23.5242,53.8721],[23.5116,53.9159]]]},"properties":{"code":"2001","name":"powiat augustowski","country":"PL","level":"district","parent":"20","grodzki":false,"type":"powiat"}},
{"type":"Feature","geometry":{"type":"Polygon","coordinates":[[[21.2205,54.3348],[21.1967,54.3378],[21.1641,54.3373],[21.1432,54.3426],[21.0898,54.3473],[21.0381,54.3486],[21.0067,54.3536],[20.9582,54.3546],[20.9513,54.3571],[20.8184,54.36],[20.7408,54.3693],[20.7175,54.3692],[20.6894,54.3723],[20.6481,54.3712],[20.6311,54.3663],[20.6224,54.371],[20.584,54.378],[20.5055,54.3827],[20.4385,54.3879],[20.4034,54.3929],[20.3611,54.3959],[20.3144,54.4021],[20.3278,54.3956],[20.3234,54.388],[20.3354,54.3716],[20.3041,54.3474],[20.2773,54.3411],[20.2784,54.3338],[20.2679,54.3129],[20.2685,54.3037],[20.2786,54.305],[20.2689,54.2927],[20.261,54.275],[20.3091,54.2713],[20.3475,54.2582],[20.3629,54.2476],[20.3883,54.2356],[20.3936,54.2219],[20.4063,54.2184],[20.4084,54.2086],[20.4494,54.2039],[20.4726,54.1917],[20.487,54.1926],[20.4925,54.1854],[20.5095,54.1902],[20.5367,54.1887],[20.5436,54.1981],[20.5563,54.1966],[20.5753,54.203],[20.5916,54.192],[20.6189,54.1968],[20.6763,54.2107],[20.6928,54.1986],[20.7113,54.2078],[20.7208,54.2066],[20.7323,54.214],[20.7558,54.1901],[20.7512,54.1886],[20.7949,54.1458],[20.7983,54.1396],[20.7926,54.1253],[20.8168,54.1188],[20.8171,54.1063],[20.8008,54.0774],[20.7822,54.0783],[20.7806,54.074],[20.7926,54.0348],[20.8077,54.029],[20.8441,54.0229],[20.8561,54.039],[20.8676,54.0351],[20.8808,54.0414],[20.9209,54.0296],[20.9463,54.0503],[20.9937,54.0288],[21.0177,54.0482],[21.0371,54.0574],[21.0583,54.0542],[21.0465,54.0514],[21.0547,54.0295],[21.0598,54.0358],[21.0821,54.0371],[21.0818,54.0463],[21.0727,54.0528],[21.0882,54.0609],[21.0696,54.0828],[21.0992,54.0911],[21.1107,54.0902],[21.0964,54.1042],[21.067,54.1195],[21.0574,54.1283],[21.0247,54.1236],[21.022,54.1324],[21.0334,54.1446],[21.0371,54.1666],[21.0301,54.1681],[21.0337,54.1788],[21.0477,54.1782],[21.046,54.1931],[21.0568,54.1975],[21.0554,54.2142],[21.0307,54.2243],[21.0578,54.2589],[21.0928,54.2567],[21.0972,54.2842],[21.1214,54.2764],[21.139,54.2569],[21.1525,54.2608],[21.1793,54.26],[21.1852,54.2757],[21.1729,54.2779],[21.1635,54.2854],[21.1671,54.2958],[21.1804,54.3001],[21.1984,54.3003],[21.1981,54.3082],[21.217,54.3125],[21.2103,54.3299],[21.2205,54.3348]]]},"properties":{"code":"2801","name":"powiat bartoszycki","country":"PL","level":"district","parent":"28","grodzki":false,"type":"powiat"}},
{"type":"Feature","geometry":{"type":"Polygon","coordinates":[[[18.8663,51.2806],[18.8992,51.2804],[18.9024,51.2892],[18.9231,51.2875],[18.9556,51.2894],[18.9857,51.2834],[19.0002,51.2874],[19.032,51.2761],[19.0437,51.2843],[19.0392,51.2869],[19.0686,51.2912],[19.0791,51.2999],[19.0892,51.2968],[19.1019,51.2788],[19.0984,51.2743],[19.1095,51.2534],[19.0952,51.2543],[19.0972,51.2369],[19.1183,51.2404],[19.1287,51.2358],[19.1278,51.2472],[19.1365,51.2476],[19.1419,51.2382],[19.1569,51.2442],[19.1627,51.2604],[19.1784,51.2501],[19.1876,51.2488],[19.1969,51.2282],[19.221,51.2245],[19.232,51.216],[19.2514,51.2092],[19.2512,51.194],[19.2659,51.2002],[19.2653,51.2073],[19.2761,51.203],[19.2885,51.1914],[19.3125,51.1842],[19.3395,51.1908],[19.3551,51.1819],[19.3667,51.1893],[19.3916,51.195],[19.399,51.2007],[19.3979,51.2199],[19.3843,51.2313],[19.4031,51.234],[19.4137,51.2414],[19.4067,51.2469],[19.4222,51.2475],[19.4166,51.2585],[19.4379,51.2727],[19.4481,51.2845],[19.4599,51.2861],[19.4795,51.3041],[19.4876,51.3076],[19.4731,51.3295],[19.4833,51.3383],[19.4692,51.3458],[19.4965,51.3549],[19.4988,51.3703],[19.4763,51.3864],[19.4677,51.4008],[19.4884,51.4079],[19.4912,51.415],[19.4775,51.4173],[19.4821,51.4361],[19.474,51.443],[19.4907,51.4436],[19.4905,51.4501],[19.467,51.4496],[19.4603,51.4529],[19.4633,51.4677],[19.4409,51.4661],[19.43,51.4616],[19.4228,51.4672],[19.4393,51.4738],[19.4419,51.4855],[19.4568,51.4908],[19.4478,51.4974],[19.4562,51.5102],[19.4322,51.5085],[19.4278,51.521],[19.4143,51.5254],[19.383,51.5295],[19.35,51.5238],[19.329,51.5223],[19.2977,51.5283],[19.289,51.5321],[19.2797,51.5534],[19.2734,51.5552],[19.2603,51.5444],[19.2622,51.5328],[19.2581,51.5141],[19.2401,51.4998],[19.2442,51.4957],[19.2062,51.4882],[19.196,51.4764],[19.1854,51.4754],[19.1591,51.4823],[19.1429,51.4774],[19.1082,51.4755],[19.0903,51.4672],[19.0788,51.4686],[19.0762,51.4593],[19.0809,51.4476],[19.0726,51.4395],[19.0811,51.4377],[19.0786,51.4264],[19.0563,51.4097],[19.0591,51.4003],[19.0693,51.3899],[19.0559,51.3842],[19.0472,51.3537],[19.0279,51.3573],[19.0165,51.3548],[19.0129,51.3442],[18.97,51.362],[18.9652,51.362],[18.9346,51.3477],[18.9287,51.3527],[18.916,51.3521],[18.9164,51.362],[18.8974,51.3643],[18.9078,51.3597],[18.8769,51.3516],[18.8854,51.3453],[18.8683,51.3346],[18.8613,51.3233],[18.8823,51.3162],[18.8885,51.3049],[18.8562,51.2908],[18.8663,51.2806]]]},"properties":{"code":"1001","name":"powiat bełchatowski","country":"PL","level":"district","parent":"10","grodzki":false,"type":"powiat"}},
{"type":"Feature","geometry":{"type":"MultiPolygon","coordinates":[[[[19.3234,50.2591],[19.3535,50.2659],[19.3615,50.2641],[19.3816,50.273],[19.3881,50.2893],[19.3952,50.2901],[19.4106,50.3026],[19.3984,50.3084],[19.4066,50.3174],[19.3961,50.3219],[19.3541,50.3259],[19.3446,50.3065],[19.3236,50.3033],[19.3085,50.2971],[19.3016,50.2991],[19.2851,50.2917],[19.2806,50.2805],[19.3032,50.2813],[19.3114,50.275],[19.3119,50.2583],[19.3234,50.2591]]],[[[19.1656,50.3133],[19.1616,50.3301],[19.155,50.3321],[19.1817,50.346],[19.1896,50.3541],[19.1842,50.3655],[19.1828,50.3864],[19.1899,50.3975],[19.2015,50.3908],[19.219,50.4017],[19.2395,50.4037],[19.2439,50.4141],[19.2265,50.4194],[19.2321,50.4308],[19.2286,50.4413],[19.2385,50.4407],[19.2386,50.4478],[19.2498,50.4369],[19.2675,50.4326],[19.2932,50.4332],[19.2757,50.4714],[19.2703,50.4907],[19.2767,50.5046],[19.2928,50.5178],[19.3068,50.5213],[19.3003,50.5286],[19.2681,50.5364],[19.2492,50.53],[19.247,50.5235],[19.2136,50.5217],[19.1827,50.5337],[19.1527,50.5286],[19.1336,50.5225],[19.1344,50.5043],[19.1154,50.5004],[19.1215,50.4911],[19.1137,50.4804],[19.0988,50.4816],[19.1038,50.4702],[19.0887,50.4571],[19.0694,50.4536],[19.064,50.443],[19.0602,50.4489],[19.0464,50.449],[19.0218,50.4562],[19.0237,50.4489],[19.0117,50.4292],[18.9887,50.4308],[18.9852,50.4156],[18.9707,50.4133],[18.981,50.3929],[18.9757,50.3841],[18.9603,50.3833],[18.9627,50.3744],[18.9976,50.3676],[19.0146,50.3616],[19.0329,50.3495],[19.0415,50.3488],[19.0604,50.3463],[19.0543,50.3387],[19.0565,50.3279],[19.0498,50.3201],[19.0457,50.3008],[19.0611,50.2954],[19.0713,50.2943],[19.1111,50.3017],[19.1437,50.3054],[19.1656,50.3133]]]]},"properties":{"code":"2401","name":"powiat będziński","country":"PL","level":"district","parent":"24","grodzki":false,"type":"powiat"}},
{"type":"Feature","geometry":{"type":"Polygon","coordinates":[[[23.5306,51.7431],[23.546,51.7484],[23.5614,51.7613],[23.5739,51.7569],[23.5883,51.76],[23.597,51.7722],[23.6116,51.772],[23.6313,51.7815],[23.6402,51.8048],[23.6285,51.819],[23.6215,51.8209],[23.6203,51.8315],[23.6074,51.8298],[23.6091,51.8369],[23.6007,51.8418],[23.6115,51.8449],[23.6174,51.857],[23.6103,51.8607],[23.6071,51.8763],[23.6204,51.8776],[23.6303,51.8734],[23.6235,51.8869],[23.6369,51.8918],[23.6318,51.8997],[23.6184,51.9035],[23.6204,51.911],[23.612,51.9174],[23.6208,51.9251],[23.6447,51.9324],[23.6415,51.9484],[23.6289,51.9475],[23.6505,51.9631],[23.6693,51.9647],[23.6654,51.9789],[23.6864,51.9867],[23.689,51.9919],[23.658,52.0207],[23.6631,52.0242],[23.6627,52.0399],[23.653,52.0554],[23.6537,52.0627],[23.6444,52.0645],[23.6536,52.0711],[23.6429,52.0772],[23.6402,52.0858],[23.6201,52.0913],[23.6116,52.0982],[23.6168,52.1091],[23.5986,52.1174],[23.5802,52.1199],[23.567,52.1157],[23.5563,52.1183],[23.5491,52.1099],[23.5417,52.1285],[23.5212,52.1329],[23.5098,52.1502],[23.5017,52.1471],[23.487,52.1548],[23.4859,52.1641],[23.5074,52.1739],[23.4856,52.1813],[23.4712,52.1743],[23.4582,52.1846],[23.4447,52.1828],[23.432,52.1734],[23.4228,52.1734],[23.4136,52.1826],[23.3988,52.1788],[23.4002,52.1945],[23.3962,52.2006],[23.3803,52.1949],[23.3712,52.1965],[23.366,52.208],[23.3555,52.2048],[23.3525,52.2107],[23.3377,52.2062],[23.3264,52.2107],[23.3176,52.2082],[23.2991,52.2117],[23.3073,52.2174],[23.2948,52.2211],[23.2734,52.2149],[23.239,52.2196],[23.2,52.2297],[23.1941,52.2395],[23.2056,52.2572],[23.2008,52.2644],[23.2012,52.2781],[23.1783,52.2831],[23.1552,52.2799],[23.1284,52.2878],[23.1042,52.2654],[23.11,52.2613],[23.1024,52.2536],[23.0948,52.2565],[23.0781,52.2349],[23.0666,52.2368],[23.033,52.2186],[23.03,52.2077],[23.0397,52.1839],[23.0694,52.1748],[23.0715,52.1704],[23.0348,52.1784],[23.0288,52.1741],[22.9952,52.1749],[22.977,52.1722],[22.9859,52.1589],[22.9423,52.1446],[22.933,52.1365],[22.947,52.1252],[22.9682,52.1154],[22.9501,52.1022],[22.928,52.1116],[22.9225,52.1068],[22.9026,52.1103],[22.8875,52.092],[22.8954,52.082],[22.9074,52.077],[22.9021,52.0635],[22.8682,52.066],[22.8657,52.0724],[22.8499,52.0656],[22.8375,52.0799],[22.8063,52.0792],[22.7871,52.0681],[22.765,52.0814],[22.7539,52.095],[22.7225,52.0984],[22.6983,52.1085],[22.6987,52.1175],[22.6776,52.1089],[22.6483,52.0909],[22.6667,52.0795],[22.6638,52.0705],[22.6691,52.063],[22.6628,52.0508],[22.6613,52.0366],[22.6375,52.0321],[22.6229,52.0187],[22.6175,52.011],[22.6253,52.0005],[22.6334,51.9991],[22.6358,51.9869],[22.6295,51.9824],[22.6335,51.9693],[22.6405,51.9499],[22.654,51.9393],[22.6726,51.9427],[22.6861,51.9352],[22.7014,51.9408],[22.7065,51.9484],[22.724,51.9401],[22.7302,51.948],[22.7371,51.9421],[22.7711,51.9377],[22.7621,51.9258],[22.773,51.9258],[22.7789,51.9195],[22.7768,51.9012],[22.7637,51.9007],[22.7564,51.8732],[22.7306,51.8401],[22.7298,51.8293],[22.7434,51.8125],[22.764,51.8135],[22.782,51.8324],[22.7914,51.8573],[22.8159,51.8557],[22.8662,51.8626],[22.882,51.8625],[22.8808,51.8474],[22.9203,51.8664],[22.9676,51.8929],[23.036,51.8941],[23.0441,51.8801],[23.0626,51.8677],[23.0461,51.8426],[23.031,51.794],[23.023,51.7803],[23.0393,51.77],[23.0397,51.7617],[23.0581,51.7511],[23.0696,51.754],[23.1152,51.7534],[23.1502,51.7279],[23.1546,51.7156],[23.1715,51.705],[23.1966,51.7164],[23.2286,51.7158],[23.248,51.7066],[23.2883,51.6964],[23.3117,51.6727],[23.3209,51.6566],[23.3361,51.6571],[23.3284,51.666],[23.3308,51.6761],[23.3592,51.6863],[23.3966,51.7093],[23.4073,51.7132],[23.4141,51.7224],[23.4004,51.7285],[23.4001,51.7368],[23.4143,51.7429],[23.447,51.7421],[23.4514,51.7558],[23.4484,51.7651],[23.4554,51.777],[23.4652,51.7806],[23.4877,51.7771],[23.483,51.772],[23.5187,51.7603],[23.51,51.7499],[23.5306,51.7431]],[[23.1778,52.0076],[23.1601,52.0064],[23.1223,51.9964],[23.0959,52.0062],[23.074,52.0028],[23.0725,52.0135],[23.0851,52.0151],[23.0758,52.0241],[23.0914,52.024],[23.0906,52.0323],[23.0651,52.0334],[23.0885,52.0423],[23.0944,52.0543],[23.1214,52.0583],[23.1235,52.0617],[23.1471,52.0598],[23.1524,52.0522],[23.2099,52.0568],[23.2115,52.033],[23.2084,52.0171],[23.1989,52.0193],[23.1778,52.0076]]]},"properties":{"code":"0601","name":"powiat bialski","country":"PL","level":"district","parent":"06","grodzki":false,"type":"powiat"}},
{"type":"Feature","geometry":{"type":"Polygon","coordinates":[[[23.1778,52.0076],[23.1989,52.0193],[23.2084,52.0171],[23.2115,52.033],[23.2099,52.0568],[23.1524,52.0522],[23.1471,52.0598],[23.1235,52.0617],[23.1214,52.0583],[23.0944,52.0543],[23.0885,52.0423],[23.0651,52.0334],[23.0906,52.0323],[23.0914,52.024],[23.0758,52.0241],[23.0851,52.0151],[23.0725,52.0135],[23.074,52.0028],[23.0959,52.0062],[23.1223,51.9964],[23.1601,52.0064],[23.1778,52.0076]]]},"properties":{"code":"0661","name":"powiat Biała Podlaska","country":"PL","level":"district","parent":"06","grodzki":true,"type":"miasto na prawach powiatu"}},
{"type":"Feature","geometry":{"type":"Polygon","coordinates":[[[20.7987,51.5117],[20.8286,51.5202],[20.8449,51.5222],[20.8473,51.5153],[20.8909,51.515],[20.8943,51.5224],[20.9428,51.5249],[20.9327,51.5007],[20.9548,51.4986],[20.9831,51.4992],[21.001,51.5021],[20.9984,51.5178],[21.0297,51.5195],[21.0337,51.5233],[21.0233,51.5323],[21.0425,51.5397],[21.0721,51.5415],[21.0764,51.5522],[21.0712,51.5613],[21.0914,51.5657],[21.089,51.5756],[21.1098,51.5806],[21.1176,51.586],[21.1302,51.5756],[21.1309,51.5832],[21.1507,51.5891],[21.18,51.591],[21.1813,51.5882],[21.2055,51.5887],[21.2161,51.5965],[21.2047,51.5987],[21.2063,51.607],[21.2187,51.6072],[21.2254,51.6154],[21.2315,51.6355],[21.2429,51.6367],[21.2219,51.6489],[21.2066,51.6446],[21.2145,51.6521],[21.214,51.6664],[21.1997,51.6687],[21.1967,51.6641],[21.1833,51.6715],[21.1584,51.6724],[21.1542,51.6825],[21.1585,51.691],[21.1561,51.7021],[21.1715,51.6906],[21.176,51.7321],[21.1488,51.7321],[21.1375,51.7225],[21.1248,51.7279],[21.1007,51.7286],[21.0904,51.7139],[21.0734,51.6983],[21.0468,51.6922],[21.0472,51.6818],[21.0306,51.6805],[21.0324,51.6902],[21.0153,51.6945],[21.007,51.7039],[21.0165,51.7095],[21.0054,51.7217],[20.9917,51.7253],[20.988,51.7323],[20.9742,51.7311],[20.973,51.7458],[20.9499,51.7467],[20.9452,51.7538],[20.9319,51.7459],[20.9149,51.7498],[20.9009,51.74],[20.8894,51.7397],[20.8869,51.7217],[20.8779,51.7215],[20.878,51.7057],[20.854,51.7053],[20.8422,51.7124],[20.8317,51.712],[20.7909,51.6969],[20.763,51.6902],[20.7821,51.6771],[20.8128,51.6676],[20.8141,51.6379],[20.7761,51.6325],[20.7711,51.6236],[20.7137,51.6241],[20.7088,51.6157],[20.6916,51.6142],[20.692,51.6096],[20.651,51.6064],[20.6443,51.5952],[20.6437,51.5837],[20.7046,51.5773],[20.7101,51.5593],[20.7003,51.556],[20.701,51.5485],[20.7218,51.54],[20.7327,51.5431],[20.7382,51.5519],[20.759,51.5506],[20.7665,51.5414],[20.7679,51.5286],[20.7838,51.5249],[20.7987,51.5117]]]},"properties":{"code":"1401","name":"powiat białobrzeski","country":"PL","level":"district","parent":"14","grodzki":false,"type":"powiat"}},
{"type":"Feature","geometry":{"type":"Polygon","coordinates":[[[16.4405,53.9042],[16.4468,53.9227],[16.4338,53.9243],[16.4473,53.9289],[16.4438,53.9494],[16.457,53.9515],[16.4323,53.9617],[16.4308,53.9671],[16.4019,53.9742],[16.3829,53.9687],[16.365,53.9803],[16.3692,53.9855],[16.3551,53.9862],[16.3456,53.98],[16.3278,53.9842],[16.3301,53.9982],[16.3475,54.0121],[16.2827,54.0209],[16.2707,54.0269],[16.259,54.0217],[16.2451,54.022],[16.235,54.0159],[16.2322,54.0235],[16.1965,54.035],[16.1879,54.0427],[16.1502,54.048],[16.1224,54.058],[16.1064,54.0716],[16.0993,54.0842],[16.0868,54.0851],[16.0903,54.0985],[16.0768,54.1115],[16.0563,54.115],[16.0528,54.1061],[16.0582,54.0982],[16.0315,54.0896],[16.0026,54.0734],[15.988,54.0808],[15.9793,54.0745],[15.9558,54.0719],[15.9462,54.0655],[15.9397,54.0761],[15.9105,54.0766],[15.9095,54.089],[15.9324,54.1004],[15.9359,54.1063],[15.9128,54.126],[15.9221,54.1348],[15.9171,54.1391],[15.8941,54.141],[15.8802,54.1457],[15.8806,54.1348],[15.8632,54.1161],[15.863,54.1086],[15.8525,54.1074],[15.8428,54.0973],[15.8309,54.094],[15.834,54.084],[15.8206,54.0829],[15.8176,54.076],[15.793,54.0775],[15.792,54.0675],[15.7755,54.0665],[15.7485,54.0768],[15.743,54.0662],[15.7323,54.0657],[15.745,54.0509],[15.7444,54.0355],[15.7393,54.0271],[15.7534,54.0111],[15.7463,54.0005],[15.728,54.0006],[15.7201,53.9911],[15.7315,53.9857],[15.7378,53.9762],[15.7245,53.9734],[15.7257,53.964],[15.7317,53.9591],[15.7643,53.9533],[15.7559,53.9434],[15.7619,53.9343],[15.8153,53.9324],[15.7783,53.9114],[15.7869,53.8906],[15.807,53.8992],[15.7989,53.9036],[15.814,53.9074],[15.8217,53.8986],[15.8387,53.9014],[15.8576,53.8862],[15.8649,53.8949],[15.8593,53.9048],[15.8643,53.9154],[15.887,53.9165],[15.9024,53.9226],[15.9117,53.914],[15.9327,53.9117],[15.9615,53.9156],[15.9819,53.9101],[15.996,53.9001],[16.013,53.9019],[16.0463,53.8806],[16.0687,53.8984],[16.0842,53.8986],[16.0978,53.8861],[16.1446,53.8778],[16.1444,53.855],[16.1541,53.8434],[16.154,53.832],[16.1463,53.8245],[16.1646,53.81],[16.185,53.8111],[16.1831,53.8193],[16.2005,53.8254],[16.1971,53.8322],[16.216,53.8399],[16.2551,53.8429],[16.2637,53.8569],[16.2736,53.8589],[16.2647,53.8709],[16.2798,53.8752],[16.3264,53.877],[16.3364,53.8851],[16.3397,53.8987],[16.3661,53.9168],[16.3848,53.9099],[16.4141,53.9088],[16.429,53.9012],[16.4405,53.9042]]]},"properties":{"code":"3201","name":"powiat białogardzki","country":"PL","level":"district","parent":"32","grodzki":false,"type":"powiat"}},
{"type":"Feature","geometry":{"type":"Polygon","coordinates":[[[23.1178,53.3392],[23.1263,53.3363],[23.1227,53.3276],[23.1097,53.3196],[23.0813,53.3276],[23.0775,53.3061],[23.0534,53.3077],[23.0516,53.2982],[23.028,53.2997],[23.0246,53.2805],[22.9993,53.2821],[22.9878,53.2904],[22.9622,53.2796],[22.9439,53.2806],[22.9342,53.2878],[22.959,53.2949],[22.9482,53.3036],[22.9309,53.2959],[22.9231,53.2861],[22.9144,53.2851],[22.9318,53.279],[22.9319,53.2739],[22.9526,53.2733],[22.9537,53.2616],[22.9241,53.2615],[22.8975,53.2437],[22.885,53.227],[22.853,53.229],[22.835,53.2184],[22.8201,53.2242],[22.7738,53.2139],[22.7762,53.2216],[22.7707,53.2374],[22.7581,53.2424],[22.7468,53.2406],[22.7396,53.2678],[22.7311,53.273],[22.699,53.2769],[22.6656,53.2448],[22.6418,53.2491],[22.6343,53.2435],[22.6079,53.2334],[22.6177,53.2321],[22.6203,53.2045],[22.6059,53.2108],[22.5846,53.2082],[22.5644,53.2091],[22.5446,53.2206],[22.5125,53.2178],[22.5026,53.214],[22.4797,53.2134],[22.4848,53.2051],[22.4691,53.2034],[22.4783,53.1793],[22.4845,53.1801],[22.4837,53.165],[22.4989,53.1652],[22.5052,53.1408],[22.513,53.1418],[22.5159,53.1328],[22.5503,53.1254],[22.5558,53.1163],[22.5493,53.1095],[22.5853,53.0994],[22.594,53.0941],[22.6225,53.1323],[22.6377,53.1425],[22.6557,53.143],[22.6865,53.1353],[22.6832,53.1304],[22.7247,53.1225],[22.7261,53.1255],[22.7549,53.1148],[22.7724,53.1146],[22.7988,53.1214],[22.8102,53.1208],[22.8028,53.1012],[22.8132,53.0934],[22.8158,53.079],[22.8237,53.0737],[22.8413,53.0709],[22.8562,53.0754],[22.8683,53.0741],[22.8629,53.0552],[22.8323,53.0477],[22.8042,53.034],[22.7864,53.0323],[22.7782,53.0195],[22.7612,53.0066],[22.7641,53.0013],[22.7777,53.0013],[22.7687,52.982],[22.7869,52.9665],[22.7689,52.9513],[22.7703,52.9394],[22.7625,52.9262],[22.7423,52.9254],[22.7351,52.9302],[22.715,52.9336],[22.7077,52.9205],[22.7186,52.9062],[22.7335,52.9032],[22.7553,52.8844],[22.7601,52.8763],[22.7548,52.8596],[22.7586,52.8499],[22.7742,52.8571],[22.7893,52.8589],[22.7919,52.8543],[22.8127,52.8565],[22.8241,52.8522],[22.8228,52.8601],[22.8538,52.8601],[22.8697,52.8645],[22.8595,52.8773],[22.8802,52.8834],[22.9065,52.8682],[22.9073,52.8741],[22.9214,52.8849],[22.9385,52.8878],[22.9345,52.9216],[22.9528,52.9257],[22.9867,52.9145],[22.995,52.908],[23.0181,52.9094],[23.0622,52.9014],[23.0654,52.9068],[23.0929,52.9068],[23.1068,52.9142],[23.1219,52.9063],[23.1436,52.9085],[23.1514,52.9126],[23.1791,52.9123],[23.1839,52.9037],[23.1935,52.9053],[23.2146,52.9006],[23.2333,52.9002],[23.2651,52.9059],[23.2869,52.9029],[23.3,52.8926],[23.3302,52.8935],[23.343,52.8909],[23.3682,52.8931],[23.3905,52.9052],[23.3862,52.9208],[23.3704,52.921],[23.3746,52.9291],[23.375,52.9651],[23.4189,52.9639],[23.433,52.9581],[23.4341,52.9746],[23.474,52.982],[23.4934,52.9902],[23.5024,52.9785],[23.5172,52.9717],[23.5354,52.972],[23.5426,52.9779],[23.5648,52.9744],[23.5834,52.9636],[23.5625,52.956],[23.5826,52.9562],[23.6012,52.9675],[23.6345,52.9669],[23.6158,52.9547],[23.6191,52.931],[23.624,52.9332],[23.6538,52.9312],[23.702,52.9373],[23.7136,52.9466],[23.7303,52.9453],[23.7452,52.9386],[23.7572,52.942],[23.7719,52.9358],[23.7904,52.9378],[23.8017,52.9212],[23.8243,52.9107],[23.849,52.9122],[23.8657,52.9103],[23.8798,52.9031],[23.894,52.9015],[23.9163,52.9047],[23.9165,52.9388],[23.9463,52.9587],[23.9311,52.9762],[23.9333,52.9884],[23.9254,53.0246],[23.91,53.0328],[23.9168,53.039],[23.8987,53.0504],[23.9026,53.0582],[23.8823,53.0661],[23.8785,53.0794],[23.8721,53.082],[23.8888,53.105],[23.8872,53.1165],[23.8973,53.1312],[23.9158,53.143],[23.9115,53.1498],[23.9174,53.1568],[23.9095,53.1674],[23.8965,53.1624],[23.8722,53.1679],[23.8702,53.1599],[23.8418,53.1626],[23.838,53.1497],[23.7735,53.1544],[23.7673,53.16],[23.7485,53.157],[23.7466,53.149],[23.7192,53.1538],[23.7113,53.1588],[23.7117,53.1696],[23.5358,53.2103],[23.5347,53.201],[23.5163,53.2092],[23.5248,53.2163],[23.494,53.2151],[23.4959,53.1934],[23.4833,53.2053],[23.4724,53.2037],[23.468,53.2228],[23.4777,53.2188],[23.4868,53.226],[23.4888,53.2361],[23.4986,53.2336],[23.5126,53.2559],[23.4553,53.267],[23.4457,53.271],[23.4366,53.2629],[23.4151,53.2731],[23.3852,53.2733],[23.3985,53.2774],[23.4037,53.2944],[23.3967,53.2988],[23.3947,53.31],[23.3745,53.321],[23.3696,53.3201],[23.3558,53.3343],[23.3558,53.3414],[23.3673,53.3411],[23.3636,53.3514],[23.3518,53.3482],[23.3281,53.3338],[23.3373,53.3521],[23.326,53.3496],[23.3071,53.3544],[23.3173,53.3589],[23.3191,53.367],[23.2558,53.3763],[23.2378,53.382],[23.2313,53.3787],[23.2198,53.3847],[23.2036,53.3797],[23.1602,53.3832],[23.1555,53.3631],[23.1749,53.3615],[23.1527,53.35],[23.1202,53.3528],[23.1178,53.3392]],[[23.0802,53.1785],[23.1083,53.1885],[23.1096,53.1822],[23.0977,53.179],[23.1091,53.1718],[23.1334,53.1769],[23.1532,53.1741],[23.1708,53.1789],[23.2001,53.1801],[23.1982,53.1701],[23.2405,53.1666],[23.2326,53.1308],[23.2202,53.1125],[23.2472,53.0998],[23.2434,53.0829],[23.2266,53.0786],[23.2234,53.0695],[23.2131,53.0666],[23.2085,53.0817],[23.2016,53.0857],[23.1833,53.0859],[23.1811,53.0911],[23.1602,53.0927],[23.151,53.0832],[23.1157,53.0912],[23.1285,53.0981],[23.119,53.105],[23.0953,53.1102],[23.0876,53.1061],[23.0804,53.1113],[23.0672,53.1349],[23.0802,53.1785]]]},"properties":{"code":"2002","name":"powiat białostocki","country":"PL","level":"district","parent":"20","grodzki":false,"type":"powiat"}},
{"type":"Feature","geometry":{"type":"Polygon","coordinates":[[[23.0802,53.1785],[23.0672,53.1349],[23.0804,53.1113],[23.0876,53.1061],[23.0953,53.1102],[23.119,53.105],[23.1285,53.0981],[23.1157,53.0912],[23.151,53.0832],[23.1602,53.0927],[23.1811,53.0911],[23.1833,53.0859],[23.2016,53.0857],[23.2085,53.0817],[23.2131,53.0666],[23.2234,53.0695],[23.2266,53.0786],[23.2434,53.0829],[23.2472,53.0998],[23.2202,53.1125],[23.2326,53.1308],[23.2405,53.1666],[23.1982,53.1701],[23.2001,53.1801],[23.1708,53.1789],[23.1532,53.1741],[23.1334,53.1769],[23.1091,53.1718],[23.0977,53.179],[23.1096,53.1822],[23.1083,53.1885],[23.0802,53.1785]]]},"properties":{"code":"2061","name":"powiat Białystok","country":"PL","level":"district","parent":"20","grodzki":true,"type":"miasto na prawach powiatu"}},
{"type":"Feature","geometry":{"type":"Polygon","coordinates":[[[22.7173,52.6746],[22.7432,52.6879],[22.7668,52.6857],[22.7777,52.6963],[22.7875,52.6969],[22.7719,52.6751],[22.7864,52.6724],[22.7924,52.6504],[22.8088,52.6527],[22.8321,52.6618],[22.853,52.6633],[22.8384,52.6546],[22.844,52.6491],[22.8383,52.6408],[22.8808,52.6447],[22.8823,52.6356],[22.8946,52.6382],[22.9097,52.6195],[22.9415,52.6187],[22.9257,52.6078],[22.9231,52.5975],[22.9364,52.5916],[22.9701,52.5903],[22.998,52.5849],[22.9935,52.5747],[23.002,52.5659],[23.0133,52.5762],[23.0744,52.5767],[23.0829,52.5922],[23.0873,52.5854],[23.1097,52.5845],[23.1412,52.5737],[23.1704,52.5718],[23.1748,52.566],[23.1923,52.5681],[23.1881,52.5813],[23.2084,52.5751],[23.2244,52.5752],[23.2149,52.5827],[23.2228,52.5898],[23.2145,52.5948],[23.218,52.6013],[23.2331,52.5988],[23.2352,52.5938],[23.2527,52.5884],[23.2762,52.597],[23.2738,52.6046],[23.2815,52.6193],[23.2841,52.6372],[23.2961,52.6336],[23.3235,52.6499],[23.3195,52.6577],[23.3291,52.6578],[23.3581,52.6503],[23.3567,52.6445],[23.377,52.6421],[23.376,52.6492],[23.3915,52.6672],[23.3875,52.6772],[23.4017,52.6853],[23.3952,52.6908],[23.3908,52.7074],[23.3966,52.7204],[23.3943,52.7271],[23.3784,52.7263],[23.3885,52.7558],[23.3787,52.7556],[23.3756,52.7821],[23.3719,52.782],[23.3705,52.8077],[23.3564,52.8046],[23.3491,52.8174],[23.3496,52.846],[23.326,52.8562],[23.3346,52.8561],[23.3302,52.8935],[23.3,52.8926],[23.2869,52.9029],[23.2651,52.9059],[23.2333,52.9002],[23.2146,52.9006],[23.1935,52.9053],[23.1839,52.9037],[23.1791,52.9123],[23.1514,52.9126],[23.1436,52.9085],[23.1219,52.9063],[23.1068,52.9142],[23.0929,52.9068],[23.0654,52.9068],[23.0622,52.9014],[23.0181,52.9094],[22.995,52.908],[22.9867,52.9145],[22.9528,52.9257],[22.9345,52.9216],[22.9385,52.8878],[22.9214,52.8849],[22.9073,52.8741],[22.9065,52.8682],[22.8802,52.8834],[22.8595,52.8773],[22.8697,52.8645],[22.8538,52.8601],[22.8228,52.8601],[22.8241,52.8522],[22.8127,52.8565],[22.7919,52.8543],[22.7893,52.8589],[22.7742,52.8571],[22.78,52.8505],[22.7764,52.8416],[22.7902,52.8284],[22.771,52.8296],[22.7641,52.8188],[22.7481,52.8192],[22.7442,52.8108],[22.7321,52.8107],[22.7291,52.8035],[22.703,52.8028],[22.6927,52.7912],[22.6965,52.7776],[22.6755,52.7567],[22.6593,52.7519],[22.6276,52.7496],[22.6121,52.7394],[22.6145,52.7317],[22.631,52.7259],[22.661,52.7012],[22.6762,52.704],[22.6942,52.6917],[22.6941,52.6848],[22.7173,52.6746]]]},"properties":{"code":"2003","name":"powiat bielski","country":"PL","level":"district","parent":"20","grodzki":false,"type":"powiat"}},
{"type":"Feature","geometry":{"type":"Polygon","coordinates":[[[19.0932,49.9567],[19.0745,49.9524],[19.0516,49.9564],[19.0277,49.9471],[19.0054,49.9443],[18.9813,49.9303],[18.9768,49.9246],[18.9769,49.9246],[18.9768,49.9246],[18.9769,49.9246],[18.9403,49.9198],[18.9271,49.928],[18.916,49.9156],[18.89,49.9216],[18.8906,49.9119],[18.8856,49.9064],[18.8808,49.887],[18.8622,49.8897],[18.8536,49.8813],[18.8389,49.8759],[18.827,49.8614],[18.8411,49.8559],[18.8357,49.848],[18.8354,49.8346],[18.8549,49.8262],[18.8548,49.8187],[18.8312,49.8146],[18.8472,49.8109],[18.8571,49.7924],[18.8726,49.7838],[18.8867,49.7829],[18.9062,49.7725],[18.9152,49.759],[18.9291,49.754],[18.9416,49.7546],[18.9546,49.7442],[18.946,49.7523],[18.9523,49.7647],[18.9651,49.7792],[18.9731,49.781],[18.9764,49.7913],[18.9677,49.8089],[18.9535,49.809],[18.9514,49.8155],[18.968,49.828],[18.9733,49.8405],[19.0062,49.845],[19.015,49.8515],[19.0115,49.8651],[19.0179,49.8702],[19.0418,49.8688],[19.0363,49.8816],[19.0478,49.8874],[19.0664,49.8752],[19.0883,49.8726],[19.0959,49.8682],[19.1138,49.8748],[19.113,49.8603],[19.1191,49.8288],[19.1303,49.8205],[19.1266,49.8138],[19.1172,49.8167],[19.1071,49.812],[19.0999,49.8014],[19.1064,49.7962],[19.1165,49.7999],[19.1255,49.7922],[19.1152,49.7833],[19.0999,49.7838],[19.0841,49.7742],[19.0765,49.777],[19.063,49.7633],[19.0341,49.7634],[19.0325,49.7678],[19.0025,49.7606],[18.9937,49.7472],[18.9951,49.74],[18.9864,49.7367],[18.9943,49.7109],[18.9643,49.6895],[18.9545,49.6789],[18.9595,49.6665],[18.9899,49.6534],[19.0015,49.6566],[19.0069,49.6721],[19.0247,49.6801],[19.0497,49.6982],[19.0503,49.7029],[19.0848,49.7068],[19.0968,49.7036],[19.1174,49.7072],[19.1105,49.7142],[19.1231,49.7178],[19.1245,49.7324],[19.1159,49.7317],[19.1099,49.7414],[19.1145,49.7478],[19.1216,49.7435],[19.1395,49.7635],[19.1485,49.7677],[19.1275,49.7786],[19.1398,49.7967],[19.1468,49.8016],[19.142,49.8146],[19.1583,49.8181],[19.1662,49.8249],[19.1856,49.8288],[19.2076,49.8082],[19.2118,49.7954],[19.2201,49.7888],[19.235,49.7876],[19.249,49.7916],[19.2619,49.7783],[19.2719,49.7757],[19.2873,49.7797],[19.3168,49.7779],[19.3158,49.7845],[19.3033,49.7959],[19.2866,49.8164],[19.29,49.8506],[19.2709,49.8607],[19.2371,49.8648],[19.2207,49.863],[19.2212,49.8687],[19.2026,49.8716],[19.1933,49.8681],[19.1969,49.8604],[19.1709,49.853],[19.1571,49.8651],[19.1729,49.8799],[19.1945,49.886],[19.1945,49.9133],[19.1865,49.9192],[19.1827,49.9324],[19.1873,49.939],[19.1849,49.95],[19.1616,49.9435],[19.1616,49.9396],[19.1186,49.9389],[19.0981,49.9522],[19.0833,49.9508],[19.0932,49.9567]]]},"properties":{"code":"2402","name":"powiat bielski","country":"PL","level":"district","parent":"24","grodzki":false,"type":"powiat"}},
{"type":"Feature","geometry":{"type":"Polygon","coordinates":[[[18.9864,49.7367],[18.9951,49.74],[18.9937,49.7472],[19.0025,49.7606],[19.0325,49.7678],[19.0341,49.7634],[19.063,49.7633],[19.0765,49.777],[19.0841,49.7742],[19.0999,49.7838],[19.1152,49.7833],[19.1255,49.7922],[19.1165,49.7999],[19.1064,49.7962],[19.0999,49.8014],[19.1071,49.812],[19.1172,49.8167],[19.1266,49.8138],[19.1303,49.8205],[19.1191,49.8288],[19.113,49.8603],[19.1138,49.8748],[19.0959,49.8682],[19.0883,49.8726],[19.0664,49.8752],[19.0478,49.8874],[19.0363,49.8816],[19.0418,49.8688],[19.0179,49.8702],[19.0115,49.8651],[19.015,49.8515],[19.0062,49.845],[18.9733,49.8405],[18.968,49.828],[18.9514,49.8155],[18.9535,49.809],[18.9677,49.8089],[18.9764,49.7913],[18.9731,49.781],[18.9651,49.7792],[18.9523,49.7647],[18.946,49.7523],[18.9546,49.7442],[18.9653,49.7451],[18.9864,49.7367]]]},"properties":{"code":"2461","name":"powiat Bielsko-Biała","country":"PL","level":"district","parent":"24","grodzki":true,"type":"miasto na prawach powiatu"}},
{"type":"Feature","geometry":{"type":"Polygon","coordinates":[[[19.1445,50.0394],[19.1536,50.053],[19.1693,50.0604],[19.1779,50.0572],[19.1959,50.0652],[19.2167,50.0616],[19.2296,50.0712],[19.2133,50.0741],[19.2232,50.0881],[19.2229,50.0948],[19.2538,50.1342],[19.2417,50.1613],[19.2229,50.1592],[19.1855,50.1694],[19.1848,50.1599],[19.169,50.1544],[19.1609,50.1605],[19.1495,50.1603],[19.13,50.153],[19.11,50.1609],[19.1017,50.1551],[19.1021,50.1443],[19.0911,50.1472],[19.0746,50.134],[19.0816,50.1313],[19.0759,50.1193],[19.0876,50.1145],[19.0758,50.1084],[19.0864,50.1073],[19.0881,50.0994],[19.0548,50.1043],[19.0578,50.0904],[19.0497,50.0914],[19.0513,50.0823],[19.0361,50.0772],[19.034,50.0717],[19.0449,50.0611],[19.0326,50.0424],[19.0472,50.0401],[19.0534,50.0274],[19.0502,50.0171],[19.0867,50.0227],[19.1027,50.0282],[19.1078,50.0348],[19.1236,50.0348],[19.1445,50.0394]]]},"properties":{"code":"2414","name":"powiat bieruńsko-lędziński","country":"PL","level":"district","parent":"24","grodzki":false,"type":"powiat"}},
{"type":"Feature","geometry":{"type":"Polygon","coordinates":[[[22.5456,49.092],[22.5598,49.0873],[22.5825,49.0973],[22.5998,49.0935],[22.605,49.0845],[22.6257,49.0803],[22.6397,49.0597],[22.6599,49.0471],[22.6833,49.0389],[22.6991,49.0497],[22.7179,49.0528],[22.755,49.0429],[22.7655,49.0535],[22.7862,49.0464],[22.8001,49.0366],[22.8095,49.0346],[22.8132,49.0251],[22.8338,49.0261],[22.8474,49.0025],[22.8597,49.002],[22.8916,49.0077],[22.8941,49.0176],[22.8788,49.0247],[22.8742,49.0329],[22.8781,49.0399],[22.8665,49.0409],[22.8758,49.0511],[22.8664,49.0596],[22.8682,49.0773],[22.8841,49.0818],[22.8928,49.0946],[22.876,49.0967],[22.8557,49.1036],[22.8584,49.1095],[22.8497,49.1146],[22.8421,49.11],[22.8294,49.1125],[22.8308,49.1177],[22.8164,49.128],[22.7934,49.138],[22.7924,49.1534],[22.7848,49.1575],[22.7506,49.1532],[22.7384,49.1595],[22.7494,49.1732],[22.7475,49.1845],[22.7328,49.1822],[22.7248,49.1685],[22.7152,49.1663],[22.7075,49.1748],[22.7226,49.1959],[22.7289,49.197],[22.7345,49.2119],[22.7475,49.2165],[22.72,49.2213],[22.7149,49.2265],[22.7213,49.2413],[22.7396,49.2473],[22.7441,49.2988],[22.7509,49.3166],[22.7432,49.3359],[22.7468,49.3599],[22.7325,49.3986],[22.7129,49.4376],[22.6967,49.4951],[22.6704,49.4975],[22.6512,49.5084],[22.6408,49.53],[22.6632,49.5388],[22.6747,49.5492],[22.6861,49.5731],[22.6847,49.5792],[22.6639,49.5932],[22.6356,49.5893],[22.6315,49.595],[22.6186,49.5923],[22.6216,49.601],[22.6104,49.6111],[22.5951,49.6093],[22.6035,49.6166],[22.5933,49.6333],[22.5965,49.6355],[22.5842,49.6512],[22.5839,49.67],[22.569,49.6703],[22.5597,49.6634],[22.5497,49.6664],[22.5277,49.6635],[22.5372,49.6374],[22.5152,49.6252],[22.4931,49.6168],[22.4855,49.6089],[22.4746,49.6106],[22.4715,49.5971],[22.4626,49.5899],[22.4444,49.5888],[22.4279,49.5932],[22.4208,49.5792],[22.397,49.5755],[22.395,49.5715],[22.423,49.5535],[22.4471,49.544],[22.466,49.5437],[22.4692,49.5491],[22.479,49.5444],[22.4703,49.5391],[22.4826,49.5337],[22.4793,49.5265],[22.4951,49.5221],[22.4913,49.4979],[22.4757,49.4902],[22.5336,49.4628],[22.5291,49.4535],[22.4922,49.4403],[22.4832,49.4351],[22.4737,49.4146],[22.4661,49.4113],[22.471,49.3983],[22.4932,49.3854],[22.4744,49.3772],[22.4764,49.3704],[22.4866,49.3685],[22.4861,49.3589],[22.5,49.3568],[22.5089,49.3477],[22.5186,49.3478],[22.5191,49.3238],[22.4983,49.3237],[22.5052,49.3101],[22.5006,49.3055],[22.4915,49.3149],[22.4789,49.2965],[22.4606,49.2856],[22.4646,49.2809],[22.4493,49.2484],[22.4557,49.2377],[22.4768,49.2283],[22.4791,49.216],[22.4781,49.1917],[22.4807,49.1862],[22.5171,49.1723],[22.5531,49.1566],[22.5476,49.1398],[22.5369,49.1227],[22.5376,49.1107],[22.5494,49.1006],[22.5456,49.092]]]},"properties":{"code":"1801","name":"powiat bieszczadzki","country":"PL","level":"district","parent":"18","grodzki":false,"type":"powiat"}},
{"type":"Feature","geometry":{"type":"Polygon","coordinates":[[[23.1796,50.4963],[23.1614,50.5131],[23.1492,50.5201],[23.1124,50.5341],[23.0929,50.5339],[23.0324,50.5234],[23.0293,50.5303],[23.0214,50.5225],[23.004,50.5222],[22.9998,50.5365],[22.9807,50.5461],[22.9982,50.5513],[22.986,50.566],[22.9795,50.5638],[22.9634,50.5733],[22.9434,50.573],[22.9303,50.601],[22.9021,50.5953],[22.8951,50.6064],[22.9048,50.6076],[22.9084,50.6152],[22.8884,50.6191],[22.871,50.6398],[22.8472,50.6364],[22.835,50.6313],[22.8329,50.6218],[22.8433,50.6147],[22.8293,50.6082],[22.8208,50.6108],[22.8249,50.6211],[22.8127,50.6237],[22.8041,50.632],[22.7781,50.6462],[22.7902,50.6473],[22.8005,50.6571],[22.8007,50.6709],[22.7928,50.6798],[22.7939,50.6885],[22.8121,50.7046],[22.8342,50.7033],[22.8374,50.7161],[22.8228,50.7148],[22.806,50.7221],[22.7834,50.7238],[22.7721,50.7556],[22.7618,50.7564],[22.7689,50.7635],[22.7665,50.7709],[22.7834,50.7722],[22.797,50.7691],[22.8255,50.7776],[22.84,50.7905],[22.8677,50.7838],[22.8881,50.8078],[22.8981,50.811],[22.8861,50.8211],[22.8717,50.8203],[22.8656,50.8119],[22.8541,50.815],[22.8092,50.8352],[22.8041,50.8453],[22.8046,50.8698],[22.8013,50.8779],[22.7712,50.8844],[22.7793,50.8749],[22.7563,50.8759],[22.7508,50.8816],[22.7148,50.88],[22.7007,50.8822],[22.7159,50.8747],[22.7083,50.8716],[22.6785,50.848],[22.6506,50.8584],[22.6144,50.8423],[22.6014,50.8388],[22.5914,50.8461],[22.5781,50.8384],[22.6016,50.837],[22.6142,50.8325],[22.6115,50.8193],[22.6259,50.821],[22.6274,50.8025],[22.6408,50.8018],[22.6575,50.7817],[22.6759,50.7704],[22.6432,50.7392],[22.6559,50.7312],[22.6503,50.7258],[22.6141,50.7131],[22.6135,50.7106],[22.6425,50.6975],[22.6549,50.664],[22.6783,50.6524],[22.6812,50.6381],[22.662,50.6376],[22.6465,50.6294],[22.6327,50.616],[22.625,50.6143],[22.5938,50.5917],[22.5558,50.5846],[22.5125,50.5898],[22.5197,50.5832],[22.5362,50.5721],[22.5385,50.5498],[22.5202,50.5488],[22.5121,50.5389],[22.5202,50.5342],[22.5343,50.5375],[22.5367,50.5167],[22.5288,50.5128],[22.5412,50.5057],[22.5711,50.5098],[22.577,50.5043],[22.5709,50.4953],[22.5395,50.4841],[22.5122,50.4867],[22.5115,50.4816],[22.5296,50.4759],[22.5672,50.4832],[22.5863,50.483],[22.5862,50.4773],[22.5602,50.4692],[22.5456,50.4521],[22.5303,50.4471],[22.521,50.4554],[22.5205,50.4642],[22.5073,50.4675],[22.5099,50.4566],[22.4972,50.4552],[22.4655,50.4603],[22.4633,50.4657],[22.4444,50.4621],[22.4563,50.4522],[22.4595,50.4341],[22.4501,50.433],[22.4462,50.419],[22.4119,50.4234],[22.4054,50.3944],[22.4206,50.4002],[22.4372,50.3997],[22.4352,50.3925],[22.4529,50.3886],[22.4514,50.3708],[22.4823,50.3551],[22.5037,50.3529],[22.5018,50.3457],[22.5149,50.3458],[22.5309,50.3547],[22.5656,50.3591],[22.583,50.3556],[22.5955,50.3487],[22.6239,50.3573],[22.6421,50.358],[22.6422,50.358],[22.6421,50.358],[22.6422,50.358],[22.6676,50.3539],[22.6877,50.3565],[22.6872,50.3457],[22.668,50.3393],[22.6198,50.3331],[22.6066,50.3255],[22.6078,50.3109],[22.6382,50.3031],[22.6442,50.3059],[22.659,50.301],[22.6861,50.2993],[22.7075,50.2914],[22.7375,50.3021],[22.8214,50.302],[22.8413,50.2976],[22.8552,50.2945],[22.8806,50.3008],[22.9443,50.2922],[22.9725,50.2948],[23.0281,50.2889],[23.0541,50.3058],[23.0668,50.3231],[23.0891,50.3298],[23.1413,50.3667],[23.048,50.4216],[23.0946,50.4565],[23.1195,50.4413],[23.1255,50.4472],[23.1166,50.4667],[23.1078,50.4716],[23.1207,50.4813],[23.1346,50.4758],[23.1544,50.4882],[23.1724,50.4817],[23.18,50.4849],[23.1689,50.4921],[23.1796,50.4963]]]},"properties":{"code":"0602","name":"powiat biłgorajski","country":"PL","level":"district","parent":"06","grodzki":false,"type":"powiat"}},
{"type":"Feature","geometry":{"type":"Polygon","coordinates":[[[20.5111,50.1385],[20.4943,50.1339],[20.4737,50.1384],[20.4521,50.1331],[20.4429,50.1425],[20.4197,50.135],[20.4089,50.1431],[20.3994,50.1364],[20.4039,50.1262],[20.3856,50.123],[20.3692,50.1136],[20.3538,50.1171],[20.3397,50.1091],[20.3483,50.0999],[20.3537,50.0987],[20.3554,50.0706],[20.37,50.0723],[20.3661,50.0649],[20.3797,50.0646],[20.3829,50.0351],[20.3876,50.0221],[20.3208,50.0185],[20.3239,49.998],[20.3426,49.9947],[20.345,49.9851],[20.3333,49.9832],[20.3309,49.9769],[20.3078,49.9755],[20.316,49.9678],[20.3101,49.9629],[20.315,49.9489],[20.3055,49.9401],[20.3112,49.9312],[20.3014,49.9264],[20.3052,49.9134],[20.2862,49.9039],[20.2872,49.8938],[20.2713,49.8924],[20.261,49.8825],[20.2615,49.8751],[20.2489,49.8636],[20.2325,49.8636],[20.2356,49.8486],[20.2469,49.8398],[20.2443,49.8295],[20.2598,49.8294],[20.2726,49.8182],[20.2719,49.8132],[20.2902,49.8057],[20.3126,49.814],[20.3148,49.8227],[20.3436,49.8157],[20.3529,49.7967],[20.3515,49.7884],[20.3641,49.7789],[20.3803,49.7816],[20.3882,49.7785],[20.4127,49.7847],[20.4438,49.7848],[20.4704,49.7806],[20.4768,49.792],[20.4737,49.8014],[20.4826,49.7982],[20.5181,49.7982],[20.5346,49.8144],[20.5211,49.8255],[20.5182,49.8341],[20.5348,49.8335],[20.5785,49.8379],[20.5778,49.8515],[20.5628,49.861],[20.5547,49.8846],[20.5658,49.8956],[20.5665,49.9157],[20.5549,49.9142],[20.5368,49.9306],[20.5367,49.9306],[20.5368,49.9306],[20.5367,49.9306],[20.5251,49.9353],[20.5245,49.9461],[20.5336,49.9539],[20.5504,49.9572],[20.5516,49.9643],[20.543,49.9678],[20.5523,49.9741],[20.5525,49.9944],[20.5774,49.9986],[20.5879,50.0271],[20.5982,50.044],[20.6045,50.0476],[20.6163,50.0434],[20.6321,50.0563],[20.6232,50.0662],[20.6,50.0693],[20.5762,50.0794],[20.529,50.0799],[20.5291,50.0995],[20.5081,50.1039],[20.5095,50.1218],[20.501,50.1287],[20.5111,50.1385]]]},"properties":{"code":"1201","name":"powiat bocheński","country":"PL","level":"district","parent":"12","grodzki":false,"type":"powiat"}},
{"type":"Feature","geometry":{"type":"Polygon","coordinates":[[[15.8403,51.3836],[15.8497,51.388],[15.8445,51.3948],[15.8282,51.4002],[15.8167,51.4085],[15.816,51.4296],[15.8222,51.4507],[15.8514,51.4544],[15.8452,51.4659],[15.8296,51.4758],[15.8246,51.4833],[15.8015,51.4909],[15.8102,51.4933],[15.8075,51.5026],[15.7793,51.5024],[15.7793,51.5072],[15.7544,51.5131],[15.7298,51.5124],[15.714,51.5174],[15.701,51.5125],[15.6789,51.5124],[15.6673,51.4889],[15.6548,51.4722],[15.6466,51.4783],[15.6346,51.4788],[15.6345,51.4721],[15.6241,51.472],[15.6235,51.4635],[15.6013,51.4478],[15.5809,51.4531],[15.595,51.4697],[15.4877,51.5276],[15.4858,51.5136],[15.4692,51.5146],[15.4625,51.5223],[15.4371,51.5273],[15.407,51.5205],[15.3966,51.531],[15.3857,51.5283],[15.3818,51.5115],[15.3712,51.5079],[15.3671,51.4929],[15.3704,51.4805],[15.3803,51.481],[15.3793,51.4702],[15.3467,51.4716],[15.3394,51.4741],[15.3337,51.4516],[15.3433,51.4469],[15.3281,51.4291],[15.3249,51.4185],[15.3337,51.4099],[15.3215,51.4084],[15.3152,51.4177],[15.2983,51.4201],[15.2875,51.4308],[15.2755,51.4298],[15.2921,51.4147],[15.2962,51.4066],[15.2562,51.399],[15.2687,51.3731],[15.2642,51.3685],[15.2486,51.3678],[15.2679,51.3276],[15.2673,51.3163],[15.2855,51.3196],[15.2907,51.304],[15.289,51.2902],[15.2973,51.2795],[15.3185,51.2715],[15.3399,51.2591],[15.3101,51.2534],[15.2988,51.2675],[15.2729,51.2628],[15.2518,51.2663],[15.2556,51.2601],[15.24,51.255],[15.2416,51.2423],[15.2266,51.2292],[15.2076,51.2197],[15.2138,51.2165],[15.217,51.1931],[15.2497,51.1885],[15.2702,51.1914],[15.2702,51.1952],[15.302,51.1834],[15.3402,51.1995],[15.3562,51.1892],[15.3943,51.1751],[15.385,51.165],[15.3907,51.1564],[15.4099,51.1533],[15.4305,51.1418],[15.4324,51.1296],[15.4283,51.1202],[15.4437,51.1124],[15.4437,51.1187],[15.456,51.1217],[15.4804,51.136],[15.4876,51.1494],[15.4785,51.1752],[15.5341,51.1877],[15.5442,51.1941],[15.5647,51.1992],[15.5672,51.1841],[15.5779,51.1856],[15.5877,51.1792],[15.633,51.1855],[15.6651,51.1757],[15.6726,51.1673],[15.6978,51.1593],[15.7115,51.1635],[15.7203,51.1717],[15.7428,51.1732],[15.7575,51.1906],[15.7606,51.2058],[15.753,51.2186],[15.7568,51.2318],[15.7469,51.2416],[15.7435,51.2531],[15.7524,51.2588],[15.7472,51.263],[15.7682,51.269],[15.7768,51.2871],[15.7898,51.2863],[15.7711,51.3012],[15.7718,51.3194],[15.792,51.3305],[15.8161,51.3535],[15.8251,51.3526],[15.837,51.3701],[15.8403,51.3836]]]},"properties":{"code":"0201","name":"powiat bolesławiecki","country":"PL","level":"district","parent":"02","grodzki":false,"type":"powiat"}},
{"type":"Feature","geometry":{"type":"Polygon","coordinates":[[[20.3144,54.4021],[20.0513,54.4232],[20.0074,54.4247],[19.9351,54.4316],[19.8103,54.4419],[19.6487,54.4533],[19.6357,54.3922],[19.6246,54.3403],[19.6265,54.3324],[19.6369,54.3276],[19.6191,54.302],[19.6356,54.2973],[19.6477,54.2879],[19.6488,54.2768],[19.6745,54.2775],[19.68,54.2648],[19.7041,54.2673],[19.7414,54.2649],[19.7535,54.2545],[19.7683,54.2534],[19.7814,54.2457],[19.781,54.2256],[19.7768,54.21],[19.784,54.174],[19.8129,54.1706],[19.8142,54.1631],[19.7834,54.1499],[19.7635,54.1469],[19.7535,54.1499],[19.7383,54.1457],[19.7475,54.1431],[19.7204,54.1246],[19.7391,54.1231],[19.7512,54.117],[19.754,54.1056],[19.7747,54.1157],[19.7867,54.1108],[19.7871,54.1041],[19.8054,54.104],[19.8157,54.1093],[19.8308,54.1069],[19.8426,54.1211],[19.8981,54.1245],[19.893,54.1191],[19.914,54.117],[19.9142,54.1229],[19.979,54.1338],[19.9675,54.1411],[19.9496,54.1387],[19.9514,54.1559],[19.9437,54.1634],[19.9648,54.1813],[19.9768,54.1774],[20.0009,54.1804],[20.0048,54.1891],[19.9972,54.1939],[20.0103,54.1993],[20.0212,54.1882],[20.0343,54.1852],[20.0302,54.1731],[20.0625,54.1718],[20.0561,54.1782],[20.0891,54.185],[20.0867,54.1781],[20.1,54.1726],[20.0995,54.1655],[20.1279,54.17],[20.1153,54.1929],[20.1249,54.1927],[20.1859,54.2023],[20.196,54.1888],[20.2204,54.195],[20.2683,54.1824],[20.2764,54.1944],[20.284,54.1864],[20.3177,54.1811],[20.3188,54.1875],[20.3327,54.1873],[20.3398,54.2159],[20.3271,54.2159],[20.3285,54.2287],[20.3719,54.2263],[20.372,54.2196],[20.3936,54.2219],[20.3883,54.2356],[20.3629,54.2476],[20.3475,54.2582],[20.3091,54.2713],[20.261,54.275],[20.2689,54.2927],[20.2786,54.305],[20.2685,54.3037],[20.2679,54.3129],[20.2784,54.3338],[20.2773,54.3411],[20.3041,54.3474],[20.3354,54.3716],[20.3234,54.388],[20.3278,54.3956],[20.3144,54.4021]]]},"properties":{"code":"2802","name":"powiat braniewski","country":"PL","level":"district","parent":"28","grodzki":false,"type":"powiat"}},
{"type":"Feature","geometry":{"type":"Polygon","coordinates":[[[19.526,53.3521],[19.5183,53.3585],[19.5199,53.3703],[19.5085,53.3709],[19.4957,53.3627],[19.4786,53.3622],[19.4819,53.3709],[19.4657,53.3693],[19.458,53.3597],[19.4274,53.3599],[19.4444,53.376],[19.4193,53.3784],[19.4045,53.392],[19.3917,53.3891],[19.3908,53.3976],[19.3806,53.4109],[19.3295,53.405],[19.3074,53.4115],[19.2967,53.4033],[19.3047,53.3986],[19.2912,53.3892],[19.2591,53.3965],[19.2445,53.4109],[19.2332,53.4134],[19.2497,53.4226],[19.2546,53.4315],[19.2462,53.4348],[19.2417,53.453],[19.2243,53.4566],[19.1952,53.4526],[19.1867,53.4419],[19.153,53.4431],[19.1396,53.4466],[19.1397,53.438],[19.1238,53.4316],[19.1391,53.4213],[19.1051,53.3822],[19.107,53.3807],[19.1166,53.3736],[19.0839,53.3573],[19.1044,53.3512],[19.1224,53.3394],[19.119,53.3353],[19.1457,53.333],[19.1577,53.3279],[19.1514,53.3225],[19.1327,53.3222],[19.1298,53.3066],[19.1394,53.2771],[19.1135,53.2671],[19.1324,53.256],[19.1404,53.2466],[19.1335,53.2393],[19.1421,53.2275],[19.1652,53.2276],[19.1693,53.2377],[19.2092,53.2306],[19.2134,53.2237],[19.2245,53.2273],[19.2261,53.2183],[19.2535,53.1998],[19.2722,53.2089],[19.3273,53.2167],[19.3428,53.2084],[19.3411,53.2028],[19.3294,53.208],[19.3278,53.1942],[19.3197,53.1891],[19.3362,53.1811],[19.3451,53.1721],[19.3289,53.1704],[19.3504,53.1356],[19.3331,53.1295],[19.3373,53.1242],[19.3576,53.1211],[19.3686,53.1074],[19.4005,53.1072],[19.4474,53.1145],[19.4713,53.1163],[19.4866,53.1001],[19.4976,53.0999],[19.5127,53.1075],[19.5529,53.0888],[19.5896,53.0803],[19.5938,53.085],[19.5927,53.1058],[19.6033,53.1054],[19.6119,53.1181],[19.6414,53.1156],[19.6465,53.1122],[19.6523,53.1069],[19.6671,53.1061],[19.6827,53.1129],[19.6847,53.1231],[19.6929,53.1195],[19.7105,53.1215],[19.712,53.1347],[19.7326,53.1445],[19.7616,53.1518],[19.7508,53.1784],[19.7417,53.1888],[19.7422,53.2036],[19.7522,53.2144],[19.7436,53.2282],[19.7168,53.2311],[19.7001,53.2365],[19.6895,53.2339],[19.6916,53.2518],[19.6833,53.2584],[19.7034,53.2669],[19.7132,53.2745],[19.7254,53.2705],[19.7188,53.2793],[19.7216,53.2865],[19.7122,53.2886],[19.7181,53.3021],[19.6898,53.3068],[19.6871,53.315],[19.6901,53.3363],[19.6737,53.3371],[19.6415,53.3446],[19.6124,53.3383],[19.6104,53.3423],[19.5871,53.3317],[19.5201,53.3304],[19.526,53.3521]]]},"properties":{"code":"0402","name":"powiat brodnicki","country":"PL","level":"district","parent":"04","grodzki":false,"type":"powiat"}},
{"type":"Feature","geometry":{"type":"Polygon","coordinates":[[[20.7132,49.8066],[20.7108,49.8281],[20.6979,49.8365],[20.7111,49.8361],[20.7148,49.8511],[20.733,49.8558],[20.7363,49.8609],[20.7266,49.8683],[20.7209,49.8803],[20.7365,49.8867],[20.7246,49.8951],[20.7273,49.9018],[20.7385,49.9034],[20.7651,49.898],[20.7749,49.9078],[20.7513,49.9181],[20.7575,49.9271],[20.7576,49.9271],[20.7575,49.9271],[20.7576,49.9271],[20.7533,49.9395],[20.7702,49.9423],[20.7871,49.9503],[20.7903,49.9558],[20.7556,49.9636],[20.7559,49.9737],[20.7652,49.9816],[20.7574,49.999],[20.7461,50.0074],[20.7632,50.0139],[20.769,50.0202],[20.7786,50.0153],[20.7727,50.0075],[20.7859,50.0069],[20.7871,50.0166],[20.7982,50.0257],[20.755,50.0329],[20.7576,50.0527],[20.7702,50.058],[20.7813,50.0702],[20.7742,50.0879],[20.7813,50.0914],[20.7695,50.1027],[20.7608,50.1025],[20.7568,50.1117],[20.744,50.1097],[20.7345,50.1174],[20.7559,50.1206],[20.7531,50.1286],[20.7643,50.1301],[20.7446,50.1477],[20.709,50.1545],[20.6967,50.1637],[20.702,50.1863],[20.6815,50.2008],[20.6662,50.1965],[20.636,50.1699],[20.6215,50.1645],[20.6052,50.1516],[20.5893,50.1516],[20.5878,50.1397],[20.5681,50.1483],[20.5608,50.1405],[20.5346,50.1461],[20.5111,50.1385],[20.501,50.1287],[20.5095,50.1218],[20.5081,50.1039],[20.5291,50.0995],[20.529,50.0799],[20.5762,50.0794],[20.6,50.0693],[20.6232,50.0662],[20.6321,50.0563],[20.6163,50.0434],[20.6045,50.0476],[20.5982,50.044],[20.5879,50.0271],[20.5774,49.9986],[20.5525,49.9944],[20.5523,49.9741],[20.543,49.9678],[20.5516,49.9643],[20.5504,49.9572],[20.5336,49.9539],[20.5245,49.9461],[20.5251,49.9353],[20.5367,49.9306],[20.5368,49.9306],[20.5367,49.9306],[20.5368,49.9306],[20.5549,49.9142],[20.5665,49.9157],[20.5658,49.8956],[20.5547,49.8846],[20.5628,49.861],[20.5778,49.8515],[20.5785,49.8379],[20.5348,49.8335],[20.5182,49.8341],[20.5211,49.8255],[20.5346,49.8144],[20.5181,49.7982],[20.5293,49.7877],[20.5514,49.7771],[20.5741,49.7722],[20.5851,49.7619],[20.6142,49.7785],[20.6193,49.7886],[20.6295,49.7887],[20.6296,49.7963],[20.6461,49.7952],[20.6466,49.7994],[20.6663,49.8061],[20.6704,49.7996],[20.6844,49.8004],[20.6931,49.8069],[20.7132,49.8066]]]},"properties":{"code":"1202","name":"powiat brzeski","country":"PL","level":"district","parent":"12","grodzki":false,"type":"powiat"}},
{"type":"Feature","geometry":{"type":"Polygon","coordinates":[[[17.692,50.919],[17.6681,50.9308],[17.6763,50.9392],[17.6686,50.9523],[17.6542,50.9632],[17.6659,50.9745],[17.6525,50.9847],[17.6372,50.9778],[17.6018,50.9848],[17.5913,50.9896],[17.5883,50.9784],[17.5752,50.9735],[17.5581,50.982],[17.56,50.9925],[17.5437,50.9998],[17.5384,50.9892],[17.5181,50.9872],[17.4992,50.9927],[17.4907,50.9882],[17.5149,50.9797],[17.5049,50.9697],[17.5016,50.9756],[17.4691,50.9719],[17.4642,50.9782],[17.4314,50.9671],[17.4309,50.9459],[17.4383,50.9395],[17.4301,50.9256],[17.4272,50.9106],[17.4075,50.9107],[17.4026,50.9187],[17.3694,50.9257],[17.3705,50.9183],[17.3525,50.9007],[17.3978,50.8892],[17.3951,50.8755],[17.3851,50.8756],[17.3843,50.8621],[17.3664,50.8598],[17.3467,50.8519],[17.3282,50.8506],[17.3427,50.8275],[17.3185,50.8212],[17.3384,50.809],[17.3502,50.8076],[17.3547,50.7948],[17.3452,50.7844],[17.3045,50.7886],[17.2901,50.7929],[17.2708,50.7854],[17.2712,50.7805],[17.2539,50.7721],[17.2663,50.7718],[17.2795,50.7609],[17.2975,50.7533],[17.2914,50.7465],[17.3011,50.743],[17.2943,50.7376],[17.2756,50.7446],[17.252,50.7177],[17.2208,50.7137],[17.2202,50.7014],[17.2591,50.6905],[17.2481,50.6828],[17.2348,50.6811],[17.2395,50.6713],[17.2377,50.6515],[17.2302,50.6407],[17.2427,50.628],[17.2448,50.6197],[17.2322,50.6145],[17.217,50.6052],[17.2065,50.5861],[17.2419,50.5788],[17.2489,50.5857],[17.2768,50.5846],[17.2703,50.5996],[17.2738,50.6023],[17.3028,50.6039],[17.3212,50.614],[17.3348,50.6151],[17.332,50.6315],[17.3515,50.6434],[17.3596,50.6414],[17.374,50.6695],[17.4055,50.6656],[17.4183,50.6673],[17.427,50.6594],[17.4095,50.6627],[17.3987,50.6568],[17.4173,50.6533],[17.3984,50.6446],[17.4155,50.633],[17.4095,50.6075],[17.4575,50.6164],[17.4668,50.6151],[17.4787,50.6279],[17.4782,50.6451],[17.5038,50.6962],[17.5042,50.7136],[17.5156,50.7288],[17.538,50.7321],[17.5399,50.7206],[17.5813,50.7126],[17.6129,50.7202],[17.6066,50.7108],[17.6316,50.6899],[17.6448,50.6816],[17.6471,50.6861],[17.665,50.6847],[17.6702,50.6903],[17.6575,50.6953],[17.6645,50.7024],[17.6617,50.7091],[17.6766,50.7286],[17.7059,50.7145],[17.7122,50.7219],[17.7396,50.7201],[17.745,50.7263],[17.7318,50.7325],[17.7394,50.7419],[17.7333,50.7571],[17.7429,50.7666],[17.7526,50.7653],[17.7636,50.7774],[17.7229,50.7883],[17.7105,50.797],[17.6955,50.7954],[17.6708,50.8099],[17.6586,50.8127],[17.6587,50.8197],[17.6428,50.8183],[17.6163,50.823],[17.6036,50.8305],[17.6049,50.849],[17.5927,50.8541],[17.6126,50.867],[17.6434,50.8614],[17.6364,50.8777],[17.6499,50.8802],[17.6507,50.891],[17.6597,50.8993],[17.6868,50.8976],[17.6925,50.9017],[17.6835,50.9176],[17.692,50.919]]]},"properties":{"code":"1601","name":"powiat brzeski","country":"PL","level":"district","parent":"16","grodzki":false,"type":"powiat"}},
{"type":"Feature","geometry":{"type":"Polygon","coordinates":[[[19.84,51.952],[19.7996,51.9486],[19.7861,51.9442],[19.7646,51.9452],[19.7511,51.9367],[19.7243,51.9465],[19.7058,51.9449],[19.7081,51.9243],[19.6934,51.9139],[19.6768,51.8913],[19.7043,51.8938],[19.7064,51.8793],[19.7114,51.8775],[19.6726,51.862],[19.6605,51.8538],[19.6685,51.844],[19.6543,51.8277],[19.6695,51.8199],[19.6691,51.8106],[19.6778,51.8043],[19.68,51.7791],[19.6743,51.7729],[19.6446,51.7571],[19.6682,51.738],[19.6718,51.7472],[19.6867,51.7459],[19.685,51.7522],[19.7306,51.7502],[19.7342,51.7588],[19.7526,51.7563],[19.756,51.7489],[19.7684,51.752],[19.7679,51.764],[19.785,51.7646],[19.7921,51.7588],[19.8053,51.7707],[19.7902,51.779],[19.8081,51.7797],[19.8404,51.7772],[19.8443,51.7831],[19.8575,51.7793],[19.8604,51.7706],[19.8794,51.776],[19.9087,51.7748],[19.9228,51.7785],[19.9211,51.7703],[19.9353,51.7639],[19.9328,51.7513],[19.917,51.7513],[19.9036,51.7314],[19.9338,51.7322],[19.9396,51.7398],[19.9524,51.7352],[19.9586,51.7413],[19.9504,51.7477],[19.9813,51.741],[19.9963,51.7475],[19.989,51.7558],[20.0162,51.7734],[19.9871,51.7808],[19.9901,51.7938],[20.0024,51.7909],[20.0049,51.7987],[19.9952,51.7991],[19.995,51.8145],[20.0022,51.8148],[20.0141,51.8269],[19.9958,51.8363],[19.9855,51.8343],[19.9686,51.8431],[19.9628,51.8503],[19.946,51.8457],[19.9227,51.8496],[19.8895,51.8624],[19.8761,51.8723],[19.8778,51.8831],[19.886,51.888],[19.8734,51.895],[19.8685,51.9159],[19.858,51.9193],[19.8435,51.9354],[19.84,51.952]]]},"properties":{"code":"1021","name":"powiat brzeziński","country":"PL","level":"district","parent":"10","grodzki":false,"type":"powiat"}},
{"type":"Feature","geometry":{"type":"Polygon","coordinates":[[[22.0749,49.6379],[22.0883,49.6387],[22.1135,49.6549],[22.1508,49.6425],[22.1649,49.644],[22.1741,49.6512],[22.1908,49.6508],[22.2183,49.6267],[22.2418,49.6303],[22.2549,49.6376],[22.2514,49.6495],[22.2669,49.6573],[22.2649,49.6623],[22.2793,49.659],[22.3131,49.6682],[22.3191,49.6821],[22.327,49.6857],[22.3283,49.6998],[22.3049,49.7004],[22.2794,49.7049],[22.2666,49.7111],[22.2536,49.7097],[22.2577,49.7169],[22.2785,49.7266],[22.2945,49.7446],[22.2623,49.7632],[22.2343,49.7708],[22.2256,49.7678],[22.2196,49.7733],[22.2235,49.7825],[22.2351,49.79],[22.2163,49.7909],[22.2062,49.7956],[22.1963,49.7894],[22.1713,49.7815],[22.1557,49.7827],[22.1244,49.805],[22.1172,49.8161],[22.0964,49.8358],[22.0883,49.8313],[22.0517,49.8256],[22.0264,49.8329],[22.0203,49.8376],[22.0111,49.8176],[22.0179,49.8083],[21.9999,49.8116],[21.9873,49.8204],[21.9633,49.8225],[21.9451,49.8132],[21.9421,49.8059],[21.9383,49.7954],[21.9276,49.7865],[21.8948,49.7811],[21.8828,49.7679],[21.863,49.7598],[21.8509,49.7512],[21.8537,49.7474],[21.8782,49.7505],[21.9064,49.74],[21.9121,49.7248],[21.8934,49.7087],[21.8824,49.7032],[21.8702,49.679],[21.8526,49.6585],[21.8581,49.6503],[21.8519,49.6439],[21.875,49.6424],[21.8832,49.6335],[21.9016,49.6325],[21.9041,49.6382],[21.9169,49.6403],[21.9223,49.6311],[21.9398,49.6239],[21.9453,49.6253],[21.9639,49.6179],[21.9712,49.6188],[22.0125,49.6366],[22.0273,49.6329],[22.037,49.626],[22.0445,49.6282],[22.0575,49.6183],[22.0742,49.6308],[22.075,49.6379],[22.0749,49.6379],[22.075,49.6379],[22.0749,49.6379]]]},"properties":{"code":"1802","name":"powiat brzozowski","country":"PL","level":"district","parent":"18","grodzki":false,"type":"powiat"}},
{"type":"Feature","geometry":{"type":"Polygon","coordinates":[[[21.1491,50.3534],[21.1425,50.3601],[21.1192,50.3617],[21.1131,50.3661],[21.1118,50.3841],[21.125,50.3891],[21.1255,50.4031],[21.1167,50.4091],[21.086,50.4112],[21.092,50.4258],[21.0797,50.4264],[21.0809,50.4333],[21.0549,50.4328],[21.0333,50.4353],[21.0312,50.4405],[21.0069,50.4513],[20.9807,50.4577],[20.9856,50.4654],[21.0071,50.4705],[21.0154,50.4894],[21.0381,50.487],[21.0623,50.4769],[21.0684,50.4859],[21.0803,50.4883],[21.0759,50.4765],[21.0912,50.4805],[21.0947,50.4863],[21.1105,50.4881],[21.1112,50.4953],[21.0843,50.4999],[21.0854,50.5088],[21.1024,50.519],[21.0719,50.5204],[21.0737,50.5288],[21.0625,50.5439],[21.0631,50.5557],[21.07,50.5614],[21.0529,50.5663],[21.0303,50.563],[21.0232,50.5582],[21.0018,50.5606],[20.976,50.5584],[20.9319,50.5368],[20.9317,50.5474],[20.9506,50.5682],[20.9461,50.5854],[20.9374,50.5941],[20.9431,50.6057],[20.922,50.6105],[20.9048,50.6036],[20.9163,50.6141],[20.9241,50.6275],[20.9121,50.6367],[20.8968,50.6383],[20.8741,50.6357],[20.847,50.6317],[20.8272,50.6342],[20.8218,50.6204],[20.8138,50.6134],[20.8245,50.6097],[20.8137,50.5994],[20.8109,50.5838],[20.789,50.5907],[20.7971,50.578],[20.8125,50.5686],[20.8021,50.558],[20.7884,50.5577],[20.7746,50.5366],[20.7494,50.5437],[20.7523,50.5631],[20.7268,50.5665],[20.7055,50.5608],[20.6844,50.5463],[20.6756,50.5278],[20.663,50.5324],[20.6598,50.5283],[20.6056,50.5226],[20.6272,50.5078],[20.6431,50.5001],[20.648,50.4935],[20.6407,50.4887],[20.6212,50.4634],[20.6063,50.4597],[20.6168,50.4524],[20.6337,50.4481],[20.6421,50.4521],[20.6605,50.4369],[20.6641,50.4278],[20.6416,50.4355],[20.6334,50.427],[20.6317,50.4097],[20.6206,50.3967],[20.6332,50.3947],[20.6495,50.3837],[20.6515,50.3746],[20.6211,50.3688],[20.6043,50.3562],[20.6264,50.3438],[20.6265,50.3313],[20.6454,50.3177],[20.6434,50.3145],[20.6721,50.3077],[20.683,50.3107],[20.6942,50.3205],[20.7047,50.3145],[20.6932,50.309],[20.6881,50.2897],[20.6966,50.2846],[20.7182,50.2809],[20.7248,50.284],[20.7747,50.2777],[20.7899,50.2896],[20.8058,50.2895],[20.8276,50.2751],[20.8358,50.2733],[20.8482,50.2788],[20.8549,50.2961],[20.8763,50.2948],[20.8929,50.306],[20.9319,50.2981],[20.9388,50.3005],[20.9451,50.3125],[20.9552,50.316],[20.9719,50.314],[21.0142,50.3133],[21.0365,50.3191],[21.0484,50.3151],[21.0617,50.317],[21.0753,50.3257],[21.0831,50.3364],[21.113,50.3384],[21.1224,50.3514],[21.1491,50.3534]]]},"properties":{"code":"2601","name":"powiat buski","country":"PL","level":"district","parent":"26","grodzki":false,"type":"powiat"}},
{"type":"Feature","geometry":{"type":"Polygon","coordinates":[[[18.3669,52.9869],[18.3776,52.9936],[18.38,53.0175],[18.4074,53.0395],[18.3833,53.0489],[18.337,53.0636],[18.3004,53.0796],[18.2604,53.0868],[18.2451,53.0834],[18.2063,53.0925],[18.1735,53.0934],[18.154,53.0988],[18.1402,53.0855],[18.1364,53.052],[18.1087,53.0549],[18.1112,53.0651],[18.0757,53.0589],[18.0398,53.0501],[18.0464,53.0773],[18.0279,53.0951],[17.9712,53.0986],[17.9608,53.095],[17.948,53.1025],[17.9514,53.1188],[17.9403,53.1273],[17.932,53.1253],[17.9149,53.1325],[17.9005,53.1268],[17.8874,53.1344],[17.8878,53.1429],[17.8742,53.142],[17.8772,53.1511],[17.8977,53.1521],[17.9077,53.1639],[17.9242,53.1639],[17.9176,53.1554],[17.9206,53.1476],[17.9468,53.1402],[17.943,53.1468],[17.9584,53.1503],[17.949,53.1792],[17.941,53.1924],[17.9446,53.2015],[17.9606,53.209],[17.9788,53.2085],[17.9841,53.2006],[17.9762,53.1937],[17.9787,53.1814],[17.975,53.1678],[17.9919,53.1661],[17.9954,53.1797],[18.0236,53.1764],[18.0431,53.1769],[18.0671,53.1724],[18.0728,53.1622],[18.0898,53.1641],[18.0934,53.1693],[18.118,53.1671],[18.1345,53.178],[18.1634,53.1772],[18.1634,53.1844],[18.1784,53.1836],[18.1797,53.2008],[18.1922,53.1994],[18.1938,53.1885],[18.2021,53.1757],[18.1959,53.1573],[18.1865,53.1498],[18.144,53.1323],[18.1353,53.1187],[18.1463,53.1026],[18.1573,53.1107],[18.1689,53.1056],[18.1868,53.1063],[18.2101,53.1177],[18.2409,53.1288],[18.2732,53.1335],[18.2697,53.1188],[18.304,53.1281],[18.3101,53.1442],[18.3034,53.1542],[18.3157,53.162],[18.3408,53.1567],[18.3387,53.1664],[18.3495,53.1698],[18.346,53.1757],[18.3535,53.1902],[18.3489,53.2103],[18.3189,53.2234],[18.3134,53.2403],[18.2983,53.2458],[18.2672,53.2444],[18.2797,53.2531],[18.2608,53.2612],[18.2752,53.273],[18.2591,53.2697],[18.2379,53.2703],[18.2342,53.2738],[18.1852,53.2787],[18.1786,53.2982],[18.1718,53.2979],[18.1541,53.3108],[18.139,53.3162],[18.1165,53.3301],[18.1064,53.3447],[18.0894,53.3452],[18.083,53.3386],[18.0577,53.3407],[18.0492,53.3347],[18.0503,53.3463],[18.0618,53.3541],[18.0396,53.3618],[18.0589,53.3627],[18.065,53.3794],[18.0576,53.3857],[18.0343,53.3936],[18.0255,53.3902],[17.9992,53.3913],[17.9699,53.3842],[17.9579,53.4022],[17.9398,53.4106],[17.932,53.4212],[17.9323,53.4301],[17.9143,53.4399],[17.8971,53.439],[17.8912,53.429],[17.8797,53.429],[17.8783,53.4206],[17.8607,53.4214],[17.8489,53.4159],[17.8287,53.4278],[17.8133,53.4327],[17.8006,53.4284],[17.7771,53.4294],[17.7695,53.4332],[17.7707,53.4023],[17.7452,53.4008],[17.7396,53.3909],[17.7061,53.3716],[17.7095,53.3604],[17.7004,53.3574],[17.6873,53.3416],[17.6913,53.3335],[17.7308,53.3352],[17.7324,53.3214],[17.7195,53.3025],[17.7064,53.2985],[17.7123,53.2901],[17.7024,53.2859],[17.6975,53.2755],[17.6973,53.2481],[17.6851,53.2454],[17.6956,53.2399],[17.669,53.2283],[17.6857,53.2116],[17.7099,53.2116],[17.7146,53.1876],[17.7468,53.1813],[17.755,53.1655],[17.7446,53.1563],[17.744,53.1422],[17.784,53.1395],[17.7904,53.1279],[17.7786,53.0999],[17.7955,53.0951],[17.8113,53.099],[17.8322,53.0972],[17.8402,53.0917],[17.8432,53.0717],[17.8521,53.0617],[17.8664,53.0548],[17.8784,53.043],[17.8951,53.033],[17.9391,53.0386],[17.9634,53.0318],[17.9629,53.0203],[17.9759,53.018],[17.9777,53.0037],[17.9693,53.0008],[17.9748,52.9931],[17.9854,52.9934],[17.9856,52.9819],[17.9976,52.9816],[18.0105,52.9661],[18.0088,52.9628],[18.0372,52.9668],[18.0388,52.9726],[18.0691,52.9617],[18.0658,52.9575],[18.0825,52.9487],[18.0977,52.9486],[18.1121,52.9403],[18.136,52.9441],[18.1379,52.9498],[18.1577,52.9495],[18.1578,52.9449],[18.2179,52.946],[18.2243,52.9532],[18.2521,52.9542],[18.244,52.9741],[18.2286,52.9778],[18.2286,52.9848],[18.2587,52.9799],[18.296,52.981],[18.2919,52.9882],[18.3069,52.991],[18.3119,52.9793],[18.3075,52.9709],[18.3177,52.9705],[18.339,52.9853],[18.3669,52.9869]]]},"properties":{"code":"0403","name":"powiat bydgoski","country":"PL","level":"district","parent":"04","grodzki":false,"type":"powiat"}},
{"type":"Feature","geometry":{"type":"Polygon","coordinates":[[[18.1463,53.1026],[18.1353,53.1187],[18.144,53.1323],[18.1865,53.1498],[18.1959,53.1573],[18.2021,53.1757],[18.1938,53.1885],[18.1922,53.1994],[18.1797,53.2008],[18.1784,53.1836],[18.1634,53.1844],[18.1634,53.1772],[18.1345,53.178],[18.118,53.1671],[18.0934,53.1693],[18.0898,53.1641],[18.0728,53.1622],[18.0671,53.1724],[18.0431,53.1769],[18.0236,53.1764],[17.9954,53.1797],[17.9919,53.1661],[17.975,53.1678],[17.9787,53.1814],[17.9762,53.1937],[17.9841,53.2006],[17.9788,53.2085],[17.9606,53.209],[17.9446,53.2015],[17.941,53.1924],[17.949,53.1792],[17.9584,53.1503],[17.943,53.1468],[17.9468,53.1402],[17.9206,53.1476],[17.9176,53.1554],[17.9242,53.1639],[17.9077,53.1639],[17.8977,53.1521],[17.8772,53.1511],[17.8742,53.142],[17.8878,53.1429],[17.8874,53.1344],[17.9005,53.1268],[17.9149,53.1325],[17.932,53.1253],[17.9403,53.1273],[17.9514,53.1188],[17.948,53.1025],[17.9608,53.095],[17.9712,53.0986],[18.0279,53.0951],[18.0464,53.0773],[18.0398,53.0501],[18.0757,53.0589],[18.1112,53.0651],[18.1087,53.0549],[18.1364,53.052],[18.1402,53.0855],[18.154,53.0988],[18.1463,53.1026]]]},"properties":{"code":"0461","name":"powiat Bydgoszcz","country":"PL","level":"district","parent":"04","grodzki":true,"type":"miasto na prawach powiatu"}},
{"type":"Feature","geometry":{"type":"Polygon","coordinates":[[[18.8623,50.3281],[18.8838,50.3297],[18.896,50.325],[18.927,50.3181],[18.947,50.3167],[18.9591,50.3353],[18.964,50.355],[18.951,50.3607],[18.9351,50.361],[18.9145,50.3722],[18.884,50.3831],[18.8945,50.3973],[18.8836,50.399],[18.8842,50.4059],[18.8634,50.413],[18.8622,50.406],[18.8342,50.4125],[18.831,50.4022],[18.8129,50.4055],[18.802,50.3997],[18.7903,50.3997],[18.7886,50.3925],[18.8,50.3842],[18.8002,50.3739],[18.8022,50.3824],[18.8146,50.3814],[18.8159,50.3534],[18.8449,50.344],[18.8623,50.3281]]]},"properties":{"code":"2462","name":"powiat Bytom","country":"PL","level":"district","parent":"24","grodzki":true,"type":"miasto na prawach powiatu"}},
{"type":"Feature","geometry":{"type":"Polygon","coordinates":[[[17.6468,54.0259],[17.6654,54.0505],[17.6697,54.0684],[17.6623,54.0803],[17.6637,54.097],[17.6723,54.1047],[17.684,54.1029],[17.6799,54.0908],[17.6953,54.0891],[17.713,54.0956],[17.7246,54.0938],[17.7364,54.0988],[17.7339,54.1071],[17.7227,54.1123],[17.7215,54.127],[17.7281,54.1314],[17.739,54.1558],[17.7634,54.1519],[17.7743,54.1389],[17.7919,54.1722],[17.8002,54.1782],[17.7741,54.1863],[17.7645,54.1763],[17.7462,54.1853],[17.7508,54.2],[17.7375,54.2065],[17.7081,54.1795],[17.7106,54.1947],[17.6894,54.18],[17.6816,54.182],[17.6997,54.1903],[17.7196,54.2091],[17.7242,54.2216],[17.7139,54.2205],[17.7098,54.2325],[17.7161,54.237],[17.6975,54.2367],[17.7241,54.2625],[17.7131,54.2855],[17.7259,54.2941],[17.7079,54.3038],[17.7154,54.3221],[17.739,54.3235],[17.7443,54.3459],[17.7442,54.3459],[17.7443,54.3459],[17.7442,54.3459],[17.7504,54.3544],[17.744,54.3596],[17.7446,54.3744],[17.7293,54.3803],[17.7205,54.3901],[17.7162,54.3759],[17.6823,54.3801],[17.6627,54.3749],[17.6641,54.3819],[17.6527,54.4085],[17.6559,54.4224],[17.6446,54.4246],[17.6296,54.4204],[17.6004,54.4425],[17.5935,54.4426],[17.582,54.4261],[17.5405,54.4332],[17.5416,54.4249],[17.509,54.4281],[17.5065,54.4333],[17.5005,54.4167],[17.4854,54.41],[17.4781,54.3923],[17.494,54.3822],[17.4738,54.3722],[17.4623,54.3779],[17.4519,54.3717],[17.4577,54.3662],[17.4566,54.3527],[17.4624,54.3469],[17.4559,54.3262],[17.437,54.3216],[17.4301,54.3072],[17.4379,54.2985],[17.4234,54.299],[17.4277,54.284],[17.4211,54.2805],[17.4258,54.2698],[17.3917,54.2568],[17.3901,54.249],[17.3793,54.2519],[17.3531,54.2438],[17.3464,54.2582],[17.3583,54.2619],[17.3424,54.2796],[17.356,54.2813],[17.3461,54.2952],[17.3446,54.3134],[17.3241,54.3144],[17.3186,54.3045],[17.3057,54.3073],[17.3002,54.2999],[17.283,54.2969],[17.2399,54.3141],[17.2102,54.3059],[17.1788,54.2911],[17.1504,54.2829],[17.1329,54.2904],[17.1139,54.2888],[17.1009,54.2928],[17.099,54.3007],[17.0849,54.3108],[17.0758,54.3109],[17.071,54.3188],[17.0564,54.3112],[17.0435,54.3096],[17.0397,54.297],[17.0318,54.2938],[17.0289,54.2697],[17.0172,54.2654],[17.0172,54.2653],[17.0172,54.2654],[17.0172,54.2653],[17.0171,54.2445],[17.0126,54.2252],[17.0303,54.2111],[17.0083,54.1885],[16.9704,54.1865],[16.9732,54.1558],[16.9213,54.1533],[16.9213,54.1456],[16.9336,54.1482],[16.9327,54.1326],[16.9214,54.127],[16.9054,54.1337],[16.8882,54.1196],[16.8756,54.1146],[16.8717,54.1192],[16.8611,54.1097],[16.8319,54.0984],[16.8001,54.0964],[16.7933,54.0845],[16.7937,54.0756],[16.8026,54.0787],[16.8126,54.0731],[16.8119,54.0617],[16.7984,54.0556],[16.7981,54.0383],[16.7859,54.0285],[16.7848,54.0201],[16.8014,54.004],[16.7928,53.9855],[16.79,53.9814],[16.8134,53.9792],[16.8039,53.9916],[16.8249,54.0043],[16.8286,53.9952],[16.8422,53.9979],[16.8469,53.9839],[16.8743,53.9772],[16.8788,53.9657],[16.876,53.9521],[16.8623,53.9509],[16.9087,53.9253],[16.9552,53.9068],[16.9821,53.9049],[16.9865,53.9215],[16.9985,53.9296],[17.002,53.9257],[17.02,53.9397],[17.0049,53.9576],[17.0306,53.9723],[17.0493,53.9646],[17.0707,53.974],[17.0986,53.9757],[17.1095,53.9693],[17.0976,53.9887],[17.112,54.0038],[17.1079,54.0087],[17.1209,54.0112],[17.1409,54.0054],[17.1836,54.0097],[17.1767,54.0044],[17.1813,53.9893],[17.1987,53.9877],[17.2087,53.9815],[17.2317,53.9817],[17.2265,53.9576],[17.2323,53.9476],[17.248,53.9399],[17.2755,53.906],[17.2648,53.8997],[17.2643,53.8903],[17.2957,53.8711],[17.2979,53.8728],[17.3036,53.8769],[17.3232,53.9107],[17.3406,53.9225],[17.3441,53.9291],[17.3667,53.94],[17.3782,53.928],[17.3893,53.9371],[17.4012,53.9188],[17.4149,53.9252],[17.4434,53.932],[17.4516,53.9239],[17.4893,53.9226],[17.5058,53.9338],[17.4987,53.9437],[17.5202,53.9689],[17.5185,53.9771],[17.5319,53.9771],[17.5321,53.9834],[17.564,53.9832],[17.5747,53.9893],[17.5755,54.0082],[17.5806,54.0079],[17.582,54.0313],[17.5975,54.0288],[17.6185,54.0313],[17.6468,54.0259]]]},"properties":{"code":"2201","name":"powiat bytowski","country":"PL","level":"district","parent":"22","grodzki":false,"type":"powiat"}},
{"type":"Feature","geometry":{"type":"Polygon","coordinates":[[[23.4848,51.1177],[23.4882,51.106],[23.5134,51.1135],[23.5302,51.1105],[23.5342,51.1285],[23.5571,51.1307],[23.5567,51.1434],[23.5353,51.1416],[23.532,51.1509],[23.5002,51.1513],[23.463,51.1679],[23.4513,51.1665],[23.4508,51.1555],[23.4241,51.1595],[23.421,51.1499],[23.4238,51.1368],[23.4371,51.1332],[23.439,51.1238],[23.4552,51.1148],[23.4605,51.1171],[23.4835,51.1134],[23.4848,51.1177]]]},"properties":{"code":"0662","name":"powiat Chełm","country":"PL","level":"district","parent":"06","grodzki":true,"type":"miasto na prawach powiatu"}},
{"type":"Feature","geometry":{"type":"Polygon","coordinates":[[[18.3495,53.1698],[18.3694,53.1709],[18.382,53.1826],[18.3871,53.1793],[18.4162,53.1833],[18.4236,53.1766],[18.468,53.2017],[18.472,53.1934],[18.4842,53.1967],[18.491,53.2078],[18.5129,53.2142],[18.5126,53.2233],[18.5202,53.2243],[18.5386,53.217],[18.5682,53.2266],[18.5748,53.221],[18.5871,53.2261],[18.6048,53.2432],[18.6369,53.2355],[18.6304,53.2296],[18.653,53.2248],[18.655,53.2297],[18.6761,53.2407],[18.6701,53.2414],[18.6844,53.2569],[18.7032,53.2474],[18.7173,53.2504],[18.7249,53.263],[18.7389,53.2772],[18.7137,53.2816],[18.7239,53.2847],[18.7408,53.2977],[18.738,53.3193],[18.6994,53.3279],[18.7078,53.3394],[18.6957,53.3443],[18.7069,53.3539],[18.7189,53.3508],[18.7277,53.3586],[18.7242,53.3648],[18.7102,53.3674],[18.7159,53.3777],[18.695,53.384],[18.6775,53.3962],[18.6623,53.3968],[18.6402,53.393],[18.6281,53.4028],[18.6093,53.4011],[18.5985,53.4123],[18.6072,53.4249],[18.6236,53.4248],[18.6228,53.4307],[18.6094,53.4314],[18.571,53.4271],[18.5444,53.4162],[18.5152,53.4147],[18.494,53.4162],[18.4778,53.4112],[18.4776,53.4033],[18.4503,53.3786],[18.4261,53.38],[18.411,53.3681],[18.4148,53.3649],[18.3889,53.3591],[18.3684,53.3481],[18.3294,53.3171],[18.3267,53.3],[18.3071,53.2684],[18.2928,53.2555],[18.2797,53.2531],[18.2672,53.2444],[18.2983,53.2458],[18.3134,53.2403],[18.3189,53.2234],[18.3489,53.2103],[18.3535,53.1902],[18.346,53.1757],[18.3495,53.1698]]]},"properties":{"code":"0404","name":"powiat chełmiński","country":"PL","level":"district","parent":"04","grodzki":false,"type":"powiat"}},
{"type":"Feature","geometry":{"type":"Polygon","coordinates":[[[23.4795,50.8983],[23.4775,50.8891],[23.4897,50.8862],[23.5096,50.8876],[23.5123,50.895],[23.5456,50.8839],[23.5668,50.8711],[23.5804,50.8735],[23.592,50.8791],[23.613,50.8745],[23.6137,50.8784],[23.5975,50.8854],[23.5957,50.8973],[23.6004,50.92],[23.5998,50.9312],[23.6165,50.9363],[23.6507,50.9406],[23.6729,50.9389],[23.6944,50.9408],[23.6969,50.9501],[23.7202,50.9481],[23.7168,50.94],[23.7206,50.9224],[23.7445,50.9227],[23.7499,50.9264],[23.7833,50.9254],[23.7861,50.9324],[23.8379,50.9419],[23.8876,50.9339],[23.8754,50.9732],[23.9276,50.9749],[23.9307,50.9807],[23.944,50.9826],[23.9431,50.9889],[23.9308,50.9917],[23.9366,51.0034],[23.9176,51.0059],[23.9157,51.0124],[23.9354,51.0153],[23.9182,51.0254],[23.9167,51.0304],[23.9315,51.0379],[23.914,51.0407],[23.9159,51.0484],[23.9114,51.0742],[23.8918,51.0748],[23.885,51.0822],[23.8764,51.0792],[23.8676,51.098],[23.8572,51.0995],[23.8554,51.1186],[23.8504,51.1249],[23.8595,51.1309],[23.8694,51.1294],[23.8714,51.1451],[23.8618,51.1572],[23.8499,51.1552],[23.8492,51.1608],[23.8242,51.1617],[23.8263,51.1673],[23.8136,51.1714],[23.8089,51.1846],[23.7867,51.189],[23.7825,51.1991],[23.7681,51.2003],[23.7539,51.2113],[23.7391,51.2155],[23.7389,51.2316],[23.7275,51.2357],[23.7256,51.2618],[23.7093,51.2773],[23.6942,51.2732],[23.6554,51.2767],[23.6484,51.2692],[23.6278,51.2648],[23.6051,51.2656],[23.6057,51.2756],[23.5954,51.2733],[23.5793,51.3006],[23.5545,51.2954],[23.5595,51.3168],[23.5079,51.3252],[23.4995,51.348],[23.5111,51.347],[23.5087,51.3584],[23.4779,51.3741],[23.4668,51.3702],[23.4581,51.3545],[23.4593,51.348],[23.4374,51.3572],[23.4319,51.3639],[23.393,51.3533],[23.3675,51.3549],[23.3523,51.3496],[23.3334,51.353],[23.322,51.3588],[23.285,51.3623],[23.2837,51.3453],[23.2693,51.3297],[23.2442,51.3147],[23.2339,51.3139],[23.2318,51.297],[23.2206,51.2972],[23.2144,51.2793],[23.2181,51.2745],[23.2365,51.2696],[23.2264,51.2581],[23.2073,51.2619],[23.1632,51.2596],[23.1483,51.2471],[23.1533,51.2406],[23.1386,51.2375],[23.1022,51.2401],[23.0915,51.243],[23.0552,51.2321],[23.0711,51.2219],[23.0621,51.2097],[23.0404,51.2051],[23.0375,51.1931],[23.0409,51.1836],[23.0436,51.1741],[23.0406,51.1536],[23.0602,51.1528],[23.0682,51.1458],[23.0521,51.1465],[23.0429,51.1419],[23.0524,51.1372],[23.0446,51.1275],[23.0692,51.1249],[23.0554,51.1164],[23.0513,51.1078],[23.0648,51.0974],[23.0756,51.0851],[23.1252,51.0919],[23.1263,51.0854],[23.1466,51.0962],[23.1584,51.0947],[23.17,51.0989],[23.1918,51.0777],[23.2065,51.0851],[23.2213,51.0815],[23.2296,51.0719],[23.2748,51.057],[23.29,51.0548],[23.3146,51.0559],[23.3101,51.0502],[23.3418,51.0452],[23.3588,51.0502],[23.4138,51.0444],[23.429,51.0384],[23.4486,51.0416],[23.455,51.0151],[23.449,51.0078],[23.4118,50.9941],[23.4036,50.986],[23.3857,50.9786],[23.4125,50.9638],[23.4176,50.9543],[23.4273,50.9518],[23.4319,50.9328],[23.4505,50.9237],[23.4611,50.9064],[23.4795,50.8983]],[[23.4848,51.1177],[23.4835,51.1134],[23.4605,51.1171],[23.4552,51.1148],[23.439,51.1238],[23.4371,51.1332],[23.4238,51.1368],[23.421,51.1499],[23.4241,51.1595],[23.4508,51.1555],[23.4513,51.1665],[23.463,51.1679],[23.5002,51.1513],[23.532,51.1509],[23.5353,51.1416],[23.5567,51.1434],[23.5571,51.1307],[23.5342,51.1285],[23.5302,51.1105],[23.5134,51.1135],[23.4882,51.106],[23.4848,51.1177]]]},"properties":{"code":"0603","name":"powiat chełmski","country":"PL","level":"district","parent":"06","grodzki":false,"type":"powiat"}},
{"type":"Feature","geometry":{"type":"Polygon","coordinates":[[[17.007,52.8284],[17.027,52.83],[17.0482,52.8236],[17.0684,52.8272],[17.0427,52.8371],[17.0609,52.8528],[17.0698,52.8671],[17.0583,52.8771],[17.0787,52.8906],[17.0983,52.8968],[17.1391,52.9015],[17.1446,52.9068],[17.165,52.9077],[17.1577,52.9242],[17.1618,52.932],[17.1779,52.9359],[17.1743,52.9409],[17.1783,52.9574],[17.2017,52.9666],[17.2033,52.98],[17.1884,52.9893],[17.1852,53.0056],[17.1882,53.015],[17.2174,53.0226],[17.2534,53.0189],[17.287,53.0356],[17.2989,53.0512],[17.2922,53.0587],[17.289,53.084],[17.2818,53.0806],[17.2688,53.0844],[17.2369,53.0787],[17.2061,53.0897],[17.1746,53.0819],[17.1298,53.0776],[17.128,53.0734],[17.0926,53.0755],[17.0738,53.068],[17.0277,53.0669],[17.0178,53.0741],[17.0022,53.0668],[16.9985,53.06],[16.9713,53.0593],[16.9508,53.0534],[16.9319,53.0567],[16.884,53.0502],[16.8652,53.0506],[16.8479,53.0548],[16.8078,53.053],[16.8076,53.0443],[16.7963,53.0431],[16.8006,53.0266],[16.7903,53.0287],[16.7875,53.0212],[16.7751,53.0246],[16.7798,53.0135],[16.756,53.0039],[16.741,53.0028],[16.7378,52.9799],[16.7428,52.9693],[16.7673,52.9468],[16.7749,52.9316],[16.7714,52.897],[16.7802,52.8888],[16.789,52.8823],[16.7896,52.8702],[16.8004,52.8744],[16.7964,52.8649],[16.8079,52.8538],[16.8307,52.8584],[16.8572,52.8528],[16.8669,52.8448],[16.8747,52.8471],[16.8848,52.8401],[16.8865,52.831],[16.9004,52.8314],[16.9092,52.8257],[16.9412,52.8172],[16.973,52.8318],[16.9847,52.8284],[17.007,52.8284]]]},"properties":{"code":"3001","name":"powiat chodzieski","country":"PL","level":"district","parent":"30","grodzki":false,"type":"powiat"}},
{"type":"Feature","geometry":{"type":"Polygon","coordinates":[[[18.1064,53.9255],[18.0992,53.9312],[18.0304,53.9017],[18.0063,53.9128],[17.9949,53.9003],[17.9776,53.8951],[17.9705,53.8792],[17.9529,53.8785],[17.9435,53.8667],[17.9323,53.8678],[17.9166,53.8603],[17.9314,53.8556],[17.9333,53.8422],[17.9143,53.8354],[17.8652,53.8362],[17.8526,53.8457],[17.8619,53.8459],[17.8784,53.8594],[17.8636,53.8631],[17.8599,53.8704],[17.8651,53.8794],[17.8748,53.8815],[17.8524,53.8934],[17.8373,53.8968],[17.8197,53.91],[17.8114,53.9076],[17.7976,53.915],[17.8127,53.9397],[17.8085,53.9446],[17.8114,53.9593],[17.7923,53.9536],[17.7692,53.9605],[17.7507,53.9603],[17.7414,53.9715],[17.7431,53.9772],[17.7244,54.0016],[17.6984,53.9963],[17.6818,53.9959],[17.6793,54.0089],[17.6629,54.009],[17.6468,54.0259],[17.6185,54.0313],[17.5975,54.0288],[17.582,54.0313],[17.5806,54.0079],[17.5755,54.0082],[17.5747,53.9893],[17.564,53.9832],[17.5321,53.9834],[17.5319,53.9771],[17.5185,53.9771],[17.5202,53.9689],[17.4987,53.9437],[17.5058,53.9338],[17.4893,53.9226],[17.4516,53.9239],[17.4434,53.932],[17.4149,53.9252],[17.4012,53.9188],[17.3893,53.9371],[17.3782,53.928],[17.3667,53.94],[17.3441,53.9291],[17.3406,53.9225],[17.3232,53.9107],[17.3036,53.8769],[17.2979,53.8728],[17.3071,53.8706],[17.3209,53.8779],[17.329,53.8713],[17.3305,53.8603],[17.3423,53.8614],[17.3463,53.8309],[17.3684,53.8322],[17.3725,53.8264],[17.3504,53.8214],[17.3554,53.8101],[17.3745,53.8039],[17.3772,53.7919],[17.3977,53.7877],[17.4301,53.7857],[17.4375,53.788],[17.4468,53.776],[17.4619,53.7652],[17.4651,53.7516],[17.4751,53.7398],[17.4609,53.7344],[17.4567,53.7269],[17.4674,53.7179],[17.491,53.7208],[17.5211,53.7159],[17.5161,53.7087],[17.5055,53.676],[17.4917,53.6497],[17.4762,53.6501],[17.4711,53.6349],[17.4869,53.6265],[17.4688,53.6166],[17.4664,53.6016],[17.4664,53.6015],[17.4997,53.6077],[17.5089,53.6173],[17.523,53.6063],[17.5283,53.5945],[17.5433,53.5809],[17.5793,53.5785],[17.6044,53.5969],[17.6267,53.5878],[17.6508,53.5816],[17.6567,53.5712],[17.6749,53.572],[17.6742,53.5836],[17.6583,53.5858],[17.657,53.594],[17.668,53.6007],[17.6872,53.5927],[17.7046,53.5952],[17.7304,53.5929],[17.7357,53.6013],[17.7351,53.6137],[17.711,53.609],[17.7187,53.614],[17.7193,53.6237],[17.7119,53.6362],[17.7236,53.6404],[17.7383,53.656],[17.7342,53.6633],[17.7436,53.6684],[17.7407,53.678],[17.7539,53.6793],[17.7665,53.6882],[17.7631,53.6948],[17.7722,53.6999],[17.7981,53.6788],[17.808,53.6794],[17.8335,53.6924],[17.8522,53.6879],[17.8638,53.6929],[17.8784,53.7074],[17.8967,53.7099],[17.8925,53.7174],[17.9023,53.7229],[17.8894,53.7277],[17.8761,53.746],[17.8669,53.7455],[17.8601,53.755],[17.8686,53.7596],[17.9009,53.7479],[17.9318,53.7493],[17.9326,53.7449],[17.9486,53.7473],[17.9536,53.7381],[17.9694,53.7382],[17.9864,53.7315],[17.9912,53.7245],[18.0318,53.7251],[18.0468,53.7362],[18.0577,53.7605],[18.0706,53.7735],[18.072,53.7811],[18.0752,53.7975],[18.0946,53.811],[18.1226,53.824],[18.1216,53.8302],[18.0969,53.8309],[18.0635,53.8503],[18.0829,53.8534],[18.072,53.8646],[18.0708,53.8739],[18.0827,53.8813],[18.0816,53.8875],[18.108,53.8937],[18.108,53.8986],[18.1296,53.8868],[18.1402,53.8934],[18.1016,53.9233],[18.1064,53.9255]]]},"properties":{"code":"2202","name":"powiat chojnicki","country":"PL","level":"district","parent":"22","grodzki":false,"type":"powiat"}},
{"type":"Feature","geometry":{"type":"Polygon","coordinates":[[[18.9591,50.3353],[18.947,50.3167],[18.927,50.3181],[18.9306,50.3134],[18.919,50.3025],[18.9358,50.2891],[18.9298,50.2709],[18.9336,50.2542],[18.9461,50.2416],[18.9561,50.2391],[18.9591,50.2492],[18.9542,50.2624],[18.9639,50.2841],[18.9701,50.2864],[18.9921,50.2721],[19.0067,50.285],[19.0013,50.2963],[18.9872,50.3095],[18.9866,50.3174],[18.9972,50.3217],[18.9853,50.3247],[18.9854,50.3359],[18.9591,50.3353]]]},"properties":{"code":"2463","name":"powiat Chorzów","country":"PL","level":"district","parent":"24","grodzki":true,"type":"miasto na prawach powiatu"}},
{"type":"Feature","geometry":{"type":"Polygon","coordinates":[[[15.2868,52.9572],[15.3211,52.9511],[15.3507,52.9431],[15.3683,52.9465],[15.381,52.9591],[15.39,52.9621],[15.3868,52.9687],[15.4052,52.9745],[15.4197,52.9833],[15.4438,52.9899],[15.4653,52.9887],[15.4858,52.9968],[15.5405,53.0084],[15.5469,53.0145],[15.5722,52.9869],[15.5805,52.9889],[15.588,52.9811],[15.6155,52.9843],[15.6333,52.9764],[15.6819,52.9972],[15.7211,52.9866],[15.7701,53.0002],[15.778,53.0152],[15.7624,53.0256],[15.7729,53.0267],[15.7879,53.0428],[15.802,53.0441],[15.8041,53.0505],[15.7917,53.0592],[15.8216,53.0652],[15.8115,53.0844],[15.86,53.0937],[15.8482,53.1152],[15.8753,53.1211],[15.8804,53.1187],[15.9118,53.124],[15.9129,53.12],[15.9793,53.1103],[15.982,53.1155],[15.9862,53.1223],[15.9628,53.129],[15.98,53.1721],[15.9905,53.1791],[15.9991,53.1985],[16.0168,53.2073],[16.0232,53.2269],[16.0366,53.2321],[16.0036,53.2401],[16.0022,53.2275],[15.9927,53.2202],[15.9492,53.2163],[15.9338,53.2187],[15.9177,53.2148],[15.9195,53.2067],[15.8917,53.201],[15.8957,53.2141],[15.9063,53.2142],[15.9028,53.2256],[15.8831,53.2228],[15.8746,53.2256],[15.8509,53.22],[15.8436,53.213],[15.8149,53.2293],[15.8152,53.2405],[15.792,53.2707],[15.7716,53.2861],[15.7708,53.2961],[15.7784,53.3069],[15.7664,53.314],[15.7397,53.3152],[15.7092,53.3061],[15.7089,53.2968],[15.6942,53.2986],[15.6846,53.2885],[15.654,53.2915],[15.6376,53.2891],[15.6147,53.2926],[15.6344,53.3083],[15.6129,53.3088],[15.5878,53.3264],[15.5965,53.3383],[15.5848,53.3433],[15.5712,53.3439],[15.5462,53.3328],[15.5349,53.3352],[15.5175,53.3308],[15.5233,53.3254],[15.5055,53.3187],[15.4847,53.3157],[15.4682,53.3051],[15.4795,53.2964],[15.4778,53.2808],[15.469,53.2759],[15.491,53.2704],[15.4699,53.2604],[15.4786,53.2492],[15.4944,53.2537],[15.4978,53.2412],[15.4906,53.2369],[15.4586,53.2334],[15.4161,53.2466],[15.3978,53.2469],[15.3702,53.2515],[15.3516,53.2486],[15.3349,53.2538],[15.3129,53.2546],[15.2894,53.2503],[15.2826,53.2526],[15.2728,53.2445],[15.254,53.2184],[15.2701,53.2008],[15.3068,53.2014],[15.3186,53.2083],[15.3538,53.1966],[15.3414,53.1893],[15.367,53.1748],[15.3678,53.1661],[15.3328,53.1628],[15.3351,53.1464],[15.323,53.1309],[15.3104,53.1349],[15.3038,53.1287],[15.2729,53.1131],[15.2758,53.1044],[15.2679,53.0948],[15.248,53.0973],[15.2349,53.0907],[15.2201,53.095],[15.2058,53.0819],[15.219,53.0758],[15.215,53.0614],[15.2056,53.0512],[15.2076,53.0431],[15.2332,53.035],[15.2419,53.0209],[15.2579,53.0264],[15.2502,53.016],[15.2829,53.0091],[15.283,52.9977],[15.2922,52.9725],[15.2972,52.9675],[15.2868,52.9572]]]},"properties":{"code":"3202","name":"powiat choszczeński","country":"PL","level":"district","parent":"32","grodzki":false,"type":"powiat"}},
{"type":"Feature","geometry":{"type":"Polygon","coordinates":[[[19.5603,50.0121],[19.5593,50.0198],[19.5851,50.0213],[19.6014,50.0329],[19.6229,50.0291],[19.6269,50.0381],[19.6075,50.0486],[19.6053,50.0624],[19.5878,50.0778],[19.5779,50.092],[19.5506,50.099],[19.5392,50.1117],[19.5397,50.1238],[19.5319,50.1407],[19.5469,50.1397],[19.541,50.1604],[19.5422,50.1696],[19.5597,50.1716],[19.5471,50.1843],[19.5286,50.1889],[19.5253,50.2007],[19.5684,50.2007],[19.5887,50.1981],[19.5854,50.2056],[19.5631,50.2108],[19.5347,50.2103],[19.5255,50.2213],[19.5054,50.2224],[19.4841,50.2291],[19.4513,50.2246],[19.442,50.2266],[19.4162,50.2103],[19.4165,50.2013],[19.4054,50.2068],[19.4025,50.2019],[19.3832,50.1997],[19.3637,50.1905],[19.337,50.1897],[19.3392,50.1816],[19.3518,50.177],[19.3664,50.1798],[19.3666,50.1732],[19.3487,50.1733],[19.3451,50.1647],[19.3538,50.1539],[19.3316,50.1442],[19.2883,50.1404],[19.2706,50.1437],[19.2778,50.1197],[19.2592,50.1169],[19.263,50.1071],[19.2863,50.0956],[19.2793,50.0891],[19.2904,50.0781],[19.2817,50.0771],[19.2898,50.0636],[19.2816,50.0649],[19.2729,50.0526],[19.2766,50.0473],[19.2925,50.056],[19.3,50.0559],[19.3105,50.0466],[19.3288,50.0532],[19.3346,50.0465],[19.3495,50.053],[19.3596,50.0426],[19.3688,50.0464],[19.3794,50.0357],[19.3944,50.0381],[19.4007,50.0265],[19.415,50.0275],[19.4268,50.0351],[19.4315,50.0245],[19.4436,50.0332],[19.4564,50.0301],[19.4631,50.0394],[19.4731,50.0381],[19.4722,50.0314],[19.4923,50.0274],[19.5025,50.036],[19.5103,50.0257],[19.5171,50.0223],[19.5376,50.024],[19.5603,50.0121]]]},"properties":{"code":"1203","name":"powiat chrzanowski","country":"PL","level":"district","parent":"12","grodzki":false,"type":"powiat"}},
{"type":"Feature","geometry":{"type":"Polygon","coordinates":[[[20.7282,52.7045],[20.7423,52.7026],[20.7537,52.7084],[20.7818,52.7133],[20.7845,52.7297],[20.7774,52.7363],[20.787,52.7426],[20.8092,52.7352],[20.7894,52.7486],[20.8027,52.7572],[20.8245,52.7614],[20.831,52.7517],[20.8375,52.7584],[20.8589,52.7581],[20.8714,52.7676],[20.9062,52.7575],[20.9231,52.7696],[20.9083,52.7936],[20.9343,52.7962],[20.9337,52.8067],[20.9407,52.8099],[20.9144,52.8277],[20.8965,52.8257],[20.877,52.8313],[20.8726,52.8365],[20.8807,52.8431],[20.8718,52.8614],[20.8617,52.8699],[20.851,52.8764],[20.8508,52.8874],[20.8377,52.8896],[20.8305,52.8972],[20.8361,52.908],[20.8241,52.9112],[20.8182,52.9189],[20.827,52.9238],[20.8056,52.932],[20.8066,52.943],[20.7856,52.9436],[20.7738,52.9498],[20.8021,52.9649],[20.801,52.98],[20.7826,52.9772],[20.7758,52.9838],[20.7532,52.98],[20.7501,52.9844],[20.7273,52.9867],[20.7245,52.9952],[20.6992,52.9879],[20.6846,53.018],[20.6688,53.0258],[20.683,53.0319],[20.6752,53.0402],[20.683,53.0482],[20.6799,53.0548],[20.6826,53.0745],[20.6719,53.0769],[20.6654,53.087],[20.6637,53.0933],[20.6422,53.0924],[20.6209,53.1048],[20.61,53.0977],[20.5966,53.0964],[20.5703,53.0741],[20.5765,53.0548],[20.5575,53.0544],[20.5597,53.0463],[20.5726,53.046],[20.5851,53.0366],[20.5787,53.0291],[20.5601,53.0356],[20.5572,53.0272],[20.5373,53.0152],[20.5481,53.0049],[20.5536,52.9915],[20.5398,52.9959],[20.5222,52.9927],[20.5135,52.9846],[20.4952,52.9759],[20.5036,52.9614],[20.465,52.9602],[20.4428,52.9548],[20.4437,52.9486],[20.4576,52.9347],[20.4565,52.9221],[20.4249,52.9164],[20.4218,52.9005],[20.4083,52.8883],[20.4102,52.8781],[20.3993,52.872],[20.4035,52.8679],[20.3901,52.8608],[20.369,52.8596],[20.3651,52.8465],[20.3513,52.8476],[20.3124,52.8407],[20.3075,52.8503],[20.2643,52.8475],[20.2401,52.8308],[20.2147,52.8236],[20.2119,52.8101],[20.2184,52.7947],[20.2452,52.7814],[20.2641,52.7773],[20.3006,52.7868],[20.3146,52.7691],[20.3256,52.7676],[20.3505,52.7721],[20.3508,52.7573],[20.371,52.7484],[20.393,52.748],[20.3824,52.7369],[20.4021,52.7302],[20.4254,52.7382],[20.4408,52.7393],[20.4472,52.7344],[20.4661,52.7324],[20.4744,52.7172],[20.4934,52.7217],[20.506,52.7154],[20.4965,52.7094],[20.5178,52.7011],[20.5217,52.7096],[20.5409,52.7158],[20.5423,52.7068],[20.5694,52.7137],[20.57,52.7193],[20.5864,52.7235],[20.583,52.7331],[20.6114,52.7342],[20.614,52.7255],[20.6315,52.7212],[20.6498,52.7211],[20.6576,52.7112],[20.681,52.7133],[20.6927,52.7175],[20.6974,52.7054],[20.7121,52.6994],[20.7185,52.7071],[20.7282,52.7045]]]},"properties":{"code":"1402","name":"powiat ciechanowski","country":"PL","level":"district","parent":"14","grodzki":false,"type":"powiat"}},
{"type":"Feature","geometry":{"type":"Polygon","coordinates":[[[18.5757,49.9104],[18.5801,49.9055],[18.566,49.8832],[18.5802,49.8668],[18.5991,49.8663],[18.6039,49.8571],[18.5837,49.8523],[18.5893,49.8455],[18.5694,49.8344],[18.5701,49.827],[18.5827,49.8165],[18.5848,49.8055],[18.5932,49.8012],[18.6,49.7894],[18.5974,49.7841],[18.6105,49.7707],[18.6131,49.7555],[18.6291,49.7473],[18.6252,49.7224],[18.6526,49.7077],[18.6669,49.7097],[18.6682,49.7034],[18.6933,49.7066],[18.7065,49.7044],[18.7192,49.6838],[18.7355,49.6824],[18.7512,49.6769],[18.7641,49.6846],[18.7806,49.6854],[18.8046,49.6789],[18.8101,49.671],[18.8063,49.6513],[18.8243,49.6145],[18.8232,49.6041],[18.8293,49.5949],[18.8391,49.5953],[18.8324,49.5856],[18.8376,49.5622],[18.8592,49.5506],[18.8575,49.5379],[18.8441,49.5341],[18.8373,49.5236],[18.843,49.5185],[18.8691,49.519],[18.8958,49.5145],[18.929,49.519],[18.9466,49.5174],[18.9521,49.5216],[18.9535,49.5357],[18.9802,49.5386],[18.9867,49.5483],[18.9784,49.5627],[18.9869,49.5719],[18.984,49.587],[19.0006,49.5964],[19.0173,49.6223],[19.0024,49.6432],[19.0015,49.6566],[18.9899,49.6534],[18.9595,49.6665],[18.9545,49.6789],[18.9643,49.6895],[18.9943,49.7109],[18.9864,49.7367],[18.9653,49.7451],[18.9546,49.7442],[18.9416,49.7546],[18.9291,49.754],[18.9152,49.759],[18.9062,49.7725],[18.8867,49.7829],[18.8726,49.7838],[18.8571,49.7924],[18.8472,49.8109],[18.8312,49.8146],[18.8548,49.8187],[18.8549,49.8262],[18.8354,49.8346],[18.8357,49.848],[18.8411,49.8559],[18.827,49.8614],[18.8389,49.8759],[18.8536,49.8813],[18.8622,49.8897],[18.8808,49.887],[18.8856,49.9064],[18.8906,49.9119],[18.8858,49.9138],[18.8703,49.9031],[18.8551,49.9058],[18.8599,49.9101],[18.8528,49.92],[18.8209,49.9173],[18.8108,49.9217],[18.7912,49.9136],[18.7778,49.9127],[18.7757,49.9215],[18.7521,49.9351],[18.7413,49.9258],[18.7295,49.9268],[18.7145,49.9375],[18.7103,49.9228],[18.7282,49.9067],[18.722,49.8975],[18.667,49.8858],[18.6612,49.8789],[18.644,49.8876],[18.6296,49.8999],[18.6252,49.8966],[18.5955,49.9021],[18.5757,49.9104]]]},"properties":{"code":"2403","name":"powiat cieszyński","country":"PL","level":"district","parent":"24","grodzki":false,"type":"powiat"}},
{"type":"Feature","geometry":{"type":"Polygon","coordinates":[[[16.3905,53.131],[16.363,53.123],[16.3599,53.1144],[16.346,53.1124],[16.3642,53.0822],[16.3391,53.0603],[16.324,53.058],[16.3161,53.0512],[16.3169,53.0367],[16.2949,53.0381],[16.288,53.0442],[16.2709,53.0492],[16.2295,53.0394],[16.1861,53.0336],[16.1378,53.0137],[16.1168,53.0121],[16.0835,53.0145],[16.0545,53.0216],[16.045,53.0288],[16.0231,53.0356],[16.0101,53.0337],[15.9625,53.0414],[15.9554,53.0403],[15.9558,53.0081],[15.9494,52.9985],[15.9549,52.9894],[15.9522,52.9718],[15.962,52.9695],[15.9605,52.9561],[15.9798,52.9337],[15.9722,52.9288],[15.9802,52.9136],[15.9676,52.8988],[15.9797,52.8809],[15.9756,52.873],[15.9631,52.874],[15.9741,52.859],[15.9609,52.8542],[15.9463,52.8542],[15.9517,52.8432],[15.9229,52.8311],[15.9187,52.8411],[15.9018,52.8353],[15.8932,52.8128],[15.9117,52.8037],[15.9346,52.8014],[15.9383,52.7862],[15.9262,52.784],[15.9272,52.7784],[15.9469,52.7549],[15.9814,52.7504],[16.0138,52.7347],[16.0401,52.7335],[16.059,52.7271],[16.0664,52.7489],[16.0798,52.7591],[16.1131,52.769],[16.1391,52.7855],[16.185,52.7941],[16.2124,52.7924],[16.2419,52.7932],[16.2608,52.7862],[16.2858,52.7659],[16.3128,52.7764],[16.3276,52.7752],[16.3367,52.7607],[16.3351,52.7497],[16.3726,52.7572],[16.3605,52.7626],[16.3583,52.7756],[16.3923,52.7717],[16.3877,52.7596],[16.4152,52.7697],[16.4228,52.763],[16.4394,52.7661],[16.4443,52.7564],[16.4318,52.7502],[16.4554,52.7376],[16.4682,52.7517],[16.5045,52.7543],[16.5172,52.7596],[16.5582,52.7388],[16.5833,52.7431],[16.6303,52.751],[16.6485,52.7484],[16.6584,52.7511],[16.7044,52.7497],[16.6985,52.7283],[16.7081,52.7257],[16.7311,52.7294],[16.7385,52.7264],[16.7407,52.7372],[16.7623,52.7512],[16.7324,52.7495],[16.7299,52.7406],[16.7152,52.7401],[16.7198,52.7568],[16.7483,52.7605],[16.7651,52.7663],[16.7739,52.7746],[16.8001,52.7843],[16.7936,52.7987],[16.7756,52.8008],[16.7705,52.8117],[16.747,52.8142],[16.7508,52.8211],[16.7253,52.8339],[16.7286,52.8522],[16.7026,52.8543],[16.7081,52.8664],[16.7316,52.8676],[16.7606,52.8657],[16.772,52.8722],[16.7802,52.8888],[16.7714,52.897],[16.7749,52.9316],[16.7673,52.9468],[16.7428,52.9693],[16.7378,52.9799],[16.7067,52.9687],[16.6984,52.9618],[16.7005,52.9525],[16.6597,52.9577],[16.6486,52.9569],[16.6471,52.9676],[16.6398,52.9698],[16.6325,52.9893],[16.6495,52.9914],[16.6502,53.0226],[16.6254,53.0444],[16.6076,53.0419],[16.6238,53.0526],[16.6587,53.0631],[16.6572,53.0707],[16.6677,53.0727],[16.6658,53.0838],[16.6582,53.0866],[16.6748,53.0943],[16.6918,53.0905],[16.6971,53.1023],[16.7027,53.1016],[16.7113,53.1144],[16.7195,53.1178],[16.6952,53.1299],[16.656,53.1195],[16.649,53.1249],[16.6383,53.1193],[16.6518,53.1095],[16.6007,53.1077],[16.5975,53.1133],[16.569,53.122],[16.5661,53.111],[16.5534,53.1145],[16.5556,53.1208],[16.5207,53.1296],[16.4794,53.1151],[16.4471,53.1238],[16.4339,53.1232],[16.4187,53.1292],[16.3905,53.131]]]},"properties":{"code":"3002","name":"powiat czarnkowsko-trzcianecki","country":"PL","level":"district","parent":"30","grodzki":false,"type":"powiat"}},
{"type":"Feature","geometry":{"type":"Polygon","coordinates":[[[19.0293,50.8233],[19.0233,50.8147],[19.0344,50.801],[19.0192,50.8066],[19.0198,50.7955],[19.0117,50.7886],[19.0113,50.7719],[19.0337,50.7484],[19.0601,50.745],[19.0619,50.7509],[19.075,50.7347],[19.083,50.7375],[19.0859,50.7505],[19.1027,50.7524],[19.1202,50.7502],[19.1297,50.7578],[19.1818,50.755],[19.1939,50.7522],[19.2077,50.7747],[19.2253,50.7883],[19.2173,50.7925],[19.2185,50.8012],[19.2312,50.8248],[19.2081,50.8248],[19.1941,50.8313],[19.1991,50.8437],[19.1868,50.8468],[19.1802,50.8663],[19.1821,50.877],[19.1718,50.8845],[19.1658,50.8799],[19.1505,50.8793],[19.1339,50.8611],[19.1221,50.8546],[19.1049,50.8644],[19.0889,50.8655],[19.0815,50.855],[19.0648,50.861],[19.0601,50.8536],[19.0472,50.8491],[19.04,50.8412],[19.0382,50.8256],[19.0293,50.8233]]]},"properties":{"code":"2464","name":"powiat Częstochowa","country":"PL","level":"district","parent":"24","grodzki":true,"type":"miasto na prawach powiatu"}},
{"type":"Feature","geometry":{"type":"Polygon","coordinates":[[[19.6233,50.658],[19.6685,50.6552],[19.6721,50.6642],[19.6807,50.6631],[19.6843,50.676],[19.6961,50.6949],[19.7103,50.6899],[19.7135,50.6758],[19.7006,50.6586],[19.7035,50.644],[19.7138,50.6388],[19.7326,50.637],[19.7516,50.6568],[19.7723,50.6566],[19.7864,50.6684],[19.7792,50.6765],[19.7704,50.6766],[19.7513,50.686],[19.7445,50.6946],[19.7331,50.6968],[19.7145,50.7153],[19.7244,50.7184],[19.7129,50.7292],[19.7195,50.733],[19.7044,50.7523],[19.7058,50.7618],[19.7225,50.7595],[19.7266,50.771],[19.7417,50.7547],[19.7705,50.7773],[19.7954,50.7837],[19.7761,50.7995],[19.7842,50.8178],[19.7969,50.8166],[19.807,50.8022],[19.8234,50.8056],[19.8186,50.8207],[19.8322,50.8197],[19.8194,50.8385],[19.7923,50.8508],[19.7471,50.866],[19.7411,50.8519],[19.7285,50.8494],[19.7278,50.8432],[19.6831,50.8452],[19.6614,50.8545],[19.6578,50.8633],[19.6615,50.8743],[19.6421,50.8788],[19.6179,50.8805],[19.6139,50.8773],[19.5867,50.9053],[19.5697,50.9083],[19.5558,50.9013],[19.5249,50.8939],[19.5091,50.8811],[19.4976,50.8797],[19.4672,50.8886],[19.4628,50.91],[19.4696,50.9174],[19.4647,50.9274],[19.4465,50.9355],[19.4381,50.9438],[19.4322,50.9649],[19.4134,50.9752],[19.4021,50.994],[19.3892,51.0012],[19.3746,50.9944],[19.3562,50.9926],[19.3516,50.9959],[19.3622,51.0039],[19.3476,51.0107],[19.3292,51.0132],[19.319,51.0196],[19.3184,51.0282],[19.3313,51.0389],[19.3227,51.0461],[19.2918,51.0455],[19.2601,51.0314],[19.2513,51.0397],[19.2431,51.0368],[19.2439,51.0249],[19.257,51.003],[19.2407,50.9904],[19.2242,50.9859],[19.2065,50.9855],[19.165,50.9946],[19.1617,51.0006],[19.1449,51.0018],[19.1497,51.0096],[19.1327,51.0108],[19.1236,50.9996],[19.1277,50.9931],[19.1192,50.972],[19.1056,50.9771],[19.1021,50.9671],[19.0903,50.9689],[19.0766,50.964],[19.0736,50.9552],[19.0838,50.9497],[19.0864,50.9389],[19.1114,50.9351],[19.0941,50.9241],[19.0735,50.9219],[19.0602,50.9155],[19.0645,50.9058],[19.0776,50.9068],[19.07,50.8997],[19.0724,50.8851],[19.0862,50.88],[19.0889,50.8655],[19.1049,50.8644],[19.1221,50.8546],[19.1339,50.8611],[19.1505,50.8793],[19.1658,50.8799],[19.1718,50.8845],[19.1821,50.877],[19.1802,50.8663],[19.1868,50.8468],[19.1991,50.8437],[19.1941,50.8313],[19.2081,50.8248],[19.2312,50.8248],[19.2185,50.8012],[19.2173,50.7925],[19.2253,50.7883],[19.2077,50.7747],[19.1939,50.7522],[19.1818,50.755],[19.1297,50.7578],[19.1202,50.7502],[19.1027,50.7524],[19.0859,50.7505],[19.083,50.7375],[19.075,50.7347],[19.0619,50.7509],[19.0601,50.745],[19.0337,50.7484],[19.0113,50.7719],[19.0117,50.7886],[19.0198,50.7955],[19.0192,50.8066],[19.0344,50.801],[19.0233,50.8147],[19.0293,50.8233],[18.9987,50.8237],[18.9852,50.812],[18.9723,50.812],[18.9552,50.8262],[18.9669,50.8281],[18.9552,50.8357],[18.9391,50.8346],[18.9416,50.821],[18.8991,50.8179],[18.91,50.8144],[18.9067,50.8041],[18.8872,50.8],[18.8647,50.7993],[18.8562,50.7909],[18.8623,50.7869],[18.8487,50.7661],[18.8666,50.7611],[18.9143,50.7645],[18.9183,50.7399],[18.913,50.7334],[18.9363,50.7171],[18.9402,50.7056],[18.9868,50.6874],[18.9847,50.6627],[19.0039,50.6654],[19.0196,50.6623],[19.0196,50.6624],[19.0196,50.6623],[19.0196,50.6624],[19.0373,50.6614],[19.0377,50.6614],[19.0373,50.6614],[19.0377,50.6614],[19.0608,50.6611],[19.0481,50.6476],[19.0612,50.6346],[19.0957,50.6435],[19.0975,50.6352],[19.1085,50.6406],[19.1313,50.6442],[19.1361,50.6408],[19.1635,50.645],[19.1672,50.6506],[19.1783,50.6492],[19.175,50.6602],[19.1628,50.6656],[19.1688,50.6754],[19.1866,50.6889],[19.1934,50.6842],[19.198,50.6926],[19.2197,50.6856],[19.238,50.6921],[19.236,50.703],[19.2452,50.7044],[19.2778,50.6949],[19.2895,50.6826],[19.2994,50.6804],[19.325,50.6876],[19.3387,50.6871],[19.3446,50.6927],[19.3663,50.6834],[19.3809,50.6836],[19.3756,50.6666],[19.3852,50.6652],[19.4141,50.6699],[19.4307,50.6812],[19.4394,50.6816],[19.4509,50.69],[19.457,50.6803],[19.474,50.6863],[19.4999,50.6824],[19.5007,50.6767],[19.5192,50.6704],[19.5383,50.682],[19.5418,50.6885],[19.5627,50.6798],[19.5593,50.6648],[19.55,50.6589],[19.5334,50.6564],[19.5545,50.6536],[19.5752,50.6573],[19.5782,50.6495],[19.5989,50.6483],[19.6053,50.6559],[19.6233,50.658]]]},"properties":{"code":"2404","name":"powiat częstochowski","country":"PL","level":"district","parent":"24","grodzki":false,"type":"powiat"}},
{"type":"Feature","geometry":{"type":"Polygon","coordinates":[[[17.2979,53.8728],[17.2957,53.8711],[17.2643,53.8903],[17.2648,53.8997],[17.2755,53.906],[17.248,53.9399],[17.2323,53.9476],[17.2265,53.9576],[17.2317,53.9817],[17.2087,53.9815],[17.1987,53.9877],[17.1813,53.9893],[17.1767,54.0044],[17.1836,54.0097],[17.1409,54.0054],[17.1209,54.0112],[17.1079,54.0087],[17.112,54.0038],[17.0976,53.9887],[17.1095,53.9693],[17.0986,53.9757],[17.0707,53.974],[17.0493,53.9646],[17.0306,53.9723],[17.0049,53.9576],[17.02,53.9397],[17.002,53.9257],[16.9985,53.9296],[16.9865,53.9215],[16.9821,53.9049],[16.9763,53.8798],[16.9505,53.8792],[16.9547,53.8747],[16.9018,53.8768],[16.8957,53.8725],[16.8726,53.8686],[16.8698,53.8507],[16.8733,53.8347],[16.8945,53.8233],[16.9086,53.8214],[16.9095,53.8018],[16.9206,53.7992],[16.9482,53.8051],[16.9307,53.7772],[16.9206,53.7746],[16.9007,53.761],[16.8577,53.7471],[16.8773,53.7191],[16.8803,53.6884],[16.8922,53.6559],[16.8998,53.6409],[16.8962,53.6211],[16.91,53.6129],[16.9163,53.6005],[16.9223,53.6001],[16.941,53.5817],[16.9387,53.5717],[16.9491,53.5588],[16.9515,53.5432],[16.9811,53.5568],[17.0015,53.5493],[17.0057,53.5344],[16.9941,53.5319],[16.9998,53.518],[17.012,53.5202],[17.0328,53.5158],[17.0646,53.5232],[17.0898,53.5427],[17.1175,53.5365],[17.1317,53.5363],[17.1611,53.5278],[17.1724,53.5327],[17.2151,53.5341],[17.2445,53.5312],[17.2656,53.537],[17.2781,53.5351],[17.2961,53.5246],[17.3096,53.525],[17.3055,53.5127],[17.3245,53.513],[17.3271,53.5027],[17.3507,53.4935],[17.3633,53.4972],[17.3867,53.4967],[17.3907,53.491],[17.3938,53.5078],[17.4027,53.5133],[17.4115,53.5337],[17.4219,53.5358],[17.4207,53.5486],[17.4136,53.5603],[17.4185,53.5646],[17.4218,53.5821],[17.4413,53.5987],[17.4664,53.6016],[17.4664,53.6015],[17.4664,53.6016],[17.4688,53.6166],[17.4869,53.6265],[17.4711,53.6349],[17.4762,53.6501],[17.4917,53.6497],[17.5055,53.676],[17.5161,53.7087],[17.5211,53.7159],[17.491,53.7208],[17.4674,53.7179],[17.4567,53.7269],[17.4609,53.7344],[17.4751,53.7398],[17.4651,53.7516],[17.4619,53.7652],[17.4468,53.776],[17.4375,53.788],[17.4301,53.7857],[17.3977,53.7877],[17.3772,53.7919],[17.3745,53.8039],[17.3554,53.8101],[17.3504,53.8214],[17.3725,53.8264],[17.3684,53.8322],[17.3463,53.8309],[17.3423,53.8614],[17.3305,53.8603],[17.329,53.8713],[17.3209,53.8779],[17.3071,53.8706],[17.2979,53.8728]]]},"properties":{"code":"2203","name":"powiat człuchowski","country":"PL","level":"district","parent":"22","grodzki":false,"type":"powiat"}},
{"type":"Feature","geometry":{"type":"Polygon","coordinates":[[[19.4066,50.3174],[19.4147,50.3228],[19.4153,50.3317],[19.4321,50.3277],[19.451,50.3189],[19.4595,50.3228],[19.4839,50.3236],[19.4806,50.3336],[19.4876,50.3473],[19.4822,50.3569],[19.4594,50.3633],[19.4525,50.3598],[19.4037,50.3593],[19.4053,50.3625],[19.3608,50.3857],[19.3521,50.3829],[19.346,50.3963],[19.3292,50.3971],[19.3176,50.3914],[19.306,50.3981],[19.304,50.3908],[19.296,50.3942],[19.2968,50.4058],[19.2903,50.4113],[19.2926,50.4232],[19.2498,50.4369],[19.2386,50.4478],[19.2385,50.4407],[19.2286,50.4413],[19.2321,50.4308],[19.2265,50.4194],[19.2439,50.4141],[19.2395,50.4037],[19.219,50.4017],[19.2015,50.3908],[19.1899,50.3975],[19.1828,50.3864],[19.1842,50.3655],[19.1896,50.3541],[19.1817,50.346],[19.155,50.3321],[19.1616,50.3301],[19.1656,50.3133],[19.1865,50.3136],[19.1961,50.3169],[19.2257,50.3109],[19.234,50.3001],[19.2531,50.3041],[19.2543,50.2949],[19.2719,50.2969],[19.2851,50.2917],[19.3016,50.2991],[19.3085,50.2971],[19.3236,50.3033],[19.3446,50.3065],[19.3541,50.3259],[19.3961,50.3219],[19.4066,50.3174]]]},"properties":{"code":"2465","name":"powiat Dąbrowa Górnicza","country":"PL","level":"district","parent":"24","grodzki":true,"type":"miasto na prawach powiatu"}},
{"type":"Feature","geometry":{"type":"Polygon","coordinates":[[[21.1533,50.1492],[21.1708,50.1769],[21.165,50.1806],[21.1666,50.2017],[21.1709,50.2086],[21.163,50.2227],[21.1422,50.2377],[21.1821,50.2393],[21.1481,50.2553],[21.1594,50.268],[21.1832,50.2865],[21.1838,50.298],[21.194,50.3042],[21.2225,50.3109],[21.2132,50.3311],[21.2194,50.3356],[21.2083,50.3549],[21.188,50.3504],[21.1865,50.3373],[21.1766,50.3298],[21.1667,50.3331],[21.1657,50.3423],[21.1491,50.3534],[21.1224,50.3514],[21.113,50.3384],[21.0831,50.3364],[21.0753,50.3257],[21.0617,50.317],[21.0484,50.3151],[21.0365,50.3191],[21.0142,50.3133],[20.9719,50.314],[20.9552,50.316],[20.9451,50.3125],[20.9388,50.3005],[20.9319,50.2981],[20.8929,50.306],[20.8763,50.2948],[20.8549,50.2961],[20.8482,50.2788],[20.8358,50.2733],[20.8276,50.2751],[20.8058,50.2895],[20.7899,50.2896],[20.7747,50.2777],[20.768,50.2683],[20.7543,50.2654],[20.728,50.2503],[20.728,50.2428],[20.7458,50.2292],[20.7491,50.2139],[20.7589,50.2084],[20.7933,50.2185],[20.8107,50.2119],[20.8311,50.2232],[20.8506,50.2147],[20.8507,50.2147],[20.8506,50.2147],[20.8507,50.2147],[20.855,50.2063],[20.8748,50.1957],[20.8757,50.1794],[20.8645,50.1683],[20.8811,50.161],[20.9092,50.162],[20.9186,50.1658],[20.9342,50.1648],[20.9316,50.1577],[20.9487,50.1481],[20.9641,50.1461],[20.9547,50.1375],[20.9615,50.1271],[20.9566,50.1122],[20.9811,50.1116],[20.9831,50.1157],[21,50.1168],[20.9995,50.123],[21.0101,50.1261],[21.0203,50.115],[21.0604,50.1068],[21.0799,50.1148],[21.096,50.1127],[21.1402,50.115],[21.1365,50.124],[21.1268,50.1288],[21.1318,50.1358],[21.1524,50.1476],[21.1533,50.1492]]]},"properties":{"code":"1204","name":"powiat dąbrowski","country":"PL","level":"district","parent":"12","grodzki":false,"type":"powiat"}},
{"type":"Feature","geometry":{"type":"Polygon","coordinates":[[[21.5235,49.8929],[21.5093,49.9097],[21.5013,49.9437],[21.4813,49.9524],[21.4679,49.9676],[21.474,49.9807],[21.4642,49.9924],[21.4699,50.0005],[21.4842,50.0049],[21.4836,50.0096],[21.5135,50.0073],[21.5225,50.0142],[21.5086,50.02],[21.5248,50.029],[21.5259,50.0386],[21.5111,50.0374],[21.4978,50.05],[21.5018,50.0768],[21.5206,50.0768],[21.5393,50.0815],[21.5408,50.0977],[21.5491,50.1117],[21.5655,50.1121],[21.568,50.1298],[21.5445,50.1321],[21.5532,50.1395],[21.5227,50.1576],[21.5112,50.1615],[21.4966,50.1621],[21.4805,50.1686],[21.4664,50.1594],[21.4439,50.1674],[21.4287,50.1657],[21.3687,50.1675],[21.3712,50.1569],[21.3648,50.1507],[21.3435,50.1535],[21.3173,50.1511],[21.3093,50.1476],[21.3022,50.1313],[21.273,50.1357],[21.2735,50.1494],[21.2543,50.1547],[21.2468,50.1478],[21.2462,50.1355],[21.2213,50.1339],[21.191,50.1393],[21.1533,50.1492],[21.1524,50.1476],[21.1757,50.1427],[21.1643,50.136],[21.146,50.1345],[21.1485,50.1264],[21.1929,50.1202],[21.1769,50.1118],[21.1869,50.1062],[21.1846,50.1003],[21.199,50.095],[21.1601,50.0895],[21.1692,50.0791],[21.179,50.0807],[21.1682,50.0612],[21.1461,50.0543],[21.1515,50.0453],[21.173,50.0392],[21.1737,50.0352],[21.1929,50.0293],[21.1788,50.0118],[21.1544,50.0034],[21.1498,49.9958],[21.1507,49.9761],[21.161,49.9646],[21.161,49.9509],[21.1715,49.9433],[21.1797,49.9283],[21.1925,49.9316],[21.2308,49.9287],[21.2452,49.9305],[21.2847,49.9241],[21.2882,49.9094],[21.2796,49.892],[21.261,49.8849],[21.2254,49.8841],[21.2282,49.8608],[21.2247,49.853],[21.2502,49.8415],[21.2662,49.8415],[21.2829,49.8457],[21.2971,49.8429],[21.2903,49.8531],[21.3067,49.8585],[21.3071,49.8403],[21.3251,49.8369],[21.3497,49.8375],[21.3508,49.8562],[21.3455,49.8683],[21.3633,49.872],[21.3786,49.8667],[21.3908,49.8509],[21.4054,49.8381],[21.407,49.8286],[21.4433,49.8343],[21.4432,49.8343],[21.4433,49.8343],[21.4432,49.8343],[21.4392,49.8376],[21.4774,49.8405],[21.4772,49.8528],[21.4843,49.8724],[21.4932,49.88],[21.521,49.8849],[21.5235,49.8929]]]},"properties":{"code":"1803","name":"powiat dębicki","country":"PL","level":"district","parent":"18","grodzki":false,"type":"powiat"}},
{"type":"Feature","geometry":{"type":"Polygon","coordinates":[[[15.5848,53.3433],[15.5965,53.3383],[15.5878,53.3264],[15.6129,53.3088],[15.6344,53.3083],[15.6147,53.2926],[15.6376,53.2891],[15.654,53.2915],[15.6846,53.2885],[15.6942,53.2986],[15.7089,53.2968],[15.7092,53.3061],[15.7397,53.3152],[15.7664,53.314],[15.7784,53.3069],[15.7708,53.2961],[15.7716,53.2861],[15.792,53.2707],[15.8152,53.2405],[15.8149,53.2293],[15.8436,53.213],[15.8509,53.22],[15.8746,53.2256],[15.8831,53.2228],[15.9028,53.2256],[15.9063,53.2142],[15.8957,53.2141],[15.8917,53.201],[15.9195,53.2067],[15.9177,53.2148],[15.9338,53.2187],[15.9492,53.2163],[15.9927,53.2202],[16.0022,53.2275],[16.0036,53.2401],[16.0077,53.2508],[16.019,53.2556],[16.0292,53.2686],[16.076,53.289],[16.0628,53.2955],[16.0691,53.3117],[16.0463,53.3107],[16.0543,53.3157],[16.0244,53.3174],[16.0221,53.3108],[16.0082,53.3112],[15.9892,53.3219],[15.9982,53.3371],[15.9766,53.3559],[15.974,53.3632],[15.9844,53.3704],[15.9761,53.3764],[15.9861,53.3876],[16.0092,53.4038],[16.0367,53.4009],[16.0518,53.3856],[16.0565,53.3688],[16.0623,53.3657],[16.0719,53.3735],[16.0692,53.3971],[16.0561,53.3998],[16.062,53.4073],[16.0889,53.3988],[16.0886,53.404],[16.1065,53.3994],[16.111,53.3802],[16.1506,53.3761],[16.2176,53.3959],[16.2669,53.3982],[16.2915,53.4086],[16.3192,53.4072],[16.3412,53.4178],[16.3623,53.4209],[16.3711,53.4262],[16.3573,53.4319],[16.3848,53.4396],[16.3939,53.4214],[16.4067,53.4367],[16.4184,53.4416],[16.4333,53.4588],[16.4398,53.4593],[16.4362,53.4606],[16.4542,53.4885],[16.4579,53.4944],[16.447,53.5026],[16.4572,53.5084],[16.4428,53.516],[16.4383,53.5258],[16.4104,53.5254],[16.4165,53.5416],[16.4152,53.5507],[16.4039,53.5615],[16.3867,53.5587],[16.3789,53.5616],[16.3588,53.5562],[16.3397,53.5706],[16.3149,53.5696],[16.3212,53.5813],[16.3045,53.5897],[16.3043,53.6084],[16.2776,53.6106],[16.2629,53.6179],[16.2772,53.6189],[16.3006,53.6289],[16.2952,53.6446],[16.2864,53.6442],[16.281,53.6615],[16.2543,53.6726],[16.2394,53.6831],[16.2336,53.6939],[16.2033,53.6936],[16.1973,53.6864],[16.1538,53.6711],[16.1361,53.681],[16.1189,53.6689],[16.0984,53.6816],[16.0932,53.6926],[16.0817,53.6884],[16.0734,53.6919],[16.0626,53.6875],[16.0627,53.6875],[16.0626,53.6875],[16.0627,53.6875],[16.045,53.6799],[16.0303,53.6595],[16.0438,53.657],[16.0317,53.6494],[16.024,53.6548],[16.0109,53.6547],[15.9956,53.6717],[15.9677,53.6713],[15.9431,53.6786],[15.9327,53.672],[15.9364,53.6676],[15.9271,53.6531],[15.9002,53.6477],[15.8924,53.6527],[15.872,53.6545],[15.857,53.652],[15.8445,53.6705],[15.8299,53.6772],[15.8135,53.6773],[15.8061,53.6655],[15.7907,53.66],[15.7877,53.6518],[15.8001,53.6397],[15.7733,53.6359],[15.7725,53.6268],[15.7834,53.6217],[15.7724,53.6124],[15.7768,53.609],[15.7747,53.5928],[15.7561,53.5972],[15.7322,53.571],[15.7192,53.5744],[15.7115,53.5672],[15.7068,53.5408],[15.7002,53.5365],[15.7065,53.527],[15.7264,53.5251],[15.7171,53.5091],[15.7019,53.5062],[15.7049,53.4975],[15.719,53.4923],[15.7018,53.4771],[15.6564,53.4571],[15.6485,53.4494],[15.6569,53.4478],[15.647,53.4392],[15.6711,53.4291],[15.641,53.431],[15.6274,53.4286],[15.6268,53.4201],[15.6048,53.4226],[15.6009,53.4027],[15.5942,53.3976],[15.597,53.3684],[15.5881,53.3634],[15.591,53.348],[15.5848,53.3433]]]},"properties":{"code":"3203","name":"powiat drawski","country":"PL","level":"district","parent":"32","grodzki":false,"type":"powiat"}},
{"type":"Feature","geometry":{"type":"Polygon","coordinates":[[[19.7616,53.1518],[19.7776,53.155],[19.8388,53.1414],[19.8389,53.1632],[19.8254,53.1733],[19.8471,53.1923],[19.882,53.2025],[19.8834,53.2085],[19.9134,53.2115],[19.9164,53.1935],[19.9074,53.177],[19.9281,53.1715],[19.9266,53.1675],[19.9548,53.1602],[19.9581,53.1548],[19.9782,53.1439],[20.0197,53.1531],[20.0256,53.1451],[20.0344,53.1477],[20.0387,53.1592],[20.0523,53.1552],[20.0762,53.1573],[20.0774,53.1654],[20.1042,53.1681],[20.119,53.1622],[20.1271,53.1467],[20.1351,53.1425],[20.1509,53.142],[20.1643,53.1498],[20.1653,53.1558],[20.237,53.1478],[20.2577,53.1412],[20.2754,53.1427],[20.2902,53.1391],[20.3538,53.1471],[20.3608,53.155],[20.3261,53.1606],[20.3701,53.1773],[20.3763,53.1774],[20.3837,53.1895],[20.3998,53.197],[20.4143,53.2117],[20.4111,53.2142],[20.388,53.2379],[20.3538,53.2272],[20.3359,53.2158],[20.3381,53.2342],[20.3297,53.2358],[20.3177,53.2253],[20.2851,53.2303],[20.2744,53.2374],[20.2476,53.2383],[20.2429,53.2544],[20.2471,53.2702],[20.2571,53.2774],[20.249,53.2888],[20.2301,53.3061],[20.2053,53.3131],[20.2092,53.3196],[20.1801,53.3304],[20.1957,53.3523],[20.1898,53.3636],[20.1997,53.376],[20.1949,53.3796],[20.2011,53.3952],[20.1602,53.4103],[20.1346,53.4241],[20.0954,53.4356],[20.0868,53.4253],[20.0966,53.4183],[20.1117,53.4149],[20.092,53.3785],[20.0619,53.3925],[20.043,53.3956],[20.0314,53.3853],[20.0211,53.3891],[20.0265,53.3943],[20.0003,53.4032],[19.989,53.3894],[19.9848,53.4004],[19.993,53.4059],[19.9786,53.4145],[19.9717,53.4256],[19.9773,53.4345],[19.9541,53.4316],[19.948,53.4384],[19.9393,53.435],[19.904,53.436],[19.8983,53.4309],[19.8764,53.4338],[19.8606,53.4292],[19.8511,53.4184],[19.8372,53.4133],[19.8307,53.3955],[19.8476,53.3879],[19.8401,53.3726],[19.849,53.3535],[19.7945,53.3524],[19.7968,53.3349],[19.7847,53.325],[19.7667,53.3176],[19.7569,53.3212],[19.7386,53.3029],[19.7181,53.3021],[19.7122,53.2886],[19.7216,53.2865],[19.7188,53.2793],[19.7254,53.2705],[19.7132,53.2745],[19.7034,53.2669],[19.6833,53.2584],[19.6916,53.2518],[19.6895,53.2339],[19.7001,53.2365],[19.7168,53.2311],[19.7436,53.2282],[19.7522,53.2144],[19.7422,53.2036],[19.7417,53.1888],[19.7508,53.1784],[19.7616,53.1518]]]},"properties":{"code":"2803","name":"powiat działdowski","country":"PL","level":"district","parent":"28","grodzki":false,"type":"powiat"}},
{"type":"Feature","geometry":{"type":"Polygon","coordinates":[[[16.5831,50.6283],[16.5803,50.6354],[16.594,50.6452],[16.6149,50.625],[16.6382,50.6323],[16.6704,50.6465],[16.7024,50.6408],[16.7003,50.6547],[16.7046,50.6619],[16.7264,50.6675],[16.7728,50.6584],[16.7824,50.6667],[16.8003,50.6693],[16.8057,50.6602],[16.8235,50.6704],[16.8379,50.6716],[16.8492,50.6784],[16.8725,50.6805],[16.8799,50.6916],[16.8765,50.701],[16.8813,50.7091],[16.893,50.7197],[16.8887,50.7229],[16.8583,50.7215],[16.8662,50.7357],[16.8783,50.7439],[16.8893,50.7582],[16.8822,50.767],[16.8905,50.7803],[16.8971,50.7784],[16.9034,50.788],[16.8841,50.791],[16.8929,50.7961],[16.8827,50.8089],[16.8884,50.8122],[16.8769,50.822],[16.8763,50.8322],[16.8329,50.8339],[16.8201,50.8279],[16.824,50.82],[16.8038,50.8216],[16.8026,50.8347],[16.7806,50.8356],[16.775,50.8445],[16.7532,50.8438],[16.7427,50.8371],[16.7277,50.8376],[16.7071,50.845],[16.6971,50.8431],[16.6917,50.8348],[16.669,50.8205],[16.6497,50.8227],[16.6353,50.8185],[16.6387,50.8258],[16.6138,50.8184],[16.5856,50.8268],[16.5789,50.8179],[16.5938,50.7989],[16.5804,50.7893],[16.548,50.7772],[16.5579,50.7655],[16.5716,50.7574],[16.5592,50.7527],[16.5634,50.7446],[16.5432,50.7345],[16.5301,50.7314],[16.5197,50.7206],[16.5033,50.7178],[16.4978,50.7112],[16.4889,50.7144],[16.4837,50.7093],[16.4927,50.699],[16.4804,50.6934],[16.4797,50.6811],[16.5021,50.6731],[16.5166,50.6565],[16.5242,50.6568],[16.5429,50.6485],[16.5582,50.6336],[16.5831,50.6283]]]},"properties":{"code":"0202","name":"powiat dzierżoniowski","country":"PL","level":"district","parent":"02","grodzki":false,"type":"powiat"}},
{"type":"Feature","geometry":{"type":"Polygon","coordinates":[[[19.446,54.2577],[19.4386,54.2628],[19.4283,54.2552],[19.4379,54.2426],[19.4348,54.2337],[19.4516,54.2297],[19.4325,54.2161],[19.3875,54.2206],[19.3845,54.2071],[19.3743,54.2067],[19.3795,54.1784],[19.3847,54.1729],[19.3705,54.1636],[19.3591,54.1635],[19.3782,54.1415],[19.3917,54.1435],[19.417,54.1366],[19.4436,54.1366],[19.4877,54.1492],[19.4624,54.1612],[19.4723,54.1664],[19.5079,54.1722],[19.5067,54.1801],[19.4896,54.1842],[19.5051,54.1896],[19.5029,54.2062],[19.4892,54.2089],[19.4748,54.2059],[19.4772,54.222],[19.5089,54.2325],[19.5051,54.2487],[19.486,54.2524],[19.4628,54.2515],[19.4461,54.2577],[19.446,54.2577],[19.4461,54.2577],[19.446,54.2577]]]},"properties":{"code":"2861","name":"powiat Elbląg","country":"PL","level":"district","parent":"28","grodzki":true,"type":"miasto na prawach powiatu"}},
{"type":"Feature","geometry":{"type":"Polygon","coordinates":[[[19.979,54.1338],[19.9142,54.1229],[19.914,54.117],[19.893,54.1191],[19.8981,54.1245],[19.8426,54.1211],[19.8308,54.1069],[19.8157,54.1093],[19.8054,54.104],[19.7871,54.1041],[19.7867,54.1108],[19.7747,54.1157],[19.754,54.1056],[19.7512,54.117],[19.7391,54.1231],[19.7204,54.1246],[19.7475,54.1431],[19.7383,54.1457],[19.7535,54.1499],[19.7635,54.1469],[19.7834,54.1499],[19.8142,54.1631],[19.8129,54.1706],[19.784,54.174],[19.7768,54.21],[19.781,54.2256],[19.7814,54.2457],[19.7683,54.2534],[19.7535,54.2545],[19.7414,54.2649],[19.7041,54.2673],[19.68,54.2648],[19.6745,54.2775],[19.6488,54.2768],[19.6477,54.2879],[19.6356,54.2973],[19.6191,54.302],[19.6369,54.3276],[19.6265,54.3324],[19.6246,54.3403],[19.6357,54.3922],[19.4957,54.3457],[19.415,54.3201],[19.2908,54.2992],[19.2583,54.2817],[19.2534,54.2703],[19.2878,54.2552],[19.3015,54.2443],[19.3047,54.2348],[19.3175,54.2257],[19.3144,54.2183],[19.3247,54.2101],[19.3202,54.1914],[19.2853,54.1865],[19.2611,54.1764],[19.247,54.1672],[19.2576,54.1508],[19.2395,54.1283],[19.2177,54.1161],[19.2316,54.1121],[19.2555,54.0857],[19.2254,54.0771],[19.2207,54.0695],[19.2377,54.0648],[19.2663,54.051],[19.2747,54.053],[19.2822,54.0418],[19.259,54.0357],[19.268,54.0252],[19.279,54.0129],[19.293,54.0248],[19.3201,54.0271],[19.3247,54.0203],[19.3602,54.0045],[19.4107,53.9994],[19.3865,53.9913],[19.3778,53.9849],[19.3659,53.9607],[19.3737,53.9354],[19.4017,53.9343],[19.4005,53.9302],[19.4168,53.9263],[19.4373,53.9319],[19.4587,53.9421],[19.4892,53.9466],[19.5127,53.9474],[19.5362,53.9445],[19.5531,53.9479],[19.5667,53.9434],[19.576,53.9483],[19.5835,53.9544],[19.5999,53.9501],[19.6085,53.9548],[19.6081,53.9635],[19.6334,53.9522],[19.6349,53.9476],[19.6505,53.9518],[19.6804,53.9413],[19.6876,53.9504],[19.698,53.9526],[19.7064,53.9663],[19.7264,53.9639],[19.7402,53.9695],[19.7623,53.9729],[19.7719,53.9641],[19.773,53.9766],[19.7908,53.9847],[19.8091,53.9779],[19.8213,53.9844],[19.7986,53.9919],[19.8069,54.0071],[19.8202,54.0114],[19.8646,54.0167],[19.8746,54.0158],[19.8847,54.0349],[19.9017,54.0372],[19.9314,54.0327],[19.9697,54.0179],[19.9826,54.0197],[19.9783,54.0395],[19.995,54.0388],[20.0036,54.0338],[20.0205,54.033],[20.0307,54.0446],[20.0422,54.0467],[20.0486,54.0719],[20.0582,54.0769],[20.0453,54.0821],[20.048,54.088],[20.0371,54.1076],[20.0247,54.1132],[19.996,54.112],[19.979,54.1338]],[[19.4461,54.2577],[19.4628,54.2515],[19.486,54.2524],[19.5051,54.2487],[19.5089,54.2325],[19.4772,54.222],[19.4748,54.2059],[19.4892,54.2089],[19.5029,54.2062],[19.5051,54.1896],[19.4896,54.1842],[19.5067,54.1801],[19.5079,54.1722],[19.4723,54.1664],[19.4624,54.1612],[19.4877,54.1492],[19.4436,54.1366],[19.417,54.1366],[19.3917,54.1435],[19.3782,54.1415],[19.3591,54.1635],[19.3705,54.1636],[19.3847,54.1729],[19.3795,54.1784],[19.3743,54.2067],[19.3845,54.2071],[19.3875,54.2206],[19.4325,54.2161],[19.4516,54.2297],[19.4348,54.2337],[19.4379,54.2426],[19.4283,54.2552],[19.4386,54.2628],[19.446,54.2577],[19.4461,54.2577],[19.446,54.2577],[19.4461,54.2577]]]},"properties":{"code":"2804","name":"powiat elbląski","country":"PL","level":"district","parent":"28","grodzki":false,"type":"powiat"}},
{"type":"Feature","geometry":{"type":"Polygon","coordinates":[[[22.3056,53.6268],[22.3266,53.6318],[22.3624,53.655],[22.3963,53.6681],[22.4007,53.6671],[22.423,53.6815],[22.4448,53.6723],[22.4406,53.6648],[22.473,53.6631],[22.467,53.6743],[22.4717,53.6782],[22.4654,53.6901],[22.4725,53.699],[22.4916,53.7002],[22.5044,53.6963],[22.5664,53.7214],[22.5847,53.7343],[22.5848,53.7269],[22.597,53.7183],[22.6109,53.7193],[22.6165,53.7325],[22.6261,53.7422],[22.6293,53.7564],[22.6517,53.7502],[22.6695,53.7569],[22.6968,53.7616],[22.7268,53.8039],[22.7267,53.8332],[22.7581,53.8497],[22.779,53.8656],[22.7854,53.8834],[22.7752,53.8968],[22.7828,53.9155],[22.7783,53.9228],[22.7512,53.9432],[22.7237,53.9525],[22.6655,53.9484],[22.6515,53.9387],[22.6372,53.9397],[22.6217,53.9293],[22.6268,53.921],[22.6109,53.9216],[22.5909,53.9095],[22.5947,53.9026],[22.5656,53.8888],[22.5568,53.8966],[22.5431,53.8929],[22.5248,53.8938],[22.5187,53.8986],[22.5081,53.8913],[22.4898,53.8912],[22.4701,53.8977],[22.4665,53.9132],[22.4396,53.9043],[22.4331,53.9103],[22.4331,53.9244],[22.4195,53.9254],[22.4166,53.9378],[22.4365,53.9389],[22.436,53.943],[22.3786,53.9341],[22.3732,53.939],[22.3596,53.9339],[22.3557,53.9385],[22.3311,53.929],[22.3142,53.9448],[22.2979,53.9477],[22.2874,53.9547],[22.2763,53.9406],[22.2569,53.9466],[22.2609,53.9553],[22.235,53.9567],[22.2434,53.9773],[22.206,54.0024],[22.1901,54.0013],[22.1887,54.0067],[22.1724,54],[22.1659,54.0038],[22.1449,53.9963],[22.1307,54.0011],[22.1402,53.9862],[22.1175,53.9821],[22.1057,53.9506],[22.0875,53.9402],[22.0891,53.9249],[22.1131,53.9164],[22.097,53.9031],[22.1207,53.8938],[22.1165,53.888],[22.1275,53.8848],[22.1308,53.8917],[22.1524,53.8921],[22.1543,53.8822],[22.1357,53.8751],[22.1423,53.8653],[22.0786,53.8692],[22.0596,53.8599],[22.0524,53.8518],[22.0392,53.8574],[22.0281,53.8545],[22.0274,53.8443],[22.0445,53.8383],[22.0725,53.845],[22.0605,53.8368],[22.1024,53.8351],[22.1345,53.8151],[22.1176,53.7982],[22.1285,53.7945],[22.1173,53.7911],[22.13,53.7847],[22.1441,53.7881],[22.156,53.7756],[22.1807,53.77],[22.1744,53.763],[22.1912,53.7635],[22.1983,53.7392],[22.215,53.7401],[22.2201,53.7284],[22.222,53.7028],[22.2042,53.7051],[22.195,53.6956],[22.1898,53.7004],[22.1766,53.679],[22.1787,53.6704],[22.204,53.6638],[22.2044,53.6572],[22.2473,53.6487],[22.2582,53.642],[22.2733,53.6399],[22.2786,53.6328],[22.2865,53.6355],[22.3056,53.6268]]]},"properties":{"code":"2805","name":"powiat ełcki","country":"PL","level":"district","parent":"28","grodzki":false,"type":"powiat"}},
{"type":"Feature","geometry":{"type":"Polygon","coordinates":[[[21.8879,51.9908],[21.8823,51.9878],[21.8272,51.9956],[21.8181,51.9789],[21.7958,51.9736],[21.7682,51.975],[21.7709,51.9798],[21.7518,51.9906],[21.7456,51.9894],[21.7078,51.9981],[21.7034,52.0097],[21.6762,52.0146],[21.6669,52.0227],[21.6483,52.0278],[21.6452,52.0083],[21.6496,52.0046],[21.6332,52.003],[21.6313,52.0175],[21.6146,52.0168],[21.6072,52.021],[21.5996,52.035],[21.582,52.0411],[21.5777,52.0332],[21.5634,52.0257],[21.5314,52.0216],[21.5291,52.0109],[21.5195,52.0066],[21.5207,51.9983],[21.5086,51.9957],[21.5137,51.9836],[21.4785,51.9824],[21.469,51.9788],[21.4755,51.9629],[21.4869,51.9546],[21.4814,51.9477],[21.4629,51.9472],[21.4612,51.9378],[21.444,51.9355],[21.4468,51.9309],[21.465,51.9257],[21.4779,51.9266],[21.4736,51.9183],[21.4827,51.9119],[21.4933,51.913],[21.4914,51.9019],[21.4706,51.9107],[21.4491,51.9122],[21.4201,51.9043],[21.4087,51.894],[21.4003,51.9007],[21.3376,51.8951],[21.3158,51.907],[21.3102,51.8979],[21.2948,51.8895],[21.3106,51.8814],[21.2905,51.8697],[21.2758,51.8768],[21.2864,51.8617],[21.2916,51.8539],[21.3105,51.8427],[21.3823,51.8221],[21.4132,51.8037],[21.4351,51.7838],[21.4328,51.7701],[21.4126,51.7538],[21.4103,51.745],[21.4285,51.7289],[21.4454,51.7208],[21.4451,51.7043],[21.4636,51.6873],[21.4728,51.6648],[21.4837,51.6616],[21.5024,51.6655],[21.5432,51.6642],[21.5507,51.6596],[21.5597,51.6435],[21.5861,51.6246],[21.6155,51.6176],[21.6235,51.6231],[21.6401,51.6259],[21.6405,51.6443],[21.6362,51.6543],[21.6483,51.6599],[21.7138,51.6351],[21.7221,51.6374],[21.7267,51.6181],[21.7492,51.612],[21.76,51.6404],[21.7844,51.644],[21.7916,51.6507],[21.8027,51.6469],[21.8308,51.6483],[21.8387,51.6522],[21.845,51.6732],[21.8518,51.669],[21.8558,51.6772],[21.8778,51.6766],[21.8825,51.694],[21.8941,51.6974],[21.901,51.7071],[21.8768,51.7117],[21.8699,51.7208],[21.8737,51.7287],[21.8478,51.7369],[21.8481,51.7426],[21.8357,51.7438],[21.8444,51.7584],[21.8577,51.7595],[21.8666,51.7687],[21.8973,51.7688],[21.9003,51.7776],[21.9274,51.7789],[21.9352,51.7854],[21.9564,51.7938],[21.9507,51.8094],[21.9458,51.8088],[21.9422,51.826],[21.9174,51.8396],[21.8946,51.8328],[21.8704,51.8353],[21.871,51.8297],[21.856,51.8338],[21.8571,51.8396],[21.8453,51.8412],[21.8448,51.8495],[21.8904,51.8571],[21.8859,51.8604],[21.9001,51.8757],[21.8972,51.8832],[21.9121,51.8865],[21.9027,51.8968],[21.908,51.903],[21.8856,51.9119],[21.89,51.9284],[21.8664,51.9434],[21.8695,51.9536],[21.8768,51.9543],[21.8803,51.971],[21.8892,51.9732],[21.8879,51.9908]]]},"properties":{"code":"1403","name":"powiat garwoliński","country":"PL","level":"district","parent":"14","grodzki":false,"type":"powiat"}},
{"type":"Feature","geometry":{"type":"Polygon","coordinates":[[[18.9407,54.2802],[18.9336,54.3097],[18.9419,54.3394],[18.9502,54.3587],[19.071,54.505],[18.9101,54.5829],[18.7349,54.4664],[18.6162,54.4664],[18.6165,54.4376],[18.5834,54.4257],[18.5593,54.423],[18.5075,54.4228],[18.4912,54.4299],[18.4853,54.4377],[18.4788,54.4317],[18.4538,54.4472],[18.451,54.4433],[18.4389,54.4386],[18.4568,54.4364],[18.4429,54.4185],[18.442,54.4082],[18.4655,54.4077],[18.4655,54.4009],[18.4305,54.3835],[18.446,54.3776],[18.4412,54.3574],[18.4637,54.3537],[18.4685,54.3467],[18.4569,54.3323],[18.4782,54.3266],[18.488,54.317],[18.4947,54.33],[18.5055,54.3357],[18.5341,54.3356],[18.535,54.3172],[18.5658,54.3172],[18.5753,54.3032],[18.5918,54.3059],[18.6116,54.2917],[18.6029,54.2855],[18.6048,54.2785],[18.6383,54.2756],[18.6393,54.291],[18.6899,54.3015],[18.6873,54.3131],[18.7054,54.3128],[18.7279,54.3415],[18.7443,54.3412],[18.7641,54.3333],[18.7929,54.3465],[18.8153,54.3446],[18.8331,54.3374],[18.8394,54.3287],[18.8777,54.3106],[18.8944,54.3144],[18.9089,54.3131],[18.9207,54.2987],[18.9224,54.2883],[18.9407,54.2802]]]},"properties":{"code":"2261","name":"powiat Gdańsk","country":"PL","level":"district","parent":"22","grodzki":true,"type":"miasto na prawach powiatu"}},
{"type":"Feature","geometry":{"type":"Polygon","coordinates":[[[18.9407,54.2802],[18.9224,54.2883],[18.9207,54.2987],[18.9089,54.3131],[18.8944,54.3144],[18.8777,54.3106],[18.8394,54.3287],[18.8331,54.3374],[18.8153,54.3446],[18.7929,54.3465],[18.7641,54.3333],[18.7443,54.3412],[18.7279,54.3415],[18.7054,54.3128],[18.6873,54.3131],[18.6899,54.3015],[18.6393,54.291],[18.6383,54.2756],[18.6048,54.2785],[18.6029,54.2855],[18.6116,54.2917],[18.5918,54.3059],[18.5753,54.3032],[18.5658,54.3172],[18.535,54.3172],[18.5341,54.3356],[18.5055,54.3357],[18.4947,54.33],[18.488,54.317],[18.4858,54.3046],[18.46,54.3076],[18.4505,54.3117],[18.4563,54.3006],[18.4341,54.2875],[18.4329,54.2791],[18.3945,54.2785],[18.374,54.2732],[18.358,54.2616],[18.3279,54.2655],[18.3054,54.2491],[18.2897,54.2424],[18.2687,54.2405],[18.2545,54.2333],[18.2442,54.2164],[18.2285,54.207],[18.2262,54.1995],[18.2151,54.196],[18.2228,54.188],[18.2301,54.1821],[18.2347,54.1674],[18.2628,54.1613],[18.2781,54.1502],[18.3088,54.1484],[18.3272,54.1411],[18.3525,54.1393],[18.3567,54.1432],[18.3912,54.1212],[18.4208,54.1203],[18.4483,54.1227],[18.4818,54.1193],[18.5066,54.1206],[18.5333,54.1264],[18.5319,54.1086],[18.5478,54.1106],[18.5833,54.1036],[18.5907,54.1059],[18.5957,54.1201],[18.6237,54.1257],[18.6289,54.1423],[18.6429,54.14],[18.6544,54.133],[18.6608,54.1401],[18.6737,54.1386],[18.6851,54.1514],[18.6979,54.1463],[18.7388,54.1517],[18.8061,54.1541],[18.8123,54.1427],[18.8282,54.1416],[18.8366,54.1555],[18.8649,54.1876],[18.9004,54.1992],[18.9128,54.2057],[18.9289,54.2208],[18.9441,54.2395],[18.9481,54.2625],[18.9407,54.2802]]]},"properties":{"code":"2204","name":"powiat gdański","country":"PL","level":"district","parent":"22","grodzki":false,"type":"powiat"}},
{"type":"Feature","geometry":{"type":"Polygon","coordinates":[[[18.5075,54.4228],[18.5045,54.445],[18.525,54.4575],[18.5587,54.4637],[18.6162,54.4664],[18.7349,54.4664],[18.9101,54.5829],[18.8672,54.6035],[18.8118,54.5669],[18.6277,54.6242],[18.5419,54.5845],[18.5334,54.5818],[18.5351,54.5708],[18.5137,54.5632],[18.4824,54.5644],[18.4618,54.5574],[18.431,54.5665],[18.4278,54.559],[18.4144,54.5568],[18.3896,54.5423],[18.4026,54.5292],[18.3846,54.5222],[18.3797,54.5128],[18.358,54.4932],[18.3666,54.4897],[18.3773,54.4942],[18.3921,54.4931],[18.4078,54.4762],[18.4185,54.4796],[18.4188,54.4701],[18.438,54.4631],[18.4392,54.4525],[18.451,54.4433],[18.4538,54.4472],[18.4788,54.4317],[18.4853,54.4377],[18.4912,54.4299],[18.5075,54.4228]]]},"properties":{"code":"2262","name":"powiat Gdynia","country":"PL","level":"district","parent":"22","grodzki":true,"type":"miasto na prawach powiatu"}},
{"type":"Feature","geometry":{"type":"Polygon","coordinates":[[[22.0596,53.8599],[22.0786,53.8692],[22.1423,53.8653],[22.1357,53.8751],[22.1543,53.8822],[22.1524,53.8921],[22.1308,53.8917],[22.1275,53.8848],[22.1165,53.888],[22.1207,53.8938],[22.097,53.9031],[22.1131,53.9164],[22.0891,53.9249],[22.0875,53.9402],[22.1057,53.9506],[22.1175,53.9821],[22.1402,53.9862],[22.1307,54.0011],[22.1449,53.9963],[22.1659,54.0038],[22.1503,54.0209],[22.1562,54.0256],[22.1514,54.0349],[22.1736,54.0391],[22.1877,54.0379],[22.1949,54.0493],[22.2095,54.0486],[22.214,54.0537],[22.2014,54.0602],[22.1829,54.0847],[22.1809,54.0915],[22.1598,54.101],[22.1272,54.1202],[22.1102,54.1335],[22.1366,54.1397],[22.1575,54.1788],[22.1462,54.1816],[22.1194,54.1744],[22.088,54.1765],[22.0636,54.1703],[22.0523,54.179],[22.0227,54.1725],[22.0202,54.1531],[22.0251,54.1391],[21.9777,54.1336],[21.9569,54.1329],[21.9376,54.1287],[21.9291,54.1139],[21.9153,54.1084],[21.8997,54.0923],[21.8874,54.0872],[21.8383,54.0998],[21.825,54.1006],[21.8167,54.0918],[21.7744,54.092],[21.7685,54.1004],[21.746,54.0963],[21.7365,54.1013],[21.7227,54.0971],[21.7058,54.101],[21.6722,54.1025],[21.6497,54.114],[21.6261,54.117],[21.6005,54.1127],[21.5837,54.1007],[21.5651,54.0983],[21.5734,54.0876],[21.5622,54.0808],[21.5619,54.0662],[21.5407,54.0575],[21.5497,54.0416],[21.5414,54.0172],[21.5504,54.0189],[21.5515,53.9973],[21.5372,53.9852],[21.514,53.9866],[21.4888,53.9782],[21.481,53.9663],[21.4586,53.9599],[21.4315,53.9469],[21.4379,53.9293],[21.4484,53.9295],[21.4606,53.9208],[21.4598,53.9134],[21.478,53.9092],[21.4831,53.8866],[21.5262,53.8546],[21.5443,53.8658],[21.5626,53.8709],[21.5844,53.8704],[21.6036,53.8651],[21.6147,53.8797],[21.6409,53.8837],[21.6538,53.8769],[21.6734,53.8808],[21.6816,53.8903],[21.6946,53.8933],[21.7102,53.8902],[21.7249,53.8952],[21.7438,53.8919],[21.7626,53.8903],[21.7784,53.8839],[21.7969,53.8839],[21.8009,53.8908],[21.8366,53.8858],[21.8506,53.8801],[21.863,53.8836],[21.866,53.8955],[21.8758,53.8998],[21.8773,53.8865],[21.8984,53.8928],[21.9236,53.8794],[21.9495,53.8588],[21.9643,53.8605],[21.986,53.8708],[22.0015,53.8659],[22.0085,53.8789],[22.0241,53.8781],[22.0418,53.865],[22.0442,53.859],[22.0596,53.8599]]]},"properties":{"code":"2806","name":"powiat giżycki","country":"PL","level":"district","parent":"28","grodzki":false,"type":"powiat"}},
{"type":"Feature","geometry":{"type":"Polygon","coordinates":[[[18.6581,50.3739],[18.6496,50.3751],[18.6285,50.3696],[18.6134,50.3691],[18.6033,50.3538],[18.5841,50.3433],[18.5993,50.3378],[18.5982,50.3272],[18.5616,50.3442],[18.5449,50.3381],[18.5607,50.3261],[18.5511,50.3219],[18.5973,50.3094],[18.5916,50.2968],[18.5724,50.295],[18.5713,50.2779],[18.565,50.2587],[18.5744,50.2562],[18.5797,50.2619],[18.5979,50.2591],[18.6099,50.2645],[18.642,50.2622],[18.6413,50.2476],[18.6309,50.2382],[18.6588,50.2405],[18.6663,50.2329],[18.685,50.2347],[18.6851,50.2272],[18.7041,50.2278],[18.7062,50.236],[18.7203,50.2354],[18.7253,50.2724],[18.7358,50.2708],[18.756,50.2756],[18.7449,50.282],[18.7507,50.2945],[18.7338,50.2959],[18.7315,50.3151],[18.7386,50.3205],[18.7319,50.3315],[18.7135,50.3281],[18.6802,50.3395],[18.6648,50.3526],[18.6475,50.3498],[18.6448,50.3544],[18.6631,50.36],[18.6581,50.3739]]]},"properties":{"code":"2466","name":"powiat Gliwice","country":"PL","level":"district","parent":"24","grodzki":true,"type":"miasto na prawach powiatu"}},
{"type":"Feature","geometry":{"type":"Polygon","coordinates":[[[18.7358,50.2708],[18.7253,50.2724],[18.7203,50.2354],[18.7062,50.236],[18.7041,50.2278],[18.6851,50.2272],[18.685,50.2347],[18.6663,50.2329],[18.6588,50.2405],[18.6309,50.2382],[18.6413,50.2476],[18.642,50.2622],[18.6099,50.2645],[18.5979,50.2591],[18.5797,50.2619],[18.5744,50.2562],[18.565,50.2587],[18.5713,50.2779],[18.5724,50.295],[18.5916,50.2968],[18.5973,50.3094],[18.5511,50.3219],[18.5607,50.3261],[18.5449,50.3381],[18.5616,50.3442],[18.5982,50.3272],[18.5993,50.3378],[18.5841,50.3433],[18.6033,50.3538],[18.6134,50.3691],[18.6285,50.3696],[18.6496,50.3751],[18.6581,50.3739],[18.656,50.4078],[18.6506,50.4124],[18.6505,50.4125],[18.6506,50.4124],[18.6505,50.4125],[18.6461,50.4195],[18.6339,50.4221],[18.6313,50.4312],[18.6152,50.4365],[18.6282,50.4589],[18.6493,50.4633],[18.6533,50.4711],[18.6228,50.4774],[18.6293,50.4916],[18.6433,50.49],[18.6526,50.4991],[18.6377,50.5246],[18.6498,50.5262],[18.6651,50.534],[18.6491,50.5456],[18.6355,50.5488],[18.6156,50.5436],[18.6236,50.5511],[18.6074,50.5499],[18.5799,50.5456],[18.5727,50.5481],[18.559,50.5401],[18.5338,50.5427],[18.506,50.5492],[18.4779,50.5527],[18.4356,50.5447],[18.4299,50.5316],[18.4382,50.5272],[18.4479,50.4994],[18.4665,50.4995],[18.4672,50.4887],[18.475,50.4731],[18.486,50.4699],[18.4813,50.4583],[18.452,50.4626],[18.4526,50.4769],[18.44,50.4807],[18.4097,50.4746],[18.3838,50.4836],[18.3796,50.4788],[18.3838,50.4612],[18.3817,50.4491],[18.3875,50.4452],[18.3872,50.4323],[18.3669,50.4268],[18.3698,50.4158],[18.3699,50.4158],[18.3698,50.4158],[18.3699,50.4158],[18.3781,50.4135],[18.3936,50.3915],[18.3906,50.3854],[18.3768,50.3803],[18.3874,50.3701],[18.3725,50.3716],[18.3728,50.3611],[18.3577,50.3566],[18.3733,50.3463],[18.3868,50.3424],[18.4001,50.3313],[18.3981,50.3232],[18.409,50.3172],[18.3921,50.3134],[18.3932,50.3054],[18.4076,50.2899],[18.3939,50.2754],[18.4061,50.2771],[18.427,50.2687],[18.4202,50.2615],[18.4258,50.249],[18.4462,50.2478],[18.4567,50.2402],[18.4576,50.2263],[18.4669,50.2246],[18.4595,50.2103],[18.4769,50.2091],[18.4764,50.201],[18.5033,50.1901],[18.4946,50.1799],[18.5111,50.1746],[18.516,50.1792],[18.5387,50.1809],[18.545,50.1857],[18.558,50.181],[18.5874,50.1727],[18.6114,50.1782],[18.6285,50.1731],[18.6423,50.1849],[18.6615,50.1819],[18.6723,50.175],[18.6946,50.1752],[18.7017,50.1826],[18.7134,50.1837],[18.7068,50.1897],[18.7082,50.2019],[18.7198,50.2001],[18.7275,50.2062],[18.7506,50.2049],[18.7756,50.1934],[18.795,50.204],[18.7908,50.2147],[18.8019,50.2274],[18.7945,50.2386],[18.7945,50.2387],[18.7945,50.2386],[18.7945,50.2387],[18.7968,50.2463],[18.7923,50.2468],[18.7912,50.2468],[18.7911,50.2468],[18.7912,50.2468],[18.7911,50.2468],[18.7822,50.2458],[18.7601,50.2529],[18.7505,50.264],[18.7358,50.2708]]]},"properties":{"code":"2405","name":"powiat gliwicki","country":"PL","level":"district","parent":"24","grodzki":false,"type":"powiat"}},
{"type":"Feature","geometry":{"type":"Polygon","coordinates":[[[15.8497,51.6652],[15.8625,51.6707],[15.9125,51.6717],[15.9225,51.6676],[15.9208,51.6606],[15.9331,51.6631],[15.9364,51.6493],[15.9487,51.6477],[15.9405,51.6408],[15.9625,51.6385],[15.9708,51.6258],[15.9692,51.6183],[15.9578,51.6138],[15.9724,51.6096],[15.9989,51.6156],[16.0099,51.613],[16.0179,51.6032],[16.0009,51.5868],[15.9851,51.5613],[15.9732,51.5568],[15.9626,51.5459],[15.9819,51.5473],[16.0026,51.5379],[16.0206,51.5561],[16.0332,51.5598],[16.0697,51.5562],[16.0756,51.563],[16.0947,51.5608],[16.0845,51.5743],[16.0875,51.5835],[16.0985,51.5908],[16.096,51.6002],[16.0818,51.6018],[16.0858,51.6105],[16.0994,51.6146],[16.1172,51.6089],[16.1431,51.6117],[16.1421,51.6169],[16.1706,51.6174],[16.1789,51.6115],[16.1953,51.6184],[16.1876,51.6263],[16.2159,51.6334],[16.2384,51.6168],[16.2606,51.6162],[16.2825,51.6106],[16.3037,51.613],[16.3277,51.5984],[16.3485,51.5958],[16.3554,51.6092],[16.3344,51.617],[16.3294,51.6313],[16.3321,51.6438],[16.3136,51.6438],[16.3052,51.6602],[16.2872,51.6647],[16.2701,51.6635],[16.2653,51.6731],[16.2517,51.6862],[16.2345,51.6898],[16.2176,51.7146],[16.1858,51.7161],[16.1723,51.7092],[16.16,51.7118],[16.1778,51.764],[16.1651,51.7598],[16.1332,51.7591],[16.134,51.7652],[16.1163,51.7636],[16.0779,51.7744],[16.0699,51.7826],[16.0538,51.7817],[16.034,51.785],[16.035,51.7953],[16.029,51.8024],[16.0039,51.8005],[15.9948,51.8048],[15.9792,51.8023],[15.9685,51.7949],[15.9683,51.788],[15.9823,51.7785],[16.0034,51.7783],[16.0063,51.7732],[15.989,51.7692],[15.98,51.7736],[15.9687,51.7684],[15.9766,51.7481],[15.9611,51.7435],[15.9632,51.7337],[15.9298,51.7376],[15.9265,51.7296],[15.9124,51.7255],[15.8925,51.7295],[15.8853,51.7213],[15.8718,51.7207],[15.8652,51.707],[15.8656,51.6926],[15.8425,51.6816],[15.8448,51.6754],[15.8343,51.6722],[15.8497,51.6652]]]},"properties":{"code":"0203","name":"powiat głogowski","country":"PL","level":"district","parent":"02","grodzki":false,"type":"powiat"}},
{"type":"Feature","geometry":{"type":"Polygon","coordinates":[[[17.9191,50.2651],[17.9098,50.2757],[17.8813,50.2864],[17.8618,50.2777],[17.8274,50.2817],[17.8366,50.2893],[17.8202,50.3085],[17.8175,50.3193],[17.792,50.316],[17.7968,50.3081],[17.7806,50.3074],[17.7693,50.3013],[17.752,50.2995],[17.7514,50.2995],[17.752,50.2995],[17.7346,50.2776],[17.7272,50.274],[17.725,50.2567],[17.765,50.2364],[17.7566,50.2214],[17.7585,50.2066],[17.7346,50.2025],[17.7174,50.2057],[17.7057,50.1862],[17.6799,50.1827],[17.6686,50.1786],[17.6468,50.1766],[17.6282,50.1717],[17.6282,50.1716],[17.6282,50.1717],[17.6282,50.1716],[17.6012,50.1696],[17.5929,50.1597],[17.6108,50.1401],[17.6391,50.1314],[17.6503,50.1108],[17.6766,50.103],[17.6833,50.1173],[17.7051,50.1144],[17.7309,50.0972],[17.7292,50.0884],[17.7499,50.0774],[17.7585,50.0665],[17.761,50.0546],[17.7721,50.0463],[17.7704,50.0358],[17.7772,50.0204],[17.795,50.0176],[17.8042,50.0124],[17.8277,50.0113],[17.8369,50.0036],[17.8264,49.994],[17.8365,49.9924],[17.8686,49.9725],[17.8852,49.9793],[17.9092,49.9765],[17.9228,49.9787],[17.954,50.0051],[17.9731,50.0086],[17.9842,50.0055],[17.9916,50.0147],[18.0046,50.0184],[18.0066,50.0114],[18.0354,50.011],[18.046,50.0082],[18.0429,50.022],[18.049,50.0275],[18.0434,50.0367],[18.0247,50.0388],[18.0178,50.0314],[18.0043,50.0378],[18.0052,50.0535],[18.0345,50.0659],[18.0571,50.087],[18.0601,50.0979],[18.072,50.109],[18.0608,50.116],[18.0682,50.1297],[18.0502,50.1381],[18.066,50.157],[18.0564,50.1606],[18.0641,50.1678],[18.0598,50.1747],[18.0523,50.1799],[18.0356,50.1709],[17.9992,50.1841],[17.972,50.1857],[17.9786,50.2049],[17.9598,50.2187],[17.927,50.2113],[17.9184,50.2273],[17.9252,50.235],[17.9229,50.2587],[17.9191,50.2651]]]},"properties":{"code":"1602","name":"powiat głubczycki","country":"PL","level":"district","parent":"16","grodzki":false,"type":"powiat"}},
{"type":"Feature","geometry":{"type":"Polygon","coordinates":[[[17.7867,52.6515],[17.7803,52.6486],[17.7771,52.6363],[17.7665,52.6385],[17.7605,52.6495],[17.7653,52.6556],[17.7381,52.6508],[17.7161,52.6397],[17.7238,52.6331],[17.7445,52.6425],[17.7491,52.6325],[17.7212,52.6197],[17.7061,52.6086],[17.6981,52.612],[17.6901,52.6023],[17.6781,52.6024],[17.6772,52.6182],[17.6824,52.6238],[17.6754,52.6402],[17.6775,52.6486],[17.6468,52.6448],[17.6303,52.655],[17.6387,52.6634],[17.6314,52.6791],[17.6477,52.6903],[17.6404,52.6923],[17.6277,52.7082],[17.6145,52.703],[17.5813,52.7046],[17.573,52.6921],[17.5574,52.6882],[17.5439,52.6896],[17.5237,52.6784],[17.5244,52.6726],[17.5061,52.6733],[17.5008,52.6847],[17.4673,52.6805],[17.4779,52.7068],[17.4953,52.704],[17.5003,52.7111],[17.4801,52.7114],[17.4877,52.7295],[17.4585,52.7389],[17.4556,52.7289],[17.4357,52.7246],[17.4283,52.7076],[17.4384,52.6999],[17.4363,52.6892],[17.4163,52.6905],[17.395,52.6857],[17.3959,52.6742],[17.3788,52.6709],[17.3681,52.6828],[17.3355,52.6827],[17.343,52.6786],[17.3332,52.6497],[17.3362,52.6445],[17.3168,52.646],[17.3001,52.6421],[17.2739,52.6313],[17.2657,52.6349],[17.2587,52.6226],[17.2362,52.6095],[17.2258,52.5998],[17.2278,52.5913],[17.2131,52.5837],[17.1853,52.5764],[17.1567,52.5815],[17.1514,52.574],[17.1604,52.5594],[17.1832,52.5664],[17.1863,52.553],[17.2189,52.5416],[17.2351,52.5426],[17.2492,52.5504],[17.2623,52.5501],[17.2794,52.5376],[17.3023,52.5406],[17.304,52.5463],[17.3323,52.5361],[17.3506,52.5344],[17.3563,52.5255],[17.3216,52.5047],[17.3604,52.4934],[17.355,52.4852],[17.343,52.4851],[17.3384,52.4787],[17.3468,52.4687],[17.3599,52.4637],[17.3703,52.4665],[17.3769,52.4515],[17.3977,52.4402],[17.3876,52.419],[17.3818,52.4188],[17.3922,52.4124],[17.418,52.4084],[17.4409,52.4011],[17.4533,52.3824],[17.4793,52.3791],[17.4876,52.3826],[17.4754,52.3946],[17.4773,52.4108],[17.4981,52.4132],[17.5335,52.41],[17.528,52.3997],[17.5459,52.3989],[17.5496,52.4097],[17.573,52.3998],[17.5943,52.3971],[17.5969,52.3925],[17.623,52.3876],[17.6321,52.391],[17.6615,52.3861],[17.6713,52.3897],[17.6729,52.3807],[17.6856,52.3779],[17.6941,52.3832],[17.7006,52.3755],[17.7397,52.3767],[17.7751,52.3683],[17.7933,52.3786],[17.8014,52.3766],[17.8418,52.3828],[17.853,52.3879],[17.8513,52.4055],[17.8601,52.4133],[17.8558,52.4195],[17.8635,52.4273],[17.8803,52.4303],[17.9088,52.4444],[17.9113,52.4555],[17.9202,52.46],[17.9225,52.4711],[17.9118,52.4773],[17.9061,52.5008],[17.9107,52.5167],[17.9315,52.5234],[17.9417,52.5234],[17.9596,52.5367],[17.9667,52.5366],[17.9872,52.5534],[17.9901,52.5712],[17.9763,52.5677],[17.9702,52.5755],[17.9461,52.5688],[17.9464,52.5782],[17.9287,52.5838],[17.9327,52.5713],[17.9164,52.5756],[17.9179,52.5805],[17.9015,52.5856],[17.9103,52.601],[17.9089,52.6081],[17.8765,52.6286],[17.8773,52.6328],[17.847,52.6281],[17.8255,52.6345],[17.827,52.6426],[17.7867,52.6515]]]},"properties":{"code":"3003","name":"powiat gnieźnieński","country":"PL","level":"district","parent":"30","grodzki":false,"type":"powiat"}},
{"type":"Feature","geometry":{"type":"Polygon","coordinates":[[[14.778,53.403],[14.7776,53.4257],[14.8263,53.4287],[14.8583,53.4351],[14.8933,53.4393],[14.8798,53.4431],[14.8761,53.4522],[14.8929,53.4585],[14.8976,53.4491],[14.9161,53.4438],[14.9361,53.453],[14.9613,53.4585],[15.007,53.4598],[15.0144,53.4549],[15.0402,53.4601],[15.0398,53.464],[15.0603,53.4702],[15.0694,53.4595],[15.0945,53.4655],[15.0933,53.468],[15.1208,53.4804],[15.1286,53.4692],[15.1508,53.469],[15.175,53.4778],[15.1753,53.4903],[15.2105,53.4895],[15.2267,53.5003],[15.2122,53.5098],[15.2365,53.5314],[15.2248,53.5318],[15.2196,53.5449],[15.1951,53.5464],[15.1911,53.5508],[15.1541,53.5535],[15.1445,53.564],[15.148,53.5695],[15.164,53.5706],[15.1672,53.5848],[15.1756,53.5975],[15.1817,53.59],[15.2128,53.5966],[15.2096,53.6263],[15.2409,53.6216],[15.2495,53.6116],[15.2651,53.6178],[15.2731,53.6277],[15.3112,53.6221],[15.3271,53.6277],[15.3077,53.6328],[15.313,53.638],[15.2995,53.6455],[15.3019,53.6604],[15.2751,53.6601],[15.2797,53.6728],[15.2599,53.6801],[15.2615,53.6962],[15.248,53.7093],[15.2267,53.7123],[15.2311,53.7206],[15.2226,53.7268],[15.2065,53.7389],[15.1906,53.7429],[15.1915,53.7516],[15.1697,53.7576],[15.1625,53.7713],[15.1467,53.7863],[15.0984,53.7876],[15.0832,53.7939],[15.0725,53.7851],[15.0671,53.7879],[15.043,53.7833],[15.0198,53.7833],[15.0109,53.7865],[14.9816,53.7721],[14.9633,53.7678],[14.9635,53.7736],[14.9513,53.7755],[14.9377,53.7899],[14.914,53.8092],[14.9015,53.805],[14.8953,53.8139],[14.879,53.8103],[14.8649,53.8177],[14.8592,53.8049],[14.8399,53.7944],[14.8224,53.7938],[14.8108,53.8091],[14.794,53.8114],[14.7618,53.8033],[14.7536,53.8043],[14.748,53.8159],[14.737,53.8169],[14.7257,53.7994],[14.7236,53.786],[14.6963,53.7823],[14.6967,53.7756],[14.658,53.7676],[14.6405,53.7756],[14.6165,53.771],[14.5972,53.7967],[14.5787,53.7872],[14.5185,53.7779],[14.4409,53.7726],[14.3814,53.7686],[14.498,53.7035],[14.523,53.6743],[14.5328,53.6702],[14.5606,53.6502],[14.5738,53.6318],[14.5872,53.6034],[14.5984,53.5997],[14.5976,53.575],[14.6015,53.5591],[14.6329,53.5443],[14.6353,53.5339],[14.6426,53.5253],[14.6586,53.536],[14.6758,53.5366],[14.6828,53.531],[14.6798,53.5129],[14.691,53.5118],[14.702,53.5044],[14.6946,53.4924],[14.6963,53.4685],[14.7062,53.4683],[14.712,53.4496],[14.7004,53.435],[14.7087,53.4265],[14.7361,53.4349],[14.7458,53.444],[14.762,53.4412],[14.747,53.4317],[14.7526,53.4258],[14.7169,53.4127],[14.7268,53.4047],[14.7664,53.407],[14.778,53.403]]]},"properties":{"code":"3204","name":"powiat goleniowski","country":"PL","level":"district","parent":"32","grodzki":false,"type":"powiat"}},
{"type":"Feature","geometry":{"type":"Polygon","coordinates":[[[19.2535,53.1998],[19.2261,53.2183],[19.2245,53.2273],[19.2134,53.2237],[19.2092,53.2306],[19.1693,53.2377],[19.1652,53.2276],[19.1421,53.2275],[19.1326,53.2112],[19.1181,53.215],[19.1013,53.2052],[19.1071,53.1998],[19.0962,53.1927],[19.1069,53.1891],[19.0862,53.1848],[19.075,53.188],[19.0675,53.1794],[19.0483,53.1728],[19.0151,53.1726],[19.016,53.1787],[18.9993,53.1852],[19.0125,53.2027],[18.9882,53.2107],[18.9665,53.1882],[18.9391,53.1852],[18.9359,53.1898],[18.9133,53.1835],[18.8988,53.1837],[18.8895,53.1971],[18.8751,53.1848],[18.8457,53.1868],[18.8111,53.1838],[18.7618,53.2011],[18.7522,53.1853],[18.7442,53.18],[18.7611,53.1662],[18.7523,53.1554],[18.7333,53.1578],[18.7278,53.1525],[18.7631,53.1476],[18.7727,53.1385],[18.7809,53.1402],[18.8023,53.129],[18.8148,53.1048],[18.8186,53.0896],[18.8112,53.0854],[18.8254,53.0802],[18.8269,53.071],[18.8647,53.0673],[18.8605,53.0608],[18.8649,53.0448],[18.9025,53.0311],[18.9087,53.0244],[18.9227,53.0257],[18.9515,53.015],[18.947,53.0021],[18.9346,52.9932],[18.9566,52.9878],[18.9581,52.9738],[18.9798,52.9772],[18.9826,52.9871],[19.0104,52.9868],[19.0151,52.9932],[19.0251,52.9903],[19.0219,53.0022],[19.04,53.0052],[19.0506,52.9916],[19.0632,52.9891],[19.0748,52.9931],[19.0943,52.9795],[19.0942,52.969],[19.1218,52.9672],[19.1276,52.9615],[19.1474,52.9615],[19.1562,52.9768],[19.1729,52.9737],[19.1764,52.9665],[19.1848,52.9709],[19.1779,52.9894],[19.2055,52.9927],[19.2151,52.9996],[19.239,53.0015],[19.2386,53.0048],[19.2053,53.0094],[19.2016,53.02],[19.2091,53.0225],[19.18,53.0329],[19.1826,53.0498],[19.2003,53.05],[19.2048,53.0569],[19.2232,53.0618],[19.2165,53.0692],[19.2354,53.082],[19.2274,53.094],[19.2568,53.1048],[19.2258,53.1211],[19.2399,53.1295],[19.2279,53.1337],[19.206,53.1293],[19.1869,53.152],[19.1941,53.1597],[19.2086,53.1618],[19.2008,53.168],[19.2103,53.1707],[19.2373,53.1905],[19.252,53.1903],[19.2535,53.1998]]]},"properties":{"code":"0405","name":"powiat golubsko-dobrzyński","country":"PL","level":"district","parent":"04","grodzki":false,"type":"powiat"}},
{"type":"Feature","geometry":{"type":"Polygon","coordinates":[[[22.4815,54.2024],[22.4974,54.2105],[22.4939,54.2145],[22.5101,54.2202],[22.5271,54.2309],[22.5319,54.2489],[22.5527,54.2514],[22.559,54.2474],[22.5688,54.2584],[22.5794,54.2583],[22.5796,54.2652],[22.6107,54.2599],[22.6244,54.2687],[22.6447,54.2878],[22.6929,54.2754],[22.7293,54.2849],[22.7457,54.2912],[22.7513,54.2982],[22.768,54.2894],[22.79,54.2999],[22.784,54.3058],[22.7928,54.3256],[22.7765,54.328],[22.7818,54.3334],[22.803,54.341],[22.8061,54.3495],[22.792,54.3633],[22.6806,54.3602],[22.6416,54.3538],[22.6165,54.3557],[22.5713,54.3539],[22.5281,54.3492],[22.4218,54.3485],[22.3825,54.3447],[22.2601,54.3406],[22.2257,54.3438],[22.1882,54.3389],[22.1528,54.3366],[22.0973,54.3374],[22.0613,54.3356],[21.995,54.3356],[21.9697,54.3327],[21.9383,54.3333],[21.9519,54.316],[21.9675,54.3109],[21.963,54.3062],[21.9621,54.2845],[21.9845,54.2602],[21.9681,54.2437],[21.9598,54.2417],[21.9756,54.2337],[21.9688,54.2289],[21.9942,54.1957],[21.9975,54.1778],[22.0227,54.1725],[22.0523,54.179],[22.0636,54.1703],[22.088,54.1765],[22.1194,54.1744],[22.1462,54.1816],[22.1439,54.1897],[22.1726,54.1977],[22.2102,54.1809],[22.228,54.186],[22.2407,54.175],[22.2553,54.1731],[22.248,54.166],[22.2566,54.1576],[22.2629,54.1678],[22.297,54.1922],[22.3328,54.1884],[22.3559,54.1837],[22.3795,54.1849],[22.3691,54.1977],[22.4007,54.2081],[22.413,54.2035],[22.4313,54.2085],[22.4375,54.2057],[22.4578,54.215],[22.4815,54.2024]]]},"properties":{"code":"2818","name":"powiat gołdapski","country":"PL","level":"district","parent":"28","grodzki":false,"type":"powiat"}},
{"type":"Feature","geometry":{"type":"Polygon","coordinates":[[[21.0547,49.4212],[21.0637,49.4205],[21.0964,49.4295],[21.1137,49.4239],[21.124,49.4366],[21.1522,49.427],[21.1921,49.401],[21.208,49.4025],[21.2273,49.417],[21.2241,49.4267],[21.2341,49.4375],[21.2407,49.4342],[21.2593,49.4467],[21.2673,49.4572],[21.2775,49.4609],[21.3068,49.4484],[21.3371,49.4514],[21.3687,49.439],[21.3727,49.4326],[21.3987,49.4338],[21.3922,49.4558],[21.4114,49.4678],[21.4092,49.474],[21.3927,49.4815],[21.3907,49.489],[21.4209,49.492],[21.4102,49.5011],[21.4076,49.5096],[21.3929,49.5115],[21.3826,49.5253],[21.3906,49.5285],[21.3809,49.5385],[21.3598,49.5431],[21.3645,49.5539],[21.3805,49.5676],[21.3638,49.577],[21.3475,49.5793],[21.3267,49.5937],[21.3451,49.6082],[21.3627,49.6338],[21.3578,49.6495],[21.3428,49.6582],[21.3468,49.69],[21.3408,49.6972],[21.3204,49.6984],[21.331,49.7197],[21.3158,49.7282],[21.3187,49.7392],[21.3102,49.7488],[21.2967,49.7481],[21.2813,49.7552],[21.2578,49.7521],[21.2535,49.763],[21.2418,49.7761],[21.205,49.7807],[21.1831,49.7788],[21.1576,49.7816],[21.1359,49.7697],[21.1208,49.7741],[21.1018,49.7711],[21.0955,49.7628],[21.0646,49.7476],[21.0415,49.7633],[21.0407,49.7698],[21.0275,49.7633],[21.0034,49.761],[21.0062,49.7473],[20.9786,49.7417],[20.9597,49.7474],[20.946,49.7416],[20.9331,49.7286],[20.9188,49.7321],[20.9091,49.74],[20.8984,49.7321],[20.8826,49.7317],[20.8922,49.7217],[20.8861,49.706],[20.9078,49.6836],[20.9284,49.6793],[20.9506,49.668],[20.9618,49.6824],[21.0029,49.6888],[21.0041,49.6766],[21.0585,49.6435],[21.044,49.621],[21.0172,49.6152],[21.0052,49.6085],[20.9994,49.5968],[21.0065,49.5909],[21.0108,49.5776],[21.0304,49.5669],[20.9994,49.5334],[21.0127,49.5145],[21.008,49.5059],[21.018,49.496],[21.0296,49.4953],[21.0423,49.4824],[21.0378,49.4705],[21.0201,49.46],[21.0488,49.4337],[21.0547,49.4212]]]},"properties":{"code":"1205","name":"powiat gorlicki","country":"PL","level":"district","parent":"12","grodzki":false,"type":"powiat"}},
{"type":"Feature","geometry":{"type":"Polygon","coordinates":[[[15.306,52.5901],[15.3503,52.5915],[15.3483,52.6033],[15.3714,52.6337],[15.371,52.6425],[15.381,52.6435],[15.3936,52.6559],[15.4089,52.6611],[15.3901,52.6705],[15.3943,52.6779],[15.3878,52.6875],[15.393,52.699],[15.4079,52.6947],[15.4405,52.701],[15.4738,52.6994],[15.5005,52.6951],[15.5375,52.6937],[15.5681,52.6964],[15.6037,52.7141],[15.601,52.7267],[15.5874,52.7263],[15.5879,52.743],[15.579,52.756],[15.5852,52.7625],[15.5761,52.7671],[15.5633,52.7639],[15.5415,52.7697],[15.5235,52.7643],[15.4993,52.7513],[15.4903,52.752],[15.4562,52.7765],[15.446,52.7785],[15.4692,52.789],[15.4338,52.8096],[15.4145,52.8101],[15.4331,52.8182],[15.4235,52.8252],[15.4248,52.8391],[15.4452,52.8424],[15.4364,52.8791],[15.4234,52.8865],[15.3996,52.8846],[15.3734,52.8878],[15.3654,52.9018],[15.3317,52.9044],[15.3327,52.8993],[15.2676,52.8813],[15.0718,52.8306],[15.0684,52.837],[15.0491,52.8435],[15.0391,52.861],[15.0071,52.8537],[15.0096,52.8477],[14.9908,52.8425],[14.979,52.8537],[14.9831,52.8615],[14.9689,52.8697],[14.9316,52.8818],[14.9178,52.8893],[14.9042,52.8839],[14.8905,52.8607],[14.8953,52.8553],[14.9104,52.8552],[14.9198,52.8468],[14.9139,52.8397],[14.8945,52.8353],[14.8875,52.8467],[14.8657,52.8473],[14.8733,52.8338],[14.851,52.8281],[14.8548,52.8124],[14.8651,52.8114],[14.8644,52.7912],[14.8446,52.7903],[14.8489,52.7775],[14.8289,52.7733],[14.8188,52.7749],[14.801,52.7585],[14.7894,52.7519],[14.7997,52.7375],[14.7914,52.7046],[14.7916,52.6971],[14.7634,52.6702],[14.7501,52.6653],[14.7476,52.6471],[14.722,52.6326],[14.6916,52.6331],[14.6583,52.6423],[14.6605,52.6491],[14.6383,52.6593],[14.564,52.6247],[14.5962,52.6107],[14.6095,52.5973],[14.6137,52.5866],[14.637,52.5753],[14.6474,52.5722],[14.6488,52.5759],[14.7044,52.5923],[14.7364,52.5975],[14.7605,52.6039],[14.7846,52.6015],[14.8134,52.6091],[14.8466,52.6213],[14.8803,52.6154],[14.9177,52.618],[14.9529,52.6251],[14.9992,52.6404],[15.0089,52.6386],[15.037,52.6422],[15.0565,52.6313],[15.0642,52.6211],[15.0804,52.6172],[15.107,52.618],[15.1374,52.644],[15.1577,52.6521],[15.1947,52.6356],[15.2061,52.6336],[15.1967,52.6261],[15.1984,52.6154],[15.211,52.6081],[15.2096,52.5844],[15.2373,52.5876],[15.306,52.5901]],[[15.2832,52.7314],[15.2792,52.7268],[15.2913,52.7217],[15.3081,52.7253],[15.3109,52.7185],[15.3015,52.6975],[15.2881,52.6848],[15.2773,52.6903],[15.2632,52.6902],[15.2499,52.685],[15.2062,52.6968],[15.1843,52.7098],[15.1551,52.7075],[15.1516,52.7118],[15.1348,52.7099],[15.1272,52.7235],[15.1406,52.7312],[15.1247,52.7474],[15.1313,52.759],[15.1492,52.7485],[15.1464,52.7623],[15.1297,52.7688],[15.1353,52.7769],[15.1582,52.7698],[15.1685,52.7697],[15.1907,52.759],[15.2088,52.7636],[15.2298,52.7737],[15.2822,52.7694],[15.2843,52.7395],[15.2974,52.7353],[15.2832,52.7314]]]},"properties":{"code":"0801","name":"powiat gorzowski","country":"PL","level":"district","parent":"08","grodzki":false,"type":"powiat"}},
{"type":"Feature","geometry":{"type":"Polygon","coordinates":[[[15.2832,52.7314],[15.2974,52.7353],[15.2843,52.7395],[15.2822,52.7694],[15.2298,52.7737],[15.2088,52.7636],[15.1907,52.759],[15.1685,52.7697],[15.1582,52.7698],[15.1353,52.7769],[15.1297,52.7688],[15.1464,52.7623],[15.1492,52.7485],[15.1313,52.759],[15.1247,52.7474],[15.1406,52.7312],[15.1272,52.7235],[15.1348,52.7099],[15.1516,52.7118],[15.1551,52.7075],[15.1843,52.7098],[15.2062,52.6968],[15.2499,52.685],[15.2632,52.6902],[15.2773,52.6903],[15.2881,52.6848],[15.3015,52.6975],[15.3109,52.7185],[15.3081,52.7253],[15.2913,52.7217],[15.2792,52.7268],[15.2832,52.7314]]]},"properties":{"code":"0861","name":"powiat Gorzów Wielkopolski","country":"PL","level":"district","parent":"08","grodzki":true,"type":"miasto na prawach powiatu"}},
{"type":"Feature","geometry":{"type":"Polygon","coordinates":[[[19.9828,52.3376],[19.9711,52.3357],[19.9574,52.3276],[19.9337,52.3273],[19.9417,52.3418],[19.913,52.3442],[19.9177,52.3523],[19.9022,52.3527],[19.8957,52.3618],[19.9022,52.366],[19.8867,52.3699],[19.8483,52.3732],[19.8527,52.3823],[19.8121,52.3916],[19.8147,52.3757],[19.8212,52.3706],[19.8116,52.3613],[19.797,52.3546],[19.7821,52.3553],[19.7786,52.3496],[19.7542,52.3522],[19.7376,52.3383],[19.7239,52.337],[19.7201,52.3543],[19.689,52.3554],[19.683,52.3797],[19.6966,52.384],[19.6722,52.3832],[19.6626,52.3884],[19.6681,52.4029],[19.6638,52.4121],[19.6329,52.4161],[19.6334,52.4056],[19.6189,52.4063],[19.6009,52.4015],[19.5616,52.4056],[19.557,52.4131],[19.5641,52.4205],[19.5631,52.4428],[19.5504,52.4535],[19.5629,52.4574],[19.5531,52.467],[19.5594,52.4834],[19.5367,52.4898],[19.5336,52.4967],[19.5603,52.5029],[19.5598,52.5085],[19.5411,52.5068],[19.5134,52.5114],[19.5181,52.5201],[19.4999,52.526],[19.4486,52.5211],[19.4347,52.5234],[19.4127,52.5158],[19.4106,52.5106],[19.3957,52.5129],[19.3721,52.5072],[19.3541,52.4879],[19.3579,52.4816],[19.3389,52.4798],[19.3332,52.4668],[19.3194,52.4488],[19.2991,52.4453],[19.2845,52.4499],[19.2681,52.4488],[19.2592,52.4426],[19.2618,52.4357],[19.2867,52.433],[19.2966,52.4237],[19.293,52.4112],[19.2804,52.4055],[19.2892,52.3927],[19.3021,52.3915],[19.3089,52.3816],[19.2935,52.377],[19.297,52.3686],[19.3154,52.3716],[19.3287,52.3607],[19.3222,52.3484],[19.3493,52.3471],[19.3585,52.3415],[19.4059,52.3451],[19.4072,52.3389],[19.4261,52.3373],[19.444,52.3446],[19.4476,52.3516],[19.4628,52.3429],[19.5021,52.3333],[19.4915,52.3203],[19.5057,52.3151],[19.5196,52.3043],[19.5361,52.3021],[19.5492,52.2941],[19.5786,52.2898],[19.616,52.2882],[19.6137,52.2764],[19.6344,52.2744],[19.6238,52.264],[19.6345,52.2562],[19.6483,52.2537],[19.6895,52.2595],[19.684,52.2628],[19.6993,52.2785],[19.7291,52.2682],[19.7361,52.2586],[19.773,52.2646],[19.7929,52.2737],[19.7898,52.2798],[19.8055,52.2792],[19.8162,52.2839],[19.8293,52.2746],[19.8475,52.2721],[19.8778,52.2891],[19.8617,52.2909],[19.8856,52.3098],[19.9026,52.3086],[19.9018,52.3039],[19.9192,52.2982],[19.9361,52.2997],[19.9459,52.3123],[19.9845,52.335],[19.9828,52.3376]]]},"properties":{"code":"1404","name":"powiat gostyniński","country":"PL","level":"district","parent":"14","grodzki":false,"type":"powiat"}},
{"type":"Feature","geometry":{"type":"Polygon","coordinates":[[[17.1886,51.9675],[17.1767,51.9616],[17.1639,51.968],[17.1612,51.9623],[17.1372,51.9488],[17.1258,51.9465],[17.1313,51.9337],[17.1208,51.925],[17.1081,51.9295],[17.0922,51.9278],[17.0539,51.936],[17.0352,51.9426],[17.03,51.951],[17.0454,51.9598],[17.0433,51.9714],[17.0151,51.9753],[17.0047,51.9802],[17.0097,51.9651],[16.9942,51.959],[16.9676,51.9556],[16.9683,51.9488],[16.9578,51.9481],[16.9468,51.9401],[16.9298,51.9347],[16.9204,51.9415],[16.9097,51.9394],[16.9066,51.918],[16.8616,51.9291],[16.8601,51.9271],[16.8637,51.9123],[16.8716,51.9106],[16.8793,51.8921],[16.888,51.8808],[16.9005,51.8797],[16.9043,51.8696],[16.8982,51.8628],[16.8706,51.8559],[16.8512,51.842],[16.8616,51.8209],[16.862,51.8135],[16.847,51.8067],[16.8493,51.7987],[16.83,51.7903],[16.8035,51.7886],[16.8003,51.7945],[16.7814,51.7924],[16.7691,51.784],[16.7416,51.7923],[16.7338,51.776],[16.7289,51.7334],[16.7409,51.7407],[16.7694,51.7393],[16.8033,51.7464],[16.8614,51.7315],[16.8587,51.714],[16.8815,51.7086],[16.8867,51.6946],[16.9243,51.6945],[16.9388,51.699],[16.9373,51.7128],[16.96,51.7123],[16.9838,51.7052],[16.9875,51.6968],[16.9994,51.6955],[17.0363,51.6984],[17.0372,51.7139],[17.0791,51.7196],[17.1038,51.7102],[17.1176,51.6991],[17.1281,51.702],[17.128,51.7161],[17.1533,51.7108],[17.1606,51.7167],[17.1758,51.7147],[17.1836,51.7379],[17.1528,51.746],[17.1655,51.7619],[17.1798,51.7712],[17.1755,51.7758],[17.1805,51.7912],[17.2044,51.7872],[17.2228,51.781],[17.2215,51.7755],[17.2429,51.7711],[17.2559,51.7723],[17.2578,51.7815],[17.2696,51.7783],[17.2761,51.7654],[17.2714,51.7514],[17.2924,51.7527],[17.2928,51.7567],[17.3225,51.7613],[17.3303,51.7829],[17.3182,51.7872],[17.3207,51.7952],[17.3172,51.813],[17.3286,51.8159],[17.3381,51.8346],[17.3171,51.8486],[17.2975,51.8466],[17.2912,51.8548],[17.3067,51.8605],[17.3231,51.8546],[17.3366,51.8635],[17.3159,51.8752],[17.3193,51.88],[17.3342,51.8808],[17.3368,51.8856],[17.3226,51.8947],[17.3072,51.8966],[17.314,51.9115],[17.2879,51.9309],[17.2695,51.9375],[17.2692,51.9533],[17.2461,51.9493],[17.2287,51.9674],[17.1969,51.9649],[17.1886,51.9675]]]},"properties":{"code":"3004","name":"powiat gostyński","country":"PL","level":"district","parent":"30","grodzki":false,"type":"powiat"}},
{"type":"Feature","geometry":{"type":"Polygon","coordinates":[[[16.8284,51.5722],[16.8111,51.5869],[16.7928,51.5905],[16.8027,51.6009],[16.772,51.6136],[16.7661,51.6277],[16.7764,51.6313],[16.7825,51.6407],[16.7691,51.6447],[16.7283,51.6431],[16.7257,51.6478],[16.6814,51.6469],[16.685,51.6559],[16.6499,51.6578],[16.6392,51.666],[16.6422,51.6835],[16.6576,51.6892],[16.6658,51.6972],[16.6731,51.693],[16.6824,51.7049],[16.6449,51.722],[16.6399,51.735],[16.6479,51.7442],[16.6351,51.749],[16.619,51.7447],[16.6003,51.7459],[16.5806,51.7521],[16.5767,51.7686],[16.54,51.7671],[16.5453,51.7801],[16.4845,51.7823],[16.4492,51.788],[16.4162,51.7849],[16.4069,51.7724],[16.3952,51.7672],[16.3833,51.7704],[16.3765,51.7626],[16.378,51.753],[16.3628,51.7425],[16.3693,51.7288],[16.3476,51.7091],[16.3265,51.7021],[16.3027,51.6985],[16.2979,51.6899],[16.2694,51.6847],[16.275,51.673],[16.2701,51.6635],[16.2872,51.6647],[16.3052,51.6602],[16.3136,51.6438],[16.3321,51.6438],[16.3294,51.6313],[16.3344,51.617],[16.3554,51.6092],[16.374,51.6122],[16.3916,51.6106],[16.3852,51.5996],[16.3892,51.5877],[16.4018,51.5839],[16.4057,51.5774],[16.4322,51.5757],[16.4473,51.5678],[16.4642,51.5638],[16.4526,51.5504],[16.4516,51.542],[16.4614,51.5348],[16.4594,51.5253],[16.4822,51.5161],[16.4673,51.5015],[16.492,51.5003],[16.5042,51.5091],[16.5226,51.5027],[16.5406,51.5112],[16.5611,51.5097],[16.5602,51.5052],[16.5819,51.5025],[16.6012,51.5156],[16.6183,51.5178],[16.6499,51.515],[16.6421,51.4923],[16.6572,51.4906],[16.6614,51.4948],[16.6945,51.4966],[16.7086,51.4913],[16.7408,51.486],[16.7643,51.4853],[16.7784,51.4963],[16.7605,51.5054],[16.7673,51.5106],[16.7862,51.5049],[16.8208,51.513],[16.815,51.5224],[16.7992,51.5228],[16.7917,51.5287],[16.8059,51.5514],[16.824,51.573],[16.8284,51.5722]]]},"properties":{"code":"0204","name":"powiat górowski","country":"PL","level":"district","parent":"02","grodzki":false,"type":"powiat"}},
{"type":"Feature","geometry":{"type":"Polygon","coordinates":[[[22.2794,53.4378],[22.2964,53.4008],[22.3257,53.4085],[22.3321,53.4068],[22.3219,53.3923],[22.336,53.3881],[22.3414,53.4011],[22.3703,53.3975],[22.3585,53.3886],[22.3662,53.384],[22.3503,53.3787],[22.3611,53.3714],[22.3758,53.3716],[22.4054,53.3652],[22.4056,53.3514],[22.4469,53.3517],[22.4976,53.3486],[22.4965,53.3575],[22.5089,53.371],[22.5216,53.3733],[22.5238,53.3866],[22.5437,53.4044],[22.5389,53.4086],[22.5456,53.4188],[22.5372,53.4308],[22.5685,53.4412],[22.5708,53.4545],[22.584,53.4612],[22.5914,53.4592],[22.6116,53.4649],[22.6189,53.4748],[22.6079,53.4875],[22.6205,53.4949],[22.6446,53.5207],[22.6347,53.5293],[22.6988,53.5685],[22.712,53.5616],[22.7183,53.5738],[22.7374,53.5742],[22.7118,53.5882],[22.7015,53.5865],[22.6943,53.5923],[22.6737,53.5952],[22.6701,53.6045],[22.6958,53.615],[22.703,53.6245],[22.7331,53.6329],[22.7452,53.632],[22.7666,53.6469],[22.7896,53.6443],[22.795,53.6504],[22.7812,53.653],[22.7766,53.6673],[22.7951,53.6698],[22.8179,53.6807],[22.8371,53.6764],[22.8441,53.6692],[22.8442,53.6866],[22.8395,53.6822],[22.8233,53.688],[22.8101,53.6876],[22.7871,53.6813],[22.7719,53.6892],[22.7286,53.6986],[22.7235,53.6857],[22.7044,53.6877],[22.7246,53.7084],[22.7236,53.7151],[22.7442,53.7295],[22.7324,53.7515],[22.6968,53.7616],[22.6695,53.7569],[22.6517,53.7502],[22.6293,53.7564],[22.6261,53.7422],[22.6165,53.7325],[22.6109,53.7193],[22.597,53.7183],[22.5848,53.7269],[22.5847,53.7343],[22.5664,53.7214],[22.5044,53.6963],[22.4916,53.7002],[22.4725,53.699],[22.4654,53.6901],[22.4717,53.6782],[22.467,53.6743],[22.473,53.6631],[22.4406,53.6648],[22.4448,53.6723],[22.423,53.6815],[22.4007,53.6671],[22.3963,53.6681],[22.3624,53.655],[22.3266,53.6318],[22.3056,53.6268],[22.2851,53.6232],[22.272,53.6106],[22.2391,53.5961],[22.2279,53.5858],[22.2095,53.5777],[22.1943,53.5662],[22.1357,53.5445],[22.1415,53.5321],[22.1706,53.5356],[22.1758,53.5198],[22.1855,53.51],[22.208,53.5155],[22.2071,53.5356],[22.2173,53.5303],[22.2376,53.5399],[22.2422,53.5271],[22.2535,53.513],[22.2663,53.5137],[22.2647,53.5014],[22.2646,53.5013],[22.2647,53.5014],[22.2646,53.5013],[22.2507,53.4922],[22.2399,53.4788],[22.2522,53.473],[22.2452,53.4565],[22.2314,53.4577],[22.231,53.4408],[22.2514,53.4411],[22.2794,53.4378]]]},"properties":{"code":"2004","name":"powiat grajewski","country":"PL","level":"district","parent":"20","grodzki":false,"type":"powiat"}},
{"type":"Feature","geometry":{"type":"Polygon","coordinates":[[[20.4111,52.1402],[20.421,52.1213],[20.4295,52.1234],[20.4367,52.109],[20.4543,52.0983],[20.4395,52.0949],[20.4514,52.0885],[20.4442,52.084],[20.4625,52.0732],[20.4748,52.0566],[20.4622,52.042],[20.4764,52.0358],[20.4956,52.0336],[20.5098,52.038],[20.5228,52.0511],[20.5316,52.048],[20.5498,52.0504],[20.5887,52.0499],[20.6006,52.0539],[20.6214,52.0481],[20.6241,52.0398],[20.6141,52.0319],[20.6034,52.0355],[20.6138,52.0252],[20.6085,52.0103],[20.6127,51.9832],[20.6101,51.9761],[20.5973,51.9787],[20.5969,51.9673],[20.609,51.9664],[20.6147,51.9538],[20.634,51.9473],[20.6322,51.9334],[20.6579,51.9255],[20.6708,51.9252],[20.6721,51.9311],[20.6439,51.9324],[20.6416,51.9428],[20.6527,51.9461],[20.6639,51.9407],[20.6825,51.942],[20.686,51.9548],[20.6982,51.9601],[20.6929,51.9664],[20.6946,51.9791],[20.7165,51.9847],[20.7517,51.9821],[20.7504,51.9873],[20.7722,52.0006],[20.763,52.0164],[20.7409,52.0396],[20.7232,52.0471],[20.7334,52.0625],[20.73,52.0678],[20.7345,52.0831],[20.7154,52.0938],[20.6905,52.0969],[20.7017,52.1158],[20.7017,52.1252],[20.7148,52.1137],[20.7306,52.1151],[20.7445,52.1107],[20.7541,52.0943],[20.7803,52.0959],[20.7846,52.0892],[20.7935,52.0926],[20.7808,52.0979],[20.7753,52.1147],[20.7462,52.1183],[20.7482,52.1269],[20.7245,52.1311],[20.7101,52.1301],[20.7028,52.1368],[20.6804,52.1294],[20.6694,52.1468],[20.6544,52.1503],[20.6699,52.159],[20.6308,52.1652],[20.6038,52.1576],[20.5798,52.1585],[20.545,52.1651],[20.5321,52.1895],[20.5158,52.1913],[20.522,52.1964],[20.5103,52.2032],[20.5074,52.1976],[20.4849,52.1838],[20.4855,52.1751],[20.4603,52.1868],[20.4432,52.1901],[20.4187,52.1901],[20.4136,52.1951],[20.3945,52.1639],[20.412,52.1614],[20.4111,52.1402]]]},"properties":{"code":"1405","name":"powiat grodziski","country":"PL","level":"district","parent":"14","grodzki":false,"type":"powiat"}},
{"type":"Feature","geometry":{"type":"Polygon","coordinates":[[[16.603,52.1711],[16.5895,52.1833],[16.6001,52.1929],[16.5922,52.2032],[16.5952,52.2157],[16.581,52.2213],[16.574,52.2302],[16.5891,52.2363],[16.6074,52.2565],[16.604,52.2707],[16.5887,52.2811],[16.572,52.284],[16.5655,52.279],[16.544,52.2745],[16.5136,52.2745],[16.5127,52.2699],[16.5044,52.2558],[16.4843,52.2485],[16.4766,52.2587],[16.4572,52.2684],[16.443,52.2546],[16.4263,52.2545],[16.4201,52.2488],[16.3906,52.2673],[16.3807,52.2692],[16.3741,52.2571],[16.3631,52.2674],[16.3266,52.2851],[16.321,52.281],[16.3053,52.2821],[16.2995,52.2872],[16.2793,52.2806],[16.2262,52.2717],[16.192,52.2722],[16.1734,52.2681],[16.1797,52.2532],[16.1637,52.2265],[16.1491,52.2321],[16.1208,52.2333],[16.1252,52.24],[16.1088,52.2379],[16.0996,52.2446],[16.0903,52.2405],[16.0795,52.2517],[16.0725,52.2437],[16.082,52.2368],[16.0825,52.2228],[16.0756,52.2081],[16.0834,52.2052],[16.0846,52.1924],[16.0631,52.1797],[16.0832,52.1827],[16.0874,52.1758],[16.0737,52.1684],[16.1067,52.1626],[16.1274,52.1722],[16.1452,52.1716],[16.1592,52.1759],[16.1703,52.1689],[16.1512,52.1594],[16.1473,52.1516],[16.1588,52.1417],[16.1705,52.1394],[16.1821,52.1225],[16.1981,52.1127],[16.2131,52.1193],[16.2039,52.1063],[16.2143,52.1023],[16.2146,52.0943],[16.2517,52.0995],[16.2521,52.0943],[16.2759,52.071],[16.2832,52.0579],[16.3405,52.0841],[16.3465,52.0777],[16.37,52.0755],[16.3767,52.0546],[16.3957,52.0474],[16.4014,52.0491],[16.4185,52.0422],[16.431,52.0419],[16.4467,52.0336],[16.4502,52.0424],[16.4615,52.0459],[16.4504,52.0533],[16.4698,52.0571],[16.4567,52.0685],[16.4641,52.068],[16.4661,52.0821],[16.4951,52.0917],[16.5151,52.091],[16.5244,52.0947],[16.5227,52.1115],[16.5367,52.1166],[16.5754,52.1147],[16.5672,52.1225],[16.5728,52.1481],[16.5827,52.1608],[16.603,52.1711]]]},"properties":{"code":"3005","name":"powiat grodziski","country":"PL","level":"district","parent":"30","grodzki":false,"type":"powiat"}},
{"type":"Feature","geometry":{"type":"Polygon","coordinates":[[[21.2391,51.9016],[21.2332,51.8929],[21.2208,51.8895],[21.2195,51.8964],[21.2006,51.898],[21.2065,51.9124],[21.1883,51.9127],[21.1837,51.928],[21.1582,51.9274],[21.1482,51.9354],[21.1254,51.9325],[21.087,51.9396],[21.061,51.935],[21.0449,51.9278],[21.0263,51.9365],[21.0263,51.9296],[21.0059,51.9269],[20.9879,51.9189],[20.9745,51.9084],[20.9524,51.9101],[20.9644,51.9167],[20.9523,51.9186],[20.9507,51.929],[20.9399,51.9221],[20.927,51.9338],[20.9033,51.9333],[20.9037,51.922],[20.8933,51.9325],[20.861,51.9286],[20.8395,51.9305],[20.8273,51.9461],[20.8155,51.9459],[20.8021,51.9584],[20.7712,51.9469],[20.7572,51.9442],[20.7479,51.9489],[20.7291,51.944],[20.7032,51.9453],[20.686,51.9548],[20.6825,51.942],[20.6639,51.9407],[20.6527,51.9461],[20.6416,51.9428],[20.6439,51.9324],[20.6721,51.9311],[20.6708,51.9252],[20.6579,51.9255],[20.6671,51.9158],[20.6578,51.9094],[20.66,51.9024],[20.6438,51.9017],[20.6456,51.8646],[20.6434,51.8515],[20.6243,51.8443],[20.6054,51.8496],[20.5963,51.8398],[20.5997,51.8274],[20.618,51.8273],[20.6195,51.8204],[20.6077,51.8161],[20.5761,51.821],[20.5575,51.8188],[20.5602,51.8122],[20.5816,51.8111],[20.5789,51.7936],[20.595,51.7693],[20.5841,51.7618],[20.5826,51.748],[20.6022,51.7465],[20.6388,51.7375],[20.6384,51.7329],[20.6584,51.7242],[20.6549,51.7173],[20.6593,51.6986],[20.6532,51.6772],[20.6365,51.6762],[20.624,51.669],[20.6203,51.6576],[20.5972,51.6595],[20.5354,51.6687],[20.5227,51.6657],[20.5225,51.677],[20.515,51.6745],[20.5145,51.6855],[20.4877,51.6836],[20.4672,51.6928],[20.467,51.6972],[20.441,51.6901],[20.4394,51.6815],[20.4003,51.6728],[20.3904,51.6599],[20.3953,51.6507],[20.385,51.6417],[20.3851,51.6417],[20.3913,51.636],[20.4148,51.634],[20.4253,51.6112],[20.4375,51.6165],[20.4575,51.6161],[20.4715,51.6078],[20.494,51.6072],[20.5202,51.6118],[20.546,51.6098],[20.549,51.5994],[20.5136,51.5929],[20.497,51.5818],[20.5003,51.5772],[20.4953,51.5605],[20.5211,51.5599],[20.5377,51.5631],[20.5555,51.5616],[20.565,51.5563],[20.5771,51.5619],[20.5715,51.577],[20.6046,51.5784],[20.6197,51.5677],[20.6394,51.5697],[20.6437,51.5837],[20.6443,51.5952],[20.651,51.6064],[20.692,51.6096],[20.6916,51.6142],[20.7088,51.6157],[20.7137,51.6241],[20.7711,51.6236],[20.7761,51.6325],[20.8141,51.6379],[20.8128,51.6676],[20.7821,51.6771],[20.763,51.6902],[20.7909,51.6969],[20.8317,51.712],[20.8422,51.7124],[20.854,51.7053],[20.878,51.7057],[20.8779,51.7215],[20.8869,51.7217],[20.8894,51.7397],[20.9009,51.74],[20.9149,51.7498],[20.9319,51.7459],[20.9452,51.7538],[20.9499,51.7467],[20.973,51.7458],[20.9742,51.7311],[20.988,51.7323],[20.9917,51.7253],[21.0054,51.7217],[21.0165,51.7095],[21.007,51.7039],[21.0153,51.6945],[21.0324,51.6902],[21.0306,51.6805],[21.0472,51.6818],[21.0468,51.6922],[21.0734,51.6983],[21.0904,51.7139],[21.1007,51.7286],[21.1248,51.7279],[21.1304,51.733],[21.1179,51.7392],[21.1228,51.7452],[21.1338,51.7439],[21.1309,51.7508],[21.1413,51.7563],[21.1483,51.7511],[21.1578,51.7578],[21.1489,51.7627],[21.1659,51.7703],[21.1769,51.7596],[21.2006,51.7723],[21.2036,51.7832],[21.2361,51.7859],[21.2327,51.7901],[21.2428,51.7984],[21.2673,51.8073],[21.2864,51.8172],[21.2829,51.8293],[21.2683,51.8345],[21.255,51.8464],[21.2621,51.8532],[21.2864,51.8617],[21.2758,51.8768],[21.2675,51.8845],[21.2451,51.8955],[21.2391,51.9016]]]},"properties":{"code":"1406","name":"powiat grójecki","country":"PL","level":"district","parent":"14","grodzki":false,"type":"powiat"}},
{"type":"Feature","geometry":{"type":"Polygon","coordinates":[[[18.704,53.4517],[18.7053,53.4398],[18.6959,53.4316],[18.7125,53.4296],[18.7266,53.4229],[18.7571,53.4247],[18.7621,53.4348],[18.8067,53.4316],[18.8135,53.4461],[18.7793,53.4582],[18.7955,53.4747],[18.8132,53.4781],[18.8133,53.4866],[18.8668,53.4981],[18.855,53.5042],[18.8552,53.5128],[18.8293,53.524],[18.8218,53.5221],[18.8114,53.5085],[18.7967,53.512],[18.7925,53.5066],[18.7688,53.5054],[18.7698,53.5206],[18.7563,53.5239],[18.7337,53.4747],[18.704,53.4517]]]},"properties":{"code":"0462","name":"powiat Grudziądz","country":"PL","level":"district","parent":"04","grodzki":true,"type":"miasto na prawach powiatu"}},
{"type":"Feature","geometry":{"type":"Polygon","coordinates":[[[18.7242,53.3648],[18.7498,53.3684],[18.749,53.3785],[18.7728,53.378],[18.7934,53.3856],[18.822,53.3832],[18.8399,53.3655],[18.8563,53.3601],[18.8848,53.332],[18.8918,53.3423],[18.9322,53.3467],[18.9366,53.3399],[18.9753,53.3495],[18.9806,53.3628],[19.0043,53.3651],[19.0076,53.3533],[19.0283,53.356],[19.039,53.3511],[19.0543,53.3787],[19.0768,53.3927],[19.0923,53.3782],[19.107,53.3807],[19.1051,53.3822],[19.1391,53.4213],[19.1238,53.4316],[19.1397,53.438],[19.1396,53.4466],[19.153,53.4431],[19.1867,53.4419],[19.1952,53.4526],[19.2243,53.4566],[19.2363,53.4683],[19.2232,53.4804],[19.2256,53.4888],[19.2058,53.4967],[19.1892,53.5116],[19.2106,53.5247],[19.2188,53.5243],[19.2079,53.5481],[19.1952,53.5439],[19.1892,53.5478],[19.1997,53.5701],[19.182,53.579],[19.1613,53.5841],[19.1577,53.5815],[19.1293,53.5883],[19.0966,53.5967],[19.0498,53.5967],[19.0187,53.591],[18.9888,53.5951],[18.9873,53.5899],[18.9436,53.5882],[18.9248,53.591],[18.9151,53.5795],[18.9031,53.5779],[18.9063,53.5942],[18.89,53.5995],[18.8432,53.602],[18.8253,53.6048],[18.7735,53.607],[18.7616,53.6049],[18.761,53.5756],[18.7641,53.5479],[18.7563,53.5239],[18.7698,53.5206],[18.7688,53.5054],[18.7925,53.5066],[18.7967,53.512],[18.8114,53.5085],[18.8218,53.5221],[18.8293,53.524],[18.8552,53.5128],[18.855,53.5042],[18.8668,53.4981],[18.8133,53.4866],[18.8132,53.4781],[18.7955,53.4747],[18.7793,53.4582],[18.8135,53.4461],[18.8067,53.4316],[18.7621,53.4348],[18.7571,53.4247],[18.7266,53.4229],[18.7125,53.4296],[18.6959,53.4316],[18.7053,53.4398],[18.704,53.4517],[18.6802,53.4391],[18.6612,53.4336],[18.639,53.4315],[18.6377,53.4259],[18.6228,53.4307],[18.6236,53.4248],[18.6072,53.4249],[18.5985,53.4123],[18.6093,53.4011],[18.6281,53.4028],[18.6402,53.393],[18.6623,53.3968],[18.6775,53.3962],[18.695,53.384],[18.7159,53.3777],[18.7102,53.3674],[18.7242,53.3648]]]},"properties":{"code":"0406","name":"powiat grudziądzki","country":"PL","level":"district","parent":"04","grodzki":false,"type":"powiat"}},
{"type":"Feature","geometry":{"type":"Polygon","coordinates":[[[15.4792,53.8771],[15.4858,53.8893],[15.4539,53.893],[15.4569,53.9007],[15.4361,53.9093],[15.4336,53.9181],[15.4466,53.9256],[15.4636,53.9269],[15.4661,53.9404],[15.4397,53.9535],[15.4194,53.9545],[15.4261,53.9658],[15.421,53.9892],[15.4234,54.007],[15.431,54.012],[15.4206,54.0148],[15.4321,54.0256],[15.4349,54.0402],[15.4549,54.0483],[15.4378,54.0683],[15.4382,54.074],[15.4007,54.0825],[15.3682,54.0737],[15.3549,54.0859],[15.3761,54.0975],[15.3801,54.1058],[15.3501,54.1182],[15.3534,54.1267],[15.3636,54.1303],[15.3888,54.1508],[15.3876,54.1596],[15.2991,54.1491],[15.2413,54.1347],[15.2267,54.1323],[15.0922,54.1007],[15.048,54.0929],[14.9573,54.0692],[14.8952,54.0557],[14.9011,54.0447],[14.926,54.0475],[14.9296,54.0392],[14.954,54.0403],[14.9613,54.048],[14.9736,54.0312],[14.9813,54.0294],[14.969,54.0202],[14.9669,54.0059],[14.9795,54.0011],[14.9927,54.0055],[15.0062,54.0013],[15.0086,53.9928],[15.0316,53.9831],[15.0422,53.9677],[15.0578,53.9648],[15.0548,53.9445],[15.0747,53.9348],[15.0757,53.9285],[15.0602,53.9315],[15.0386,53.9238],[15.0269,53.924],[15.0245,53.9121],[15.0552,53.9027],[15.0593,53.8897],[15.05,53.8886],[15.0419,53.8795],[15.0541,53.8504],[15.0388,53.8373],[15.0548,53.8308],[15.0599,53.8149],[15.0967,53.8127],[15.0958,53.7991],[15.0832,53.7939],[15.0984,53.7876],[15.1467,53.7863],[15.1625,53.7713],[15.1697,53.7576],[15.1915,53.7516],[15.1906,53.7429],[15.2065,53.7389],[15.2226,53.7268],[15.241,53.7313],[15.2536,53.7428],[15.2646,53.7428],[15.2659,53.7495],[15.2813,53.7547],[15.2999,53.7523],[15.3278,53.7617],[15.326,53.7658],[15.3372,53.7811],[15.352,53.7787],[15.3606,53.791],[15.3525,53.792],[15.3663,53.8011],[15.3399,53.8004],[15.3488,53.8158],[15.3589,53.8219],[15.3538,53.827],[15.3692,53.8314],[15.368,53.8393],[15.3976,53.8472],[15.402,53.861],[15.4193,53.8521],[15.4403,53.8464],[15.4677,53.8561],[15.4634,53.8753],[15.4792,53.8771]]]},"properties":{"code":"3205","name":"powiat gryficki","country":"PL","level":"district","parent":"32","grodzki":false,"type":"powiat"}},
{"type":"Feature","geometry":{"type":"Polygon","coordinates":[[[14.4364,52.6799],[14.4638,52.698],[14.4559,52.7044],[14.4668,52.7084],[14.472,52.7038],[14.4818,52.7159],[14.4909,52.7125],[14.5231,52.7252],[14.5137,52.7305],[14.5323,52.7469],[14.5529,52.7416],[14.5669,52.7595],[14.5825,52.7546],[14.5844,52.761],[14.6025,52.7759],[14.5961,52.7823],[14.6085,52.7845],[14.6068,52.7996],[14.6143,52.8143],[14.6372,52.8173],[14.6351,52.8234],[14.6701,52.8359],[14.6495,52.8466],[14.6488,52.8557],[14.6583,52.8651],[14.6719,52.8694],[14.6835,52.8672],[14.6857,52.8738],[14.6654,52.8791],[14.6733,52.8841],[14.6722,52.8928],[14.6888,52.892],[14.6976,52.9046],[14.6911,52.9079],[14.6953,52.9241],[14.7272,52.9313],[14.739,52.9214],[14.7458,52.9297],[14.7592,52.9317],[14.7612,52.9404],[14.7222,52.9503],[14.7031,52.9722],[14.7059,52.9878],[14.6968,53.0065],[14.7326,53.037],[14.74,53.05],[14.7572,53.0687],[14.7485,53.0684],[14.7405,53.0764],[14.7401,53.112],[14.7471,53.1148],[14.7376,53.1266],[14.7419,53.1303],[14.7247,53.1369],[14.723,53.1489],[14.73,53.1587],[14.6897,53.1553],[14.6687,53.1665],[14.6965,53.1704],[14.6895,53.1779],[14.6952,53.2084],[14.7177,53.2083],[14.7087,53.2121],[14.7092,53.2222],[14.7005,53.2223],[14.7021,53.234],[14.6872,53.2387],[14.7022,53.2457],[14.7159,53.2735],[14.7482,53.2667],[14.7548,53.2611],[14.7874,53.244],[14.8048,53.2435],[14.8144,53.2375],[14.8351,53.2467],[14.8618,53.2465],[14.8589,53.2724],[14.8743,53.2781],[14.8696,53.2944],[14.8752,53.3014],[14.8625,53.3062],[14.8651,53.3117],[14.8502,53.31],[14.8406,53.3202],[14.8078,53.3166],[14.8009,53.3258],[14.7913,53.3352],[14.7689,53.3432],[14.7585,53.3391],[14.7697,53.3346],[14.758,53.328],[14.7463,53.3292],[14.7244,53.3381],[14.7146,53.3538],[14.7192,53.3624],[14.6957,53.3599],[14.6826,53.3539],[14.6665,53.3553],[14.6584,53.3618],[14.635,53.3657],[14.6182,53.362],[14.6196,53.3538],[14.6058,53.3547],[14.5918,53.3443],[14.5935,53.3365],[14.5751,53.3335],[14.5846,53.3241],[14.5684,53.3236],[14.5664,53.3279],[14.5323,53.3361],[14.5543,53.3544],[14.5502,53.3593],[14.5297,53.3425],[14.5204,53.3434],[14.5035,53.3358],[14.5041,53.325],[14.492,53.3265],[14.4853,53.3125],[14.4713,53.3153],[14.4452,53.2744],[14.4496,53.2595],[14.436,53.2496],[14.4308,53.2391],[14.4085,53.2232],[14.4059,53.2107],[14.3773,53.2018],[14.3746,53.1878],[14.3663,53.172],[14.3737,53.1543],[14.3873,53.1424],[14.3783,53.1116],[14.3702,53.1046],[14.3655,53.0786],[14.3524,53.0589],[14.338,53.0466],[14.3123,53.0355],[14.2916,53.02],[14.259,53.003],[14.2356,52.9932],[14.2094,52.9882],[14.1687,52.9736],[14.1606,52.9646],[14.1437,52.9614],[14.1388,52.9518],[14.1443,52.9435],[14.1426,52.9332],[14.1502,52.9163],[14.1523,52.9006],[14.1616,52.8881],[14.1588,52.8773],[14.1489,52.8664],[14.1298,52.8527],[14.1234,52.8361],[14.1301,52.8283],[14.1447,52.8236],[14.2175,52.8169],[14.2301,52.805],[14.2804,52.7737],[14.3217,52.7626],[14.3525,52.7507],[14.3609,52.7406],[14.3735,52.7367],[14.3837,52.7256],[14.4049,52.7114],[14.4135,52.7008],[14.424,52.6962],[14.4364,52.6799]]]},"properties":{"code":"3206","name":"powiat gryfiński","country":"PL","level":"district","parent":"32","grodzki":false,"type":"powiat"}}
]}