{"type": "FeatureCollection", "features": [{"type": "Feature", "properties": {"code": "32", "name": "zachodniopomorskie", "country": "PL", "level": "region", "type": "województwo"}, "geometry": {"type": "Polygon", "coordinates": [[[16.6985, 54.5701], [16.6898, 54.5702], [16.6169, 54.5609], [16.5988, 54.558], [16.5734, 54.5519], [16.5636, 54.5485], [16.535, 54.5425], [16.5309, 54.5437], [16.5225, 54.5407], [16.5209, 54.5376], [16.5051, 54.5276], [16.4804, 54.5172], [16.4635, 54.508], [16.4322, 54.4881], [16.4201, 54.4767], [16.4086, 54.4648], [16.402, 54.4569], [16.3897, 54.4453], [16.3721, 54.442], [16.3518, 54.4171], [16.3231, 54.3916], [16.2731, 54.3573], [16.2089, 54.3185], [16.1616, 54.2959], [16.1306, 54.2857], [16.1167, 54.2796], [16.0888, 54.2717], [16.053, 54.2634], [16.0239, 54.2583], [15.964, 54.2509], [15.8651, 54.2438], [15.8426, 54.2406], [15.8139, 54.2342], [15.7589, 54.2188], [15.723, 54.2109], [15.6791, 54.2022], [15.6416, 54.1971], [15.6075, 54.192], [15.5917, 54.1893], [15.5488, 54.1906], [15.5412, 54.1815], [15.5215, 54.1745], [15.4955, 54.1687], [15.4807, 54.1669], [15.4553, 54.1672], [15.4322, 54.1661], [15.3874, 54.1596], [15.3425, 54.1548], [15.2991, 54.1491], [15.2845, 54.1485], [15.2774, 54.1446], [15.2413, 54.1347], [15.2267, 54.1323], [15.0922, 54.1007], [15.0769, 54.0986], [15.048, 54.0929], [15.01, 54.0837], [14.9573, 54.0692], [14.8952, 54.0557], [14.7908, 54.0366], [14.755, 54.0287], [14.7262, 54.0245], [14.713, 54.0179], [14.6796, 54.0071], [14.5872, 53.987], [14.5326, 53.9708], [14.5034, 53.9655], [14.497, 53.9631], [14.4756, 53.9498], [14.448, 53.9345], [14.4356, 53.9296], [14.4024, 53.9194], [14.3662, 53.9127], [14.3445, 53.9119], [14.3163, 53.9157], [14.3029, 53.9196], [14.3015, 53.9304], [14.2804, 53.9376], [14.2712, 53.9348], [14.2726, 53.9242], [14.2497, 53.924], [14.2268, 53.9304], [14.2261, 53.9277], [14.2077, 53.9159], [14.1969, 53.915], [14.1924, 53.9121], [14.2058, 53.9106], [14.2039, 53.9066], [14.2121, 53.9006], [14.2136, 53.8869], [14.2154, 53.8808], [14.2124, 53.8674], [14.2837, 53.7724], [14.267, 53.7535], [14.2739, 53.7438], [14.2668, 53.6987], [14.272, 53.6936], [14.2769, 53.6859], [14.2837, 53.6826], [14.2823, 53.6743], [14.2708, 53.6668], [14.2722, 53.6634], [14.2791, 53.6631], [14.2848, 53.6587], [14.2839, 53.6344], [14.3012, 53.6237], [14.3111, 53.6184], [14.3169, 53.6181], [14.3119, 53.5797], [14.3122, 53.5721], [14.3139, 53.5654], [14.3026, 53.5534], [14.3072, 53.5514], [14.3058, 53.5439], [14.3159, 53.5369], [14.3193, 53.5296], [14.3158, 53.5251], [14.3221, 53.5153], [14.3269, 53.5038], [14.3321, 53.5013], [14.3429, 53.4988], [14.3507, 53.496], [14.3542, 53.4886], [14.3535, 53.4823], [14.357, 53.4701], [14.3563, 53.462], [14.3581, 53.4573], [14.3713, 53.4564], [14.3719, 53.4478], [14.3707, 53.4379], [14.3687, 53.4326], [14.3698, 53.424], [14.3726, 53.4195], [14.3733, 53.4089], [14.3779, 53.4019], [14.3893, 53.3878], [14.3949, 53.3757], [14.3954, 53.3692], [14.3931, 53.3586], [14.3903, 53.3537], [14.4055, 53.3471], [14.4084, 53.3355], [14.4154, 53.3244], [14.4068, 53.3087], [14.4149, 53.3019], [14.4174, 53.2885], [14.4212, 53.2761], [14.4344, 53.2758], [14.4452, 53.2744], [14.4443, 53.2724], [14.4489, 53.2667], [14.4496, 53.2595], [14.4428, 53.2558], [14.436, 53.2496], [14.4337, 53.2421], [14.4308, 53.2391], [14.4212, 53.2343], [14.4085, 53.2232], [14.4075, 53.2138], [14.4059, 53.2107], [14.3993, 53.2068], [14.3858, 53.205], [14.3773, 53.2018], [14.3746, 53.1878], [14.3702, 53.1807], [14.3663, 53.172], [14.3698, 53.1643], [14.3696, 53.1606], [14.3737, 53.1543], [14.3873, 53.1424], [14.3833, 53.137], [14.3838, 53.1343], [14.3806, 53.124], [14.3805, 53.1174], [14.3783, 53.1116], [14.3702, 53.1046], [14.3713, 53.0965], [14.3697, 53.0878], [14.3655, 53.0786], [14.3587, 53.072], [14.3578, 53.0677], [14.3524, 53.0589], [14.3488, 53.0568], [14.3454, 53.0517], [14.338, 53.0466], [14.3123, 53.0355], [14.3059, 53.0291], [14.3034, 53.0285], [14.2916, 53.02], [14.2727, 53.0121], [14.259, 53.003], [14.2507, 53.0007], [14.2356, 52.9932], [14.231, 52.993], [14.2201, 52.9891], [14.2094, 52.9882], [14.1992, 52.9849], [14.194, 52.9814], [14.1831, 52.9777], [14.1753, 52.9764], [14.1687, 52.9736], [14.1663, 52.9686], [14.1606, 52.9646], [14.1495, 52.9637], [14.1437, 52.9614], [14.1431, 52.9578], [14.1388, 52.9518], [14.1443, 52.9435], [14.1425, 52.9404], [14.1426, 52.9332], [14.1457, 52.9275], [14.1467, 52.9208], [14.1502, 52.9163], [14.1521, 52.9073], [14.1523, 52.9006], [14.1616, 52.8881], [14.1582, 52.8813], [14.1588, 52.8773], [14.1547, 52.8714], [14.1489, 52.8664], [14.1388, 52.8602], [14.1334, 52.8545], [14.1298, 52.8527], [14.1237, 52.8454], [14.1234, 52.8361], [14.1301, 52.8283], [14.1447, 52.8236], [14.1524, 52.8242], [14.1664, 52.8217], [14.1727, 52.8217], [14.1965, 52.8192], [14.2064, 52.8193], [14.2175, 52.8169], [14.2265, 52.8103], [14.2301, 52.805], [14.2439, 52.7979], [14.2447, 52.7957], [14.2537, 52.7891], [14.2804, 52.7737], [14.2922, 52.7703], [14.305, 52.7655], [14.3217, 52.7626], [14.3308, 52.7593], [14.3389, 52.7547], [14.3525, 52.7507], [14.3609, 52.7406], [14.3735, 52.7367], [14.3815, 52.7292], [14.3837, 52.7256], [14.3917, 52.7196], [14.3983, 52.7164], [14.4049, 52.7114], [14.4135, 52.7008], [14.424, 52.6962], [14.429, 52.6906], [14.4291, 52.6864], [14.4356, 52.68], [14.4501, 52.6784], [14.4578, 52.6739], [14.4599, 52.6669], [14.463, 52.6627], [14.4711, 52.6578], [14.487, 52.6525], [14.4998, 52.6469], [14.5053, 52.6434], [14.517, 52.639], [14.5289, 52.6366], [14.5386, 52.6319], [14.5486, 52.6293], [14.555, 52.6262], [14.564, 52.6247], [14.569, 52.6297], [14.5772, 52.6335], [14.5829, 52.6326], [14.6285, 52.6548], [14.6289, 52.6599], [14.6383, 52.6593], [14.6504, 52.6533], [14.6475, 52.6512], [14.6605, 52.6491], [14.6623, 52.6463], [14.6583, 52.6423], [14.6726, 52.6373], [14.6899, 52.6358], [14.6916, 52.6331], [14.6991, 52.6336], [14.7036, 52.6323], [14.722, 52.6326], [14.7268, 52.6339], [14.7326, 52.6405], [14.7434, 52.6413], [14.7492, 52.6444], [14.7476, 52.6471], [14.7501, 52.6653], [14.7554, 52.6712], [14.7634, 52.6702], [14.7682, 52.675], [14.7784, 52.6823], [14.7916, 52.6971], [14.7914, 52.7046], [14.7963, 52.7182], [14.7979, 52.7281], [14.7952, 52.7359], [14.7997, 52.7375], [14.7894, 52.7519], [14.7938, 52.758], [14.801, 52.7585], [14.8091, 52.765], [14.8107, 52.7696], [14.8188, 52.7749], [14.8289, 52.7733], [14.8363, 52.7774], [14.8489, 52.7775], [14.8505, 52.7852], [14.8446, 52.7903], [14.8546, 52.7922], [14.8644, 52.7912], [14.8653, 52.7931], [14.8619, 52.8022], [14.8655, 52.8037], [14.8651, 52.8114], [14.8548, 52.8124], [14.8586, 52.8176], [14.8544, 52.8195], [14.8545, 52.8245], [14.851, 52.8281], [14.8558, 52.8307], [14.8594, 52.8279], [14.8733, 52.8338], [14.866, 52.8406], [14.8657, 52.8473], [14.8724, 52.8462], [14.8875, 52.8467], [14.8946, 52.8406], [14.8945, 52.8353], [14.9099, 52.8382], [14.9139, 52.8397], [14.9198, 52.8468], [14.9138, 52.8505], [14.9104, 52.8552], [14.8953, 52.8553], [14.8905, 52.8607], [14.8969, 52.8726], [14.9018, 52.8759], [14.9042, 52.8839], [14.9095, 52.8873], [14.9178, 52.8893], [14.9261, 52.8883], [14.9316, 52.8818], [14.9445, 52.8764], [14.9489, 52.8785], [14.9545, 52.8743], [14.9564, 52.8709], [14.9632, 52.8677], [14.9689, 52.8697], [14.9783, 52.8661], [14.9831, 52.8615], [14.98, 52.8599], [14.979, 52.8537], [14.9816, 52.8489], [14.9881, 52.8508], [14.9878, 52.8466], [14.9908, 52.8425], [14.9987, 52.8446], [15.0021, 52.8472], [15.0096, 52.8477], [15.0071, 52.8537], [15.0148, 52.8568], [15.0281, 52.8569], [15.0337, 52.8607], [15.0391, 52.861], [15.0444, 52.853], [15.0447, 52.8497], [15.0491, 52.8435], [15.0546, 52.8432], [15.0684, 52.837], [15.0682, 52.8334], [15.0718, 52.8306], [15.1195, 52.8427], [15.1576, 52.8528], [15.2676, 52.8813], [15.2749, 52.8823], [15.2856, 52.886], [15.3219, 52.8958], [15.3253, 52.8944], [15.3327, 52.8993], [15.3317, 52.9044], [15.322, 52.9046], [15.3202, 52.9085], [15.3077, 52.9195], [15.3023, 52.9264], [15.292, 52.9328], [15.2836, 52.9448], [15.2838, 52.954], [15.2878, 52.958], [15.3069, 52.9529], [15.3211, 52.9511], [15.3507, 52.9431], [15.3599, 52.9442], [15.362, 52.9481], [15.3683, 52.9465], [15.3716, 52.9483], [15.3744, 52.9532], [15.381, 52.9591], [15.39, 52.9621], [15.3864, 52.965], [15.3868, 52.9687], [15.3927, 52.9722], [15.4052, 52.9745], [15.4097, 52.9789], [15.4197, 52.9833], [15.4438, 52.9899], [15.4537, 52.9872], [15.4653, 52.9887], [15.4751, 52.9937], [15.4858, 52.9968], [15.524, 53.0037], [15.5253, 53.0062], [15.5328, 53.0057], [15.5469, 53.0145], [15.5545, 53.0119], [15.5566, 53.0066], [15.5606, 53.0043], [15.5614, 53.0001], [15.5722, 52.9869], [15.5805, 52.9889], [15.588, 52.9811], [15.6024, 52.985], [15.6109, 52.9822], [15.6185, 52.9835], [15.6333, 52.9764], [15.6377, 52.9773], [15.6515, 52.9838], [15.6609, 52.9895], [15.6753, 52.9932], [15.6819, 52.9972], [15.6889, 52.9959], [15.6919, 52.9982], [15.6987, 52.9933], [15.7033, 52.9957], [15.7083, 52.9905], [15.7191, 52.9886], [15.7211, 52.9866], [15.7305, 52.9898], [15.7416, 52.991], [15.7544, 52.9959], [15.7594, 52.9967], [15.7635, 53.0006], [15.7701, 53.0002], [15.7716, 53.0067], [15.778, 53.0152], [15.7764, 53.0173], [15.7674, 53.0204], [15.7624, 53.0256], [15.7729, 53.0267], [15.778, 53.0298], [15.7787, 53.0334], [15.7879, 53.0428], [15.802, 53.0441], [15.8041, 53.0505], [15.8015, 53.0528], [15.7946, 53.0534], [15.7898, 53.0572], [15.7803, 53.059], [15.7824, 53.0611], [15.7917, 53.0592], [15.8216, 53.0652], [15.8115, 53.0844], [15.86, 53.0937], [15.8482, 53.1152], [15.8562, 53.1177], [15.8659, 53.1181], [15.8753, 53.1211], [15.8804, 53.1187], [15.9118, 53.124], [15.9129, 53.12], [15.9793, 53.1103], [15.9818, 53.1096], [15.9793, 53.103], [15.9843, 53.1007], [15.9852, 53.093], [15.9926, 53.0917], [15.9957, 53.0894], [15.9967, 53.0829], [15.9924, 53.0808], [15.9947, 53.0776], [15.9943, 53.0731], [15.9873, 53.0692], [15.9849, 53.0644], [15.9862, 53.0591], [15.9897, 53.0563], [15.9847, 53.0545], [15.9784, 53.0568], [15.9746, 53.0537], [15.9727, 53.0492], [15.9625, 53.0414], [15.9755, 53.0402], [16.0025, 53.0357], [16.0101, 53.0337], [16.0231, 53.0356], [16.045, 53.0288], [16.0545, 53.0216], [16.0835, 53.0145], [16.0947, 53.0156], [16.1168, 53.0121], [16.1244, 53.012], [16.1378, 53.0137], [16.1536, 53.02], [16.1589, 53.0236], [16.1744, 53.0297], [16.1861, 53.0336], [16.2084, 53.0358], [16.2295, 53.0394], [16.2409, 53.0437], [16.2514, 53.0462], [16.2709, 53.0492], [16.2768, 53.0455], [16.288, 53.0442], [16.286, 53.041], [16.2949, 53.0381], [16.3169, 53.0367], [16.3152, 53.0392], [16.3173, 53.044], [16.3104, 53.0453], [16.3161, 53.0512], [16.3241, 53.0497], [16.324, 53.058], [16.3303, 53.0566], [16.3336, 53.06], [16.3391, 53.0603], [16.3436, 53.067], [16.3509, 53.0728], [16.3611, 53.0756], [16.3642, 53.0822], [16.3593, 53.0935], [16.3555, 53.0966], [16.352, 53.1038], [16.3468, 53.1081], [16.346, 53.1124], [16.3599, 53.1144], [16.3669, 53.1212], [16.363, 53.123], [16.3724, 53.1285], [16.3759, 53.1266], [16.3906, 53.131], [16.3911, 53.1395], [16.3983, 53.1484], [16.3957, 53.1539], [16.3916, 53.1578], [16.397, 53.1604], [16.3992, 53.1637], [16.4095, 53.1636], [16.4053, 53.1585], [16.4141, 53.1536], [16.4167, 53.1489], [16.4248, 53.1486], [16.4325, 53.1564], [16.4369, 53.1567], [16.445, 53.1544], [16.455, 53.1644], [16.4727, 53.1699], [16.4765, 53.1703], [16.4838, 53.1642], [16.4996, 53.1633], [16.501, 53.1726], [16.5102, 53.1823], [16.5206, 53.1858], [16.5276, 53.1972], [16.5278, 53.1997], [16.5396, 53.2014], [16.5312, 53.2066], [16.5291, 53.2138], [16.5357, 53.2201], [16.5448, 53.2172], [16.5564, 53.2213], [16.5507, 53.2233], [16.5586, 53.229], [16.5594, 53.2332], [16.5685, 53.2301], [16.577, 53.2312], [16.5795, 53.2271], [16.5891, 53.2282], [16.5957, 53.2277], [16.6004, 53.2228], [16.5965, 53.2176], [16.6096, 53.2087], [16.6206, 53.2064], [16.6257, 53.2086], [16.6202, 53.2135], [16.6346, 53.2199], [16.625, 53.2264], [16.6345, 53.2278], [16.6323, 53.2337], [16.6207, 53.2336], [16.6226, 53.239], [16.6294, 53.2494], [16.6364, 53.2535], [16.6447, 53.2556], [16.6353, 53.2604], [16.6456, 53.2679], [16.6578, 53.2666], [16.6561, 53.2715], [16.6503, 53.2768], [16.6513, 53.2806], [16.6621, 53.2787], [16.6745, 53.2901], [16.7138, 53.299], [16.7134, 53.3016], [16.7051, 53.3035], [16.6998, 53.3013], [16.6951, 53.3024], [16.6958, 53.3063], [16.6911, 53.3083], [16.6859, 53.3078], [16.681, 53.312], [16.6823, 53.317], [16.6782, 53.3197], [16.6704, 53.3178], [16.6566, 53.3209], [16.6541, 53.3252], [16.6455, 53.3286], [16.6368, 53.3285], [16.6375, 53.3363], [16.6291, 53.3392], [16.6316, 53.3429], [16.6235, 53.3462], [16.594, 53.345], [16.5851, 53.3467], [16.5743, 53.3543], [16.572, 53.3584], [16.5626, 53.353], [16.5584, 53.3558], [16.5516, 53.3563], [16.5512, 53.3587], [16.5415, 53.3668], [16.5363, 53.376], [16.5328, 53.3758], [16.5292, 53.3698], [16.5257, 53.3672], [16.5084, 53.3761], [16.5102, 53.3796], [16.4994, 53.385], [16.4959, 53.3833], [16.4838, 53.3851], [16.4751, 53.3881], [16.477, 53.3974], [16.4724, 53.405], [16.4666, 53.4041], [16.4542, 53.4313], [16.4442, 53.4522], [16.4467, 53.4551], [16.4522, 53.4525], [16.46, 53.4527], [16.4639, 53.4573], [16.4565, 53.4601], [16.4511, 53.4606], [16.4467, 53.4572], [16.4362, 53.4606], [16.4541, 53.4884], [16.4824, 53.4767], [16.4901, 53.4703], [16.5154, 53.4755], [16.5322, 53.4783], [16.5625, 53.4791], [16.5803, 53.4787], [16.5844, 53.4837], [16.5891, 53.4824], [16.5966, 53.4839], [16.6144, 53.4834], [16.6204, 53.4853], [16.6355, 53.4855], [16.646, 53.4847], [16.652, 53.487], [16.6548, 53.491], [16.6655, 53.4973], [16.6805, 53.5074], [16.6956, 53.5183], [16.7006, 53.5148], [16.7106, 53.5161], [16.7153, 53.5205], [16.722, 53.5221], [16.7206, 53.5262], [16.727, 53.5288], [16.717, 53.5336], [16.7187, 53.5365], [16.7192, 53.5455], [16.7272, 53.5551], [16.7254, 53.5606], [16.7278, 53.5673], [16.7324, 53.569], [16.7402, 53.5668], [16.7464, 53.5757], [16.7395, 53.5837], [16.7399, 53.5885], [16.7439, 53.596], [16.7423, 53.6002], [16.7496, 53.6009], [16.7541, 53.6107], [16.7603, 53.6175], [16.7582, 53.6241], [16.7745, 53.6271], [16.7953, 53.6296], [16.8138, 53.6308], [16.8163, 53.6339], [16.8131, 53.6374], [16.8145, 53.641], [16.8261, 53.6434], [16.8311, 53.6346], [16.8417, 53.6261], [16.8491, 53.6272], [16.8553, 53.6324], [16.8537, 53.6387], [16.8664, 53.6503], [16.8696, 53.6477], [16.8811, 53.6519], [16.8824, 53.6539], [16.8922, 53.6559], [16.8866, 53.6734], [16.8803, 53.6884], [16.8793, 53.7012], [16.8757, 53.7151], [16.8773, 53.7191], [16.868, 53.7306], [16.8577, 53.7471], [16.8807, 53.7557], [16.9007, 53.761], [16.9032, 53.7652], [16.9206, 53.7746], [16.9307, 53.7772], [16.9341, 53.784], [16.9395, 53.79], [16.9445, 53.8009], [16.9482, 53.8051], [16.9415, 53.8057], [16.9376, 53.8019], [16.9206, 53.7992], [16.9095, 53.8018], [16.9104, 53.8084], [16.9069, 53.8131], [16.9115, 53.8178], [16.9086, 53.8214], [16.9003, 53.8235], [16.8945, 53.8233], [16.8855, 53.8291], [16.8762, 53.8318], [16.8728, 53.8296], [16.8685, 53.8341], [16.8717, 53.8376], [16.8725, 53.845], [16.8681, 53.8544], [16.8711, 53.8575], [16.8726, 53.8686], [16.8957, 53.8725], [16.9018, 53.8768], [16.9247, 53.8747], [16.9547, 53.8747], [16.9505, 53.8792], [16.9707, 53.878], [16.9763, 53.8798], [16.9821, 53.9049], [16.9645, 53.9049], [16.962, 53.9076], [16.9552, 53.9068], [16.9506, 53.9094], [16.9506, 53.9123], [16.9414, 53.9121], [16.9349, 53.9142], [16.9232, 53.921], [16.922, 53.9254], [16.9087, 53.9253], [16.8755, 53.9446], [16.8623, 53.9509], [16.876, 53.9521], [16.8786, 53.9559], [16.8788, 53.9657], [16.8746, 53.9692], [16.8768, 53.9715], [16.8743, 53.9772], [16.8612, 53.9801], [16.8545, 53.9836], [16.8469, 53.9839], [16.8438, 53.9908], [16.8422, 53.9979], [16.8286, 53.9952], [16.8249, 54.0043], [16.818, 54.0038], [16.815, 54.0017], [16.8146, 53.9967], [16.8082, 53.9945], [16.8025, 53.9858], [16.8102, 53.9859], [16.8132, 53.9838], [16.8134, 53.9792], [16.8043, 53.9791], [16.79, 53.9814], [16.7906, 53.9851], [16.798, 53.987], [16.7961, 53.9961], [16.8012, 54.0001], [16.8014, 54.004], [16.7919, 54.0081], [16.7943, 54.0118], [16.7848, 54.0201], [16.7831, 54.0241], [16.7859, 54.0285], [16.7926, 54.0312], [16.7976, 54.0353], [16.7981, 54.0383], [16.7943, 54.0453], [16.7946, 54.0496], [16.7984, 54.0556], [16.8066, 54.0565], [16.8119, 54.0617], [16.8084, 54.0662], [16.809, 54.0706], [16.8126, 54.0731], [16.8053, 54.0756], [16.7937, 54.0756], [16.7923, 54.0792], [16.7949, 54.0901], [16.7935, 54.1009], [16.7993, 54.1014], [16.7988, 54.1051], [16.8028, 54.1147], [16.8046, 54.1161], [16.7965, 54.1207], [16.793, 54.1212], [16.779, 54.1192], [16.7769, 54.1257], [16.7841, 54.1312], [16.7747, 54.1336], [16.7764, 54.1376], [16.7762, 54.148], [16.7736, 54.1535], [16.7682, 54.1565], [16.7647, 54.1553], [16.7568, 54.1578], [16.7573, 54.161], [16.7503, 54.1714], [16.7452, 54.1743], [16.7341, 54.1767], [16.7301, 54.1795], [16.7287, 54.1841], [16.7351, 54.1846], [16.7356, 54.194], [16.7327, 54.2037], [16.7197, 54.2025], [16.7196, 54.2093], [16.7119, 54.2142], [16.7245, 54.2239], [16.7291, 54.2257], [16.7292, 54.2303], [16.7337, 54.2328], [16.7405, 54.2303], [16.7471, 54.2312], [16.7554, 54.2357], [16.7603, 54.2339], [16.7668, 54.2387], [16.7744, 54.2407], [16.7779, 54.2393], [16.7858, 54.24], [16.8016, 54.2441], [16.8095, 54.243], [16.8169, 54.2464], [16.8267, 54.2471], [16.8313, 54.2458], [16.844, 54.2506], [16.8485, 54.2541], [16.8651, 54.261], [16.8626, 54.2639], [16.8654, 54.2759], [16.8625, 54.2897], [16.8537, 54.3024], [16.8543, 54.3076], [16.838, 54.3139], [16.8387, 54.3163], [16.8198, 54.3168], [16.8139, 54.3186], [16.8198, 54.3248], [16.8241, 54.3316], [16.8231, 54.3379], [16.8229, 54.3379], [16.8231, 54.3379], [16.8281, 54.3458], [16.8156, 54.3602], [16.8097, 54.3595], [16.8078, 54.3705], [16.8215, 54.3683], [16.8375, 54.3705], [16.8382, 54.3758], [16.8507, 54.3741], [16.8572, 54.3781], [16.8586, 54.3826], [16.8522, 54.3861], [16.8532, 54.389], [16.8404, 54.3987], [16.8401, 54.4053], [16.8339, 54.4111], [16.8244, 54.4157], [16.8304, 54.4243], [16.8396, 54.432], [16.8411, 54.4384], [16.8271, 54.4488], [16.8211, 54.4563], [16.8266, 54.4586], [16.8239, 54.4639], [16.8275, 54.4648], [16.8198, 54.473], [16.8172, 54.4687], [16.8117, 54.4743], [16.8106, 54.4818], [16.8007, 54.4807], [16.7995, 54.4843], [16.7932, 54.4844], [16.7933, 54.4874], [16.7789, 54.4846], [16.764, 54.4861], [16.7566, 54.4946], [16.7527, 54.4968], [16.7415, 54.5133], [16.7393, 54.521], [16.7475, 54.5304], [16.7392, 54.5384], [16.7126, 54.5542], [16.6985, 54.5701]]]}}, {"type": "Feature", "properties": {"code": "08", "name": "lubuskie", "country": "PL", "level": "region", "type": "województwo"}, "geometry": {"type": "Polygon", "coordinates": [[[15.2667, 51.4417], [15.2724, 51.4379], [15.2726, 51.4328], [15.2755, 51.4298], [15.2875, 51.4308], [15.2928, 51.4231], [15.2983, 51.4201], [15.3152, 51.4177], [15.3211, 51.4109], [15.3215, 51.4084], [15.3274, 51.4077], [15.3337, 51.4099], [15.3249, 51.4185], [15.3287, 51.4229], [15.3281, 51.4291], [15.3353, 51.4369], [15.3381, 51.4417], [15.3433, 51.4469], [15.3337, 51.4516], [15.3394, 51.4741], [15.3467, 51.4716], [15.3599, 51.4712], [15.3725, 51.4697], [15.3793, 51.4702], [15.3803, 51.481], [15.3756, 51.4791], [15.3704, 51.4805], [15.3695, 51.4866], [15.3715, 51.4884], [15.3671, 51.4929], [15.3712, 51.5079], [15.3818, 51.5115], [15.3803, 51.5144], [15.3847, 51.5184], [15.3857, 51.5283], [15.3943, 51.5291], [15.401, 51.5272], [15.4042, 51.5216], [15.407, 51.5205], [15.4173, 51.5229], [15.4347, 51.525], [15.4371, 51.5273], [15.4524, 51.5246], [15.4576, 51.5211], [15.4625, 51.5223], [15.4706, 51.5182], [15.4692, 51.5146], [15.4823, 51.513], [15.4858, 51.5136], [15.4845, 51.5211], [15.4878, 51.5239], [15.4877, 51.5276], [15.595, 51.4697], [15.5917, 51.4627], [15.5881, 51.4594], [15.5861, 51.4518], [15.5928, 51.4521], [15.6013, 51.4478], [15.6154, 51.4586], [15.6235, 51.4635], [15.6241, 51.472], [15.6345, 51.4721], [15.6346, 51.4788], [15.6466, 51.4783], [15.6548, 51.4722], [15.6606, 51.4773], [15.6642, 51.4827], [15.6629, 51.4858], [15.6673, 51.4889], [15.6676, 51.499], [15.6731, 51.4989], [15.6733, 51.5057], [15.6788, 51.5056], [15.6789, 51.5124], [15.701, 51.5125], [15.7006, 51.5174], [15.714, 51.5174], [15.7141, 51.5216], [15.7108, 51.5237], [15.7108, 51.5295], [15.713, 51.5428], [15.7123, 51.5465], [15.7032, 51.5464], [15.7028, 51.5519], [15.7069, 51.5561], [15.7237, 51.5522], [15.7428, 51.556], [15.77, 51.5697], [15.8081, 51.5734], [15.8236, 51.5727], [15.8239, 51.5738], [15.8158, 51.6029], [15.8216, 51.6072], [15.8228, 51.6131], [15.8276, 51.6159], [15.834, 51.6222], [15.8304, 51.6368], [15.8366, 51.6442], [15.8526, 51.6495], [15.8555, 51.6527], [15.8562, 51.6573], [15.8516, 51.6602], [15.8427, 51.6612], [15.8486, 51.6658], [15.8413, 51.6675], [15.8343, 51.6722], [15.8448, 51.6754], [15.8425, 51.6816], [15.8522, 51.684], [15.855, 51.6889], [15.8656, 51.6926], [15.8646, 51.6986], [15.8652, 51.707], [15.8676, 51.7078], [15.8682, 51.716], [15.8718, 51.7207], [15.8784, 51.7189], [15.8853, 51.7213], [15.8925, 51.7295], [15.9011, 51.7304], [15.9124, 51.7255], [15.9219, 51.7297], [15.9265, 51.7296], [15.9298, 51.7376], [15.9521, 51.7339], [15.9546, 51.7361], [15.9632, 51.7337], [15.9636, 51.7371], [15.9611, 51.7435], [15.9676, 51.7452], [15.973, 51.7439], [15.9766, 51.7481], [15.9687, 51.7684], [15.9768, 51.7691], [15.98, 51.7736], [15.989, 51.7692], [16.0063, 51.7732], [16.0086, 51.7757], [16.0034, 51.7783], [15.9823, 51.7785], [15.9773, 51.7816], [15.9719, 51.7825], [15.9661, 51.7916], [15.9685, 51.7949], [15.9772, 51.7959], [15.9821, 51.8006], [15.9792, 51.8023], [15.9948, 51.8048], [16.0012, 51.8036], [16.0039, 51.8005], [16.0092, 51.8021], [16.0179, 51.8013], [16.0217, 51.8027], [16.029, 51.8024], [16.035, 51.7953], [16.034, 51.785], [16.0352, 51.7817], [16.0399, 51.7807], [16.0425, 51.7836], [16.0538, 51.7817], [16.0699, 51.7826], [16.0727, 51.7777], [16.0779, 51.7744], [16.1008, 51.7674], [16.1163, 51.7636], [16.1184, 51.7657], [16.134, 51.7652], [16.1332, 51.7591], [16.1517, 51.7601], [16.1571, 51.7588], [16.1651, 51.7598], [16.1729, 51.7639], [16.1778, 51.764], [16.1618, 51.7197], [16.16, 51.7118], [16.1664, 51.7096], [16.1723, 51.7092], [16.1735, 51.7122], [16.1815, 51.7114], [16.1858, 51.7161], [16.1944, 51.7156], [16.1992, 51.7181], [16.2024, 51.7144], [16.2176, 51.7146], [16.2192, 51.7098], [16.2278, 51.6987], [16.2236, 51.6967], [16.2345, 51.6898], [16.2405, 51.6877], [16.2517, 51.6862], [16.2557, 51.679], [16.2653, 51.6731], [16.2676, 51.6667], [16.2735, 51.67], [16.275, 51.673], [16.2678, 51.6779], [16.2694, 51.6847], [16.2809, 51.6885], [16.2979, 51.6899], [16.2973, 51.6947], [16.3017, 51.6951], [16.3027, 51.6985], [16.3173, 51.7026], [16.3265, 51.7021], [16.3384, 51.706], [16.34, 51.7088], [16.3476, 51.7091], [16.3504, 51.7157], [16.3559, 51.716], [16.3589, 51.7207], [16.3693, 51.7288], [16.3616, 51.7359], [16.3628, 51.7425], [16.3707, 51.745], [16.3722, 51.749], [16.378, 51.753], [16.3763, 51.7557], [16.3765, 51.7626], [16.3833, 51.7704], [16.3952, 51.7672], [16.3983, 51.7706], [16.4069, 51.7724], [16.411, 51.7788], [16.4168, 51.7828], [16.4162, 51.7849], [16.4098, 51.7843], [16.3995, 51.7898], [16.3938, 51.7864], [16.3886, 51.7912], [16.4018, 51.8045], [16.4008, 51.8142], [16.394, 51.8197], [16.3952, 51.8238], [16.4006, 51.8306], [16.3989, 51.8361], [16.4005, 51.8378], [16.3795, 51.8389], [16.3871, 51.8464], [16.3726, 51.8539], [16.3577, 51.8574], [16.3505, 51.8637], [16.3415, 51.8688], [16.3351, 51.8711], [16.3379, 51.876], [16.3461, 51.875], [16.3515, 51.8807], [16.3362, 51.8834], [16.3204, 51.8869], [16.3128, 51.8864], [16.3026, 51.8921], [16.2919, 51.8952], [16.2868, 51.9002], [16.2803, 51.9002], [16.2789, 51.8976], [16.2727, 51.8951], [16.2668, 51.8977], [16.2521, 51.9005], [16.2455, 51.8965], [16.244, 51.8881], [16.2353, 51.8821], [16.2293, 51.876], [16.2231, 51.8747], [16.2149, 51.8698], [16.2002, 51.872], [16.1936, 51.8798], [16.1929, 51.8851], [16.1814, 51.8832], [16.169, 51.8845], [16.1617, 51.8901], [16.1616, 51.8924], [16.1529, 51.8923], [16.1435, 51.895], [16.1231, 51.8965], [16.1063, 51.8959], [16.1033, 51.8932], [16.0991, 51.9023], [16.1035, 51.9051], [16.1087, 51.9036], [16.1183, 51.9121], [16.1251, 51.9162], [16.1331, 51.917], [16.1324, 51.92], [16.1382, 51.9255], [16.1341, 51.9319], [16.1269, 51.9316], [16.1262, 51.9339], [16.1295, 51.9391], [16.1257, 51.942], [16.1306, 51.9436], [16.1239, 51.9514], [16.1373, 51.9544], [16.1351, 51.9609], [16.1332, 51.9724], [16.1303, 51.979], [16.1243, 51.9846], [16.1212, 51.9919], [16.1229, 51.9931], [16.106, 51.9968], [16.0847, 51.9861], [16.0796, 51.9828], [16.0606, 51.9772], [16.0323, 51.9784], [16.01, 51.9815], [16.0075, 51.9896], [16.0031, 51.9956], [15.9961, 51.9995], [15.9855, 52.0039], [15.9871, 51.9984], [15.9746, 51.9983], [15.9692, 52.0026], [15.9684, 52.0115], [15.965, 52.0178], [15.9667, 52.0296], [15.966, 52.0339], [15.9945, 52.0352], [15.9891, 52.0433], [15.9917, 52.0504], [15.9981, 52.0532], [16.0055, 52.0543], [15.9998, 52.06], [15.9968, 52.0588], [15.9877, 52.0622], [15.9884, 52.0672], [15.9756, 52.0742], [15.9698, 52.0754], [15.9722, 52.0774], [15.9674, 52.082], [15.9414, 52.0885], [15.9325, 52.0876], [15.9309, 52.0804], [15.9266, 52.0766], [15.9245, 52.0675], [15.9198, 52.0697], [15.9008, 52.0764], [15.8899, 52.084], [15.8842, 52.0849], [15.8771, 52.088], [15.865, 52.0855], [15.8603, 52.0865], [15.8533, 52.0947], [15.848, 52.099], [15.8452, 52.0984], [15.8341, 52.1085], [15.8333, 52.1111], [15.8495, 52.1135], [15.8554, 52.1169], [15.8543, 52.121], [15.8568, 52.124], [15.862, 52.1247], [15.8673, 52.1293], [15.875, 52.1305], [15.879, 52.1441], [15.8836, 52.1559], [15.881, 52.1562], [15.8831, 52.1628], [15.8687, 52.1658], [15.8666, 52.168], [15.8584, 52.169], [15.8591, 52.1741], [15.8621, 52.1774], [15.8598, 52.1857], [15.8613, 52.1978], [15.855, 52.2049], [15.8508, 52.2137], [15.8608, 52.2276], [15.8588, 52.2335], [15.8592, 52.2376], [15.8576, 52.2481], [15.8513, 52.2556], [15.8549, 52.2611], [15.8524, 52.2621], [15.8661, 52.2722], [15.8712, 52.2775], [15.871, 52.2807], [15.8814, 52.2842], [15.8786, 52.2981], [15.8838, 52.3043], [15.8816, 52.3077], [15.8892, 52.3074], [15.8919, 52.3103], [15.89, 52.3132], [15.8881, 52.3221], [15.8824, 52.3273], [15.8828, 52.33], [15.8882, 52.3362], [15.8813, 52.3425], [15.8813, 52.3522], [15.8895, 52.3524], [15.8893, 52.3608], [15.8881, 52.372], [15.8966, 52.3807], [15.9006, 52.3827], [15.9003, 52.3909], [15.8962, 52.3942], [15.8839, 52.394], [15.8702, 52.3965], [15.8608, 52.4027], [15.8513, 52.4035], [15.8436, 52.4029], [15.8401, 52.4064], [15.835, 52.4153], [15.8274, 52.4216], [15.8158, 52.4272], [15.8148, 52.4303], [15.8094, 52.4361], [15.8061, 52.4366], [15.8041, 52.4434], [15.8103, 52.4444], [15.8219, 52.4486], [15.8267, 52.4514], [15.8333, 52.4446], [15.8308, 52.436], [15.8408, 52.4339], [15.846, 52.4314], [15.8564, 52.4326], [15.8566, 52.4394], [15.8621, 52.4388], [15.8683, 52.4351], [15.8779, 52.4373], [15.8752, 52.4427], [15.8956, 52.4466], [15.8966, 52.4516], [15.8932, 52.456], [15.8927, 52.4605], [15.8877, 52.4613], [15.8929, 52.4682], [15.885, 52.4823], [15.8852, 52.4875], [15.8782, 52.4952], [15.8754, 52.495], [15.8676, 52.5026], [15.8755, 52.5062], [15.8771, 52.5108], [15.863, 52.5104], [15.848, 52.5187], [15.8433, 52.5248], [15.835, 52.5292], [15.8486, 52.5366], [15.8584, 52.544], [15.8562, 52.5489], [15.8492, 52.5528], [15.8446, 52.5535], [15.8437, 52.5572], [15.8324, 52.5662], [15.8247, 52.5671], [15.824, 52.5709], [15.8259, 52.5759], [15.8303, 52.5776], [15.8281, 52.5825], [15.8319, 52.5876], [15.8205, 52.5897], [15.8203, 52.5919], [15.8098, 52.5947], [15.8066, 52.5978], [15.8061, 52.6046], [15.7959, 52.6058], [15.7946, 52.6098], [15.7846, 52.6185], [15.7863, 52.6219], [15.7995, 52.6224], [15.7939, 52.6279], [15.796, 52.6346], [15.7937, 52.6371], [15.7816, 52.6366], [15.7763, 52.6379], [15.7799, 52.6442], [15.7782, 52.6496], [15.783, 52.6531], [15.7819, 52.6617], [15.7861, 52.6677], [15.7943, 52.6651], [15.814, 52.6678], [15.8129, 52.6792], [15.8071, 52.6856], [15.8037, 52.6938], [15.8003, 52.6953], [15.7957, 52.7045], [15.7953, 52.7085], [15.8123, 52.7097], [15.823, 52.7078], [15.8373, 52.7063], [15.8458, 52.7092], [15.8643, 52.7102], [15.8849, 52.7149], [15.8996, 52.7137], [15.9074, 52.7149], [15.9199, 52.7232], [15.9356, 52.7274], [15.9449, 52.7292], [15.947, 52.7337], [15.9485, 52.7444], [15.9457, 52.7511], [15.9472, 52.7556], [15.9423, 52.7591], [15.9364, 52.7661], [15.9385, 52.7679], [15.9334, 52.7743], [15.9272, 52.7784], [15.9262, 52.784], [15.9383, 52.7862], [15.9348, 52.793], [15.9346, 52.8014], [15.9312, 52.803], [15.925, 52.802], [15.9189, 52.8036], [15.9117, 52.8037], [15.9119, 52.8062], [15.9032, 52.8061], [15.8932, 52.8128], [15.8965, 52.8152], [15.8954, 52.8197], [15.8971, 52.8255], [15.9045, 52.8266], [15.9005, 52.8331], [15.9018, 52.8353], [15.9187, 52.8411], [15.9229, 52.8311], [15.9517, 52.8432], [15.9463, 52.8542], [15.9548, 52.8561], [15.9609, 52.8542], [15.9741, 52.859], [15.9715, 52.8669], [15.9614, 52.8693], [15.9631, 52.874], [15.9756, 52.873], [15.9797, 52.8809], [15.976, 52.8838], [15.9719, 52.8929], [15.9739, 52.8948], [15.9676, 52.8988], [15.9747, 52.9022], [15.9725, 52.9054], [15.978, 52.9099], [15.9802, 52.9136], [15.9768, 52.9206], [15.9778, 52.9221], [15.9722, 52.9288], [15.9798, 52.9337], [15.9785, 52.9374], [15.9701, 52.9445], [15.9693, 52.9487], [15.9605, 52.9561], [15.9596, 52.9597], [15.9621, 52.9631], [15.9592, 52.9671], [15.962, 52.9695], [15.9522, 52.9718], [15.9562, 52.9765], [15.9549, 52.9894], [15.9509, 52.9918], [15.9494, 52.9985], [15.9537, 53.0016], [15.9532, 53.0062], [15.9558, 53.0081], [15.9563, 53.0149], [15.9546, 53.0173], [15.9578, 53.0227], [15.9557, 53.0254], [15.9571, 53.032], [15.9524, 53.0333], [15.9554, 53.0403], [15.9625, 53.0414], [15.9727, 53.0492], [15.9746, 53.0537], [15.9784, 53.0568], [15.9847, 53.0545], [15.9897, 53.0563], [15.9862, 53.0591], [15.9849, 53.0644], [15.9873, 53.0692], [15.9943, 53.0731], [15.9947, 53.0776], [15.9924, 53.0808], [15.9967, 53.0829], [15.9957, 53.0894], [15.9926, 53.0917], [15.9852, 53.093], [15.9843, 53.1007], [15.9793, 53.103], [15.9818, 53.1096], [15.9793, 53.1103], [15.9129, 53.12], [15.9118, 53.124], [15.8804, 53.1187], [15.8753, 53.1211], [15.8659, 53.1181], [15.8562, 53.1177], [15.8482, 53.1152], [15.86, 53.0937], [15.8115, 53.0844], [15.8216, 53.0652], [15.7917, 53.0592], [15.7824, 53.0611], [15.7803, 53.059], [15.7898, 53.0572], [15.7946, 53.0534], [15.8015, 53.0528], [15.8041, 53.0505], [15.802, 53.0441], [15.7879, 53.0428], [15.7787, 53.0334], [15.778, 53.0298], [15.7729, 53.0267], [15.7624, 53.0256], [15.7674, 53.0204], [15.7764, 53.0173], [15.778, 53.0152], [15.7716, 53.0067], [15.7701, 53.0002], [15.7635, 53.0006], [15.7594, 52.9967], [15.7544, 52.9959], [15.7416, 52.991], [15.7305, 52.9898], [15.7211, 52.9866], [15.7191, 52.9886], [15.7083, 52.9905], [15.7033, 52.9957], [15.6987, 52.9933], [15.6919, 52.9982], [15.6889, 52.9959], [15.6819, 52.9972], [15.6753, 52.9932], [15.6609, 52.9895], [15.6515, 52.9838], [15.6377, 52.9773], [15.6333, 52.9764], [15.6185, 52.9835], [15.6109, 52.9822], [15.6024, 52.985], [15.588, 52.9811], [15.5805, 52.9889], [15.5722, 52.9869], [15.5614, 53.0001], [15.5606, 53.0043], [15.5566, 53.0066], [15.5545, 53.0119], [15.5469, 53.0145], [15.5328, 53.0057], [15.5253, 53.0062], [15.524, 53.0037], [15.4858, 52.9968], [15.4751, 52.9937], [15.4653, 52.9887], [15.4537, 52.9872], [15.4438, 52.9899], [15.4197, 52.9833], [15.4097, 52.9789], [15.4052, 52.9745], [15.3927, 52.9722], [15.3868, 52.9687], [15.3864, 52.965], [15.39, 52.9621], [15.381, 52.9591], [15.3744, 52.9532], [15.3716, 52.9483], [15.3683, 52.9465], [15.362, 52.9481], [15.3599, 52.9442], [15.3507, 52.9431], [15.3211, 52.9511], [15.3069, 52.9529], [15.2878, 52.958], [15.2838, 52.954], [15.2836, 52.9448], [15.292, 52.9328], [15.3023, 52.9264], [15.3077, 52.9195], [15.3202, 52.9085], [15.322, 52.9046], [15.3317, 52.9044], [15.3327, 52.8993], [15.3253, 52.8944], [15.3219, 52.8958], [15.2856, 52.886], [15.2749, 52.8823], [15.2676, 52.8813], [15.1576, 52.8528], [15.1195, 52.8427], [15.0718, 52.8306], [15.0682, 52.8334], [15.0684, 52.837], [15.0546, 52.8432], [15.0491, 52.8435], [15.0447, 52.8497], [15.0444, 52.853], [15.0391, 52.861], [15.0337, 52.8607], [15.0281, 52.8569], [15.0148, 52.8568], [15.0071, 52.8537], [15.0096, 52.8477], [15.0021, 52.8472], [14.9987, 52.8446], [14.9908, 52.8425], [14.9878, 52.8466], [14.9881, 52.8508], [14.9816, 52.8489], [14.979, 52.8537], [14.98, 52.8599], [14.9831, 52.8615], [14.9783, 52.8661], [14.9689, 52.8697], [14.9632, 52.8677], [14.9564, 52.8709], [14.9545, 52.8743], [14.9489, 52.8785], [14.9445, 52.8764], [14.9316, 52.8818], [14.9261, 52.8883], [14.9178, 52.8893], [14.9095, 52.8873], [14.9042, 52.8839], [14.9018, 52.8759], [14.8969, 52.8726], [14.8905, 52.8607], [14.8953, 52.8553], [14.9104, 52.8552], [14.9138, 52.8505], [14.9198, 52.8468], [14.9139, 52.8397], [14.9099, 52.8382], [14.8945, 52.8353], [14.8946, 52.8406], [14.8875, 52.8467], [14.8724, 52.8462], [14.8657, 52.8473], [14.866, 52.8406], [14.8733, 52.8338], [14.8594, 52.8279], [14.8558, 52.8307], [14.851, 52.8281], [14.8545, 52.8245], [14.8544, 52.8195], [14.8586, 52.8176], [14.8548, 52.8124], [14.8651, 52.8114], [14.8655, 52.8037], [14.8619, 52.8022], [14.8653, 52.7931], [14.8644, 52.7912], [14.8546, 52.7922], [14.8446, 52.7903], [14.8505, 52.7852], [14.8489, 52.7775], [14.8363, 52.7774], [14.8289, 52.7733], [14.8188, 52.7749], [14.8107, 52.7696], [14.8091, 52.765], [14.801, 52.7585], [14.7938, 52.758], [14.7894, 52.7519], [14.7997, 52.7375], [14.7952, 52.7359], [14.7979, 52.7281], [14.7963, 52.7182], [14.7914, 52.7046], [14.7916, 52.6971], [14.7784, 52.6823], [14.7682, 52.675], [14.7634, 52.6702], [14.7554, 52.6712], [14.7501, 52.6653], [14.7476, 52.6471], [14.7492, 52.6444], [14.7434, 52.6413], [14.7326, 52.6405], [14.7268, 52.6339], [14.722, 52.6326], [14.7036, 52.6323], [14.6991, 52.6336], [14.6916, 52.6331], [14.6899, 52.6358], [14.6726, 52.6373], [14.6583, 52.6423], [14.6623, 52.6463], [14.6605, 52.6491], [14.6475, 52.6512], [14.6504, 52.6533], [14.6383, 52.6593], [14.6289, 52.6599], [14.6285, 52.6548], [14.5829, 52.6326], [14.5772, 52.6335], [14.569, 52.6297], [14.564, 52.6247], [14.572, 52.6218], [14.5816, 52.6156], [14.5962, 52.6107], [14.6036, 52.605], [14.6095, 52.5973], [14.6109, 52.5907], [14.6137, 52.5866], [14.6232, 52.5808], [14.6343, 52.5768], [14.6381, 52.5744], [14.6398, 52.5702], [14.6344, 52.5646], [14.6185, 52.5569], [14.6152, 52.553], [14.6133, 52.544], [14.6051, 52.5355], [14.605, 52.5276], [14.6102, 52.5196], [14.611, 52.5137], [14.616, 52.5081], [14.6235, 52.5061], [14.6317, 52.5018], [14.6354, 52.4964], [14.6331, 52.4901], [14.6238, 52.4819], [14.6143, 52.4779], [14.6122, 52.4758], [14.6101, 52.4652], [14.5999, 52.4589], [14.5941, 52.4527], [14.5862, 52.4488], [14.5793, 52.4417], [14.5756, 52.4404], [14.562, 52.4396], [14.5551, 52.4374], [14.5476, 52.4317], [14.5439, 52.424], [14.547, 52.4141], [14.5457, 52.4111], [14.5361, 52.4014], [14.535, 52.3935], [14.549, 52.3793], [14.5521, 52.3741], [14.5532, 52.3606], [14.5521, 52.3537], [14.5536, 52.3499], [14.5617, 52.3413], [14.5631, 52.3381], [14.561, 52.331], [14.565, 52.3258], [14.5727, 52.3239], [14.5781, 52.3184], [14.5789, 52.3123], [14.5849, 52.3065], [14.583, 52.3013], [14.576, 52.2971], [14.5741, 52.2922], [14.5758, 52.2886], [14.5889, 52.2821], [14.5926, 52.2747], [14.6024, 52.2719], [14.6171, 52.2715], [14.6371, 52.2649], [14.6465, 52.2626], [14.6591, 52.2623], [14.6744, 52.2586], [14.6877, 52.2571], [14.6927, 52.2557], [14.7009, 52.2504], [14.7062, 52.2419], [14.7149, 52.2368], [14.7161, 52.2328], [14.7129, 52.2286], [14.7117, 52.2192], [14.7084, 52.2117], [14.7026, 52.2061], [14.6885, 52.1989], [14.6854, 52.1924], [14.6899, 52.1881], [14.6993, 52.1822], [14.7053, 52.1735], [14.7031, 52.1643], [14.6954, 52.1572], [14.6822, 52.1481], [14.6791, 52.1435], [14.6801, 52.1378], [14.684, 52.1258], [14.6816, 52.1167], [14.6858, 52.1093], [14.6947, 52.1016], [14.7048, 52.0967], [14.7134, 52.096], [14.7243, 52.0935], [14.7413, 52.0852], [14.7461, 52.0813], [14.7511, 52.0728], [14.7584, 52.0674], [14.7573, 52.0607], [14.7478, 52.0564], [14.7452, 52.0539], [14.746, 52.0461], [14.7499, 52.042], [14.7475, 52.0368], [14.7484, 52.0323], [14.7399, 52.028], [14.7408, 52.0228], [14.7342, 52.0194], [14.7267, 52.0139], [14.7252, 52.0082], [14.714, 52.0037], [14.7217, 51.9951], [14.7174, 51.9886], [14.7162, 51.9824], [14.7117, 51.9797], [14.707, 51.9796], [14.7048, 51.9761], [14.7069, 51.9735], [14.7073, 51.9657], [14.7137, 51.9572], [14.7209, 51.953], [14.7194, 51.942], [14.7137, 51.9375], [14.7066, 51.9354], [14.7035, 51.9313], [14.7055, 51.9242], [14.7021, 51.9207], [14.6997, 51.9143], [14.6913, 51.9081], [14.6936, 51.9013], [14.6853, 51.8985], [14.6805, 51.8951], [14.6752, 51.8947], [14.6734, 51.8895], [14.6631, 51.8905], [14.6605, 51.8863], [14.6559, 51.8848], [14.6525, 51.8789], [14.6526, 51.8744], [14.6461, 51.8717], [14.6442, 51.8674], [14.6346, 51.8654], [14.6322, 51.8629], [14.623, 51.8578], [14.6124, 51.8576], [14.6071, 51.8522], [14.6124, 51.8455], [14.6033, 51.8469], [14.6059, 51.8411], [14.6013, 51.8397], [14.5963, 51.8422], [14.5905, 51.8387], [14.5928, 51.8295], [14.5896, 51.8265], [14.591, 51.8199], [14.5972, 51.8173], [14.6008, 51.8126], [14.6008, 51.8092], [14.6049, 51.805], [14.6143, 51.8038], [14.6166, 51.8018], [14.624, 51.8004], [14.6313, 51.8017], [14.6368, 51.7974], [14.6431, 51.7968], [14.6463, 51.7943], [14.6491, 51.7871], [14.6536, 51.7843], [14.6527, 51.7796], [14.6551, 51.7736], [14.654, 51.7667], [14.6503, 51.7627], [14.6515, 51.7607], [14.6627, 51.7584], [14.6629, 51.7554], [14.6571, 51.7525], [14.6599, 51.7494], [14.6567, 51.7405], [14.662, 51.7367], [14.6681, 51.7258], [14.6761, 51.7236], [14.6802, 51.7175], [14.6892, 51.7093], [14.7014, 51.7048], [14.7157, 51.6966], [14.7245, 51.6905], [14.7296, 51.6883], [14.736, 51.6888], [14.7395, 51.6834], [14.737, 51.6794], [14.7398, 51.6773], [14.7468, 51.6762], [14.7529, 51.6649], [14.7578, 51.6611], [14.7511, 51.6516], [14.7559, 51.6457], [14.7541, 51.6408], [14.7559, 51.6318], [14.7541, 51.6268], [14.7607, 51.6219], [14.7641, 51.6174], [14.7651, 51.6078], [14.762, 51.6034], [14.7538, 51.5996], [14.7505, 51.5949], [14.7421, 51.593], [14.7399, 51.5902], [14.7304, 51.5841], [14.7269, 51.575], [14.7204, 51.571], [14.7156, 51.5653], [14.7112, 51.5627], [14.7181, 51.5543], [14.7236, 51.5539], [14.7289, 51.5504], [14.7314, 51.545], [14.7266, 51.5402], [14.7291, 51.5357], [14.7291, 51.5314], [14.7367, 51.5256], [14.7431, 51.5253], [14.7508, 51.522], [14.7583, 51.5233], [14.7665, 51.5189], [14.7785, 51.5176], [14.7837, 51.5185], [14.7891, 51.5171], [14.7967, 51.5176], [14.7999, 51.515], [14.8054, 51.5142], [14.8135, 51.5059], [14.8201, 51.5074], [14.8252, 51.505], [14.833, 51.5034], [14.8351, 51.4994], [14.8444, 51.4948], [14.8528, 51.4893], [14.8589, 51.4908], [14.8664, 51.49], [14.8701, 51.4853], [14.8771, 51.4856], [14.8875, 51.4879], [14.8915, 51.4844], [14.8978, 51.4821], [14.907, 51.484], [14.9158, 51.4838], [14.9224, 51.4823], [14.9253, 51.4794], [14.9267, 51.4732], [14.947, 51.4721], [14.9525, 51.4684], [14.9567, 51.4626], [14.9559, 51.4585], [14.9627, 51.4532], [14.9668, 51.446], [14.9742, 51.4419], [14.9728, 51.4352], [14.9701, 51.4322], [14.9641, 51.4342], [14.9586, 51.4312], [14.9661, 51.4268], [14.9644, 51.4239], [14.967, 51.4162], [14.9645, 51.4122], [14.9589, 51.4109], [14.9682, 51.4021], [14.9689, 51.3977], [14.9641, 51.398], [14.9635, 51.3941], [14.9659, 51.3914], [14.9647, 51.3868], [14.9693, 51.3815], [14.9779, 51.3756], [14.9836, 51.374], [14.9783, 51.3702], [14.9772, 51.3655], [14.9742, 51.364], [14.9827, 51.3632], [15.0089, 51.3644], [15.0126, 51.3687], [15.009, 51.3742], [15.0134, 51.3843], [15.0182, 51.3866], [15.0179, 51.3935], [15.0309, 51.3935], [15.0625, 51.3969], [15.0712, 51.397], [15.078, 51.4018], [15.083, 51.4086], [15.0828, 51.4187], [15.0851, 51.4252], [15.0933, 51.4295], [15.0954, 51.4254], [15.1118, 51.4284], [15.1206, 51.4339], [15.1256, 51.4348], [15.1297, 51.4379], [15.1506, 51.4424], [15.1531, 51.446], [15.1648, 51.4508], [15.1787, 51.46], [15.187, 51.464], [15.1979, 51.4623], [15.2019, 51.4633], [15.2035, 51.4574], [15.2002, 51.4482], [15.2009, 51.4461], [15.2082, 51.4443], [15.2182, 51.4444], [15.2435, 51.4463], [15.252, 51.449], [15.255, 51.4452], [15.2621, 51.444], [15.2667, 51.4417]]]}}, {"type": "Feature", "properties": {"code": "02", "name": "dolnośląskie", "country": "PL", "level": "region", "type": "województwo"}, "geometry": {"type": "Polygon", "coordinates": [[[16.6399, 51.735], [16.6466, 51.7411], [16.6479, 51.7442], [16.6351, 51.749], [16.625, 51.7475], [16.619, 51.7447], [16.6064, 51.7449], [16.6003, 51.7459], [16.5947, 51.7505], [16.583, 51.7508], [16.5806, 51.7521], [16.5798, 51.7659], [16.5767, 51.7686], [16.5439, 51.7657], [16.54, 51.7671], [16.5441, 51.774], [16.5419, 51.7761], [16.5453, 51.7801], [16.5405, 51.7815], [16.5314, 51.7809], [16.5136, 51.7817], [16.5061, 51.7812], [16.4845, 51.7823], [16.478, 51.7855], [16.4687, 51.786], [16.4639, 51.7841], [16.4492, 51.788], [16.4303, 51.7847], [16.4162, 51.7849], [16.4168, 51.7828], [16.411, 51.7788], [16.4069, 51.7724], [16.3983, 51.7706], [16.3952, 51.7672], [16.3833, 51.7704], [16.3765, 51.7626], [16.3763, 51.7557], [16.378, 51.753], [16.3722, 51.749], [16.3707, 51.745], [16.3628, 51.7425], [16.3616, 51.7359], [16.3693, 51.7288], [16.3589, 51.7207], [16.3559, 51.716], [16.3504, 51.7157], [16.3476, 51.7091], [16.34, 51.7088], [16.3384, 51.706], [16.3265, 51.7021], [16.3173, 51.7026], [16.3027, 51.6985], [16.3017, 51.6951], [16.2973, 51.6947], [16.2979, 51.6899], [16.2809, 51.6885], [16.2694, 51.6847], [16.2678, 51.6779], [16.275, 51.673], [16.2735, 51.67], [16.2676, 51.6667], [16.2653, 51.6731], [16.2557, 51.679], [16.2517, 51.6862], [16.2405, 51.6877], [16.2345, 51.6898], [16.2236, 51.6967], [16.2278, 51.6987], [16.2192, 51.7098], [16.2176, 51.7146], [16.2024, 51.7144], [16.1992, 51.7181], [16.1944, 51.7156], [16.1858, 51.7161], [16.1815, 51.7114], [16.1735, 51.7122], [16.1723, 51.7092], [16.1664, 51.7096], [16.16, 51.7118], [16.1618, 51.7197], [16.1778, 51.764], [16.1729, 51.7639], [16.1651, 51.7598], [16.1571, 51.7588], [16.1517, 51.7601], [16.1332, 51.7591], [16.134, 51.7652], [16.1184, 51.7657], [16.1163, 51.7636], [16.1008, 51.7674], [16.0779, 51.7744], [16.0727, 51.7777], [16.0699, 51.7826], [16.0538, 51.7817], [16.0425, 51.7836], [16.0399, 51.7807], [16.0352, 51.7817], [16.034, 51.785], [16.035, 51.7953], [16.029, 51.8024], [16.0217, 51.8027], [16.0179, 51.8013], [16.0092, 51.8021], [16.0039, 51.8005], [16.0012, 51.8036], [15.9948, 51.8048], [15.9792, 51.8023], [15.9821, 51.8006], [15.9772, 51.7959], [15.9685, 51.7949], [15.9661, 51.7916], [15.9719, 51.7825], [15.9773, 51.7816], [15.9823, 51.7785], [16.0034, 51.7783], [16.0086, 51.7757], [16.0063, 51.7732], [15.989, 51.7692], [15.98, 51.7736], [15.9768, 51.7691], [15.9687, 51.7684], [15.9766, 51.7481], [15.973, 51.7439], [15.9676, 51.7452], [15.9611, 51.7435], [15.9636, 51.7371], [15.9632, 51.7337], [15.9546, 51.7361], [15.9521, 51.7339], [15.9298, 51.7376], [15.9265, 51.7296], [15.9219, 51.7297], [15.9124, 51.7255], [15.9011, 51.7304], [15.8925, 51.7295], [15.8853, 51.7213], [15.8784, 51.7189], [15.8718, 51.7207], [15.8682, 51.716], [15.8676, 51.7078], [15.8652, 51.707], [15.8646, 51.6986], [15.8656, 51.6926], [15.855, 51.6889], [15.8522, 51.684], [15.8425, 51.6816], [15.8448, 51.6754], [15.8343, 51.6722], [15.8413, 51.6675], [15.8486, 51.6658], [15.8427, 51.6612], [15.8516, 51.6602], [15.8562, 51.6573], [15.8555, 51.6527], [15.8526, 51.6495], [15.8366, 51.6442], [15.8304, 51.6368], [15.834, 51.6222], [15.8276, 51.6159], [15.8228, 51.6131], [15.8216, 51.6072], [15.8158, 51.6029], [15.8239, 51.5738], [15.8236, 51.5727], [15.8081, 51.5734], [15.77, 51.5697], [15.7428, 51.556], [15.7237, 51.5522], [15.7069, 51.5561], [15.7028, 51.5519], [15.7032, 51.5464], [15.7123, 51.5465], [15.713, 51.5428], [15.7108, 51.5295], [15.7108, 51.5237], [15.7141, 51.5216], [15.714, 51.5174], [15.7006, 51.5174], [15.701, 51.5125], [15.6789, 51.5124], [15.6788, 51.5056], [15.6733, 51.5057], [15.6731, 51.4989], [15.6676, 51.499], [15.6673, 51.4889], [15.6629, 51.4858], [15.6642, 51.4827], [15.6606, 51.4773], [15.6548, 51.4722], [15.6466, 51.4783], [15.6346, 51.4788], [15.6345, 51.4721], [15.6241, 51.472], [15.6235, 51.4635], [15.6154, 51.4586], [15.6013, 51.4478], [15.5928, 51.4521], [15.5861, 51.4518], [15.5881, 51.4594], [15.5917, 51.4627], [15.595, 51.4697], [15.4877, 51.5276], [15.4878, 51.5239], [15.4845, 51.5211], [15.4858, 51.5136], [15.4823, 51.513], [15.4692, 51.5146], [15.4706, 51.5182], [15.4625, 51.5223], [15.4576, 51.5211], [15.4524, 51.5246], [15.4371, 51.5273], [15.4347, 51.525], [15.4173, 51.5229], [15.407, 51.5205], [15.4042, 51.5216], [15.401, 51.5272], [15.3943, 51.5291], [15.3857, 51.5283], [15.3847, 51.5184], [15.3803, 51.5144], [15.3818, 51.5115], [15.3712, 51.5079], [15.3671, 51.4929], [15.3715, 51.4884], [15.3695, 51.4866], [15.3704, 51.4805], [15.3756, 51.4791], [15.3803, 51.481], [15.3793, 51.4702], [15.3725, 51.4697], [15.3599, 51.4712], [15.3467, 51.4716], [15.3394, 51.4741], [15.3337, 51.4516], [15.3433, 51.4469], [15.3381, 51.4417], [15.3353, 51.4369], [15.3281, 51.4291], [15.3287, 51.4229], [15.3249, 51.4185], [15.3337, 51.4099], [15.3274, 51.4077], [15.3215, 51.4084], [15.3211, 51.4109], [15.3152, 51.4177], [15.2983, 51.4201], [15.2928, 51.4231], [15.2875, 51.4308], [15.2755, 51.4298], [15.2726, 51.4328], [15.2724, 51.4379], [15.2667, 51.4417], [15.2621, 51.444], [15.255, 51.4452], [15.252, 51.449], [15.2435, 51.4463], [15.2182, 51.4444], [15.2082, 51.4443], [15.2009, 51.4461], [15.2002, 51.4482], [15.2035, 51.4574], [15.2019, 51.4633], [15.1979, 51.4623], [15.187, 51.464], [15.1787, 51.46], [15.1648, 51.4508], [15.1531, 51.446], [15.1506, 51.4424], [15.1297, 51.4379], [15.1256, 51.4348], [15.1206, 51.4339], [15.1118, 51.4284], [15.0954, 51.4254], [15.0933, 51.4295], [15.0851, 51.4252], [15.0828, 51.4187], [15.083, 51.4086], [15.078, 51.4018], [15.0712, 51.397], [15.0625, 51.3969], [15.0309, 51.3935], [15.0179, 51.3935], [15.0182, 51.3866], [15.0134, 51.3843], [15.009, 51.3742], [15.0126, 51.3687], [15.0089, 51.3644], [14.9827, 51.3632], [14.9742, 51.364], [14.965, 51.3618], [14.9674, 51.3593], [14.9741, 51.3592], [14.9785, 51.3481], [14.9778, 51.3417], [14.9808, 51.3393], [14.9822, 51.334], [14.9869, 51.3288], [14.994, 51.3274], [14.9924, 51.3237], [14.9988, 51.3203], [15.0025, 51.3203], [15.0086, 51.3166], [15.0077, 51.3102], [15.0126, 51.3086], [15.013, 51.3008], [15.0229, 51.3002], [15.0329, 51.2944], [15.0325, 51.2848], [15.0354, 51.2829], [15.0343, 51.2777], [15.0418, 51.2742], [15.0371, 51.2707], [15.036, 51.2647], [15.0371, 51.2577], [15.032, 51.2574], [15.0302, 51.2546], [15.0249, 51.2539], [15.0233, 51.2501], [15.0315, 51.2482], [15.0379, 51.244], [15.0318, 51.2406], [15.0269, 51.2337], [15.0209, 51.2286], [15.0164, 51.2277], [15.0182, 51.221], [15.016, 51.2142], [15.0109, 51.2141], [15.0129, 51.2082], [15.0076, 51.2045], [15.008, 51.1992], [15.0128, 51.1989], [15.0142, 51.1957], [15.0047, 51.1909], [15.0088, 51.1826], [15.0014, 51.1719], [15.0037, 51.1666], [14.9931, 51.1624], [14.9943, 51.1574], [15.001, 51.1499], [14.9964, 51.144], [14.9908, 51.1415], [14.9954, 51.1369], [14.9968, 51.1316], [14.9947, 51.1239], [14.9978, 51.1228], [14.9826, 51.1134], [14.9811, 51.1088], [14.9842, 51.1008], [14.9811, 51.0971], [14.9836, 51.0902], [14.9763, 51.0844], [14.9795, 51.0774], [14.9676, 51.0711], [14.9708, 51.0654], [14.9679, 51.064], [14.963, 51.058], [14.9647, 51.0501], [14.9579, 51.0468], [14.9537, 51.0467], [14.9519, 51.0424], [14.9481, 51.0393], [14.9517, 51.0375], [14.9467, 51.0319], [14.9477, 51.0283], [14.9354, 51.0206], [14.9393, 51.017], [14.9381, 51.0117], [14.929, 50.998], [14.9204, 50.9979], [14.917, 50.9945], [14.9199, 50.9887], [14.9183, 50.9826], [14.9194, 50.9753], [14.9174, 50.9739], [14.9035, 50.9719], [14.9043, 50.9684], [14.8976, 50.9594], [14.8931, 50.9501], [14.8954, 50.9473], [14.8966, 50.9406], [14.8917, 50.9356], [14.879, 50.9331], [14.8753, 50.9308], [14.8718, 50.9228], [14.8659, 50.9166], [14.8516, 50.9106], [14.8434, 50.9007], [14.835, 50.8951], [14.8303, 50.8933], [14.8196, 50.8851], [14.8174, 50.8796], [14.8193, 50.8742], [14.8234, 50.8706], [14.8315, 50.8729], [14.8405, 50.869], [14.8471, 50.8703], [14.8554, 50.8688], [14.8639, 50.8706], [14.8672, 50.8773], [14.8756, 50.877], [14.8829, 50.8745], [14.8973, 50.8674], [14.9002, 50.876], [14.9073, 50.8753], [14.9211, 50.872], [14.9392, 50.8689], [14.948, 50.8642], [14.9593, 50.8619], [14.9704, 50.8643], [14.9771, 50.8675], [14.9953, 50.8697], [15.0021, 50.869], [15.0022, 50.8749], [15, 50.8792], [14.9977, 50.8897], [14.9942, 50.8916], [14.9966, 50.8952], [14.9962, 50.9006], [15.0056, 50.9061], [14.9982, 50.9077], [14.9989, 50.9129], [14.9946, 50.9154], [14.9895, 50.9216], [14.9954, 50.9271], [15.0017, 50.9287], [15.0104, 50.9381], [15.0143, 50.9398], [15.013, 50.9436], [15.0154, 50.9496], [15.0116, 50.958], [15.0108, 50.963], [15.0173, 50.9668], [15.011, 50.9817], [15.0057, 50.9863], [15.0033, 50.9853], [14.9981, 50.9832], [14.996, 50.9825], [14.9947, 50.9824], [14.9912, 50.9808], [14.9915, 50.9807], [14.9889, 50.978], [14.9742, 50.9879], [14.9682, 50.99], [14.9783, 51.0017], [14.9832, 51.0058], [14.9854, 51.0108], [14.9972, 51.0092], [15.0043, 51.0124], [15.0065, 51.0137], [15.0128, 51.0157], [15.0129, 51.0158], [15.0128, 51.0157], [15.0129, 51.0158], [15.015, 51.0168], [15.0161, 51.0192], [15.0161, 51.0195], [15.0161, 51.0197], [15.0161, 51.0198], [15.016, 51.0198], [15.0161, 51.0197], [15.016, 51.0198], [15.0161, 51.0198], [15.0171, 51.0221], [15.0277, 51.0227], [15.033, 51.02], [15.0336, 51.0146], [15.0386, 51.0121], [15.0557, 51.012], [15.0579, 51.0137], [15.0577, 51.0225], [15.0678, 51.0212], [15.0696, 51.0178], [15.0763, 51.0166], [15.077, 51.0145], [15.0788, 51.0137], [15.0847, 51.0148], [15.0936, 51.0126], [15.0941, 51.0125], [15.0984, 51.0132], [15.1011, 51.0125], [15.1025, 51.0122], [15.1026, 51.0122], [15.1026, 51.0121], [15.1025, 51.0122], [15.1025, 51.0121], [15.1026, 51.0121], [15.1036, 51.0114], [15.1039, 51.0113], [15.1061, 51.0103], [15.1071, 51.0098], [15.1071, 51.0097], [15.1071, 51.0091], [15.1069, 51.009], [15.1072, 51.0082], [15.1061, 51.0071], [15.106, 51.0072], [15.1059, 51.0072], [15.106, 51.0072], [15.1059, 51.0072], [15.1052, 51.0067], [15.0984, 51.004], [15.0969, 51.003], [15.0969, 51.0019], [15.0992, 50.9987], [15.099, 50.9982], [15.0989, 50.9978], [15.0989, 50.9977], [15.0989, 50.9978], [15.0989, 50.9977], [15.1003, 50.9963], [15.1005, 50.9954], [15.1005, 50.9952], [15.1007, 50.9948], [15.1008, 50.9948], [15.1007, 50.9948], [15.1008, 50.9948], [15.1028, 50.9932], [15.1064, 50.9916], [15.1094, 50.9918], [15.1128, 50.9922], [15.12, 50.9932], [15.1269, 50.9912], [15.1361, 50.9916], [15.1331, 50.9939], [15.135, 50.9991], [15.1407, 51.0049], [15.1444, 51.0134], [15.1526, 51.0143], [15.1718, 51.02], [15.1747, 51.0113], [15.1748, 50.9988], [15.1768, 50.9928], [15.1755, 50.9887], [15.1722, 50.9871], [15.1893, 50.9802], [15.2, 50.984], [15.1966, 50.9883], [15.2029, 50.9915], [15.2032, 50.9918], [15.2123, 50.9921], [15.2185, 50.9955], [15.2296, 50.9965], [15.2366, 50.9987], [15.2372, 50.9945], [15.2433, 50.9883], [15.2393, 50.986], [15.248, 50.9803], [15.2587, 50.9809], [15.2696, 50.9792], [15.2741, 50.9795], [15.2772, 50.9716], [15.2739, 50.9629], [15.2754, 50.9614], [15.285, 50.9597], [15.292, 50.9535], [15.29, 50.9474], [15.2779, 50.9412], [15.2773, 50.9391], [15.2697, 50.9357], [15.2678, 50.9325], [15.2694, 50.9248], [15.2669, 50.9208], [15.268, 50.9177], [15.2708, 50.9155], [15.2707, 50.9106], [15.2769, 50.8993], [15.2771, 50.891], [15.2899, 50.8817], [15.2924, 50.8763], [15.3098, 50.8614], [15.3186, 50.8604], [15.33, 50.8565], [15.34, 50.8567], [15.3555, 50.8493], [15.3603, 50.8423], [15.3676, 50.8376], [15.3747, 50.8209], [15.37, 50.8144], [15.3743, 50.8111], [15.3662, 50.8018], [15.3725, 50.7958], [15.3715, 50.7925], [15.374, 50.7887], [15.3735, 50.7848], [15.3701, 50.7812], [15.3748, 50.7776], [15.379, 50.7782], [15.3836, 50.7758], [15.3921, 50.7759], [15.4036, 50.7822], [15.4151, 50.7928], [15.4208, 50.8032], [15.4254, 50.8063], [15.4388, 50.8091], [15.4502, 50.8071], [15.4546, 50.8024], [15.4637, 50.801], [15.4767, 50.7947], [15.4805, 50.7908], [15.4883, 50.7901], [15.4937, 50.7882], [15.511, 50.7908], [15.5123, 50.7885], [15.5243, 50.777], [15.539, 50.7801], [15.5457, 50.7805], [15.564, 50.7761], [15.5788, 50.779], [15.5911, 50.7769], [15.6018, 50.7768], [15.6164, 50.7723], [15.6221, 50.7652], [15.6261, 50.7648], [15.6486, 50.7595], [15.6593, 50.7599], [15.6677, 50.7568], [15.6803, 50.7547], [15.6839, 50.7526], [15.6886, 50.7428], [15.6952, 50.7399], [15.7057, 50.7373], [15.7147, 50.7374], [15.7234, 50.7398], [15.7285, 50.7394], [15.735, 50.7361], [15.7398, 50.7359], [15.7445, 50.7387], [15.7598, 50.7436], [15.7672, 50.7437], [15.7792, 50.7423], [15.7888, 50.7467], [15.7915, 50.7527], [15.7991, 50.7525], [15.8143, 50.7554], [15.8171, 50.7547], [15.8197, 50.7498], [15.8318, 50.7428], [15.8305, 50.7344], [15.8319, 50.7324], [15.8299, 50.7247], [15.8393, 50.7175], [15.8461, 50.71], [15.8517, 50.707], [15.8531, 50.7006], [15.8569, 50.6976], [15.8599, 50.6872], [15.8634, 50.6803], [15.861, 50.6744], [15.8679, 50.6738], [15.8799, 50.6712], [15.8851, 50.6721], [15.8889, 50.6757], [15.9067, 50.6798], [15.9164, 50.6826], [15.9195, 50.6846], [15.927, 50.6809], [15.9297, 50.6828], [15.9311, 50.6859], [15.9322, 50.6865], [15.9345, 50.687], [15.9425, 50.687], [15.956, 50.6914], [15.9666, 50.6918], [15.9886, 50.6849], [15.9912, 50.6831], [15.9897, 50.6783], [15.9947, 50.673], [15.9989, 50.6723], [15.9979, 50.6685], [16.0046, 50.6571], [16.0034, 50.6511], [16.0049, 50.6484], [16.001, 50.6453], [16.0055, 50.6424], [16.0085, 50.6345], [16.0144, 50.6338], [16.0217, 50.6302], [16.0148, 50.6285], [16.0081, 50.625], [15.9984, 50.6229], [15.9864, 50.6147], [15.9925, 50.6098], [16.0093, 50.6051], [16.0159, 50.6059], [16.0198, 50.6001], [16.0248, 50.5986], [16.0292, 50.6038], [16.0426, 50.6142], [16.0523, 50.6118], [16.0584, 50.6131], [16.0577, 50.6185], [16.0624, 50.6317], [16.0664, 50.6359], [16.0676, 50.6398], [16.0757, 50.6423], [16.0838, 50.6465], [16.0879, 50.6519], [16.0951, 50.653], [16.1037, 50.6634], [16.1133, 50.6591], [16.1162, 50.6604], [16.1258, 50.6606], [16.1271, 50.6591], [16.1345, 50.6561], [16.1395, 50.6508], [16.1484, 50.6533], [16.1647, 50.6465], [16.1704, 50.6453], [16.1765, 50.6401], [16.1802, 50.6336], [16.1794, 50.6287], [16.1876, 50.6272], [16.194, 50.6303], [16.1997, 50.6311], [16.2002, 50.6314], [16.2174, 50.6333], [16.2205, 50.6365], [16.2218, 50.6502], [16.2254, 50.6562], [16.227, 50.6621], [16.2339, 50.6711], [16.2423, 50.6696], [16.2463, 50.6703], [16.2584, 50.6671], [16.264, 50.6683], [16.2686, 50.6673], [16.28, 50.6681], [16.2818, 50.6614], [16.2952, 50.6598], [16.3003, 50.6608], [16.305, 50.6591], [16.3223, 50.6666], [16.3339, 50.6625], [16.3431, 50.6615], [16.3447, 50.6562], [16.3494, 50.6525], [16.3512, 50.6479], [16.3559, 50.6467], [16.3625, 50.6483], [16.3738, 50.6365], [16.3781, 50.6344], [16.3815, 50.6292], [16.3945, 50.6187], [16.4032, 50.618], [16.4138, 50.6097], [16.423, 50.6063], [16.4283, 50.5999], [16.4435, 50.5863], [16.4449, 50.5796], [16.4264, 50.5708], [16.4175, 50.5685], [16.4046, 50.5693], [16.4034, 50.5663], [16.4084, 50.5614], [16.4106, 50.5564], [16.4109, 50.5479], [16.4022, 50.5465], [16.3944, 50.5433], [16.3874, 50.5418], [16.3982, 50.5345], [16.4018, 50.5299], [16.3952, 50.5264], [16.3862, 50.5201], [16.3739, 50.5164], [16.366, 50.5059], [16.3604, 50.5012], [16.3438, 50.4958], [16.3314, 50.5035], [16.319, 50.5079], [16.3117, 50.5062], [16.3094, 50.4994], [16.3121, 50.4972], [16.3108, 50.4927], [16.3017, 50.491], [16.2997, 50.4852], [16.2941, 50.4792], [16.2685, 50.4829], [16.2696, 50.4796], [16.2587, 50.4802], [16.2551, 50.4765], [16.2492, 50.474], [16.2493, 50.4719], [16.2557, 50.4676], [16.2434, 50.4631], [16.2382, 50.4659], [16.2318, 50.4662], [16.2363, 50.4608], [16.2313, 50.4595], [16.2239, 50.4606], [16.2204, 50.4579], [16.2304, 50.4536], [16.2341, 50.4487], [16.2305, 50.4427], [16.2253, 50.4425], [16.2208, 50.4463], [16.2201, 50.4518], [16.2133, 50.4518], [16.2052, 50.448], [16.1988, 50.4418], [16.1987, 50.4347], [16.1957, 50.4321], [16.1983, 50.4288], [16.204, 50.4296], [16.2096, 50.427], [16.2141, 50.4147], [16.2105, 50.4112], [16.2221, 50.408], [16.2344, 50.4136], [16.2397, 50.4134], [16.2416, 50.4097], [16.2519, 50.4061], [16.2538, 50.4032], [16.2519, 50.3997], [16.2472, 50.3971], [16.2507, 50.3935], [16.2631, 50.3936], [16.2674, 50.3867], [16.2656, 50.3831], [16.2677, 50.3794], [16.2769, 50.3762], [16.2786, 50.3674], [16.2859, 50.3675], [16.2933, 50.3715], [16.2934, 50.3739], [16.3023, 50.3822], [16.3087, 50.3831], [16.3154, 50.3804], [16.3263, 50.3821], [16.3373, 50.3782], [16.3425, 50.378], [16.3485, 50.3807], [16.3534, 50.3786], [16.3608, 50.3795], [16.3649, 50.3739], [16.3636, 50.3707], [16.368, 50.367], [16.3656, 50.3632], [16.3659, 50.3573], [16.3612, 50.3536], [16.3646, 50.3469], [16.3752, 50.3423], [16.3832, 50.3288], [16.3907, 50.3234], [16.3993, 50.3192], [16.4053, 50.3201], [16.4097, 50.3243], [16.4298, 50.3251], [16.4321, 50.324], [16.4321, 50.3238], [16.4369, 50.3205], [16.4379, 50.3165], [16.4435, 50.3135], [16.4482, 50.305], [16.4544, 50.3024], [16.4556, 50.3], [16.4646, 50.2957], [16.4673, 50.2912], [16.4671, 50.2864], [16.4738, 50.2825], [16.48, 50.2772], [16.4812, 50.2723], [16.4869, 50.2708], [16.4887, 50.267], [16.4975, 50.2598], [16.503, 50.2609], [16.5072, 50.2597], [16.5084, 50.2529], [16.5145, 50.251], [16.5128, 50.2474], [16.5228, 50.2394], [16.5292, 50.2376], [16.5376, 50.239], [16.5406, 50.2338], [16.5483, 50.2297], [16.5514, 50.2228], [16.5573, 50.2204], [16.5585, 50.2101], [16.5613, 50.2055], [16.5563, 50.2034], [16.5544, 50.1965], [16.5579, 50.1918], [16.5602, 50.1842], [16.5638, 50.18], [16.5582, 50.174], [16.5578, 50.1707], [16.5608, 50.1643], [16.5685, 50.1604], [16.5763, 50.1584], [16.5777, 50.156], [16.5855, 50.152], [16.5803, 50.1488], [16.5847, 50.1456], [16.5805, 50.1436], [16.5889, 50.1402], [16.5953, 50.1405], [16.6011, 50.136], [16.6029, 50.1347], [16.6135, 50.1312], [16.6138, 50.1253], [16.62, 50.1219], [16.6252, 50.121], [16.6336, 50.1113], [16.6409, 50.1122], [16.654, 50.1097], [16.6644, 50.1062], [16.6783, 50.1037], [16.6893, 50.0985], [16.7036, 50.0963], [16.7164, 50.1011], [16.7239, 50.1052], [16.7272, 50.1097], [16.7294, 50.1172], [16.7338, 50.1202], [16.7374, 50.126], [16.7408, 50.1281], [16.7466, 50.1351], [16.7617, 50.1361], [16.7678, 50.1402], [16.7833, 50.1456], [16.7816, 50.1513], [16.7863, 50.1533], [16.7945, 50.1613], [16.7974, 50.1657], [16.7985, 50.1748], [16.8007, 50.1801], [16.8061, 50.1844], [16.8099, 50.1893], [16.8168, 50.1921], [16.8229, 50.1887], [16.825, 50.1938], [16.8361, 50.1989], [16.8352, 50.2024], [16.8469, 50.2073], [16.8621, 50.201], [16.8633, 50.1981], [16.8721, 50.197], [16.8842, 50.2017], [16.885, 50.2131], [16.8875, 50.2156], [16.8981, 50.2186], [16.898, 50.222], [16.9174, 50.2262], [16.9235, 50.2255], [16.927, 50.223], [16.9349, 50.2237], [16.9448, 50.223], [16.9498, 50.2213], [16.956, 50.2225], [16.9582, 50.2259], [16.9659, 50.2304], [16.9611, 50.2353], [16.9632, 50.2391], [16.9686, 50.2418], [16.9777, 50.2443], [16.9804, 50.2416], [16.9806, 50.2361], [16.9928, 50.2261], [16.9945, 50.2206], [16.9989, 50.2159], [17.0148, 50.2194], [17.0213, 50.2265], [17.0283, 50.23], [17.0153, 50.2404], [17.0107, 50.2427], [17.0108, 50.2492], [17.0033, 50.253], [17.0016, 50.2564], [17.0102, 50.2605], [17.0166, 50.2673], [17.02, 50.2783], [17.0177, 50.2803], [17.0147, 50.2885], [17.0006, 50.3031], [16.9934, 50.3024], [16.9727, 50.3086], [16.9683, 50.3159], [16.9559, 50.3122], [16.9461, 50.3154], [16.9463, 50.3177], [16.9407, 50.3198], [16.9343, 50.3308], [16.9385, 50.3331], [16.9361, 50.3435], [16.9298, 50.3458], [16.9258, 50.3499], [16.9156, 50.3628], [16.9195, 50.3687], [16.9144, 50.38], [16.9151, 50.3825], [16.9105, 50.3849], [16.911, 50.389], [16.9082, 50.3911], [16.899, 50.3896], [16.8902, 50.3967], [16.8718, 50.4031], [16.8605, 50.4112], [16.8684, 50.416], [16.8692, 50.4225], [16.8756, 50.4279], [16.8768, 50.4339], [16.8807, 50.4362], [16.881, 50.4423], [16.8866, 50.4442], [16.8941, 50.4437], [16.8974, 50.4471], [16.9079, 50.4494], [16.9144, 50.4498], [16.922, 50.4537], [16.9403, 50.4611], [16.945, 50.468], [16.9418, 50.4681], [16.9474, 50.4802], [16.959, 50.4878], [16.9714, 50.4889], [16.9805, 50.4824], [16.976, 50.4757], [16.9823, 50.4738], [16.9857, 50.4765], [16.9928, 50.4749], [16.9964, 50.4777], [17.0068, 50.4753], [17.0073, 50.4794], [17.0201, 50.4803], [17.0173, 50.4736], [17.0251, 50.4708], [17.0166, 50.4685], [17.0192, 50.4651], [17.027, 50.4662], [17.0292, 50.4649], [17.0409, 50.4632], [17.0492, 50.4643], [17.055, 50.4692], [17.0546, 50.4757], [17.062, 50.4756], [17.0615, 50.4834], [17.0643, 50.4889], [17.0589, 50.4917], [17.0626, 50.497], [17.0575, 50.5003], [17.0567, 50.5049], [17.0618, 50.5093], [17.0692, 50.514], [17.0743, 50.515], [17.0734, 50.5208], [17.063, 50.5299], [17.0615, 50.5365], [17.0652, 50.5435], [17.0687, 50.5445], [17.0755, 50.5557], [17.086, 50.56], [17.0941, 50.5644], [17.0996, 50.5734], [17.0992, 50.5759], [17.1121, 50.586], [17.1149, 50.5874], [17.1165, 50.5961], [17.124, 50.6084], [17.1335, 50.6088], [17.1409, 50.6103], [17.1525, 50.6106], [17.1543, 50.612], [17.1864, 50.6163], [17.213, 50.6161], [17.2238, 50.6146], [17.2306, 50.6149], [17.236, 50.6132], [17.2448, 50.6197], [17.2419, 50.624], [17.2427, 50.628], [17.2343, 50.6319], [17.2302, 50.6407], [17.2354, 50.6463], [17.2377, 50.6515], [17.2359, 50.6563], [17.2385, 50.6586], [17.2378, 50.6673], [17.2395, 50.6713], [17.2348, 50.6811], [17.2481, 50.6828], [17.2591, 50.6905], [17.2202, 50.7014], [17.2218, 50.7052], [17.2208, 50.7137], [17.2257, 50.7156], [17.2389, 50.7154], [17.2405, 50.7184], [17.2478, 50.7194], [17.252, 50.7177], [17.2587, 50.725], [17.2643, 50.7343], [17.265, 50.7398], [17.2725, 50.7415], [17.2756, 50.7446], [17.2858, 50.743], [17.2943, 50.7376], [17.3011, 50.743], [17.2914, 50.7465], [17.2975, 50.7533], [17.2795, 50.7609], [17.277, 50.7635], [17.2684, 50.7679], [17.2663, 50.7718], [17.2539, 50.7721], [17.2562, 50.7746], [17.2632, 50.7765], [17.2712, 50.7805], [17.2708, 50.7854], [17.2849, 50.7923], [17.2901, 50.7929], [17.3045, 50.7886], [17.3253, 50.7865], [17.3331, 50.787], [17.3452, 50.7844], [17.3462, 50.7879], [17.352, 50.7904], [17.3547, 50.7948], [17.3504, 50.7994], [17.3491, 50.8052], [17.3384, 50.809], [17.3275, 50.8186], [17.3262, 50.8227], [17.3427, 50.8275], [17.3429, 50.8316], [17.3389, 50.8369], [17.3304, 50.8446], [17.3282, 50.8506], [17.3346, 50.8522], [17.3467, 50.8519], [17.3544, 50.8546], [17.3583, 50.8575], [17.3664, 50.8598], [17.3756, 50.86], [17.3843, 50.8621], [17.3851, 50.8756], [17.3951, 50.8755], [17.3957, 50.8809], [17.3939, 50.8878], [17.3978, 50.8892], [17.3681, 50.898], [17.3525, 50.9007], [17.3599, 50.9061], [17.3579, 50.9071], [17.3671, 50.9137], [17.3705, 50.9183], [17.3686, 50.9213], [17.3694, 50.9257], [17.3816, 50.9247], [17.3887, 50.9221], [17.3965, 50.9211], [17.4026, 50.9187], [17.403, 50.9149], [17.4075, 50.9107], [17.4208, 50.9126], [17.4272, 50.9106], [17.429, 50.9146], [17.4325, 50.9162], [17.4301, 50.9256], [17.4347, 50.928], [17.4375, 50.9327], [17.4383, 50.9395], [17.4309, 50.9459], [17.4338, 50.9543], [17.4314, 50.9671], [17.45, 50.9717], [17.4642, 50.9782], [17.4691, 50.9719], [17.4814, 50.974], [17.5016, 50.9756], [17.5049, 50.9697], [17.5094, 50.9694], [17.5131, 50.9724], [17.5149, 50.9797], [17.5047, 50.985], [17.4954, 50.985], [17.4907, 50.9882], [17.4992, 50.9927], [17.5043, 50.9886], [17.5181, 50.9872], [17.5349, 50.9901], [17.5407, 50.9921], [17.5437, 50.9999], [17.542, 51.0025], [17.5293, 51.0024], [17.5213, 51.0058], [17.522, 51.0091], [17.5144, 51.0116], [17.5185, 51.0175], [17.5189, 51.0254], [17.5272, 51.0316], [17.5335, 51.043], [17.5255, 51.0491], [17.5212, 51.0484], [17.5184, 51.0515], [17.5239, 51.0534], [17.5245, 51.0585], [17.5187, 51.0588], [17.5273, 51.067], [17.5366, 51.0693], [17.5525, 51.0672], [17.5582, 51.0678], [17.5644, 51.0731], [17.5821, 51.0818], [17.5766, 51.0862], [17.5677, 51.0884], [17.5624, 51.0926], [17.568, 51.0984], [17.5719, 51.1062], [17.5782, 51.1108], [17.5718, 51.1161], [17.5756, 51.1238], [17.5764, 51.1294], [17.5656, 51.1335], [17.5677, 51.1378], [17.5572, 51.141], [17.5455, 51.1436], [17.5447, 51.1545], [17.554, 51.1568], [17.5586, 51.1568], [17.5664, 51.1614], [17.5679, 51.1659], [17.5782, 51.1622], [17.5875, 51.169], [17.5948, 51.1687], [17.6027, 51.1759], [17.5966, 51.1785], [17.6068, 51.1891], [17.6195, 51.1844], [17.6206, 51.1754], [17.6329, 51.1747], [17.6404, 51.1731], [17.6394, 51.1681], [17.6559, 51.1666], [17.6591, 51.1634], [17.6693, 51.1608], [17.6742, 51.1641], [17.6828, 51.1657], [17.6994, 51.1651], [17.6981, 51.171], [17.7161, 51.175], [17.738, 51.1741], [17.7495, 51.1791], [17.7538, 51.1868], [17.7798, 51.1832], [17.783, 51.1883], [17.789, 51.1879], [17.7949, 51.19], [17.7953, 51.1941], [17.7805, 51.1971], [17.775, 51.1989], [17.7676, 51.2039], [17.7625, 51.211], [17.7566, 51.2164], [17.7548, 51.221], [17.7578, 51.2265], [17.7541, 51.2352], [17.7452, 51.2416], [17.7458, 51.2498], [17.7429, 51.2546], [17.7457, 51.2637], [17.749, 51.2668], [17.7491, 51.2705], [17.7382, 51.2757], [17.7516, 51.2812], [17.7518, 51.2839], [17.7473, 51.286], [17.7503, 51.2907], [17.7576, 51.2943], [17.7662, 51.3006], [17.7606, 51.3021], [17.7644, 51.3059], [17.756, 51.3113], [17.7649, 51.3164], [17.7626, 51.3201], [17.7469, 51.3262], [17.7439, 51.3288], [17.7443, 51.3364], [17.7409, 51.3386], [17.7396, 51.3429], [17.7437, 51.3465], [17.7321, 51.3503], [17.7231, 51.3594], [17.7098, 51.3589], [17.71, 51.3635], [17.7043, 51.3667], [17.706, 51.3716], [17.7148, 51.3712], [17.7199, 51.3861], [17.7304, 51.3864], [17.7322, 51.3906], [17.7291, 51.3957], [17.7374, 51.395], [17.737, 51.3999], [17.7466, 51.3982], [17.7522, 51.3985], [17.7556, 51.4035], [17.7545, 51.4076], [17.7495, 51.4116], [17.7485, 51.4146], [17.7375, 51.4159], [17.738, 51.4191], [17.7234, 51.4224], [17.7141, 51.4185], [17.715, 51.4121], [17.7196, 51.405], [17.7156, 51.4015], [17.7031, 51.3995], [17.7004, 51.4017], [17.6869, 51.4054], [17.6881, 51.4078], [17.6743, 51.4149], [17.6686, 51.416], [17.6611, 51.41], [17.6526, 51.4128], [17.6486, 51.4182], [17.6401, 51.4213], [17.6314, 51.4216], [17.6251, 51.4191], [17.6129, 51.423], [17.6121, 51.4198], [17.6039, 51.4094], [17.5896, 51.4099], [17.5801, 51.4084], [17.5706, 51.4051], [17.5631, 51.4063], [17.5543, 51.4105], [17.5491, 51.4162], [17.5483, 51.4191], [17.5406, 51.4213], [17.5453, 51.4284], [17.5519, 51.4352], [17.5482, 51.4429], [17.5306, 51.4549], [17.5207, 51.4623], [17.529, 51.4698], [17.5216, 51.4726], [17.52, 51.476], [17.5231, 51.4803], [17.5233, 51.4849], [17.518, 51.4856], [17.5182, 51.4918], [17.5243, 51.4945], [17.5264, 51.4999], [17.514, 51.5015], [17.5122, 51.5055], [17.5146, 51.511], [17.52, 51.5111], [17.5216, 51.5146], [17.5291, 51.5134], [17.5356, 51.5162], [17.5446, 51.5156], [17.5623, 51.5217], [17.5637, 51.5242], [17.5727, 51.5299], [17.5732, 51.5365], [17.5763, 51.5396], [17.5753, 51.5485], [17.5719, 51.5552], [17.5724, 51.5668], [17.5601, 51.5704], [17.5602, 51.5749], [17.5546, 51.5785], [17.5563, 51.5843], [17.5454, 51.5862], [17.5365, 51.5891], [17.5218, 51.5903], [17.5212, 51.5966], [17.5185, 51.6021], [17.5213, 51.6057], [17.5122, 51.609], [17.5036, 51.6093], [17.499, 51.6157], [17.4866, 51.6167], [17.4698, 51.6265], [17.4596, 51.6264], [17.4597, 51.6282], [17.4382, 51.6329], [17.4301, 51.6326], [17.4185, 51.6306], [17.4117, 51.6312], [17.3892, 51.6363], [17.3804, 51.636], [17.3586, 51.643], [17.3458, 51.645], [17.3383, 51.6451], [17.3302, 51.6479], [17.3243, 51.648], [17.3106, 51.6459], [17.3067, 51.6461], [17.2898, 51.6438], [17.2775, 51.6442], [17.2694, 51.6431], [17.2622, 51.6434], [17.2604, 51.6404], [17.2493, 51.6405], [17.2417, 51.6371], [17.2412, 51.6336], [17.2267, 51.6333], [17.2292, 51.6299], [17.2184, 51.6311], [17.2156, 51.6297], [17.2118, 51.6202], [17.2123, 51.6153], [17.2083, 51.6112], [17.2098, 51.6027], [17.2155, 51.5993], [17.2155, 51.594], [17.2107, 51.5897], [17.2145, 51.5856], [17.2136, 51.5822], [17.2146, 51.5739], [17.2066, 51.567], [17.2029, 51.5678], [17.1992, 51.5745], [17.188, 51.5765], [17.1786, 51.5739], [17.1687, 51.5696], [17.149, 51.5672], [17.1255, 51.5653], [17.1085, 51.5761], [17.0917, 51.5724], [17.0836, 51.5691], [17.0808, 51.5706], [17.0647, 51.5664], [17.0701, 51.555], [17.0692, 51.5525], [17.0593, 51.5517], [17.0598, 51.5457], [17.0538, 51.5452], [17.0461, 51.556], [17.0204, 51.5535], [17.0116, 51.5545], [17.0106, 51.5504], [17.0071, 51.5493], [16.9818, 51.5505], [16.9787, 51.5449], [16.9719, 51.5436], [16.9624, 51.5447], [16.9646, 51.5492], [16.9559, 51.5528], [16.9427, 51.5517], [16.9281, 51.5523], [16.9238, 51.5556], [16.9145, 51.5594], [16.9018, 51.574], [16.8953, 51.5785], [16.8874, 51.581], [16.8684, 51.5789], [16.8588, 51.5802], [16.8508, 51.5799], [16.8433, 51.5772], [16.8317, 51.5756], [16.8284, 51.5722], [16.8193, 51.5777], [16.8111, 51.5869], [16.8037, 51.5864], [16.7928, 51.5905], [16.7948, 51.5917], [16.7954, 51.5997], [16.8027, 51.6009], [16.7989, 51.6039], [16.7825, 51.6113], [16.772, 51.6136], [16.7661, 51.6277], [16.7764, 51.6313], [16.7825, 51.6407], [16.7691, 51.6447], [16.7425, 51.6449], [16.7345, 51.6423], [16.7283, 51.6431], [16.7257, 51.6478], [16.7139, 51.6487], [16.7094, 51.6472], [16.6946, 51.6481], [16.6814, 51.6469], [16.685, 51.6559], [16.676, 51.6573], [16.6637, 51.6563], [16.6499, 51.6578], [16.6432, 51.6607], [16.6392, 51.666], [16.6399, 51.6716], [16.6388, 51.6779], [16.6422, 51.6835], [16.6637, 51.6886], [16.6576, 51.6892], [16.6658, 51.6972], [16.6731, 51.693], [16.6769, 51.6993], [16.6824, 51.7027], [16.6823, 51.7079], [16.6748, 51.7102], [16.6681, 51.7106], [16.6603, 51.7133], [16.65, 51.7204], [16.6449, 51.722], [16.6452, 51.7293], [16.6396, 51.7317], [16.6399, 51.735]]]}}, {"type": "Feature", "properties": {"code": "30", "name": "wielkopolskie", "country": "PL", "level": "region", "type": "województwo"}, "geometry": {"type": "Polygon", "coordinates": [[[18.5266, 52.4988], [18.4925, 52.5032], [18.4855, 52.5028], [18.4863, 52.4981], [18.4736, 52.4921], [18.4725, 52.4895], [18.4622, 52.4904], [18.466, 52.4854], [18.4669, 52.4811], [18.4635, 52.4766], [18.4478, 52.4786], [18.441, 52.4807], [18.4372, 52.4792], [18.4228, 52.4795], [18.4197, 52.4732], [18.409, 52.473], [18.4035, 52.4703], [18.4, 52.4741], [18.3917, 52.4702], [18.3869, 52.4721], [18.384, 52.4772], [18.387, 52.4849], [18.3759, 52.5039], [18.3833, 52.5224], [18.388, 52.5269], [18.3859, 52.532], [18.3724, 52.5382], [18.3524, 52.5434], [18.3398, 52.5375], [18.3399, 52.5305], [18.346, 52.5235], [18.3234, 52.512], [18.3139, 52.5067], [18.2951, 52.5], [18.2756, 52.4914], [18.2717, 52.4868], [18.2663, 52.4863], [18.259, 52.4813], [18.2565, 52.4835], [18.2413, 52.488], [18.2354, 52.4853], [18.2203, 52.4827], [18.2115, 52.4838], [18.2046, 52.4832], [18.2002, 52.4863], [18.1998, 52.493], [18.2026, 52.5006], [18.1987, 52.5048], [18.1826, 52.5037], [18.1667, 52.5066], [18.1548, 52.5095], [18.1378, 52.5048], [18.1306, 52.5072], [18.125, 52.5071], [18.1231, 52.5117], [18.1242, 52.5164], [18.1063, 52.5138], [18.0905, 52.5204], [18.0924, 52.5242], [18.0917, 52.5316], [18.1002, 52.5331], [18.1013, 52.537], [18.1068, 52.5385], [18.1055, 52.5444], [18.0954, 52.5532], [18.0879, 52.5516], [18.0821, 52.5527], [18.0772, 52.5516], [18.0644, 52.5518], [18.0594, 52.5428], [18.051, 52.5448], [18.0491, 52.5469], [18.0343, 52.5495], [18.0314, 52.5519], [18.0227, 52.5551], [18.0026, 52.555], [17.998, 52.5508], [17.9982, 52.5421], [17.9874, 52.5432], [17.9901, 52.5498], [17.987, 52.556], [17.9916, 52.5638], [17.9901, 52.5712], [17.9826, 52.5671], [17.9721, 52.5673], [17.9702, 52.5755], [17.9596, 52.5754], [17.9612, 52.5705], [17.9537, 52.5682], [17.9461, 52.5688], [17.9464, 52.5782], [17.9287, 52.5838], [17.9327, 52.5713], [17.9251, 52.574], [17.9164, 52.5756], [17.9179, 52.5805], [17.9121, 52.5825], [17.9044, 52.5833], [17.9015, 52.5856], [17.9076, 52.5932], [17.9103, 52.601], [17.9089, 52.6081], [17.9014, 52.6118], [17.8952, 52.6176], [17.8765, 52.6286], [17.8773, 52.6328], [17.8627, 52.63], [17.8516, 52.6294], [17.847, 52.6281], [17.8255, 52.6345], [17.8289, 52.6364], [17.827, 52.6426], [17.8183, 52.641], [17.8116, 52.6452], [17.8023, 52.647], [17.7941, 52.6499], [17.79, 52.6491], [17.7843, 52.6514], [17.7803, 52.6486], [17.7771, 52.6363], [17.7617, 52.6347], [17.759, 52.6375], [17.7626, 52.6403], [17.7605, 52.6495], [17.7653, 52.6556], [17.7454, 52.6505], [17.7381, 52.6508], [17.7324, 52.6469], [17.7161, 52.6397], [17.7238, 52.6331], [17.7264, 52.6361], [17.7333, 52.6358], [17.7445, 52.6425], [17.746, 52.6353], [17.7491, 52.6325], [17.7407, 52.6298], [17.7383, 52.6273], [17.7212, 52.6197], [17.7136, 52.615], [17.7061, 52.6086], [17.7017, 52.6084], [17.6981, 52.612], [17.6914, 52.6058], [17.6901, 52.6023], [17.6781, 52.6024], [17.6762, 52.6051], [17.6772, 52.6182], [17.6824, 52.6238], [17.6821, 52.6266], [17.6754, 52.6402], [17.6775, 52.6486], [17.6679, 52.6478], [17.6468, 52.6448], [17.6352, 52.6506], [17.6303, 52.655], [17.6387, 52.6634], [17.6361, 52.6713], [17.6316, 52.6724], [17.6314, 52.6791], [17.6395, 52.6824], [17.6477, 52.6903], [17.6404, 52.6923], [17.6315, 52.7015], [17.6277, 52.7082], [17.6191, 52.7063], [17.6145, 52.703], [17.6004, 52.7051], [17.5813, 52.7046], [17.5771, 52.698], [17.5781, 52.6952], [17.573, 52.6921], [17.5669, 52.6929], [17.5574, 52.6882], [17.5516, 52.6897], [17.5439, 52.6896], [17.5285, 52.6823], [17.5237, 52.6784], [17.5244, 52.6726], [17.5168, 52.6742], [17.5061, 52.6733], [17.5008, 52.6847], [17.4898, 52.6843], [17.4878, 52.6877], [17.4822, 52.6877], [17.4847, 52.682], [17.4673, 52.6805], [17.4718, 52.6857], [17.4718, 52.6937], [17.4748, 52.6959], [17.473, 52.7026], [17.4779, 52.7068], [17.4861, 52.7046], [17.4953, 52.704], [17.5004, 52.7086], [17.5003, 52.7111], [17.4801, 52.7114], [17.4796, 52.7151], [17.4824, 52.7195], [17.4879, 52.7225], [17.4877, 52.7295], [17.4796, 52.7322], [17.4692, 52.7336], [17.4706, 52.7372], [17.4585, 52.7389], [17.4555, 52.7416], [17.4393, 52.7504], [17.4292, 52.7522], [17.4217, 52.7511], [17.4156, 52.7561], [17.4097, 52.7571], [17.4077, 52.7616], [17.4144, 52.7625], [17.4142, 52.7667], [17.4081, 52.7715], [17.4128, 52.7768], [17.4109, 52.7852], [17.4159, 52.7838], [17.4273, 52.7863], [17.4324, 52.7839], [17.4431, 52.7879], [17.4528, 52.7972], [17.4598, 52.7914], [17.4604, 52.7868], [17.473, 52.7876], [17.4842, 52.7861], [17.4974, 52.7855], [17.5029, 52.7865], [17.5098, 52.7958], [17.5054, 52.7986], [17.5045, 52.8041], [17.5137, 52.812], [17.514, 52.8181], [17.521, 52.8215], [17.5196, 52.8271], [17.5123, 52.8318], [17.5158, 52.8385], [17.5136, 52.8445], [17.5133, 52.8549], [17.5233, 52.8555], [17.5271, 52.8582], [17.5247, 52.8639], [17.5263, 52.869], [17.5233, 52.8742], [17.5266, 52.8776], [17.5285, 52.8848], [17.5183, 52.8857], [17.519, 52.8968], [17.5148, 52.9018], [17.5096, 52.9178], [17.5151, 52.9223], [17.5186, 52.928], [17.4983, 52.9325], [17.4913, 52.9458], [17.4839, 52.9501], [17.4753, 52.9483], [17.4639, 52.9488], [17.4573, 52.9509], [17.4484, 52.957], [17.4339, 52.9618], [17.4257, 52.9674], [17.4207, 52.9694], [17.411, 52.971], [17.3946, 52.9824], [17.3686, 52.9733], [17.3605, 52.9752], [17.349, 52.9726], [17.3169, 52.974], [17.3188, 52.9871], [17.317, 52.99], [17.3106, 52.9927], [17.3016, 52.9948], [17.3059, 53.0039], [17.3094, 53.0063], [17.3136, 53.0127], [17.3132, 53.016], [17.3188, 53.0205], [17.3223, 53.0183], [17.3324, 53.019], [17.3347, 53.0254], [17.3367, 53.0427], [17.3306, 53.0512], [17.3293, 53.0621], [17.3268, 53.0663], [17.3239, 53.0783], [17.3345, 53.0774], [17.349, 53.0847], [17.3572, 53.0872], [17.3609, 53.1174], [17.3596, 53.1241], [17.3569, 53.1239], [17.3526, 53.1312], [17.3635, 53.1325], [17.3688, 53.1321], [17.384, 53.133], [17.3904, 53.1377], [17.3895, 53.1442], [17.374, 53.1486], [17.353, 53.1512], [17.3531, 53.1548], [17.3455, 53.1547], [17.3422, 53.1587], [17.3468, 53.1638], [17.3369, 53.1715], [17.3352, 53.1795], [17.3367, 53.1842], [17.3471, 53.1963], [17.3458, 53.2011], [17.3343, 53.2085], [17.3205, 53.2125], [17.3215, 53.2162], [17.329, 53.214], [17.3319, 53.2178], [17.3504, 53.2216], [17.3631, 53.2232], [17.3689, 53.2268], [17.3901, 53.2283], [17.3981, 53.2268], [17.4088, 53.2275], [17.4173, 53.231], [17.4127, 53.2414], [17.4279, 53.2464], [17.422, 53.2517], [17.4237, 53.2553], [17.4388, 53.2675], [17.4252, 53.2777], [17.4202, 53.2834], [17.4107, 53.2871], [17.4073, 53.2825], [17.3957, 53.2882], [17.3925, 53.2909], [17.3968, 53.2931], [17.3897, 53.2972], [17.3847, 53.307], [17.3748, 53.3128], [17.3692, 53.3138], [17.3596, 53.3181], [17.3534, 53.3239], [17.3578, 53.3273], [17.3555, 53.3291], [17.3539, 53.3344], [17.3452, 53.3356], [17.3385, 53.3419], [17.3407, 53.345], [17.334, 53.3487], [17.3252, 53.347], [17.3114, 53.3515], [17.2939, 53.3533], [17.2749, 53.3602], [17.2718, 53.36], [17.2641, 53.3634], [17.2572, 53.3634], [17.2577, 53.3665], [17.2524, 53.3689], [17.2479, 53.3757], [17.2493, 53.3804], [17.2585, 53.3813], [17.2668, 53.3873], [17.2745, 53.3899], [17.2771, 53.3926], [17.2852, 53.3943], [17.2957, 53.4037], [17.2936, 53.4125], [17.2906, 53.4142], [17.2947, 53.4218], [17.3011, 53.423], [17.3099, 53.4266], [17.3157, 53.4317], [17.3241, 53.4327], [17.3309, 53.4364], [17.3357, 53.4421], [17.3359, 53.4465], [17.3387, 53.4493], [17.345, 53.4504], [17.3456, 53.4529], [17.3476, 53.4534], [17.3519, 53.4535], [17.3629, 53.4585], [17.3733, 53.467], [17.3825, 53.4686], [17.3918, 53.4885], [17.3907, 53.491], [17.387, 53.4911], [17.3867, 53.4967], [17.3798, 53.4966], [17.3733, 53.4947], [17.3633, 53.4972], [17.3507, 53.4935], [17.3495, 53.4955], [17.3413, 53.4954], [17.3366, 53.4977], [17.3404, 53.5016], [17.3351, 53.5035], [17.3271, 53.5027], [17.3245, 53.513], [17.3055, 53.5127], [17.3096, 53.525], [17.3026, 53.5291], [17.2961, 53.5246], [17.29, 53.5292], [17.2781, 53.5351], [17.2656, 53.537], [17.2542, 53.5329], [17.2445, 53.5312], [17.2331, 53.5333], [17.2151, 53.5341], [17.2104, 53.5361], [17.1973, 53.5323], [17.1888, 53.5345], [17.1724, 53.5327], [17.1645, 53.5307], [17.1611, 53.5278], [17.1495, 53.5294], [17.1417, 53.5333], [17.1317, 53.5363], [17.1175, 53.5365], [17.1062, 53.5413], [17.099, 53.5427], [17.0898, 53.5427], [17.0842, 53.5389], [17.0841, 53.5367], [17.0731, 53.5323], [17.0646, 53.5232], [17.0585, 53.5204], [17.0487, 53.5201], [17.0453, 53.5185], [17.0328, 53.5158], [17.0263, 53.5179], [17.0225, 53.5173], [17.012, 53.5202], [17.0069, 53.5182], [16.9998, 53.518], [17.0008, 53.5251], [16.9923, 53.5256], [16.9941, 53.5319], [17.0057, 53.5344], [17.0058, 53.5377], [17.0015, 53.5493], [16.9811, 53.5568], [16.977, 53.5533], [16.966, 53.5486], [16.957, 53.5475], [16.9515, 53.5432], [16.9488, 53.5496], [16.9491, 53.5588], [16.9449, 53.5616], [16.9436, 53.5698], [16.9387, 53.5717], [16.9399, 53.576], [16.9378, 53.5796], [16.941, 53.5817], [16.9384, 53.5851], [16.9336, 53.5868], [16.9296, 53.5918], [16.9247, 53.5928], [16.9257, 53.5968], [16.9223, 53.6001], [16.9163, 53.6005], [16.9179, 53.6058], [16.9137, 53.6061], [16.91, 53.6129], [16.906, 53.6132], [16.9023, 53.6182], [16.8962, 53.6211], [16.9011, 53.6249], [16.9002, 53.6279], [16.8934, 53.6285], [16.8994, 53.6338], [16.8963, 53.6352], [16.8998, 53.6409], [16.8922, 53.6559], [16.8824, 53.6539], [16.8811, 53.6519], [16.8696, 53.6477], [16.8664, 53.6503], [16.8537, 53.6387], [16.8553, 53.6324], [16.8491, 53.6272], [16.8417, 53.6261], [16.8311, 53.6346], [16.8261, 53.6434], [16.8145, 53.641], [16.8131, 53.6374], [16.8163, 53.6339], [16.8138, 53.6308], [16.7953, 53.6296], [16.7745, 53.6271], [16.7582, 53.6241], [16.7603, 53.6175], [16.7541, 53.6107], [16.7496, 53.6009], [16.7423, 53.6002], [16.7439, 53.596], [16.7399, 53.5885], [16.7395, 53.5837], [16.7464, 53.5757], [16.7402, 53.5668], [16.7324, 53.569], [16.7278, 53.5673], [16.7254, 53.5606], [16.7272, 53.5551], [16.7192, 53.5455], [16.7187, 53.5365], [16.717, 53.5336], [16.727, 53.5288], [16.7206, 53.5262], [16.722, 53.5221], [16.7153, 53.5205], [16.7106, 53.5161], [16.7006, 53.5148], [16.6956, 53.5183], [16.6805, 53.5074], [16.6655, 53.4973], [16.6548, 53.491], [16.652, 53.487], [16.646, 53.4847], [16.6355, 53.4855], [16.6204, 53.4853], [16.6144, 53.4834], [16.5966, 53.4839], [16.5891, 53.4824], [16.5844, 53.4837], [16.5803, 53.4787], [16.5625, 53.4791], [16.5322, 53.4783], [16.5154, 53.4755], [16.4901, 53.4703], [16.4824, 53.4767], [16.4541, 53.4884], [16.4362, 53.4606], [16.4467, 53.4572], [16.4511, 53.4606], [16.4565, 53.4601], [16.4639, 53.4573], [16.46, 53.4527], [16.4522, 53.4525], [16.4467, 53.4551], [16.4442, 53.4522], [16.4542, 53.4313], [16.4666, 53.4041], [16.4724, 53.405], [16.477, 53.3974], [16.4751, 53.3881], [16.4838, 53.3851], [16.4959, 53.3833], [16.4994, 53.385], [16.5102, 53.3796], [16.5084, 53.3761], [16.5257, 53.3672], [16.5292, 53.3698], [16.5328, 53.3758], [16.5363, 53.376], [16.5415, 53.3668], [16.5512, 53.3587], [16.5516, 53.3563], [16.5584, 53.3558], [16.5626, 53.353], [16.572, 53.3584], [16.5743, 53.3543], [16.5851, 53.3467], [16.594, 53.345], [16.6235, 53.3462], [16.6316, 53.3429], [16.6291, 53.3392], [16.6375, 53.3363], [16.6368, 53.3285], [16.6455, 53.3286], [16.6541, 53.3252], [16.6566, 53.3209], [16.6704, 53.3178], [16.6782, 53.3197], [16.6823, 53.317], [16.681, 53.312], [16.6859, 53.3078], [16.6911, 53.3083], [16.6958, 53.3063], [16.6951, 53.3024], [16.6998, 53.3013], [16.7051, 53.3035], [16.7134, 53.3016], [16.7138, 53.299], [16.6745, 53.2901], [16.6621, 53.2787], [16.6513, 53.2806], [16.6503, 53.2768], [16.6561, 53.2715], [16.6578, 53.2666], [16.6456, 53.2679], [16.6353, 53.2604], [16.6447, 53.2556], [16.6364, 53.2535], [16.6294, 53.2494], [16.6226, 53.239], [16.6207, 53.2336], [16.6323, 53.2337], [16.6345, 53.2278], [16.625, 53.2264], [16.6346, 53.2199], [16.6202, 53.2135], [16.6257, 53.2086], [16.6206, 53.2064], [16.6096, 53.2087], [16.5965, 53.2176], [16.6004, 53.2228], [16.5957, 53.2277], [16.5891, 53.2282], [16.5795, 53.2271], [16.577, 53.2312], [16.5685, 53.2301], [16.5594, 53.2332], [16.5586, 53.229], [16.5507, 53.2233], [16.5564, 53.2213], [16.5448, 53.2172], [16.5357, 53.2201], [16.5291, 53.2138], [16.5312, 53.2066], [16.5396, 53.2014], [16.5278, 53.1997], [16.5276, 53.1972], [16.5206, 53.1858], [16.5102, 53.1823], [16.501, 53.1726], [16.4996, 53.1633], [16.4838, 53.1642], [16.4765, 53.1703], [16.4727, 53.1699], [16.455, 53.1644], [16.445, 53.1544], [16.4369, 53.1567], [16.4325, 53.1564], [16.4248, 53.1486], [16.4167, 53.1489], [16.4141, 53.1536], [16.4053, 53.1585], [16.4095, 53.1636], [16.3992, 53.1637], [16.397, 53.1604], [16.3916, 53.1578], [16.3957, 53.1539], [16.3983, 53.1484], [16.3911, 53.1395], [16.3906, 53.131], [16.3759, 53.1266], [16.3724, 53.1285], [16.363, 53.123], [16.3669, 53.1212], [16.3599, 53.1144], [16.346, 53.1124], [16.3468, 53.1081], [16.352, 53.1038], [16.3555, 53.0966], [16.3593, 53.0935], [16.3642, 53.0822], [16.3611, 53.0756], [16.3509, 53.0728], [16.3436, 53.067], [16.3391, 53.0603], [16.3336, 53.06], [16.3303, 53.0566], [16.324, 53.058], [16.3241, 53.0497], [16.3161, 53.0512], [16.3104, 53.0453], [16.3173, 53.044], [16.3152, 53.0392], [16.3169, 53.0367], [16.2949, 53.0381], [16.286, 53.041], [16.288, 53.0442], [16.2768, 53.0455], [16.2709, 53.0492], [16.2514, 53.0462], [16.2409, 53.0437], [16.2295, 53.0394], [16.2084, 53.0358], [16.1861, 53.0336], [16.1744, 53.0297], [16.1589, 53.0236], [16.1536, 53.02], [16.1378, 53.0137], [16.1244, 53.012], [16.1168, 53.0121], [16.0947, 53.0156], [16.0835, 53.0145], [16.0545, 53.0216], [16.045, 53.0288], [16.0231, 53.0356], [16.0101, 53.0337], [16.0025, 53.0357], [15.9755, 53.0402], [15.9625, 53.0414], [15.9554, 53.0403], [15.9524, 53.0333], [15.9571, 53.032], [15.9557, 53.0254], [15.9578, 53.0227], [15.9546, 53.0173], [15.9563, 53.0149], [15.9558, 53.0081], [15.9532, 53.0062], [15.9537, 53.0016], [15.9494, 52.9985], [15.9509, 52.9918], [15.9549, 52.9894], [15.9562, 52.9765], [15.9522, 52.9718], [15.962, 52.9695], [15.9592, 52.9671], [15.9621, 52.9631], [15.9596, 52.9597], [15.9605, 52.9561], [15.9693, 52.9487], [15.9701, 52.9445], [15.9785, 52.9374], [15.9798, 52.9337], [15.9722, 52.9288], [15.9778, 52.9221], [15.9768, 52.9206], [15.9802, 52.9136], [15.978, 52.9099], [15.9725, 52.9054], [15.9747, 52.9022], [15.9676, 52.8988], [15.9739, 52.8948], [15.9719, 52.8929], [15.976, 52.8838], [15.9797, 52.8809], [15.9756, 52.873], [15.9631, 52.874], [15.9614, 52.8693], [15.9715, 52.8669], [15.9741, 52.859], [15.9609, 52.8542], [15.9548, 52.8561], [15.9463, 52.8542], [15.9517, 52.8432], [15.9229, 52.8311], [15.9187, 52.8411], [15.9018, 52.8353], [15.9005, 52.8331], [15.9045, 52.8266], [15.8971, 52.8255], [15.8954, 52.8197], [15.8965, 52.8152], [15.8932, 52.8128], [15.9032, 52.8061], [15.9119, 52.8062], [15.9117, 52.8037], [15.9189, 52.8036], [15.925, 52.802], [15.9312, 52.803], [15.9346, 52.8014], [15.9348, 52.793], [15.9383, 52.7862], [15.9262, 52.784], [15.9272, 52.7784], [15.9334, 52.7743], [15.9385, 52.7679], [15.9364, 52.7661], [15.9423, 52.7591], [15.9472, 52.7556], [15.9457, 52.7511], [15.9485, 52.7444], [15.947, 52.7337], [15.9449, 52.7292], [15.9356, 52.7274], [15.9199, 52.7232], [15.9074, 52.7149], [15.8996, 52.7137], [15.8849, 52.7149], [15.8643, 52.7102], [15.8458, 52.7092], [15.8373, 52.7063], [15.823, 52.7078], [15.8123, 52.7097], [15.7953, 52.7085], [15.7957, 52.7045], [15.8003, 52.6953], [15.8037, 52.6938], [15.8071, 52.6856], [15.8129, 52.6792], [15.814, 52.6678], [15.7943, 52.6651], [15.7861, 52.6677], [15.7819, 52.6617], [15.783, 52.6531], [15.7782, 52.6496], [15.7799, 52.6442], [15.7763, 52.6379], [15.7816, 52.6366], [15.7937, 52.6371], [15.796, 52.6346], [15.7939, 52.6279], [15.7995, 52.6224], [15.7863, 52.6219], [15.7846, 52.6185], [15.7946, 52.6098], [15.7959, 52.6058], [15.8061, 52.6046], [15.8066, 52.5978], [15.8098, 52.5947], [15.8203, 52.5919], [15.8205, 52.5897], [15.8319, 52.5876], [15.8281, 52.5825], [15.8303, 52.5776], [15.8259, 52.5759], [15.824, 52.5709], [15.8247, 52.5671], [15.8324, 52.5662], [15.8437, 52.5572], [15.8446, 52.5535], [15.8492, 52.5528], [15.8562, 52.5489], [15.8584, 52.544], [15.8486, 52.5366], [15.835, 52.5292], [15.8433, 52.5248], [15.848, 52.5187], [15.863, 52.5104], [15.8771, 52.5108], [15.8755, 52.5062], [15.8676, 52.5026], [15.8754, 52.495], [15.8782, 52.4952], [15.8852, 52.4875], [15.885, 52.4823], [15.8929, 52.4682], [15.8877, 52.4613], [15.8927, 52.4605], [15.8932, 52.456], [15.8966, 52.4516], [15.8956, 52.4466], [15.8752, 52.4427], [15.8779, 52.4373], [15.8683, 52.4351], [15.8621, 52.4388], [15.8566, 52.4394], [15.8564, 52.4326], [15.846, 52.4314], [15.8408, 52.4339], [15.8308, 52.436], [15.8333, 52.4446], [15.8267, 52.4514], [15.8219, 52.4486], [15.8103, 52.4444], [15.8041, 52.4434], [15.8061, 52.4366], [15.8094, 52.4361], [15.8148, 52.4303], [15.8158, 52.4272], [15.8274, 52.4216], [15.835, 52.4153], [15.8401, 52.4064], [15.8436, 52.4029], [15.8513, 52.4035], [15.8608, 52.4027], [15.8702, 52.3965], [15.8839, 52.394], [15.8962, 52.3942], [15.9003, 52.3909], [15.9006, 52.3827], [15.8966, 52.3807], [15.8881, 52.372], [15.8893, 52.3608], [15.8895, 52.3524], [15.8813, 52.3522], [15.8813, 52.3425], [15.8882, 52.3362], [15.8828, 52.33], [15.8824, 52.3273], [15.8881, 52.3221], [15.89, 52.3132], [15.8919, 52.3103], [15.8892, 52.3074], [15.8816, 52.3077], [15.8838, 52.3043], [15.8786, 52.2981], [15.8814, 52.2842], [15.871, 52.2807], [15.8712, 52.2775], [15.8661, 52.2722], [15.8524, 52.2621], [15.8549, 52.2611], [15.8513, 52.2556], [15.8576, 52.2481], [15.8592, 52.2376], [15.8588, 52.2335], [15.8608, 52.2276], [15.8508, 52.2137], [15.855, 52.2049], [15.8613, 52.1978], [15.8598, 52.1857], [15.8621, 52.1774], [15.8591, 52.1741], [15.8584, 52.169], [15.8666, 52.168], [15.8687, 52.1658], [15.8831, 52.1628], [15.881, 52.1562], [15.8836, 52.1559], [15.879, 52.1441], [15.875, 52.1305], [15.8673, 52.1293], [15.862, 52.1247], [15.8568, 52.124], [15.8543, 52.121], [15.8554, 52.1169], [15.8495, 52.1135], [15.8333, 52.1111], [15.8341, 52.1085], [15.8452, 52.0984], [15.848, 52.099], [15.8533, 52.0947], [15.8603, 52.0865], [15.865, 52.0855], [15.8771, 52.088], [15.8842, 52.0849], [15.8899, 52.084], [15.9008, 52.0764], [15.9198, 52.0697], [15.9245, 52.0675], [15.9266, 52.0766], [15.9309, 52.0804], [15.9325, 52.0876], [15.9414, 52.0885], [15.9674, 52.082], [15.9722, 52.0774], [15.9698, 52.0754], [15.9756, 52.0742], [15.9884, 52.0672], [15.9877, 52.0622], [15.9968, 52.0588], [15.9998, 52.06], [16.0055, 52.0543], [15.9981, 52.0532], [15.9917, 52.0504], [15.9891, 52.0433], [15.9945, 52.0352], [15.966, 52.0339], [15.9667, 52.0296], [15.965, 52.0178], [15.9684, 52.0115], [15.9692, 52.0026], [15.9746, 51.9983], [15.9871, 51.9984], [15.9855, 52.0039], [15.9961, 51.9995], [16.0031, 51.9956], [16.0075, 51.9896], [16.01, 51.9815], [16.0323, 51.9784], [16.0606, 51.9772], [16.0796, 51.9828], [16.0847, 51.9861], [16.106, 51.9968], [16.1229, 51.9931], [16.1212, 51.9919], [16.1243, 51.9846], [16.1303, 51.979], [16.1332, 51.9724], [16.1351, 51.9609], [16.1373, 51.9544], [16.1239, 51.9514], [16.1306, 51.9436], [16.1257, 51.942], [16.1295, 51.9391], [16.1262, 51.9339], [16.1269, 51.9316], [16.1341, 51.9319], [16.1382, 51.9255], [16.1324, 51.92], [16.1331, 51.917], [16.1251, 51.9162], [16.1183, 51.9121], [16.1087, 51.9036], [16.1035, 51.9051], [16.0991, 51.9023], [16.1033, 51.8932], [16.1063, 51.8959], [16.1231, 51.8965], [16.1435, 51.895], [16.1529, 51.8923], [16.1616, 51.8924], [16.1617, 51.8901], [16.169, 51.8845], [16.1814, 51.8832], [16.1929, 51.8851], [16.1936, 51.8798], [16.2002, 51.872], [16.2149, 51.8698], [16.2231, 51.8747], [16.2293, 51.876], [16.2353, 51.8821], [16.244, 51.8881], [16.2455, 51.8965], [16.2521, 51.9005], [16.2668, 51.8977], [16.2727, 51.8951], [16.2789, 51.8976], [16.2803, 51.9002], [16.2868, 51.9002], [16.2919, 51.8952], [16.3026, 51.8921], [16.3128, 51.8864], [16.3204, 51.8869], [16.3362, 51.8834], [16.3515, 51.8807], [16.3461, 51.875], [16.3379, 51.876], [16.3351, 51.8711], [16.3415, 51.8688], [16.3505, 51.8637], [16.3577, 51.8574], [16.3726, 51.8539], [16.3871, 51.8464], [16.3795, 51.8389], [16.4005, 51.8378], [16.3989, 51.8361], [16.4006, 51.8306], [16.3952, 51.8238], [16.394, 51.8197], [16.4008, 51.8142], [16.4018, 51.8045], [16.3886, 51.7912], [16.3938, 51.7864], [16.3995, 51.7898], [16.4098, 51.7843], [16.4162, 51.7849], [16.4303, 51.7847], [16.4492, 51.788], [16.4639, 51.7841], [16.4687, 51.786], [16.478, 51.7855], [16.4845, 51.7823], [16.5061, 51.7812], [16.5136, 51.7817], [16.5314, 51.7809], [16.5405, 51.7815], [16.5453, 51.7801], [16.5419, 51.7761], [16.5441, 51.774], [16.54, 51.7671], [16.5439, 51.7657], [16.5767, 51.7686], [16.5798, 51.7659], [16.5806, 51.7521], [16.583, 51.7508], [16.5947, 51.7505], [16.6003, 51.7459], [16.6064, 51.7449], [16.619, 51.7447], [16.625, 51.7475], [16.6351, 51.749], [16.6479, 51.7442], [16.6466, 51.7411], [16.6399, 51.735], [16.6396, 51.7317], [16.6452, 51.7293], [16.6449, 51.722], [16.65, 51.7204], [16.6603, 51.7133], [16.6681, 51.7106], [16.6748, 51.7102], [16.6823, 51.7079], [16.6824, 51.7027], [16.6769, 51.6993], [16.6731, 51.693], [16.6658, 51.6972], [16.6576, 51.6892], [16.6637, 51.6886], [16.6422, 51.6835], [16.6388, 51.6779], [16.6399, 51.6716], [16.6392, 51.666], [16.6432, 51.6607], [16.6499, 51.6578], [16.6637, 51.6563], [16.676, 51.6573], [16.685, 51.6559], [16.6814, 51.6469], [16.6946, 51.6481], [16.7094, 51.6472], [16.7139, 51.6487], [16.7257, 51.6478], [16.7283, 51.6431], [16.7345, 51.6423], [16.7425, 51.6449], [16.7691, 51.6447], [16.7825, 51.6407], [16.7764, 51.6313], [16.7661, 51.6277], [16.772, 51.6136], [16.7825, 51.6113], [16.7989, 51.6039], [16.8027, 51.6009], [16.7954, 51.5997], [16.7948, 51.5917], [16.7928, 51.5905], [16.8037, 51.5864], [16.8111, 51.5869], [16.8193, 51.5777], [16.8284, 51.5722], [16.8317, 51.5756], [16.8433, 51.5772], [16.8508, 51.5799], [16.8588, 51.5802], [16.8684, 51.5789], [16.8874, 51.581], [16.8953, 51.5785], [16.9018, 51.574], [16.9145, 51.5594], [16.9238, 51.5556], [16.9281, 51.5523], [16.9427, 51.5517], [16.9559, 51.5528], [16.9646, 51.5492], [16.9624, 51.5447], [16.9719, 51.5436], [16.9787, 51.5449], [16.9818, 51.5505], [17.0071, 51.5493], [17.0106, 51.5504], [17.0116, 51.5545], [17.0204, 51.5535], [17.0461, 51.556], [17.0538, 51.5452], [17.0598, 51.5457], [17.0593, 51.5517], [17.0692, 51.5525], [17.0701, 51.555], [17.0647, 51.5664], [17.0808, 51.5706], [17.0836, 51.5691], [17.0917, 51.5724], [17.1085, 51.5761], [17.1255, 51.5653], [17.149, 51.5672], [17.1687, 51.5696], [17.1786, 51.5739], [17.188, 51.5765], [17.1992, 51.5745], [17.2029, 51.5678], [17.2066, 51.567], [17.2146, 51.5739], [17.2136, 51.5822], [17.2145, 51.5856], [17.2107, 51.5897], [17.2155, 51.594], [17.2155, 51.5993], [17.2098, 51.6027], [17.2083, 51.6112], [17.2123, 51.6153], [17.2118, 51.6202], [17.2156, 51.6297], [17.2184, 51.6311], [17.2292, 51.6299], [17.2267, 51.6333], [17.2412, 51.6336], [17.2417, 51.6371], [17.2493, 51.6405], [17.2604, 51.6404], [17.2622, 51.6434], [17.2694, 51.6431], [17.2775, 51.6442], [17.2898, 51.6438], [17.3067, 51.6461], [17.3106, 51.6459], [17.3243, 51.648], [17.3302, 51.6479], [17.3383, 51.6451], [17.3458, 51.645], [17.3586, 51.643], [17.3804, 51.636], [17.3892, 51.6363], [17.4117, 51.6312], [17.4185, 51.6306], [17.4301, 51.6326], [17.4382, 51.6329], [17.4597, 51.6282], [17.4596, 51.6264], [17.4698, 51.6265], [17.4866, 51.6167], [17.499, 51.6157], [17.5036, 51.6093], [17.5122, 51.609], [17.5213, 51.6057], [17.5185, 51.6021], [17.5212, 51.5966], [17.5218, 51.5903], [17.5365, 51.5891], [17.5454, 51.5862], [17.5563, 51.5843], [17.5546, 51.5785], [17.5602, 51.5749], [17.5601, 51.5704], [17.5724, 51.5668], [17.5719, 51.5552], [17.5753, 51.5485], [17.5763, 51.5396], [17.5732, 51.5365], [17.5727, 51.5299], [17.5637, 51.5242], [17.5623, 51.5217], [17.5446, 51.5156], [17.5356, 51.5162], [17.5291, 51.5134], [17.5216, 51.5146], [17.52, 51.5111], [17.5146, 51.511], [17.5122, 51.5055], [17.514, 51.5015], [17.5264, 51.4999], [17.5243, 51.4945], [17.5182, 51.4918], [17.518, 51.4856], [17.5233, 51.4849], [17.5231, 51.4803], [17.52, 51.476], [17.5216, 51.4726], [17.529, 51.4698], [17.5207, 51.4623], [17.5306, 51.4549], [17.5482, 51.4429], [17.5519, 51.4352], [17.5453, 51.4284], [17.5406, 51.4213], [17.5483, 51.4191], [17.5491, 51.4162], [17.5543, 51.4105], [17.5631, 51.4063], [17.5706, 51.4051], [17.5801, 51.4084], [17.5896, 51.4099], [17.6039, 51.4094], [17.6121, 51.4198], [17.6129, 51.423], [17.6251, 51.4191], [17.6314, 51.4216], [17.6401, 51.4213], [17.6486, 51.4182], [17.6526, 51.4128], [17.6611, 51.41], [17.6686, 51.416], [17.6743, 51.4149], [17.6881, 51.4078], [17.6869, 51.4054], [17.7004, 51.4017], [17.7031, 51.3995], [17.7156, 51.4015], [17.7196, 51.405], [17.715, 51.4121], [17.7141, 51.4185], [17.7234, 51.4224], [17.738, 51.4191], [17.7375, 51.4159], [17.7485, 51.4146], [17.7495, 51.4116], [17.7545, 51.4076], [17.7556, 51.4035], [17.7522, 51.3985], [17.7466, 51.3982], [17.737, 51.3999], [17.7374, 51.395], [17.7291, 51.3957], [17.7322, 51.3906], [17.7304, 51.3864], [17.7199, 51.3861], [17.7148, 51.3712], [17.706, 51.3716], [17.7043, 51.3667], [17.71, 51.3635], [17.7098, 51.3589], [17.7231, 51.3594], [17.7321, 51.3503], [17.7437, 51.3465], [17.7396, 51.3429], [17.7409, 51.3386], [17.7443, 51.3364], [17.7439, 51.3288], [17.7469, 51.3262], [17.7626, 51.3201], [17.7649, 51.3164], [17.756, 51.3113], [17.7644, 51.3059], [17.7606, 51.3021], [17.7662, 51.3006], [17.7576, 51.2943], [17.7503, 51.2907], [17.7473, 51.286], [17.7518, 51.2839], [17.7516, 51.2812], [17.7382, 51.2757], [17.7491, 51.2705], [17.749, 51.2668], [17.7457, 51.2637], [17.7429, 51.2546], [17.7458, 51.2498], [17.7452, 51.2416], [17.7541, 51.2352], [17.7578, 51.2265], [17.7548, 51.221], [17.7566, 51.2164], [17.7625, 51.211], [17.7676, 51.2039], [17.775, 51.1989], [17.7805, 51.1971], [17.7953, 51.1941], [17.7991, 51.1921], [17.8103, 51.1903], [17.8121, 51.188], [17.8278, 51.1933], [17.8368, 51.1914], [17.8422, 51.1889], [17.848, 51.1835], [17.8512, 51.1724], [17.844, 51.1628], [17.8386, 51.1533], [17.8382, 51.1495], [17.8328, 51.1431], [17.8315, 51.1374], [17.8248, 51.14], [17.8132, 51.1381], [17.8122, 51.1325], [17.817, 51.1324], [17.8199, 51.121], [17.8234, 51.118], [17.8291, 51.1193], [17.8391, 51.1165], [17.8491, 51.1167], [17.8517, 51.1128], [17.8609, 51.1151], [17.8648, 51.1138], [17.8686, 51.1106], [17.8753, 51.1118], [17.8801, 51.1054], [17.8854, 51.1037], [17.8928, 51.1055], [17.9056, 51.107], [17.9173, 51.1127], [17.9223, 51.114], [17.925, 51.1115], [17.9316, 51.1134], [17.9395, 51.1089], [17.9547, 51.1126], [17.993, 51.1211], [18.0038, 51.1219], [18.0151, 51.1271], [18.0394, 51.131], [18.0503, 51.1351], [18.0554, 51.1395], [18.0652, 51.1434], [18.0731, 51.1447], [18.0754, 51.147], [18.068, 51.15], [18.0797, 51.1529], [18.0772, 51.157], [18.0705, 51.1556], [18.0782, 51.1662], [18.0819, 51.1661], [18.0889, 51.1594], [18.0938, 51.1566], [18.1021, 51.1587], [18.1044, 51.1535], [18.126, 51.1691], [18.1381, 51.1712], [18.1514, 51.1713], [18.1539, 51.1731], [18.1618, 51.1743], [18.1637, 51.1725], [18.1684, 51.1779], [18.1663, 51.1812], [18.1703, 51.1856], [18.1736, 51.1919], [18.1621, 51.1923], [18.1621, 51.2055], [18.1652, 51.2123], [18.1717, 51.2147], [18.1742, 51.2184], [18.1786, 51.2203], [18.1796, 51.2222], [18.1743, 51.2309], [18.1749, 51.2382], [18.1675, 51.2429], [18.1684, 51.2482], [18.1675, 51.2557], [18.1715, 51.2612], [18.1703, 51.2714], [18.1592, 51.2736], [18.1507, 51.2732], [18.1533, 51.264], [18.138, 51.2641], [18.1366, 51.2697], [18.1264, 51.2689], [18.1245, 51.265], [18.1193, 51.2621], [18.11, 51.2602], [18.1034, 51.2683], [18.1078, 51.2693], [18.1096, 51.2729], [18.1163, 51.2757], [18.1105, 51.2794], [18.1031, 51.2804], [18.105, 51.2855], [18.1137, 51.2849], [18.12, 51.2866], [18.1119, 51.29], [18.1098, 51.2932], [18.1136, 51.2971], [18.1109, 51.3046], [18.1128, 51.3108], [18.0924, 51.3257], [18.0917, 51.3272], [18.0934, 51.3411], [18.0804, 51.3464], [18.0745, 51.3499], [18.0854, 51.3543], [18.0988, 51.362], [18.1092, 51.3587], [18.1266, 51.3576], [18.1297, 51.3622], [18.1351, 51.3608], [18.1379, 51.3781], [18.1388, 51.3792], [18.1379, 51.3781], [18.1388, 51.3792], [18.1492, 51.3915], [18.1667, 51.3892], [18.1839, 51.3877], [18.1929, 51.3876], [18.1921, 51.3902], [18.1976, 51.3943], [18.2076, 51.404], [18.2058, 51.4124], [18.2039, 51.4168], [18.2087, 51.4179], [18.2114, 51.4235], [18.2072, 51.4282], [18.2063, 51.4328], [18.1942, 51.4368], [18.1882, 51.4412], [18.2027, 51.4439], [18.2149, 51.4474], [18.2116, 51.4517], [18.2127, 51.4543], [18.2279, 51.4519], [18.2453, 51.4445], [18.2553, 51.4388], [18.2713, 51.4356], [18.2793, 51.4325], [18.296, 51.4295], [18.3263, 51.4198], [18.3354, 51.4255], [18.3405, 51.4302], [18.3407, 51.441], [18.3459, 51.4474], [18.3514, 51.4497], [18.3562, 51.4565], [18.3562, 51.4643], [18.3601, 51.4682], [18.3767, 51.4728], [18.3828, 51.4773], [18.3801, 51.5182], [18.3715, 51.5234], [18.3606, 51.5314], [18.3585, 51.5362], [18.3598, 51.5405], [18.3694, 51.5437], [18.373, 51.5474], [18.3683, 51.5497], [18.3696, 51.5562], [18.3678, 51.5616], [18.3648, 51.5645], [18.3727, 51.5768], [18.3706, 51.591], [18.3786, 51.5923], [18.3768, 51.6001], [18.3521, 51.6006], [18.3487, 51.6014], [18.3527, 51.6072], [18.3684, 51.6174], [18.3682, 51.618], [18.3647, 51.624], [18.3585, 51.6263], [18.35, 51.6269], [18.3533, 51.6298], [18.3528, 51.6333], [18.37, 51.6343], [18.3743, 51.6374], [18.3803, 51.6468], [18.3809, 51.6523], [18.3683, 51.6575], [18.3553, 51.6605], [18.3576, 51.6715], [18.3642, 51.6817], [18.3799, 51.6844], [18.3791, 51.6895], [18.3878, 51.6955], [18.3969, 51.6958], [18.3956, 51.6995], [18.4048, 51.7009], [18.4122, 51.7006], [18.4137, 51.7046], [18.4096, 51.706], [18.411, 51.7144], [18.4027, 51.7201], [18.4082, 51.7266], [18.4157, 51.7258], [18.4208, 51.7268], [18.4235, 51.7359], [18.4203, 51.7414], [18.4151, 51.7453], [18.405, 51.7467], [18.4049, 51.7499], [18.4159, 51.7485], [18.4215, 51.7579], [18.4299, 51.7572], [18.4322, 51.7648], [18.4293, 51.7732], [18.4254, 51.7775], [18.42, 51.7795], [18.4165, 51.7851], [18.4093, 51.7917], [18.4243, 51.7928], [18.4244, 51.8006], [18.4291, 51.8016], [18.426, 51.7924], [18.4369, 51.7936], [18.4374, 51.7977], [18.4443, 51.7985], [18.4411, 51.8094], [18.4426, 51.8172], [18.4393, 51.8255], [18.447, 51.8272], [18.4571, 51.8248], [18.4648, 51.8212], [18.4719, 51.8199], [18.4678, 51.8254], [18.4671, 51.8317], [18.4638, 51.8345], [18.4646, 51.838], [18.4701, 51.8394], [18.4689, 51.8439], [18.4721, 51.851], [18.4844, 51.85], [18.4942, 51.8527], [18.5073, 51.8544], [18.5105, 51.8507], [18.5099, 51.8423], [18.5143, 51.8369], [18.5227, 51.8344], [18.5346, 51.8361], [18.535, 51.8417], [18.5465, 51.8429], [18.55, 51.8454], [18.5598, 51.8456], [18.5671, 51.8442], [18.5808, 51.8459], [18.5887, 51.8461], [18.5949, 51.8481], [18.6103, 51.8395], [18.6132, 51.8344], [18.6303, 51.8308], [18.6425, 51.8339], [18.6486, 51.8268], [18.6654, 51.8264], [18.6845, 51.8208], [18.6886, 51.8225], [18.6905, 51.8285], [18.6928, 51.8451], [18.6968, 51.8506], [18.701, 51.8529], [18.6987, 51.8568], [18.6968, 51.8657], [18.7087, 51.8711], [18.7128, 51.8693], [18.721, 51.8735], [18.7223, 51.8781], [18.7286, 51.8863], [18.7334, 51.8885], [18.7365, 51.8922], [18.7354, 51.8955], [18.7393, 51.899], [18.7368, 51.901], [18.7489, 51.9076], [18.7607, 51.9214], [18.7679, 51.9278], [18.7425, 51.9371], [18.7444, 51.9402], [18.7416, 51.9451], [18.7361, 51.9446], [18.7412, 51.9507], [18.7382, 51.9627], [18.7298, 51.9547], [18.7284, 51.9579], [18.7236, 51.9581], [18.715, 51.9682], [18.7155, 51.9701], [18.7332, 51.9682], [18.7322, 51.977], [18.7334, 51.9791], [18.7283, 51.9853], [18.7171, 51.9929], [18.7176, 51.995], [18.7346, 52.0027], [18.726, 52.0131], [18.7303, 52.0143], [18.7285, 52.021], [18.7223, 52.0282], [18.7165, 52.0323], [18.7191, 52.0401], [18.7166, 52.0436], [18.718, 52.0483], [18.7222, 52.0539], [18.7194, 52.0598], [18.7238, 52.0649], [18.7528, 52.0765], [18.7638, 52.0675], [18.7721, 52.0644], [18.7865, 52.061], [18.7951, 52.0614], [18.8027, 52.0658], [18.8124, 52.0673], [18.8192, 52.0699], [18.8194, 52.0651], [18.8278, 52.0642], [18.8399, 52.0717], [18.8421, 52.0802], [18.8534, 52.0814], [18.8518, 52.085], [18.8592, 52.0869], [18.8726, 52.086], [18.8802, 52.0834], [18.8839, 52.0807], [18.8948, 52.0809], [18.9003, 52.0839], [18.9052, 52.0795], [18.9251, 52.0793], [18.9287, 52.0911], [18.9308, 52.1043], [18.94, 52.1011], [18.9443, 52.1056], [18.9498, 52.1193], [18.9471, 52.1245], [18.9425, 52.1279], [18.9316, 52.1232], [18.9214, 52.128], [18.9133, 52.13], [18.9111, 52.1327], [18.9083, 52.1468], [18.9099, 52.1557], [18.9156, 52.1608], [18.9158, 52.1731], [18.9182, 52.186], [18.924, 52.1963], [18.9306, 52.1992], [18.9401, 52.1975], [18.9433, 52.1994], [18.951, 52.1954], [18.9636, 52.2064], [18.9641, 52.2024], [18.9703, 52.2026], [18.9721, 52.2059], [18.9812, 52.2078], [18.9922, 52.2145], [18.9995, 52.2111], [19.0202, 52.2154], [19.0527, 52.2125], [19.0776, 52.2001], [19.0898, 52.2067], [19.0821, 52.2228], [19.0733, 52.2228], [19.0709, 52.2284], [19.0799, 52.2307], [19.0805, 52.2385], [19.0919, 52.24], [19.1025, 52.2425], [19.1039, 52.2464], [19.1014, 52.2493], [19.1018, 52.2534], [19.1003, 52.2659], [19.0948, 52.2706], [19.0832, 52.2699], [19.0713, 52.2728], [19.0604, 52.2719], [19.05, 52.2734], [19.0457, 52.2715], [19.0348, 52.2707], [19.0301, 52.2731], [19.038, 52.2799], [19.0425, 52.2918], [19.0457, 52.2957], [19.0385, 52.2993], [19.0363, 52.3154], [19.0312, 52.318], [19.045, 52.3185], [19.047, 52.3266], [19.0471, 52.3328], [19.0345, 52.3334], [19.029, 52.3321], [19.02, 52.3379], [19.0053, 52.3398], [19.0081, 52.3493], [18.9993, 52.353], [18.9822, 52.3565], [18.9701, 52.3553], [18.9669, 52.3612], [18.98, 52.3646], [18.9735, 52.3699], [18.9769, 52.3707], [18.9754, 52.375], [18.9695, 52.3778], [18.9645, 52.3774], [18.9551, 52.379], [18.9447, 52.3845], [18.9408, 52.3915], [18.9316, 52.3938], [18.9244, 52.3999], [18.9208, 52.3989], [18.9239, 52.3879], [18.929, 52.3788], [18.9205, 52.3758], [18.9113, 52.3784], [18.9125, 52.3662], [18.8927, 52.3631], [18.8891, 52.3609], [18.8839, 52.3613], [18.88, 52.3638], [18.8699, 52.3601], [18.8555, 52.3484], [18.8514, 52.3487], [18.8451, 52.3459], [18.841, 52.346], [18.8356, 52.3431], [18.8245, 52.3482], [18.8191, 52.3474], [18.8142, 52.3524], [18.7872, 52.342], [18.7804, 52.342], [18.7786, 52.3344], [18.7712, 52.334], [18.766, 52.3361], [18.7613, 52.3335], [18.7555, 52.3328], [18.7521, 52.3382], [18.7534, 52.345], [18.7511, 52.3463], [18.754, 52.361], [18.7532, 52.3634], [18.747, 52.3641], [18.7392, 52.3692], [18.7399, 52.3736], [18.7325, 52.3736], [18.7322, 52.38], [18.7266, 52.3842], [18.7225, 52.3895], [18.7183, 52.39], [18.7152, 52.3986], [18.7108, 52.4007], [18.6961, 52.3998], [18.6811, 52.4002], [18.68, 52.4033], [18.683, 52.4075], [18.6826, 52.4112], [18.6771, 52.4176], [18.6768, 52.4232], [18.6697, 52.4242], [18.658, 52.4219], [18.6542, 52.4333], [18.6509, 52.4358], [18.6501, 52.4503], [18.642, 52.4534], [18.6318, 52.4539], [18.6261, 52.4557], [18.608, 52.4559], [18.6025, 52.4639], [18.5901, 52.4681], [18.589, 52.4616], [18.5793, 52.4629], [18.5717, 52.465], [18.5601, 52.4633], [18.5627, 52.473], [18.5597, 52.4841], [18.5541, 52.4851], [18.5478, 52.484], [18.5427, 52.4857], [18.5397, 52.4909], [18.5334, 52.4914], [18.5304, 52.494], [18.5323, 52.497], [18.5267, 52.4988], [18.5266, 52.4988], [18.5267, 52.4988], [18.5266, 52.4988]]]}}, {"type": "Feature", "properties": {"code": "22", "name": "pomorskie", "country": "PL", "level": "region", "type": "województwo"}, "geometry": {"type": "Polygon", "coordinates": [[[19.1293, 53.5883], [19.1304, 53.5997], [19.1276, 53.6022], [19.1304, 53.6083], [19.1387, 53.61], [19.1525, 53.6203], [19.1544, 53.6195], [19.1629, 53.6243], [19.1791, 53.6403], [19.1845, 53.6371], [19.1935, 53.6411], [19.2012, 53.6382], [19.2064, 53.6377], [19.2123, 53.6434], [19.2103, 53.6464], [19.2151, 53.6492], [19.213, 53.6534], [19.2146, 53.6694], [19.2237, 53.6687], [19.2183, 53.6812], [19.213, 53.6914], [19.224, 53.7004], [19.2249, 53.7043], [19.2373, 53.7077], [19.2403, 53.7123], [19.2644, 53.7302], [19.2778, 53.7324], [19.2797, 53.7356], [19.2917, 53.7414], [19.3009, 53.7522], [19.3009, 53.761], [19.3041, 53.7673], [19.2986, 53.7709], [19.303, 53.7782], [19.2997, 53.782], [19.3041, 53.7836], [19.3049, 53.7885], [19.3089, 53.7881], [19.3089, 53.7945], [19.3123, 53.8008], [19.3111, 53.8045], [19.3211, 53.8104], [19.3235, 53.8141], [19.3351, 53.8147], [19.3438, 53.8138], [19.3541, 53.8153], [19.3572, 53.8131], [19.3707, 53.8142], [19.4358, 53.801], [19.4542, 53.7976], [19.4568, 53.791], [19.4551, 53.7892], [19.4605, 53.7832], [19.4806, 53.7771], [19.4825, 53.7802], [19.4719, 53.7849], [19.5003, 53.8066], [19.4796, 53.8168], [19.5186, 53.8466], [19.5121, 53.8489], [19.5142, 53.8567], [19.5244, 53.8601], [19.5296, 53.8692], [19.5304, 53.8743], [19.5369, 53.8747], [19.5392, 53.879], [19.5335, 53.8801], [19.5437, 53.8882], [19.5526, 53.8942], [19.5573, 53.9028], [19.5607, 53.9194], [19.556, 53.9258], [19.5656, 53.9259], [19.5676, 53.928], [19.5813, 53.9271], [19.5821, 53.9395], [19.5748, 53.9437], [19.5577, 53.9442], [19.5591, 53.9473], [19.5531, 53.9479], [19.5417, 53.9464], [19.5362, 53.9445], [19.5127, 53.9474], [19.5037, 53.9448], [19.4892, 53.9466], [19.4842, 53.9427], [19.4758, 53.9442], [19.4587, 53.9421], [19.4444, 53.9369], [19.4437, 53.9347], [19.4373, 53.9319], [19.4262, 53.9296], [19.4168, 53.9263], [19.4005, 53.9302], [19.4017, 53.9343], [19.3737, 53.9354], [19.3689, 53.9382], [19.3724, 53.9462], [19.371, 53.9542], [19.3659, 53.9607], [19.3761, 53.9792], [19.3778, 53.9849], [19.3865, 53.9913], [19.4107, 53.9994], [19.3957, 54.0029], [19.3932, 54.0008], [19.372, 54.0019], [19.3667, 54.006], [19.3602, 54.0045], [19.3247, 54.0203], [19.3201, 54.0271], [19.293, 54.0248], [19.2893, 54.0168], [19.2851, 54.0138], [19.279, 54.0129], [19.2711, 54.0175], [19.2715, 54.0238], [19.2621, 54.0297], [19.259, 54.0357], [19.2663, 54.0371], [19.2722, 54.0421], [19.2822, 54.0418], [19.2747, 54.053], [19.2663, 54.051], [19.2377, 54.0648], [19.2329, 54.0641], [19.2207, 54.0695], [19.2254, 54.0771], [19.2379, 54.0806], [19.2535, 54.0837], [19.2555, 54.0857], [19.2445, 54.0972], [19.2316, 54.1121], [19.2266, 54.1148], [19.2173, 54.1156], [19.2233, 54.1203], [19.236, 54.1256], [19.2395, 54.1283], [19.2471, 54.1407], [19.2576, 54.1508], [19.2581, 54.1552], [19.2547, 54.1591], [19.2489, 54.16], [19.2463, 54.1625], [19.247, 54.1672], [19.2519, 54.1689], [19.2547, 54.1728], [19.2611, 54.1764], [19.2722, 54.1793], [19.2853, 54.1865], [19.2988, 54.1889], [19.3136, 54.1891], [19.3202, 54.1914], [19.3259, 54.2], [19.3263, 54.207], [19.3247, 54.2101], [19.3144, 54.2183], [19.3175, 54.2257], [19.3047, 54.2348], [19.3015, 54.2443], [19.2927, 54.2499], [19.2878, 54.2552], [19.2818, 54.2561], [19.2739, 54.2614], [19.2653, 54.2655], [19.2589, 54.267], [19.2534, 54.2703], [19.2583, 54.2817], [19.2908, 54.2992], [19.415, 54.3201], [19.4957, 54.3457], [19.6357, 54.3922], [19.6487, 54.4533], [19.6377, 54.4592], [19.5971, 54.4385], [19.5461, 54.4185], [19.4781, 54.3978], [19.41, 54.3815], [19.3473, 54.3701], [19.2011, 54.4417], [19.1112, 54.4854], [19.033, 54.5234], [18.8929, 54.5912], [18.8262, 54.6233], [18.8153, 54.6337], [18.7944, 54.6481], [18.7332, 54.6819], [18.6616, 54.7111], [18.5444, 54.7501], [18.4984, 54.7663], [18.4342, 54.7891], [18.4214, 54.798], [18.3697, 54.8139], [18.351, 54.8235], [18.3489, 54.8273], [18.3357, 54.8338], [18.3294, 54.8353], [18.3005, 54.8364], [18.2338, 54.8338], [18.1732, 54.8349], [18.1289, 54.8336], [18.0803, 54.8352], [17.9678, 54.8323], [17.9116, 54.8271], [17.8268, 54.8119], [17.7558, 54.8037], [17.7208, 54.795], [17.6665, 54.7833], [17.6489, 54.7817], [17.6268, 54.7773], [17.5935, 54.7743], [17.5508, 54.7701], [17.5433, 54.7679], [17.5128, 54.7645], [17.4756, 54.7578], [17.3829, 54.7532], [17.352, 54.75], [17.3296, 54.7451], [17.316, 54.7415], [17.2934, 54.7396], [17.2481, 54.7324], [17.2411, 54.7303], [17.1813, 54.7088], [17.1471, 54.6982], [17.1185, 54.6909], [17.0771, 54.6788], [17.0498, 54.67], [17.0441, 54.6689], [17.0351, 54.6623], [17.034, 54.6597], [16.9801, 54.6281], [16.9584, 54.6158], [16.9387, 54.6089], [16.9127, 54.5986], [16.8984, 54.5942], [16.8762, 54.5919], [16.8637, 54.5913], [16.8509, 54.5921], [16.8238, 54.5839], [16.7941, 54.5784], [16.7806, 54.5731], [16.7662, 54.5699], [16.7439, 54.5697], [16.6985, 54.5701], [16.7126, 54.5542], [16.7392, 54.5384], [16.7475, 54.5304], [16.7393, 54.521], [16.7415, 54.5133], [16.7527, 54.4968], [16.7566, 54.4946], [16.764, 54.4861], [16.7789, 54.4846], [16.7933, 54.4874], [16.7932, 54.4844], [16.7995, 54.4843], [16.8007, 54.4807], [16.8106, 54.4818], [16.8117, 54.4743], [16.8172, 54.4687], [16.8198, 54.473], [16.8275, 54.4648], [16.8239, 54.4639], [16.8266, 54.4586], [16.8211, 54.4563], [16.8271, 54.4488], [16.8411, 54.4384], [16.8396, 54.432], [16.8304, 54.4243], [16.8244, 54.4157], [16.8339, 54.4111], [16.8401, 54.4053], [16.8404, 54.3987], [16.8532, 54.389], [16.8522, 54.3861], [16.8586, 54.3826], [16.8572, 54.3781], [16.8507, 54.3741], [16.8382, 54.3758], [16.8375, 54.3705], [16.8215, 54.3683], [16.8078, 54.3705], [16.8097, 54.3595], [16.8156, 54.3602], [16.8281, 54.3458], [16.8231, 54.3379], [16.8229, 54.3379], [16.8231, 54.3379], [16.8241, 54.3316], [16.8198, 54.3248], [16.8139, 54.3186], [16.8198, 54.3168], [16.8387, 54.3163], [16.838, 54.3139], [16.8543, 54.3076], [16.8537, 54.3024], [16.8625, 54.2897], [16.8654, 54.2759], [16.8626, 54.2639], [16.8651, 54.261], [16.8485, 54.2541], [16.844, 54.2506], [16.8313, 54.2458], [16.8267, 54.2471], [16.8169, 54.2464], [16.8095, 54.243], [16.8016, 54.2441], [16.7858, 54.24], [16.7779, 54.2393], [16.7744, 54.2407], [16.7668, 54.2387], [16.7603, 54.2339], [16.7554, 54.2357], [16.7471, 54.2312], [16.7405, 54.2303], [16.7337, 54.2328], [16.7292, 54.2303], [16.7291, 54.2257], [16.7245, 54.2239], [16.7119, 54.2142], [16.7196, 54.2093], [16.7197, 54.2025], [16.7327, 54.2037], [16.7356, 54.194], [16.7351, 54.1846], [16.7287, 54.1841], [16.7301, 54.1795], [16.7341, 54.1767], [16.7452, 54.1743], [16.7503, 54.1714], [16.7573, 54.161], [16.7568, 54.1578], [16.7647, 54.1553], [16.7682, 54.1565], [16.7736, 54.1535], [16.7762, 54.148], [16.7764, 54.1376], [16.7747, 54.1336], [16.7841, 54.1312], [16.7769, 54.1257], [16.779, 54.1192], [16.793, 54.1212], [16.7965, 54.1207], [16.8046, 54.1161], [16.8028, 54.1147], [16.7988, 54.1051], [16.7993, 54.1014], [16.7935, 54.1009], [16.7949, 54.0901], [16.7923, 54.0792], [16.7937, 54.0756], [16.8053, 54.0756], [16.8126, 54.0731], [16.809, 54.0706], [16.8084, 54.0662], [16.8119, 54.0617], [16.8066, 54.0565], [16.7984, 54.0556], [16.7946, 54.0496], [16.7943, 54.0453], [16.7981, 54.0383], [16.7976, 54.0353], [16.7926, 54.0312], [16.7859, 54.0285], [16.7831, 54.0241], [16.7848, 54.0201], [16.7943, 54.0118], [16.7919, 54.0081], [16.8014, 54.004], [16.8012, 54.0001], [16.7961, 53.9961], [16.798, 53.987], [16.7906, 53.9851], [16.79, 53.9814], [16.8043, 53.9791], [16.8134, 53.9792], [16.8132, 53.9838], [16.8102, 53.9859], [16.8025, 53.9858], [16.8082, 53.9945], [16.8146, 53.9967], [16.815, 54.0017], [16.818, 54.0038], [16.8249, 54.0043], [16.8286, 53.9952], [16.8422, 53.9979], [16.8438, 53.9908], [16.8469, 53.9839], [16.8545, 53.9836], [16.8612, 53.9801], [16.8743, 53.9772], [16.8768, 53.9715], [16.8746, 53.9692], [16.8788, 53.9657], [16.8786, 53.9559], [16.876, 53.9521], [16.8623, 53.9509], [16.8755, 53.9446], [16.9087, 53.9253], [16.922, 53.9254], [16.9232, 53.921], [16.9349, 53.9142], [16.9414, 53.9121], [16.9506, 53.9123], [16.9506, 53.9094], [16.9552, 53.9068], [16.962, 53.9076], [16.9645, 53.9049], [16.9821, 53.9049], [16.9763, 53.8798], [16.9707, 53.878], [16.9505, 53.8792], [16.9547, 53.8747], [16.9247, 53.8747], [16.9018, 53.8768], [16.8957, 53.8725], [16.8726, 53.8686], [16.8711, 53.8575], [16.8681, 53.8544], [16.8725, 53.845], [16.8717, 53.8376], [16.8685, 53.8341], [16.8728, 53.8296], [16.8762, 53.8318], [16.8855, 53.8291], [16.8945, 53.8233], [16.9003, 53.8235], [16.9086, 53.8214], [16.9115, 53.8178], [16.9069, 53.8131], [16.9104, 53.8084], [16.9095, 53.8018], [16.9206, 53.7992], [16.9376, 53.8019], [16.9415, 53.8057], [16.9482, 53.8051], [16.9445, 53.8009], [16.9395, 53.79], [16.9341, 53.784], [16.9307, 53.7772], [16.9206, 53.7746], [16.9032, 53.7652], [16.9007, 53.761], [16.8807, 53.7557], [16.8577, 53.7471], [16.868, 53.7306], [16.8773, 53.7191], [16.8757, 53.7151], [16.8793, 53.7012], [16.8803, 53.6884], [16.8866, 53.6734], [16.8922, 53.6559], [16.8998, 53.6409], [16.8963, 53.6352], [16.8994, 53.6338], [16.8934, 53.6285], [16.9002, 53.6279], [16.9011, 53.6249], [16.8962, 53.6211], [16.9023, 53.6182], [16.906, 53.6132], [16.91, 53.6129], [16.9137, 53.6061], [16.9179, 53.6058], [16.9163, 53.6005], [16.9223, 53.6001], [16.9257, 53.5968], [16.9247, 53.5928], [16.9296, 53.5918], [16.9336, 53.5868], [16.9384, 53.5851], [16.941, 53.5817], [16.9378, 53.5796], [16.9399, 53.576], [16.9387, 53.5717], [16.9436, 53.5698], [16.9449, 53.5616], [16.9491, 53.5588], [16.9488, 53.5496], [16.9515, 53.5432], [16.957, 53.5475], [16.966, 53.5486], [16.977, 53.5533], [16.9811, 53.5568], [17.0015, 53.5493], [17.0058, 53.5377], [17.0057, 53.5344], [16.9941, 53.5319], [16.9923, 53.5256], [17.0008, 53.5251], [16.9998, 53.518], [17.0069, 53.5182], [17.012, 53.5202], [17.0225, 53.5173], [17.0263, 53.5179], [17.0328, 53.5158], [17.0453, 53.5185], [17.0487, 53.5201], [17.0585, 53.5204], [17.0646, 53.5232], [17.0731, 53.5323], [17.0841, 53.5367], [17.0842, 53.5389], [17.0898, 53.5427], [17.099, 53.5427], [17.1062, 53.5413], [17.1175, 53.5365], [17.1317, 53.5363], [17.1417, 53.5333], [17.1495, 53.5294], [17.1611, 53.5278], [17.1645, 53.5307], [17.1724, 53.5327], [17.1888, 53.5345], [17.1973, 53.5323], [17.2104, 53.5361], [17.2151, 53.5341], [17.2331, 53.5333], [17.2445, 53.5312], [17.2542, 53.5329], [17.2656, 53.537], [17.2781, 53.5351], [17.29, 53.5292], [17.2961, 53.5246], [17.3026, 53.5291], [17.3096, 53.525], [17.3055, 53.5127], [17.3245, 53.513], [17.3271, 53.5027], [17.3351, 53.5035], [17.3404, 53.5016], [17.3366, 53.4977], [17.3413, 53.4954], [17.3495, 53.4955], [17.3507, 53.4935], [17.3633, 53.4972], [17.3733, 53.4947], [17.3798, 53.4966], [17.3867, 53.4967], [17.387, 53.4911], [17.3907, 53.491], [17.3955, 53.4971], [17.3938, 53.5078], [17.4027, 53.5133], [17.4014, 53.5169], [17.4038, 53.5236], [17.4115, 53.5337], [17.4171, 53.5329], [17.4219, 53.5358], [17.4207, 53.5486], [17.4136, 53.5603], [17.4185, 53.5646], [17.4171, 53.5684], [17.4196, 53.5743], [17.4249, 53.5788], [17.4218, 53.5821], [17.4266, 53.5857], [17.4282, 53.5892], [17.4391, 53.5947], [17.4413, 53.5987], [17.4514, 53.6021], [17.458, 53.5999], [17.4634, 53.602], [17.4745, 53.6031], [17.4793, 53.6018], [17.4836, 53.6039], [17.4997, 53.6077], [17.5016, 53.6115], [17.5089, 53.6173], [17.5102, 53.6132], [17.523, 53.6063], [17.5255, 53.6035], [17.5283, 53.5945], [17.5365, 53.5879], [17.5433, 53.5809], [17.5495, 53.5794], [17.5648, 53.578], [17.5793, 53.5785], [17.5841, 53.5833], [17.5955, 53.5916], [17.6044, 53.5969], [17.6267, 53.5878], [17.6508, 53.5816], [17.6567, 53.5712], [17.672, 53.5702], [17.6749, 53.572], [17.6742, 53.5836], [17.6725, 53.5849], [17.6583, 53.5858], [17.655, 53.5887], [17.657, 53.594], [17.668, 53.6007], [17.6743, 53.5999], [17.6804, 53.5952], [17.6872, 53.5927], [17.6928, 53.5949], [17.7007, 53.5917], [17.7046, 53.5952], [17.7243, 53.5939], [17.7304, 53.5929], [17.7318, 53.6004], [17.7347, 53.6046], [17.7351, 53.6137], [17.7288, 53.6136], [17.7261, 53.6097], [17.711, 53.609], [17.7187, 53.614], [17.719, 53.6168], [17.7147, 53.6213], [17.7151, 53.6254], [17.7117, 53.6295], [17.7119, 53.6362], [17.7141, 53.6382], [17.7236, 53.6404], [17.7238, 53.643], [17.7324, 53.6481], [17.7333, 53.6551], [17.7383, 53.656], [17.7342, 53.6633], [17.7436, 53.6684], [17.7441, 53.6716], [17.7402, 53.674], [17.7407, 53.678], [17.7484, 53.6809], [17.7539, 53.6793], [17.7591, 53.6847], [17.7638, 53.6836], [17.7665, 53.6882], [17.7631, 53.6948], [17.7722, 53.6999], [17.7981, 53.6788], [17.808, 53.6794], [17.8233, 53.6892], [17.8242, 53.6917], [17.8335, 53.6924], [17.839, 53.6903], [17.8469, 53.6909], [17.8522, 53.6879], [17.8638, 53.6929], [17.8725, 53.6995], [17.8784, 53.7074], [17.8814, 53.7063], [17.8916, 53.7076], [17.8967, 53.7099], [17.8925, 53.7174], [17.8964, 53.7183], [17.9023, 53.7229], [17.8931, 53.7275], [17.8894, 53.7277], [17.8861, 53.7347], [17.8838, 53.7349], [17.8761, 53.746], [17.8669, 53.7455], [17.8601, 53.755], [17.8686, 53.7596], [17.8814, 53.7561], [17.8926, 53.7522], [17.9009, 53.7479], [17.9153, 53.748], [17.9226, 53.7497], [17.9318, 53.7493], [17.9326, 53.7449], [17.938, 53.7439], [17.942, 53.7474], [17.9503, 53.7459], [17.9536, 53.7381], [17.9614, 53.7393], [17.9694, 53.7382], [17.9864, 53.7315], [17.9856, 53.7295], [17.9912, 53.7245], [17.9994, 53.7257], [18.0044, 53.7241], [18.0148, 53.7242], [18.0277, 53.729], [18.0344, 53.7262], [18.0468, 53.7362], [18.0416, 53.7398], [18.0499, 53.7412], [18.0577, 53.7605], [18.0659, 53.7676], [18.0706, 53.7735], [18.072, 53.7811], [18.0942, 53.7749], [18.0994, 53.7674], [18.108, 53.7696], [18.1104, 53.7643], [18.1074, 53.7614], [18.1108, 53.7582], [18.1168, 53.7594], [18.1177, 53.7628], [18.1256, 53.7643], [18.1305, 53.7694], [18.138, 53.7675], [18.1518, 53.7682], [18.1541, 53.7609], [18.1549, 53.7532], [18.1706, 53.7453], [18.1809, 53.7472], [18.1814, 53.7533], [18.1939, 53.7564], [18.2015, 53.7562], [18.1997, 53.7521], [18.2004, 53.744], [18.1981, 53.7385], [18.2047, 53.7401], [18.2155, 53.7477], [18.2141, 53.7509], [18.2213, 53.7517], [18.219, 53.7398], [18.2442, 53.7439], [18.2508, 53.7432], [18.2561, 53.7462], [18.2596, 53.7425], [18.2649, 53.741], [18.2701, 53.734], [18.2739, 53.7317], [18.2679, 53.7278], [18.2679, 53.7242], [18.2756, 53.7231], [18.2741, 53.7168], [18.2542, 53.7113], [18.2638, 53.701], [18.2919, 53.6994], [18.3073, 53.6969], [18.3163, 53.6965], [18.3254, 53.6947], [18.3462, 53.6923], [18.3542, 53.6874], [18.3622, 53.6879], [18.3643, 53.6896], [18.38, 53.6885], [18.42, 53.6919], [18.4185, 53.6872], [18.4557, 53.6937], [18.4551, 53.6865], [18.4649, 53.6874], [18.4684, 53.6897], [18.4681, 53.6959], [18.4717, 53.7011], [18.4758, 53.7037], [18.481, 53.7022], [18.4924, 53.7017], [18.4942, 53.6992], [18.5059, 53.701], [18.5145, 53.7038], [18.5177, 53.7012], [18.5232, 53.6915], [18.5125, 53.6877], [18.5145, 53.681], [18.5253, 53.6789], [18.5298, 53.6792], [18.5325, 53.6749], [18.5281, 53.6687], [18.5333, 53.6666], [18.5401, 53.6663], [18.5506, 53.6559], [18.5582, 53.6558], [18.5626, 53.6581], [18.5802, 53.6579], [18.5843, 53.6611], [18.5824, 53.6662], [18.5671, 53.6733], [18.5787, 53.6774], [18.5856, 53.6736], [18.5989, 53.6726], [18.6095, 53.6706], [18.6195, 53.6734], [18.6306, 53.6746], [18.6427, 53.6828], [18.6552, 53.6936], [18.6634, 53.6966], [18.6768, 53.6907], [18.6804, 53.6923], [18.6879, 53.6991], [18.6965, 53.6999], [18.6952, 53.6928], [18.7084, 53.6865], [18.719, 53.6885], [18.731, 53.6844], [18.7358, 53.6871], [18.7413, 53.6928], [18.7471, 53.686], [18.752, 53.6899], [18.7507, 53.6926], [18.7649, 53.6981], [18.7657, 53.6998], [18.7787, 53.7008], [18.7824, 53.704], [18.789, 53.7021], [18.7812, 53.6935], [18.7772, 53.6849], [18.7715, 53.6769], [18.753, 53.6635], [18.7424, 53.6523], [18.7393, 53.6446], [18.7405, 53.6323], [18.7533, 53.6175], [18.7607, 53.6047], [18.7735, 53.607], [18.8253, 53.6048], [18.8414, 53.6034], [18.8432, 53.602], [18.8621, 53.6009], [18.8759, 53.5995], [18.89, 53.5995], [18.8953, 53.5957], [18.9063, 53.5942], [18.9083, 53.5881], [18.9031, 53.5779], [18.9093, 53.5776], [18.9151, 53.5795], [18.9248, 53.591], [18.9436, 53.5882], [18.974, 53.589], [18.9768, 53.5874], [18.9873, 53.5899], [18.9888, 53.5951], [18.9985, 53.5943], [19.0187, 53.591], [19.034, 53.5942], [19.0413, 53.5944], [19.0498, 53.5967], [19.0629, 53.5972], [19.0689, 53.5966], [19.0872, 53.5973], [19.0966, 53.5967], [19.1293, 53.5883]]]}}, {"type": "Feature", "properties": {"code": "16", "name": "opolskie", "country": "PL", "level": "region", "type": "województwo"}, "geometry": {"type": "Polygon", "coordinates": [[[17.7568, 50.0609], [17.761, 50.0589], [17.761, 50.0546], [17.7721, 50.0463], [17.7729, 50.0417], [17.7704, 50.0358], [17.7752, 50.0351], [17.7763, 50.0282], [17.7716, 50.0253], [17.7772, 50.0204], [17.795, 50.0176], [17.7953, 50.0143], [17.8042, 50.0124], [17.8277, 50.0113], [17.8369, 50.0036], [17.8264, 49.994], [17.8328, 49.9916], [17.8365, 49.9924], [17.8425, 49.9869], [17.8502, 49.9869], [17.8525, 49.9821], [17.8565, 49.9799], [17.8617, 49.9805], [17.8686, 49.9725], [17.8852, 49.9793], [17.8924, 49.9799], [17.898, 49.9779], [17.9092, 49.9765], [17.9116, 49.9778], [17.9228, 49.9787], [17.9308, 49.9872], [17.9376, 49.9917], [17.954, 50.0051], [17.9624, 50.0052], [17.9657, 50.0083], [17.9731, 50.0086], [17.9842, 50.0055], [17.9877, 50.0122], [17.9916, 50.0147], [17.9991, 50.0158], [18.0046, 50.0184], [18.0066, 50.0114], [18.0261, 50.0104], [18.0354, 50.011], [18.0403, 50.0072], [18.046, 50.0082], [18.0412, 50.0134], [18.0463, 50.0159], [18.0429, 50.022], [18.049, 50.0275], [18.0434, 50.0367], [18.0383, 50.0364], [18.0247, 50.0388], [18.0178, 50.0314], [18.0088, 50.0313], [18.0043, 50.0378], [18.0066, 50.0447], [18.0052, 50.0535], [18.0135, 50.0556], [18.0207, 50.0608], [18.0345, 50.0659], [18.0412, 50.0698], [18.0425, 50.0739], [18.0522, 50.0838], [18.0571, 50.087], [18.0601, 50.0979], [18.067, 50.1072], [18.072, 50.109], [18.0649, 50.1146], [18.0608, 50.116], [18.062, 50.1193], [18.0671, 50.124], [18.0682, 50.1297], [18.0547, 50.1336], [18.0502, 50.1381], [18.052, 50.1433], [18.0557, 50.145], [18.066, 50.157], [18.0564, 50.1606], [18.0641, 50.1678], [18.0579, 50.1733], [18.0619, 50.1757], [18.071, 50.1706], [18.0784, 50.1744], [18.1011, 50.1777], [18.1009, 50.1756], [18.1058, 50.1688], [18.1105, 50.1673], [18.1228, 50.1748], [18.1205, 50.1792], [18.1246, 50.18], [18.1335, 50.1844], [18.1379, 50.1795], [18.1456, 50.1795], [18.1484, 50.182], [18.1623, 50.1892], [18.1727, 50.1867], [18.177, 50.1837], [18.186, 50.181], [18.1853, 50.1869], [18.1914, 50.1873], [18.2051, 50.1903], [18.2327, 50.1911], [18.2491, 50.1926], [18.2494, 50.1978], [18.244, 50.1969], [18.2356, 50.201], [18.2376, 50.2099], [18.2367, 50.2142], [18.2494, 50.2178], [18.2524, 50.2226], [18.2645, 50.2222], [18.2713, 50.2204], [18.2752, 50.2249], [18.2949, 50.2284], [18.2964, 50.2303], [18.3084, 50.2313], [18.3132, 50.2359], [18.313, 50.2407], [18.3262, 50.2412], [18.3308, 50.2443], [18.3469, 50.2473], [18.3621, 50.2473], [18.3551, 50.2551], [18.3624, 50.2564], [18.3687, 50.2545], [18.3766, 50.2539], [18.386, 50.2555], [18.399, 50.2538], [18.4059, 50.2548], [18.4208, 50.2491], [18.4258, 50.249], [18.4202, 50.2615], [18.4253, 50.2613], [18.4278, 50.265], [18.427, 50.2687], [18.4202, 50.2739], [18.4061, 50.2771], [18.3939, 50.2754], [18.4002, 50.2841], [18.4068, 50.2872], [18.4076, 50.2899], [18.4033, 50.2973], [18.3932, 50.3054], [18.394, 50.3092], [18.3921, 50.3134], [18.409, 50.3172], [18.4057, 50.3243], [18.401, 50.3272], [18.4001, 50.3313], [18.3947, 50.3378], [18.3868, 50.3424], [18.3733, 50.3463], [18.3577, 50.3566], [18.3631, 50.3571], [18.3728, 50.3611], [18.3725, 50.3716], [18.3874, 50.3701], [18.3882, 50.3745], [18.3765, 50.3761], [18.3768, 50.3803], [18.3823, 50.3815], [18.385, 50.3847], [18.3906, 50.3854], [18.3936, 50.3915], [18.3847, 50.4004], [18.3855, 50.4041], [18.3781, 50.4135], [18.3699, 50.4158], [18.3698, 50.4158], [18.3699, 50.4158], [18.3698, 50.4158], [18.3656, 50.4245], [18.3669, 50.4268], [18.376, 50.4265], [18.3872, 50.4323], [18.389, 50.4394], [18.3875, 50.4452], [18.3817, 50.4491], [18.3829, 50.4564], [18.3869, 50.4588], [18.3838, 50.4612], [18.3828, 50.4702], [18.3796, 50.4788], [18.3838, 50.4836], [18.3936, 50.4804], [18.4048, 50.4753], [18.4097, 50.4746], [18.4348, 50.4784], [18.44, 50.4807], [18.4526, 50.4769], [18.4504, 50.474], [18.4533, 50.471], [18.4515, 50.4676], [18.452, 50.4626], [18.4678, 50.4617], [18.4813, 50.4583], [18.4832, 50.4666], [18.486, 50.4699], [18.475, 50.4731], [18.4744, 50.4793], [18.4704, 50.4796], [18.4672, 50.4887], [18.4665, 50.4995], [18.4479, 50.4994], [18.4455, 50.5115], [18.4429, 50.513], [18.4398, 50.5198], [18.4382, 50.5272], [18.4299, 50.5316], [18.4314, 50.537], [18.4356, 50.5417], [18.4356, 50.5447], [18.4438, 50.5479], [18.4518, 50.5475], [18.4779, 50.5527], [18.4846, 50.5514], [18.506, 50.5492], [18.521, 50.5461], [18.5338, 50.5427], [18.559, 50.5401], [18.5642, 50.5439], [18.5727, 50.5481], [18.5799, 50.5456], [18.5815, 50.5484], [18.5882, 50.5471], [18.596, 50.5503], [18.6043, 50.5494], [18.6054, 50.5527], [18.6162, 50.5692], [18.6034, 50.5676], [18.598, 50.5686], [18.5962, 50.5726], [18.5918, 50.5742], [18.5908, 50.5778], [18.6017, 50.6045], [18.5901, 50.6064], [18.5873, 50.6138], [18.5174, 50.6255], [18.5132, 50.6307], [18.5168, 50.6396], [18.5064, 50.6414], [18.5131, 50.6579], [18.5227, 50.6596], [18.4942, 50.6643], [18.4967, 50.6706], [18.5039, 50.6737], [18.4976, 50.6789], [18.4894, 50.6777], [18.4838, 50.6856], [18.4934, 50.687], [18.4994, 50.6895], [18.5009, 50.6938], [18.4926, 50.6968], [18.4936, 50.7005], [18.4841, 50.703], [18.4839, 50.7083], [18.4896, 50.7086], [18.5012, 50.711], [18.5069, 50.7132], [18.5068, 50.721], [18.509, 50.7261], [18.5207, 50.7263], [18.5434, 50.7303], [18.5483, 50.732], [18.5476, 50.7419], [18.552, 50.7496], [18.5705, 50.7447], [18.5722, 50.749], [18.5777, 50.748], [18.5806, 50.7518], [18.5723, 50.7563], [18.5571, 50.7568], [18.5501, 50.7596], [18.5348, 50.7713], [18.5377, 50.7732], [18.5343, 50.7788], [18.5272, 50.7801], [18.5243, 50.7872], [18.5162, 50.7889], [18.5221, 50.7916], [18.5198, 50.7963], [18.5124, 50.798], [18.5036, 50.797], [18.5046, 50.801], [18.5136, 50.8035], [18.5219, 50.8024], [18.5369, 50.8045], [18.5498, 50.8072], [18.5622, 50.8089], [18.5611, 50.8136], [18.5629, 50.8197], [18.5573, 50.8315], [18.558, 50.8341], [18.5785, 50.8443], [18.5882, 50.8516], [18.6021, 50.8539], [18.6164, 50.8538], [18.6191, 50.8626], [18.6229, 50.8652], [18.6246, 50.871], [18.6278, 50.8743], [18.6294, 50.8794], [18.6337, 50.8833], [18.6334, 50.8858], [18.637, 50.8927], [18.6424, 50.8958], [18.6423, 50.8995], [18.6464, 50.9023], [18.6545, 50.9147], [18.6541, 50.9208], [18.6491, 50.9268], [18.6488, 50.9313], [18.6303, 50.9312], [18.6124, 50.9551], [18.6197, 50.9613], [18.6222, 50.9656], [18.63, 50.9638], [18.6429, 50.9655], [18.6483, 50.969], [18.6483, 50.9693], [18.6636, 50.9706], [18.6628, 50.9778], [18.6645, 50.9842], [18.6682, 50.989], [18.6562, 51.005], [18.667, 51.0078], [18.678, 51.008], [18.6858, 51.0104], [18.6954, 51.0157], [18.687, 51.0261], [18.672, 51.0491], [18.6754, 51.0533], [18.673, 51.0569], [18.665, 51.0545], [18.6607, 51.0546], [18.6508, 51.06], [18.6375, 51.0634], [18.6268, 51.0706], [18.6232, 51.0755], [18.6232, 51.0756], [18.6232, 51.076], [18.6232, 51.0766], [18.6235, 51.0769], [18.6083, 51.0817], [18.5997, 51.0823], [18.5923, 51.0809], [18.5776, 51.082], [18.5808, 51.0903], [18.5784, 51.0941], [18.5697, 51.0996], [18.5623, 51.1065], [18.5614, 51.1112], [18.5641, 51.1123], [18.5676, 51.119], [18.5634, 51.1264], [18.5537, 51.1388], [18.5495, 51.1407], [18.5418, 51.1404], [18.5395, 51.1383], [18.5333, 51.138], [18.5208, 51.1403], [18.5155, 51.1336], [18.5164, 51.1212], [18.5201, 51.1162], [18.5177, 51.113], [18.5195, 51.109], [18.5156, 51.1043], [18.4987, 51.0996], [18.4943, 51.0935], [18.4895, 51.0907], [18.4783, 51.0923], [18.4814, 51.0997], [18.4697, 51.1044], [18.468, 51.1122], [18.4645, 51.12], [18.4543, 51.1151], [18.4359, 51.1143], [18.4291, 51.1176], [18.4219, 51.1171], [18.4189, 51.1259], [18.4065, 51.1241], [18.391, 51.1272], [18.3893, 51.1294], [18.3817, 51.1288], [18.3751, 51.1316], [18.3749, 51.1339], [18.3652, 51.1382], [18.3627, 51.1368], [18.3536, 51.1362], [18.3479, 51.1376], [18.3369, 51.138], [18.3326, 51.1392], [18.3233, 51.1383], [18.315, 51.134], [18.3053, 51.1353], [18.3, 51.1397], [18.289, 51.1465], [18.2773, 51.1478], [18.2702, 51.1505], [18.2648, 51.156], [18.2595, 51.1577], [18.2514, 51.1558], [18.2465, 51.1575], [18.2345, 51.1583], [18.2309, 51.1557], [18.2236, 51.157], [18.2202, 51.1548], [18.2082, 51.1556], [18.1965, 51.158], [18.1857, 51.1576], [18.1667, 51.1647], [18.1635, 51.1677], [18.1637, 51.1725], [18.1618, 51.1743], [18.1539, 51.1731], [18.1514, 51.1713], [18.1381, 51.1712], [18.126, 51.1691], [18.1044, 51.1535], [18.1021, 51.1587], [18.0938, 51.1566], [18.0889, 51.1594], [18.0819, 51.1661], [18.0782, 51.1662], [18.0705, 51.1556], [18.0772, 51.157], [18.0797, 51.1529], [18.068, 51.15], [18.0754, 51.147], [18.0731, 51.1447], [18.0652, 51.1434], [18.0554, 51.1395], [18.0503, 51.1351], [18.0394, 51.131], [18.0151, 51.1271], [18.0038, 51.1219], [17.993, 51.1211], [17.9547, 51.1126], [17.9395, 51.1089], [17.9316, 51.1134], [17.925, 51.1115], [17.9223, 51.114], [17.9173, 51.1127], [17.9056, 51.107], [17.8928, 51.1055], [17.8854, 51.1037], [17.8801, 51.1054], [17.8753, 51.1118], [17.8686, 51.1106], [17.8648, 51.1138], [17.8609, 51.1151], [17.8517, 51.1128], [17.8491, 51.1167], [17.8391, 51.1165], [17.8291, 51.1193], [17.8234, 51.118], [17.8199, 51.121], [17.817, 51.1324], [17.8122, 51.1325], [17.8132, 51.1381], [17.8248, 51.14], [17.8315, 51.1374], [17.8328, 51.1431], [17.8382, 51.1495], [17.8386, 51.1533], [17.844, 51.1628], [17.8512, 51.1724], [17.848, 51.1835], [17.8422, 51.1889], [17.8368, 51.1914], [17.8278, 51.1933], [17.8121, 51.188], [17.8103, 51.1903], [17.7991, 51.1921], [17.7953, 51.1941], [17.7949, 51.19], [17.789, 51.1879], [17.783, 51.1883], [17.7798, 51.1832], [17.7538, 51.1868], [17.7495, 51.1791], [17.738, 51.1741], [17.7161, 51.175], [17.6981, 51.171], [17.6994, 51.1651], [17.6828, 51.1657], [17.6742, 51.1641], [17.6693, 51.1608], [17.6591, 51.1634], [17.6559, 51.1666], [17.6394, 51.1681], [17.6404, 51.1731], [17.6329, 51.1747], [17.6206, 51.1754], [17.6195, 51.1844], [17.6068, 51.1891], [17.5966, 51.1785], [17.6027, 51.1759], [17.5948, 51.1687], [17.5875, 51.169], [17.5782, 51.1622], [17.5679, 51.1659], [17.5664, 51.1614], [17.5586, 51.1568], [17.554, 51.1568], [17.5447, 51.1545], [17.5455, 51.1436], [17.5572, 51.141], [17.5677, 51.1378], [17.5656, 51.1335], [17.5764, 51.1294], [17.5756, 51.1238], [17.5718, 51.1161], [17.5782, 51.1108], [17.5719, 51.1062], [17.568, 51.0984], [17.5624, 51.0926], [17.5677, 51.0884], [17.5766, 51.0862], [17.5821, 51.0818], [17.5644, 51.0731], [17.5582, 51.0678], [17.5525, 51.0672], [17.5366, 51.0693], [17.5273, 51.067], [17.5187, 51.0588], [17.5245, 51.0585], [17.5239, 51.0534], [17.5184, 51.0515], [17.5212, 51.0484], [17.5255, 51.0491], [17.5335, 51.043], [17.5272, 51.0316], [17.5189, 51.0254], [17.5185, 51.0175], [17.5144, 51.0116], [17.522, 51.0091], [17.5213, 51.0058], [17.5293, 51.0024], [17.542, 51.0025], [17.5437, 50.9999], [17.5407, 50.9921], [17.5349, 50.9901], [17.5181, 50.9872], [17.5043, 50.9886], [17.4992, 50.9927], [17.4907, 50.9882], [17.4954, 50.985], [17.5047, 50.985], [17.5149, 50.9797], [17.5131, 50.9724], [17.5094, 50.9694], [17.5049, 50.9697], [17.5016, 50.9756], [17.4814, 50.974], [17.4691, 50.9719], [17.4642, 50.9782], [17.45, 50.9717], [17.4314, 50.9671], [17.4338, 50.9543], [17.4309, 50.9459], [17.4383, 50.9395], [17.4375, 50.9327], [17.4347, 50.928], [17.4301, 50.9256], [17.4325, 50.9162], [17.429, 50.9146], [17.4272, 50.9106], [17.4208, 50.9126], [17.4075, 50.9107], [17.403, 50.9149], [17.4026, 50.9187], [17.3965, 50.9211], [17.3887, 50.9221], [17.3816, 50.9247], [17.3694, 50.9257], [17.3686, 50.9213], [17.3705, 50.9183], [17.3671, 50.9137], [17.3579, 50.9071], [17.3599, 50.9061], [17.3525, 50.9007], [17.3681, 50.898], [17.3978, 50.8892], [17.3939, 50.8878], [17.3957, 50.8809], [17.3951, 50.8755], [17.3851, 50.8756], [17.3843, 50.8621], [17.3756, 50.86], [17.3664, 50.8598], [17.3583, 50.8575], [17.3544, 50.8546], [17.3467, 50.8519], [17.3346, 50.8522], [17.3282, 50.8506], [17.3304, 50.8446], [17.3389, 50.8369], [17.3429, 50.8316], [17.3427, 50.8275], [17.3262, 50.8227], [17.3275, 50.8186], [17.3384, 50.809], [17.3491, 50.8052], [17.3504, 50.7994], [17.3547, 50.7948], [17.352, 50.7904], [17.3462, 50.7879], [17.3452, 50.7844], [17.3331, 50.787], [17.3253, 50.7865], [17.3045, 50.7886], [17.2901, 50.7929], [17.2849, 50.7923], [17.2708, 50.7854], [17.2712, 50.7805], [17.2632, 50.7765], [17.2562, 50.7746], [17.2539, 50.7721], [17.2663, 50.7718], [17.2684, 50.7679], [17.277, 50.7635], [17.2795, 50.7609], [17.2975, 50.7533], [17.2914, 50.7465], [17.3011, 50.743], [17.2943, 50.7376], [17.2858, 50.743], [17.2756, 50.7446], [17.2725, 50.7415], [17.265, 50.7398], [17.2643, 50.7343], [17.2587, 50.725], [17.252, 50.7177], [17.2478, 50.7194], [17.2405, 50.7184], [17.2389, 50.7154], [17.2257, 50.7156], [17.2208, 50.7137], [17.2218, 50.7052], [17.2202, 50.7014], [17.2591, 50.6905], [17.2481, 50.6828], [17.2348, 50.6811], [17.2395, 50.6713], [17.2378, 50.6673], [17.2385, 50.6586], [17.2359, 50.6563], [17.2377, 50.6515], [17.2354, 50.6463], [17.2302, 50.6407], [17.2343, 50.6319], [17.2427, 50.628], [17.2419, 50.624], [17.2448, 50.6197], [17.236, 50.6132], [17.2306, 50.6149], [17.2238, 50.6146], [17.213, 50.6161], [17.1864, 50.6163], [17.1543, 50.612], [17.1525, 50.6106], [17.1409, 50.6103], [17.1335, 50.6088], [17.124, 50.6084], [17.1165, 50.5961], [17.1149, 50.5874], [17.1121, 50.586], [17.0992, 50.5759], [17.0996, 50.5734], [17.0941, 50.5644], [17.086, 50.56], [17.0755, 50.5557], [17.0687, 50.5445], [17.0652, 50.5435], [17.0615, 50.5365], [17.063, 50.5299], [17.0734, 50.5208], [17.0743, 50.515], [17.0692, 50.514], [17.0618, 50.5093], [17.0567, 50.5049], [17.0575, 50.5003], [17.0626, 50.497], [17.0589, 50.4917], [17.0643, 50.4889], [17.0615, 50.4834], [17.062, 50.4756], [17.0546, 50.4757], [17.055, 50.4692], [17.0492, 50.4643], [17.0409, 50.4632], [17.0292, 50.4649], [17.027, 50.4662], [17.0192, 50.4651], [17.0166, 50.4685], [17.0251, 50.4708], [17.0173, 50.4736], [17.0201, 50.4803], [17.0073, 50.4794], [17.0068, 50.4753], [16.9964, 50.4777], [16.9928, 50.4749], [16.9857, 50.4765], [16.9823, 50.4738], [16.976, 50.4757], [16.9805, 50.4824], [16.9714, 50.4889], [16.959, 50.4878], [16.9474, 50.4802], [16.9418, 50.4681], [16.945, 50.468], [16.9403, 50.4611], [16.922, 50.4537], [16.9144, 50.4498], [16.9079, 50.4494], [16.9176, 50.4446], [16.9219, 50.4405], [16.9375, 50.4356], [16.9461, 50.434], [16.9577, 50.428], [16.9625, 50.4265], [16.9708, 50.4217], [16.974, 50.4178], [16.9825, 50.4197], [16.9983, 50.4277], [17.0062, 50.4245], [17.0132, 50.4189], [17.0183, 50.4214], [17.0243, 50.4215], [17.0303, 50.4151], [17.0375, 50.4149], [17.0416, 50.4119], [17.0525, 50.407], [17.0645, 50.4063], [17.0764, 50.4041], [17.081, 50.4022], [17.085, 50.4058], [17.1024, 50.4062], [17.1107, 50.405], [17.1111, 50.3937], [17.1224, 50.3943], [17.1296, 50.3912], [17.1433, 50.3804], [17.153, 50.3815], [17.1572, 50.3801], [17.1625, 50.3837], [17.1795, 50.3862], [17.1841, 50.3899], [17.2038, 50.3861], [17.1991, 50.3751], [17.2011, 50.364], [17.2131, 50.3575], [17.2183, 50.3508], [17.2254, 50.3447], [17.2355, 50.3411], [17.2421, 50.3373], [17.2479, 50.3318], [17.2587, 50.3287], [17.2637, 50.3282], [17.274, 50.3218], [17.2898, 50.3175], [17.3046, 50.3202], [17.3128, 50.3205], [17.3278, 50.3271], [17.3487, 50.3284], [17.3482, 50.3228], [17.3405, 50.3227], [17.3375, 50.3131], [17.3489, 50.3117], [17.3537, 50.308], [17.3505, 50.3021], [17.3463, 50.2985], [17.3447, 50.2913], [17.3482, 50.2874], [17.3379, 50.2835], [17.3428, 50.2809], [17.3428, 50.2769], [17.3475, 50.2657], [17.3521, 50.2637], [17.3577, 50.2653], [17.3625, 50.2643], [17.3623, 50.2757], [17.3661, 50.2821], [17.3888, 50.2828], [17.4008, 50.2796], [17.4069, 50.2739], [17.4207, 50.2774], [17.4239, 50.2715], [17.4281, 50.2683], [17.4312, 50.2631], [17.4277, 50.2586], [17.4297, 50.2542], [17.4375, 50.2517], [17.4462, 50.2533], [17.4545, 50.2565], [17.4572, 50.2603], [17.4563, 50.2639], [17.4578, 50.2701], [17.4645, 50.2674], [17.4687, 50.2696], [17.4796, 50.2712], [17.4877, 50.2738], [17.499, 50.2746], [17.5153, 50.2746], [17.5346, 50.2723], [17.5427, 50.2703], [17.549, 50.27], [17.5659, 50.2722], [17.5733, 50.275], [17.5733, 50.2749], [17.5733, 50.275], [17.5799, 50.2771], [17.5861, 50.278], [17.5866, 50.278], [17.5867, 50.278], [17.5866, 50.278], [17.5867, 50.278], [17.5868, 50.278], [17.5919, 50.2789], [17.5919, 50.2783], [17.5932, 50.2773], [17.5937, 50.2771], [17.5942, 50.277], [17.5969, 50.2754], [17.5975, 50.2749], [17.5978, 50.2745], [17.5978, 50.2744], [17.5979, 50.2741], [17.5976, 50.2738], [17.5977, 50.2737], [17.5978, 50.2737], [17.5977, 50.2737], [17.5978, 50.2737], [17.598, 50.2734], [17.598, 50.2733], [17.5981, 50.273], [17.5981, 50.2724], [17.598, 50.2709], [17.5987, 50.2705], [17.5993, 50.2703], [17.5994, 50.2703], [17.5993, 50.2703], [17.5994, 50.2703], [17.6038, 50.2689], [17.6107, 50.266], [17.6173, 50.2669], [17.6384, 50.2737], [17.6417, 50.2761], [17.6508, 50.2778], [17.6586, 50.285], [17.6628, 50.2868], [17.6655, 50.2881], [17.668, 50.2908], [17.6757, 50.2922], [17.6808, 50.297], [17.6891, 50.3019], [17.6871, 50.3057], [17.689, 50.3156], [17.6869, 50.328], [17.713, 50.3226], [17.7225, 50.3177], [17.727, 50.3059], [17.7291, 50.3034], [17.7348, 50.3032], [17.7414, 50.301], [17.7495, 50.301], [17.7521, 50.298], [17.7435, 50.2901], [17.7373, 50.2826], [17.7346, 50.2776], [17.7272, 50.274], [17.725, 50.2567], [17.7355, 50.2519], [17.738, 50.2492], [17.765, 50.2364], [17.7566, 50.2214], [17.7599, 50.2169], [17.7577, 50.2116], [17.7585, 50.2066], [17.7481, 50.2053], [17.7445, 50.2027], [17.7346, 50.2025], [17.7242, 50.2066], [17.7174, 50.2057], [17.7169, 50.2027], [17.7103, 50.1979], [17.711, 50.1955], [17.7105, 50.1918], [17.7047, 50.1885], [17.7021, 50.1845], [17.6827, 50.1817], [17.6799, 50.1827], [17.6686, 50.1786], [17.6468, 50.1766], [17.6432, 50.1758], [17.6423, 50.1758], [17.6415, 50.1755], [17.6298, 50.1728], [17.629, 50.1723], [17.6286, 50.1719], [17.6282, 50.1717], [17.6282, 50.1716], [17.6282, 50.1717], [17.6282, 50.1716], [17.6277, 50.1712], [17.6267, 50.1704], [17.6212, 50.1706], [17.6067, 50.1712], [17.6012, 50.1696], [17.5929, 50.1597], [17.5989, 50.1557], [17.6064, 50.1482], [17.6108, 50.1401], [17.6167, 50.1392], [17.631, 50.1331], [17.6391, 50.1314], [17.6426, 50.1282], [17.6437, 50.1228], [17.6503, 50.1108], [17.6616, 50.1088], [17.6766, 50.103], [17.6833, 50.1173], [17.6973, 50.1168], [17.7051, 50.1144], [17.7185, 50.1059], [17.7309, 50.0972], [17.7292, 50.0884], [17.7404, 50.0808], [17.7429, 50.0814], [17.7499, 50.0774], [17.7531, 50.0692], [17.7585, 50.0665], [17.7568, 50.0609]]]}}, {"type": "Feature", "properties": {"code": "04", "name": "kujawsko-pomorskie", "country": "PL", "level": "region", "type": "województwo"}, "geometry": {"type": "Polygon", "coordinates": [[[18.6768, 53.6907], [18.6634, 53.6966], [18.6552, 53.6936], [18.6427, 53.6828], [18.6306, 53.6746], [18.6195, 53.6734], [18.6095, 53.6706], [18.5989, 53.6726], [18.5856, 53.6736], [18.5787, 53.6774], [18.5671, 53.6733], [18.5824, 53.6662], [18.5843, 53.6611], [18.5802, 53.6579], [18.5626, 53.6581], [18.5582, 53.6558], [18.5506, 53.6559], [18.5401, 53.6663], [18.5333, 53.6666], [18.5281, 53.6687], [18.5325, 53.6749], [18.5298, 53.6792], [18.5253, 53.6789], [18.5145, 53.681], [18.5125, 53.6877], [18.5232, 53.6915], [18.5177, 53.7012], [18.5145, 53.7038], [18.5059, 53.701], [18.4942, 53.6992], [18.4924, 53.7017], [18.481, 53.7022], [18.4758, 53.7037], [18.4717, 53.7011], [18.4681, 53.6959], [18.4684, 53.6897], [18.4649, 53.6874], [18.4551, 53.6865], [18.4557, 53.6937], [18.4185, 53.6872], [18.42, 53.6919], [18.38, 53.6885], [18.3643, 53.6896], [18.3622, 53.6879], [18.3542, 53.6874], [18.3462, 53.6923], [18.3254, 53.6947], [18.3163, 53.6965], [18.3073, 53.6969], [18.2919, 53.6994], [18.2638, 53.701], [18.2542, 53.7113], [18.2741, 53.7168], [18.2756, 53.7231], [18.2679, 53.7242], [18.2679, 53.7278], [18.2739, 53.7317], [18.2701, 53.734], [18.2649, 53.741], [18.2596, 53.7425], [18.2561, 53.7462], [18.2508, 53.7432], [18.2442, 53.7439], [18.219, 53.7398], [18.2213, 53.7517], [18.2141, 53.7509], [18.2155, 53.7477], [18.2047, 53.7401], [18.1981, 53.7385], [18.2004, 53.744], [18.1997, 53.7521], [18.2015, 53.7562], [18.1939, 53.7564], [18.1814, 53.7533], [18.1809, 53.7472], [18.1706, 53.7453], [18.1549, 53.7532], [18.1541, 53.7609], [18.1518, 53.7682], [18.138, 53.7675], [18.1305, 53.7694], [18.1256, 53.7643], [18.1177, 53.7628], [18.1168, 53.7594], [18.1108, 53.7582], [18.1074, 53.7614], [18.1104, 53.7643], [18.108, 53.7696], [18.0994, 53.7674], [18.0942, 53.7749], [18.072, 53.7811], [18.0706, 53.7735], [18.0659, 53.7676], [18.0577, 53.7605], [18.0499, 53.7412], [18.0416, 53.7398], [18.0468, 53.7362], [18.0344, 53.7262], [18.0277, 53.729], [18.0148, 53.7242], [18.0044, 53.7241], [17.9994, 53.7257], [17.9912, 53.7245], [17.9856, 53.7295], [17.9864, 53.7315], [17.9694, 53.7382], [17.9614, 53.7393], [17.9536, 53.7381], [17.9503, 53.7459], [17.942, 53.7474], [17.938, 53.7439], [17.9326, 53.7449], [17.9318, 53.7493], [17.9226, 53.7497], [17.9153, 53.748], [17.9009, 53.7479], [17.8926, 53.7522], [17.8814, 53.7561], [17.8686, 53.7596], [17.8601, 53.755], [17.8669, 53.7455], [17.8761, 53.746], [17.8838, 53.7349], [17.8861, 53.7347], [17.8894, 53.7277], [17.8931, 53.7275], [17.9023, 53.7229], [17.8964, 53.7183], [17.8925, 53.7174], [17.8967, 53.7099], [17.8916, 53.7076], [17.8814, 53.7063], [17.8784, 53.7074], [17.8725, 53.6995], [17.8638, 53.6929], [17.8522, 53.6879], [17.8469, 53.6909], [17.839, 53.6903], [17.8335, 53.6924], [17.8242, 53.6917], [17.8233, 53.6892], [17.808, 53.6794], [17.7981, 53.6788], [17.7722, 53.6999], [17.7631, 53.6948], [17.7665, 53.6882], [17.7638, 53.6836], [17.7591, 53.6847], [17.7539, 53.6793], [17.7484, 53.6809], [17.7407, 53.678], [17.7402, 53.674], [17.7441, 53.6716], [17.7436, 53.6684], [17.7342, 53.6633], [17.7383, 53.656], [17.7333, 53.6551], [17.7324, 53.6481], [17.7238, 53.643], [17.7236, 53.6404], [17.7141, 53.6382], [17.7119, 53.6362], [17.7117, 53.6295], [17.7151, 53.6254], [17.7147, 53.6213], [17.719, 53.6168], [17.7187, 53.614], [17.711, 53.609], [17.7261, 53.6097], [17.7288, 53.6136], [17.7351, 53.6137], [17.7347, 53.6046], [17.7318, 53.6004], [17.7304, 53.5929], [17.7243, 53.5939], [17.7046, 53.5952], [17.7007, 53.5917], [17.6928, 53.5949], [17.6872, 53.5927], [17.6804, 53.5952], [17.6743, 53.5999], [17.668, 53.6007], [17.657, 53.594], [17.655, 53.5887], [17.6583, 53.5858], [17.6725, 53.5849], [17.6742, 53.5836], [17.6749, 53.572], [17.672, 53.5702], [17.6567, 53.5712], [17.6508, 53.5816], [17.6267, 53.5878], [17.6044, 53.5969], [17.5955, 53.5916], [17.5841, 53.5833], [17.5793, 53.5785], [17.5648, 53.578], [17.5495, 53.5794], [17.5433, 53.5809], [17.5365, 53.5879], [17.5283, 53.5945], [17.5255, 53.6035], [17.523, 53.6063], [17.5102, 53.6132], [17.5089, 53.6173], [17.5016, 53.6115], [17.4997, 53.6077], [17.4836, 53.6039], [17.4793, 53.6018], [17.4745, 53.6031], [17.4634, 53.602], [17.458, 53.5999], [17.4514, 53.6021], [17.4413, 53.5987], [17.4391, 53.5947], [17.4282, 53.5892], [17.4266, 53.5857], [17.4218, 53.5821], [17.4249, 53.5788], [17.4196, 53.5743], [17.4171, 53.5684], [17.4185, 53.5646], [17.4136, 53.5603], [17.4207, 53.5486], [17.4219, 53.5358], [17.4171, 53.5329], [17.4115, 53.5337], [17.4038, 53.5236], [17.4014, 53.5169], [17.4027, 53.5133], [17.3938, 53.5078], [17.3955, 53.4971], [17.3907, 53.491], [17.3918, 53.4885], [17.3825, 53.4686], [17.3733, 53.467], [17.3629, 53.4585], [17.3519, 53.4535], [17.3476, 53.4534], [17.3456, 53.4529], [17.345, 53.4504], [17.3387, 53.4493], [17.3359, 53.4465], [17.3357, 53.4421], [17.3309, 53.4364], [17.3241, 53.4327], [17.3157, 53.4317], [17.3099, 53.4266], [17.3011, 53.423], [17.2947, 53.4218], [17.2906, 53.4142], [17.2936, 53.4125], [17.2957, 53.4037], [17.2852, 53.3943], [17.2771, 53.3926], [17.2745, 53.3899], [17.2668, 53.3873], [17.2585, 53.3813], [17.2493, 53.3804], [17.2479, 53.3757], [17.2524, 53.3689], [17.2577, 53.3665], [17.2572, 53.3634], [17.2641, 53.3634], [17.2718, 53.36], [17.2749, 53.3602], [17.2939, 53.3533], [17.3114, 53.3515], [17.3252, 53.347], [17.334, 53.3487], [17.3407, 53.345], [17.3385, 53.3419], [17.3452, 53.3356], [17.3539, 53.3344], [17.3555, 53.3291], [17.3578, 53.3273], [17.3534, 53.3239], [17.3596, 53.3181], [17.3692, 53.3138], [17.3748, 53.3128], [17.3847, 53.307], [17.3897, 53.2972], [17.3968, 53.2931], [17.3925, 53.2909], [17.3957, 53.2882], [17.4073, 53.2825], [17.4107, 53.2871], [17.4202, 53.2834], [17.4252, 53.2777], [17.4388, 53.2675], [17.4237, 53.2553], [17.422, 53.2517], [17.4279, 53.2464], [17.4127, 53.2414], [17.4173, 53.231], [17.4088, 53.2275], [17.3981, 53.2268], [17.3901, 53.2283], [17.3689, 53.2268], [17.3631, 53.2232], [17.3504, 53.2216], [17.3319, 53.2178], [17.329, 53.214], [17.3215, 53.2162], [17.3205, 53.2125], [17.3343, 53.2085], [17.3458, 53.2011], [17.3471, 53.1963], [17.3367, 53.1842], [17.3352, 53.1795], [17.3369, 53.1715], [17.3468, 53.1638], [17.3422, 53.1587], [17.3455, 53.1547], [17.3531, 53.1548], [17.353, 53.1512], [17.374, 53.1486], [17.3895, 53.1442], [17.3904, 53.1377], [17.384, 53.133], [17.3688, 53.1321], [17.3635, 53.1325], [17.3526, 53.1312], [17.3569, 53.1239], [17.3596, 53.1241], [17.3609, 53.1174], [17.3572, 53.0872], [17.349, 53.0847], [17.3345, 53.0774], [17.3239, 53.0783], [17.3268, 53.0663], [17.3293, 53.0621], [17.3306, 53.0512], [17.3367, 53.0427], [17.3347, 53.0254], [17.3324, 53.019], [17.3223, 53.0183], [17.3188, 53.0205], [17.3132, 53.016], [17.3136, 53.0127], [17.3094, 53.0063], [17.3059, 53.0039], [17.3016, 52.9948], [17.3106, 52.9927], [17.317, 52.99], [17.3188, 52.9871], [17.3169, 52.974], [17.349, 52.9726], [17.3605, 52.9752], [17.3686, 52.9733], [17.3946, 52.9824], [17.411, 52.971], [17.4207, 52.9694], [17.4257, 52.9674], [17.4339, 52.9618], [17.4484, 52.957], [17.4573, 52.9509], [17.4639, 52.9488], [17.4753, 52.9483], [17.4839, 52.9501], [17.4913, 52.9458], [17.4983, 52.9325], [17.5186, 52.928], [17.5151, 52.9223], [17.5096, 52.9178], [17.5148, 52.9018], [17.519, 52.8968], [17.5183, 52.8857], [17.5285, 52.8848], [17.5266, 52.8776], [17.5233, 52.8742], [17.5263, 52.869], [17.5247, 52.8639], [17.5271, 52.8582], [17.5233, 52.8555], [17.5133, 52.8549], [17.5136, 52.8445], [17.5158, 52.8385], [17.5123, 52.8318], [17.5196, 52.8271], [17.521, 52.8215], [17.514, 52.8181], [17.5137, 52.812], [17.5045, 52.8041], [17.5054, 52.7986], [17.5098, 52.7958], [17.5029, 52.7865], [17.4974, 52.7855], [17.4842, 52.7861], [17.473, 52.7876], [17.4604, 52.7868], [17.4598, 52.7914], [17.4528, 52.7972], [17.4431, 52.7879], [17.4324, 52.7839], [17.4273, 52.7863], [17.4159, 52.7838], [17.4109, 52.7852], [17.4128, 52.7768], [17.4081, 52.7715], [17.4142, 52.7667], [17.4144, 52.7625], [17.4077, 52.7616], [17.4097, 52.7571], [17.4156, 52.7561], [17.4217, 52.7511], [17.4292, 52.7522], [17.4393, 52.7504], [17.4555, 52.7416], [17.4585, 52.7389], [17.4706, 52.7372], [17.4692, 52.7336], [17.4796, 52.7322], [17.4877, 52.7295], [17.4879, 52.7225], [17.4824, 52.7195], [17.4796, 52.7151], [17.4801, 52.7114], [17.5003, 52.7111], [17.5004, 52.7086], [17.4953, 52.704], [17.4861, 52.7046], [17.4779, 52.7068], [17.473, 52.7026], [17.4748, 52.6959], [17.4718, 52.6937], [17.4718, 52.6857], [17.4673, 52.6805], [17.4847, 52.682], [17.4822, 52.6877], [17.4878, 52.6877], [17.4898, 52.6843], [17.5008, 52.6847], [17.5061, 52.6733], [17.5168, 52.6742], [17.5244, 52.6726], [17.5237, 52.6784], [17.5285, 52.6823], [17.5439, 52.6896], [17.5516, 52.6897], [17.5574, 52.6882], [17.5669, 52.6929], [17.573, 52.6921], [17.5781, 52.6952], [17.5771, 52.698], [17.5813, 52.7046], [17.6004, 52.7051], [17.6145, 52.703], [17.6191, 52.7063], [17.6277, 52.7082], [17.6315, 52.7015], [17.6404, 52.6923], [17.6477, 52.6903], [17.6395, 52.6824], [17.6314, 52.6791], [17.6316, 52.6724], [17.6361, 52.6713], [17.6387, 52.6634], [17.6303, 52.655], [17.6352, 52.6506], [17.6468, 52.6448], [17.6679, 52.6478], [17.6775, 52.6486], [17.6754, 52.6402], [17.6821, 52.6266], [17.6824, 52.6238], [17.6772, 52.6182], [17.6762, 52.6051], [17.6781, 52.6024], [17.6901, 52.6023], [17.6914, 52.6058], [17.6981, 52.612], [17.7017, 52.6084], [17.7061, 52.6086], [17.7136, 52.615], [17.7212, 52.6197], [17.7383, 52.6273], [17.7407, 52.6298], [17.7491, 52.6325], [17.746, 52.6353], [17.7445, 52.6425], [17.7333, 52.6358], [17.7264, 52.6361], [17.7238, 52.6331], [17.7161, 52.6397], [17.7324, 52.6469], [17.7381, 52.6508], [17.7454, 52.6505], [17.7653, 52.6556], [17.7605, 52.6495], [17.7626, 52.6403], [17.759, 52.6375], [17.7617, 52.6347], [17.7771, 52.6363], [17.7803, 52.6486], [17.7843, 52.6514], [17.79, 52.6491], [17.7941, 52.6499], [17.8023, 52.647], [17.8116, 52.6452], [17.8183, 52.641], [17.827, 52.6426], [17.8289, 52.6364], [17.8255, 52.6345], [17.847, 52.6281], [17.8516, 52.6294], [17.8627, 52.63], [17.8773, 52.6328], [17.8765, 52.6286], [17.8952, 52.6176], [17.9014, 52.6118], [17.9089, 52.6081], [17.9103, 52.601], [17.9076, 52.5932], [17.9015, 52.5856], [17.9044, 52.5833], [17.9121, 52.5825], [17.9179, 52.5805], [17.9164, 52.5756], [17.9251, 52.574], [17.9327, 52.5713], [17.9287, 52.5838], [17.9464, 52.5782], [17.9461, 52.5688], [17.9537, 52.5682], [17.9612, 52.5705], [17.9596, 52.5754], [17.9702, 52.5755], [17.9721, 52.5673], [17.9826, 52.5671], [17.9901, 52.5712], [17.9916, 52.5638], [17.987, 52.556], [17.9901, 52.5498], [17.9874, 52.5432], [17.9982, 52.5421], [17.998, 52.5508], [18.0026, 52.555], [18.0227, 52.5551], [18.0314, 52.5519], [18.0343, 52.5495], [18.0491, 52.5469], [18.051, 52.5448], [18.0594, 52.5428], [18.0644, 52.5518], [18.0772, 52.5516], [18.0821, 52.5527], [18.0879, 52.5516], [18.0954, 52.5532], [18.1055, 52.5444], [18.1068, 52.5385], [18.1013, 52.537], [18.1002, 52.5331], [18.0917, 52.5316], [18.0924, 52.5242], [18.0905, 52.5204], [18.1063, 52.5138], [18.1242, 52.5164], [18.1231, 52.5117], [18.125, 52.5071], [18.1306, 52.5072], [18.1378, 52.5048], [18.1548, 52.5095], [18.1667, 52.5066], [18.1826, 52.5037], [18.1987, 52.5048], [18.2026, 52.5006], [18.1998, 52.493], [18.2002, 52.4863], [18.2046, 52.4832], [18.2115, 52.4838], [18.2203, 52.4827], [18.2354, 52.4853], [18.2413, 52.488], [18.2565, 52.4835], [18.259, 52.4813], [18.2663, 52.4863], [18.2717, 52.4868], [18.2756, 52.4914], [18.2951, 52.5], [18.3139, 52.5067], [18.3234, 52.512], [18.346, 52.5235], [18.3399, 52.5305], [18.3398, 52.5375], [18.3524, 52.5434], [18.3724, 52.5382], [18.3859, 52.532], [18.388, 52.5269], [18.3833, 52.5224], [18.3759, 52.5039], [18.387, 52.4849], [18.384, 52.4772], [18.3869, 52.4721], [18.3917, 52.4702], [18.4, 52.4741], [18.4035, 52.4703], [18.409, 52.473], [18.4197, 52.4732], [18.4228, 52.4795], [18.4372, 52.4792], [18.441, 52.4807], [18.4478, 52.4786], [18.4635, 52.4766], [18.4669, 52.4811], [18.466, 52.4854], [18.4622, 52.4904], [18.4725, 52.4895], [18.4736, 52.4921], [18.4863, 52.4981], [18.4855, 52.5028], [18.4925, 52.5032], [18.5266, 52.4988], [18.5267, 52.4988], [18.5266, 52.4988], [18.5267, 52.4988], [18.5323, 52.497], [18.5304, 52.494], [18.5334, 52.4914], [18.5397, 52.4909], [18.5427, 52.4857], [18.5478, 52.484], [18.5541, 52.4851], [18.5597, 52.4841], [18.5627, 52.473], [18.5601, 52.4633], [18.5717, 52.465], [18.5793, 52.4629], [18.589, 52.4616], [18.5901, 52.4681], [18.6025, 52.4639], [18.608, 52.4559], [18.6261, 52.4557], [18.6318, 52.4539], [18.642, 52.4534], [18.6501, 52.4503], [18.6509, 52.4358], [18.6542, 52.4333], [18.658, 52.4219], [18.6697, 52.4242], [18.6768, 52.4232], [18.6771, 52.4176], [18.6826, 52.4112], [18.683, 52.4075], [18.68, 52.4033], [18.6811, 52.4002], [18.6961, 52.3998], [18.7108, 52.4007], [18.7152, 52.3986], [18.7183, 52.39], [18.7225, 52.3895], [18.7266, 52.3842], [18.7322, 52.38], [18.7325, 52.3736], [18.7399, 52.3736], [18.7392, 52.3692], [18.747, 52.3641], [18.7532, 52.3634], [18.754, 52.361], [18.7511, 52.3463], [18.7534, 52.345], [18.7521, 52.3382], [18.7555, 52.3328], [18.7613, 52.3335], [18.766, 52.3361], [18.7712, 52.334], [18.7786, 52.3344], [18.7804, 52.342], [18.7872, 52.342], [18.8142, 52.3524], [18.8191, 52.3474], [18.8245, 52.3482], [18.8356, 52.3431], [18.841, 52.346], [18.8451, 52.3459], [18.8514, 52.3487], [18.8555, 52.3484], [18.8699, 52.3601], [18.88, 52.3638], [18.8839, 52.3613], [18.8891, 52.3609], [18.8927, 52.3631], [18.9125, 52.3662], [18.9113, 52.3784], [18.9205, 52.3758], [18.929, 52.3788], [18.9239, 52.3879], [18.9208, 52.3989], [18.9244, 52.3999], [18.9316, 52.3938], [18.9408, 52.3915], [18.9447, 52.3845], [18.9551, 52.379], [18.9645, 52.3774], [18.9695, 52.3778], [18.9754, 52.375], [18.9769, 52.3707], [18.9735, 52.3699], [18.98, 52.3646], [18.9669, 52.3612], [18.9701, 52.3553], [18.9822, 52.3565], [18.9993, 52.353], [19.0081, 52.3493], [19.0053, 52.3398], [19.02, 52.3379], [19.029, 52.3321], [19.0345, 52.3334], [19.0471, 52.3328], [19.0543, 52.3317], [19.06, 52.3324], [19.0571, 52.3382], [19.0687, 52.3378], [19.0765, 52.3395], [19.0832, 52.3435], [19.1008, 52.3479], [19.1156, 52.3438], [19.124, 52.3428], [19.1332, 52.3438], [19.1482, 52.3468], [19.1518, 52.3464], [19.1596, 52.3408], [19.1673, 52.3432], [19.1805, 52.349], [19.1874, 52.3485], [19.1932, 52.3531], [19.1996, 52.36], [19.206, 52.356], [19.2007, 52.3513], [19.2183, 52.3412], [19.2249, 52.3442], [19.2091, 52.3535], [19.2122, 52.3565], [19.2071, 52.3584], [19.2101, 52.3656], [19.2194, 52.3648], [19.2247, 52.3616], [19.2296, 52.3628], [19.2367, 52.3622], [19.2364, 52.3693], [19.2505, 52.3758], [19.2639, 52.3842], [19.2614, 52.3876], [19.2681, 52.3893], [19.2727, 52.3939], [19.2892, 52.3927], [19.2862, 52.4067], [19.293, 52.4112], [19.2934, 52.4183], [19.298, 52.418], [19.2966, 52.4237], [19.2867, 52.433], [19.2766, 52.4348], [19.2618, 52.4357], [19.2592, 52.4426], [19.2681, 52.4488], [19.2776, 52.4487], [19.2845, 52.4499], [19.2991, 52.4453], [19.3033, 52.4482], [19.3194, 52.4488], [19.3228, 52.4545], [19.3332, 52.4668], [19.3313, 52.4711], [19.3389, 52.4798], [19.3509, 52.4795], [19.3579, 52.4816], [19.3541, 52.4879], [19.3554, 52.4916], [19.3638, 52.5001], [19.3633, 52.5031], [19.3721, 52.5072], [19.3887, 52.5095], [19.3919, 52.5141], [19.3861, 52.5191], [19.3716, 52.5217], [19.3592, 52.5215], [19.3366, 52.5254], [19.333, 52.5249], [19.3256, 52.5287], [19.3217, 52.5292], [19.3196, 52.5349], [19.3309, 52.5329], [19.3381, 52.534], [19.3436, 52.5278], [19.3488, 52.5281], [19.3515, 52.535], [19.3554, 52.5371], [19.3499, 52.5401], [19.3494, 52.5451], [19.3411, 52.5671], [19.3508, 52.569], [19.3782, 52.5686], [19.3906, 52.5734], [19.3949, 52.5773], [19.3942, 52.5828], [19.3952, 52.5901], [19.3983, 52.5934], [19.4051, 52.5919], [19.4074, 52.5943], [19.4144, 52.5959], [19.4193, 52.5994], [19.425, 52.6114], [19.3958, 52.622], [19.3851, 52.6243], [19.3713, 52.6248], [19.3733, 52.6378], [19.3785, 52.6383], [19.3804, 52.641], [19.3837, 52.6443], [19.403, 52.6445], [19.4039, 52.6492], [19.4136, 52.6606], [19.4137, 52.6678], [19.4162, 52.6717], [19.4303, 52.6716], [19.4322, 52.6766], [19.4403, 52.6767], [19.4456, 52.6789], [19.4438, 52.6829], [19.4369, 52.6812], [19.4366, 52.6931], [19.4467, 52.7056], [19.4401, 52.7119], [19.4426, 52.7166], [19.4401, 52.7191], [19.4413, 52.723], [19.4474, 52.723], [19.455, 52.7257], [19.4608, 52.7245], [19.4648, 52.7207], [19.4802, 52.7172], [19.4838, 52.7181], [19.4931, 52.7146], [19.4943, 52.7099], [19.4919, 52.7076], [19.5258, 52.7037], [19.5271, 52.7062], [19.5168, 52.71], [19.508, 52.7112], [19.5026, 52.715], [19.5035, 52.723], [19.5025, 52.7267], [19.5052, 52.729], [19.4991, 52.7314], [19.5011, 52.737], [19.51, 52.7372], [19.5128, 52.7417], [19.5195, 52.7425], [19.5189, 52.7457], [19.5147, 52.7486], [19.5043, 52.7487], [19.499, 52.7515], [19.5065, 52.762], [19.5003, 52.7636], [19.5042, 52.7677], [19.4909, 52.7743], [19.4945, 52.7782], [19.4837, 52.7814], [19.4813, 52.784], [19.4677, 52.786], [19.4643, 52.7942], [19.4657, 52.8045], [19.453, 52.8046], [19.4446, 52.8089], [19.4376, 52.8148], [19.4316, 52.816], [19.4238, 52.8156], [19.4312, 52.8235], [19.4302, 52.8268], [19.4245, 52.8278], [19.423, 52.8327], [19.4313, 52.8403], [19.444, 52.8374], [19.4533, 52.8437], [19.473, 52.8515], [19.4634, 52.8559], [19.4645, 52.8596], [19.4749, 52.8653], [19.484, 52.8671], [19.489, 52.8668], [19.5109, 52.8618], [19.5087, 52.8679], [19.4976, 52.8755], [19.4922, 52.8781], [19.4857, 52.886], [19.4672, 52.8997], [19.4586, 52.9068], [19.4642, 52.9136], [19.4649, 52.9196], [19.4508, 52.9255], [19.447, 52.9315], [19.4447, 52.939], [19.4453, 52.9474], [19.4577, 52.9418], [19.4846, 52.944], [19.4869, 52.9403], [19.5004, 52.9395], [19.5098, 52.938], [19.5216, 52.9376], [19.5289, 52.9364], [19.5319, 52.9418], [19.5408, 52.9484], [19.5504, 52.95], [19.5754, 52.9563], [19.5825, 52.9569], [19.5861, 52.963], [19.5827, 52.9683], [19.5759, 52.9699], [19.566, 52.9765], [19.5593, 52.9791], [19.5547, 52.9901], [19.5601, 52.9903], [19.5683, 52.9857], [19.5884, 52.9832], [19.6119, 52.9769], [19.6241, 52.9772], [19.6364, 52.9698], [19.6457, 52.9709], [19.6487, 52.9697], [19.6546, 52.9613], [19.6644, 52.9592], [19.6713, 52.9556], [19.681, 52.9565], [19.6847, 52.963], [19.6816, 52.9651], [19.6782, 52.976], [19.6799, 52.9784], [19.6738, 52.9832], [19.6686, 52.9832], [19.6702, 52.9935], [19.6771, 53.0007], [19.6804, 53.0097], [19.6784, 53.014], [19.6835, 53.0186], [19.6812, 53.0266], [19.6756, 53.0291], [19.6781, 53.032], [19.6659, 53.0382], [19.6656, 53.0401], [19.6522, 53.0378], [19.653, 53.0411], [19.6516, 53.0505], [19.654, 53.0536], [19.6458, 53.0543], [19.6472, 53.0603], [19.6468, 53.0663], [19.6607, 53.069], [19.6561, 53.0741], [19.6479, 53.0755], [19.647, 53.0873], [19.6387, 53.0949], [19.6385, 53.1066], [19.6342, 53.1117], [19.6506, 53.1124], [19.6523, 53.1069], [19.6671, 53.1061], [19.6689, 53.1108], [19.6727, 53.1127], [19.6827, 53.1129], [19.6847, 53.1231], [19.6912, 53.1226], [19.6929, 53.1195], [19.7105, 53.1215], [19.712, 53.1347], [19.7326, 53.1445], [19.7616, 53.1518], [19.7532, 53.1709], [19.7508, 53.1784], [19.7466, 53.1797], [19.7511, 53.1843], [19.7431, 53.1866], [19.7417, 53.1888], [19.7461, 53.1946], [19.7417, 53.1978], [19.7422, 53.2036], [19.7463, 53.2092], [19.7523, 53.2117], [19.7522, 53.2144], [19.7471, 53.2172], [19.7426, 53.2218], [19.7436, 53.2282], [19.7284, 53.2299], [19.7259, 53.2318], [19.7168, 53.2311], [19.7116, 53.2346], [19.7075, 53.2335], [19.7001, 53.2365], [19.6951, 53.2328], [19.6891, 53.2361], [19.6916, 53.2518], [19.6848, 53.2538], [19.6833, 53.2584], [19.6913, 53.26], [19.6935, 53.2638], [19.7034, 53.2669], [19.7132, 53.2745], [19.7254, 53.2705], [19.7286, 53.2744], [19.7188, 53.2793], [19.7183, 53.2833], [19.7216, 53.2865], [19.7122, 53.2886], [19.7181, 53.3021], [19.6898, 53.3068], [19.6871, 53.315], [19.6901, 53.3363], [19.6737, 53.3371], [19.6565, 53.3418], [19.6488, 53.3419], [19.6415, 53.3446], [19.6124, 53.3383], [19.6104, 53.3423], [19.5958, 53.3378], [19.5967, 53.334], [19.5871, 53.3317], [19.5614, 53.3308], [19.5201, 53.3304], [19.5226, 53.3368], [19.5216, 53.3418], [19.528, 53.3504], [19.526, 53.3521], [19.5254, 53.3519], [19.526, 53.3521], [19.5233, 53.3568], [19.5183, 53.3585], [19.5199, 53.3703], [19.5085, 53.3709], [19.5077, 53.3685], [19.4957, 53.3627], [19.4852, 53.36], [19.4786, 53.3622], [19.4819, 53.3674], [19.4819, 53.3709], [19.4732, 53.3716], [19.4657, 53.3693], [19.458, 53.3597], [19.4468, 53.3609], [19.434, 53.3578], [19.4274, 53.3599], [19.4329, 53.3643], [19.4444, 53.376], [19.4193, 53.3784], [19.4126, 53.3874], [19.4045, 53.392], [19.3971, 53.3924], [19.3894, 53.3913], [19.3908, 53.3976], [19.3813, 53.4074], [19.3806, 53.4109], [19.3689, 53.4129], [19.3599, 53.4092], [19.3469, 53.4074], [19.3435, 53.4083], [19.3295, 53.405], [19.32, 53.4104], [19.3074, 53.4115], [19.3077, 53.4068], [19.2967, 53.4033], [19.3034, 53.402], [19.3047, 53.3986], [19.296, 53.395], [19.2912, 53.3892], [19.2715, 53.3953], [19.2591, 53.3965], [19.2556, 53.4028], [19.2497, 53.4057], [19.2445, 53.4109], [19.2332, 53.4134], [19.239, 53.4178], [19.2497, 53.4226], [19.2546, 53.4315], [19.2462, 53.4348], [19.2422, 53.4431], [19.2457, 53.444], [19.2417, 53.453], [19.2465, 53.4553], [19.2447, 53.4577], [19.2379, 53.4567], [19.2355, 53.4536], [19.226, 53.4533], [19.2259, 53.4612], [19.2363, 53.4683], [19.2299, 53.4774], [19.2232, 53.4804], [19.2256, 53.4888], [19.2121, 53.4953], [19.2058, 53.4967], [19.1892, 53.5116], [19.1911, 53.5159], [19.2017, 53.5191], [19.2019, 53.5209], [19.2106, 53.5247], [19.219, 53.5247], [19.2182, 53.5291], [19.2139, 53.5317], [19.214, 53.5388], [19.2079, 53.5481], [19.1952, 53.5439], [19.1892, 53.5478], [19.1963, 53.5585], [19.1997, 53.5701], [19.1851, 53.5751], [19.182, 53.579], [19.1613, 53.5841], [19.1577, 53.5815], [19.1293, 53.5883], [19.0966, 53.5967], [19.0872, 53.5973], [19.0689, 53.5966], [19.0629, 53.5972], [19.0498, 53.5967], [19.0413, 53.5944], [19.034, 53.5942], [19.0187, 53.591], [18.9985, 53.5943], [18.9888, 53.5951], [18.9873, 53.5899], [18.9768, 53.5874], [18.974, 53.589], [18.9436, 53.5882], [18.9248, 53.591], [18.9151, 53.5795], [18.9093, 53.5776], [18.9031, 53.5779], [18.9083, 53.5881], [18.9063, 53.5942], [18.8953, 53.5957], [18.89, 53.5995], [18.8759, 53.5995], [18.8621, 53.6009], [18.8432, 53.602], [18.8414, 53.6034], [18.8253, 53.6048], [18.7735, 53.607], [18.7607, 53.6047], [18.7533, 53.6175], [18.7405, 53.6323], [18.7393, 53.6446], [18.7424, 53.6523], [18.753, 53.6635], [18.7715, 53.6769], [18.7772, 53.6849], [18.7812, 53.6935], [18.789, 53.7021], [18.7824, 53.704], [18.7787, 53.7008], [18.7657, 53.6998], [18.7649, 53.6981], [18.7507, 53.6926], [18.752, 53.6899], [18.7471, 53.686], [18.7413, 53.6928], [18.7358, 53.6871], [18.731, 53.6844], [18.719, 53.6885], [18.7084, 53.6865], [18.6952, 53.6928], [18.6965, 53.6999], [18.6879, 53.6991], [18.6804, 53.6923], [18.6768, 53.6907]]]}}, {"type": "Feature", "properties": {"code": "24", "name": "śląskie", "country": "PL", "level": "region", "type": "województwo"}, "geometry": {"type": "Polygon", "coordinates": [[[19.4674, 49.6138], [19.475, 49.6212], [19.4808, 49.6244], [19.4797, 49.6316], [19.4754, 49.6388], [19.471, 49.6405], [19.4685, 49.6439], [19.4689, 49.648], [19.4773, 49.6563], [19.4778, 49.6608], [19.4709, 49.666], [19.465, 49.6679], [19.4594, 49.6764], [19.4493, 49.6793], [19.4411, 49.6805], [19.4364, 49.6782], [19.425, 49.675], [19.418, 49.6746], [19.4138, 49.6728], [19.4096, 49.6747], [19.4071, 49.6786], [19.3918, 49.6773], [19.3895, 49.6843], [19.3827, 49.6862], [19.3797, 49.6899], [19.3738, 49.6926], [19.3907, 49.6984], [19.396, 49.7068], [19.4004, 49.7108], [19.4105, 49.7101], [19.4185, 49.7149], [19.4293, 49.7195], [19.4287, 49.7275], [19.4379, 49.7293], [19.4446, 49.7349], [19.446, 49.7426], [19.4364, 49.7571], [19.4314, 49.7622], [19.4264, 49.7643], [19.4202, 49.7722], [19.415, 49.7753], [19.4108, 49.7715], [19.4085, 49.764], [19.3995, 49.7617], [19.3948, 49.7661], [19.3867, 49.7696], [19.3816, 49.7686], [19.373, 49.7707], [19.3661, 49.7777], [19.358, 49.7753], [19.3498, 49.7714], [19.3428, 49.7739], [19.3371, 49.7728], [19.3213, 49.7774], [19.3168, 49.7779], [19.3158, 49.7845], [19.3081, 49.7932], [19.3033, 49.7959], [19.2944, 49.8073], [19.297, 49.8093], [19.2918, 49.815], [19.2866, 49.8164], [19.286, 49.8213], [19.2884, 49.8238], [19.2877, 49.8283], [19.2891, 49.8383], [19.2946, 49.85], [19.2892, 49.8505], [19.2805, 49.8547], [19.2709, 49.8607], [19.2661, 49.8621], [19.255, 49.8623], [19.2506, 49.8636], [19.2371, 49.8648], [19.2376, 49.862], [19.2207, 49.863], [19.2212, 49.8687], [19.2122, 49.8686], [19.2062, 49.8716], [19.2026, 49.8716], [19.1933, 49.8681], [19.1969, 49.8604], [19.193, 49.8584], [19.1824, 49.8564], [19.1709, 49.853], [19.1622, 49.8618], [19.1571, 49.8651], [19.1643, 49.8698], [19.1658, 49.8748], [19.1729, 49.8799], [19.1803, 49.8812], [19.1945, 49.886], [19.195, 49.8983], [19.1968, 49.901], [19.1941, 49.9072], [19.1945, 49.9133], [19.1908, 49.9177], [19.1865, 49.9192], [19.1847, 49.9268], [19.1863, 49.9319], [19.184, 49.9366], [19.1873, 49.939], [19.1837, 49.9443], [19.1862, 49.9455], [19.1849, 49.95], [19.1688, 49.9466], [19.1616, 49.9435], [19.1616, 49.9396], [19.1313, 49.9399], [19.1265, 49.9383], [19.1186, 49.9389], [19.1018, 49.9476], [19.0981, 49.9522], [19.0871, 49.9492], [19.0833, 49.9508], [19.0911, 49.9566], [19.1018, 49.9577], [19.1077, 49.96], [19.1121, 49.959], [19.12, 49.9607], [19.1242, 49.9666], [19.1176, 49.9681], [19.1201, 49.9729], [19.1103, 49.9773], [19.1181, 49.9822], [19.1201, 49.9861], [19.1199, 49.9922], [19.1113, 49.9959], [19.1173, 49.9994], [19.1176, 50.0038], [19.1211, 50.0062], [19.119, 50.0092], [19.128, 50.0141], [19.1287, 50.0175], [19.1363, 50.0191], [19.1429, 50.0284], [19.139, 50.0283], [19.1362, 50.0332], [19.1434, 50.0353], [19.1483, 50.0395], [19.1461, 50.0463], [19.1536, 50.053], [19.16, 50.0543], [19.1693, 50.0604], [19.1779, 50.0572], [19.1825, 50.0603], [19.1959, 50.0652], [19.2023, 50.064], [19.2063, 50.0616], [19.2096, 50.0641], [19.2148, 50.0645], [19.2167, 50.0616], [19.2224, 50.0648], [19.2234, 50.0676], [19.2311, 50.0673], [19.2296, 50.0712], [19.2133, 50.0741], [19.2119, 50.0757], [19.2145, 50.0811], [19.2232, 50.0881], [19.2229, 50.0948], [19.2302, 50.1012], [19.2325, 50.1076], [19.2396, 50.111], [19.2408, 50.1177], [19.2494, 50.1307], [19.2544, 50.1306], [19.2592, 50.117], [19.2778, 50.1197], [19.2733, 50.1324], [19.2746, 50.1366], [19.2706, 50.1437], [19.2853, 50.1423], [19.2883, 50.1404], [19.3016, 50.1424], [19.315, 50.1422], [19.3225, 50.1439], [19.3316, 50.1442], [19.3449, 50.1501], [19.3499, 50.1505], [19.3538, 50.1539], [19.3451, 50.1647], [19.3487, 50.1733], [19.3617, 50.1715], [19.3666, 50.1732], [19.3664, 50.1798], [19.3607, 50.1777], [19.3518, 50.177], [19.3392, 50.1816], [19.3344, 50.1859], [19.337, 50.1897], [19.3521, 50.1913], [19.3637, 50.1905], [19.3754, 50.1933], [19.3752, 50.196], [19.3833, 50.1976], [19.3832, 50.1997], [19.4025, 50.2019], [19.4054, 50.2068], [19.4122, 50.2063], [19.4162, 50.2103], [19.441, 50.2259], [19.4287, 50.2255], [19.4214, 50.2296], [19.4111, 50.2333], [19.4071, 50.2321], [19.397, 50.2316], [19.3931, 50.2334], [19.3401, 50.2496], [19.3241, 50.2588], [19.3278, 50.2616], [19.3368, 50.2616], [19.3388, 50.2634], [19.3535, 50.2659], [19.3591, 50.2592], [19.3632, 50.2606], [19.3615, 50.2641], [19.3715, 50.2683], [19.3736, 50.2715], [19.3816, 50.273], [19.3869, 50.2785], [19.384, 50.2822], [19.3881, 50.2893], [19.3952, 50.2901], [19.3995, 50.2934], [19.4008, 50.2974], [19.4094, 50.2993], [19.4106, 50.3026], [19.4027, 50.3076], [19.3984, 50.3084], [19.4004, 50.3139], [19.4147, 50.3228], [19.4134, 50.3273], [19.4153, 50.3317], [19.4238, 50.3285], [19.4321, 50.3277], [19.4344, 50.3247], [19.451, 50.3189], [19.4595, 50.3228], [19.4673, 50.3226], [19.4753, 50.3241], [19.4839, 50.3236], [19.4806, 50.3336], [19.4876, 50.3473], [19.4822, 50.3569], [19.4768, 50.357], [19.4594, 50.3634], [19.4565, 50.3663], [19.4603, 50.3729], [19.4917, 50.366], [19.4911, 50.3818], [19.4882, 50.3851], [19.4889, 50.3911], [19.4876, 50.397], [19.4955, 50.3998], [19.5045, 50.4011], [19.5108, 50.4083], [19.5195, 50.415], [19.5186, 50.4167], [19.536, 50.4203], [19.5453, 50.4189], [19.5462, 50.4135], [19.5544, 50.412], [19.5688, 50.4115], [19.5706, 50.4086], [19.5785, 50.4072], [19.5952, 50.409], [19.5993, 50.4056], [19.6058, 50.4042], [19.6162, 50.4059], [19.6249, 50.4117], [19.6293, 50.4129], [19.6366, 50.4094], [19.6467, 50.4106], [19.6545, 50.4141], [19.6717, 50.4158], [19.67, 50.4203], [19.6652, 50.4237], [19.6776, 50.4339], [19.6867, 50.4339], [19.6947, 50.4354], [19.6967, 50.442], [19.7019, 50.4482], [19.7082, 50.4483], [19.7122, 50.4443], [19.725, 50.4409], [19.7318, 50.4443], [19.7416, 50.4438], [19.7487, 50.4421], [19.756, 50.4438], [19.7695, 50.4443], [19.7712, 50.4422], [19.782, 50.4401], [19.7915, 50.4407], [19.7937, 50.4433], [19.8, 50.4439], [19.8042, 50.442], [19.8071, 50.4361], [19.8201, 50.4345], [19.8251, 50.438], [19.832, 50.4361], [19.8336, 50.4391], [19.8412, 50.4386], [19.8408, 50.4348], [19.8535, 50.4351], [19.8504, 50.4436], [19.8552, 50.4478], [19.8772, 50.4492], [19.8998, 50.4534], [19.903, 50.4568], [19.8936, 50.463], [19.8921, 50.4662], [19.9005, 50.4735], [19.9091, 50.4728], [19.9093, 50.4749], [19.9284, 50.4752], [19.9328, 50.4782], [19.9397, 50.4789], [19.9538, 50.4766], [19.961, 50.4769], [19.9706, 50.474], [19.9678, 50.483], [19.964, 50.4887], [19.9563, 50.4909], [19.9518, 50.4951], [19.95, 50.5048], [19.9392, 50.5026], [19.9335, 50.5033], [19.9206, 50.5074], [19.9117, 50.5118], [19.9082, 50.5225], [19.9061, 50.5242], [19.9022, 50.5393], [19.8828, 50.5425], [19.8687, 50.5432], [19.8676, 50.5422], [19.8548, 50.5439], [19.8541, 50.5464], [19.8481, 50.549], [19.8446, 50.5546], [19.8417, 50.5551], [19.8154, 50.5544], [19.7969, 50.5553], [19.7887, 50.5545], [19.7881, 50.5628], [19.7897, 50.5685], [19.7997, 50.5656], [19.804, 50.5656], [19.8175, 50.5735], [19.8249, 50.5829], [19.828, 50.5833], [19.8367, 50.5897], [19.8409, 50.5907], [19.8408, 50.595], [19.8445, 50.5986], [19.851, 50.6122], [19.8619, 50.6217], [19.8716, 50.6208], [19.883, 50.6172], [19.8984, 50.616], [19.9035, 50.6196], [19.909, 50.6299], [19.9115, 50.6294], [19.9151, 50.6357], [19.9202, 50.6345], [19.9222, 50.6394], [19.9098, 50.642], [19.8888, 50.6366], [19.8848, 50.6402], [19.8829, 50.6453], [19.8756, 50.647], [19.8703, 50.6455], [19.8571, 50.6459], [19.8352, 50.6514], [19.8411, 50.6629], [19.8329, 50.6672], [19.837, 50.6704], [19.8445, 50.6668], [19.8644, 50.6643], [19.8587, 50.671], [19.8616, 50.6795], [19.873, 50.683], [19.8717, 50.693], [19.8575, 50.6901], [19.8504, 50.6907], [19.8478, 50.697], [19.8474, 50.7018], [19.8433, 50.7057], [19.8333, 50.7043], [19.8199, 50.7057], [19.8159, 50.704], [19.8083, 50.7059], [19.8099, 50.7114], [19.8061, 50.712], [19.8108, 50.7254], [19.8044, 50.725], [19.8017, 50.7171], [19.7929, 50.7182], [19.7937, 50.7206], [19.7788, 50.7217], [19.7638, 50.716], [19.755, 50.716], [19.7129, 50.7292], [19.7132, 50.7323], [19.7195, 50.733], [19.7127, 50.7427], [19.7083, 50.7438], [19.7044, 50.7523], [19.7112, 50.7543], [19.7058, 50.7618], [19.721, 50.7631], [19.7266, 50.771], [19.7343, 50.7697], [19.7375, 50.765], [19.734, 50.7624], [19.7402, 50.758], [19.7417, 50.7547], [19.7658, 50.7717], [19.7629, 50.7748], [19.7647, 50.7777], [19.7705, 50.7773], [19.7811, 50.7805], [19.7938, 50.7822], [19.7954, 50.7837], [19.7854, 50.7933], [19.7776, 50.796], [19.7761, 50.7995], [19.7827, 50.8068], [19.7788, 50.8094], [19.7842, 50.8178], [19.7883, 50.8185], [19.7969, 50.8166], [19.7978, 50.8116], [19.8046, 50.8079], [19.8095, 50.8036], [19.8152, 50.803], [19.8234, 50.8056], [19.8205, 50.8076], [19.8175, 50.8187], [19.8186, 50.8207], [19.8322, 50.8197], [19.8297, 50.8237], [19.8257, 50.825], [19.8254, 50.832], [19.8194, 50.8385], [19.807, 50.844], [19.8054, 50.8468], [19.7965, 50.8477], [19.7923, 50.8508], [19.7774, 50.8548], [19.7713, 50.8585], [19.7634, 50.8592], [19.7471, 50.866], [19.7458, 50.8565], [19.7411, 50.8519], [19.7285, 50.8494], [19.7278, 50.8432], [19.6991, 50.8443], [19.695, 50.8435], [19.6831, 50.8452], [19.6802, 50.8492], [19.6748, 50.8476], [19.6701, 50.8487], [19.6675, 50.8541], [19.6614, 50.8545], [19.6578, 50.8633], [19.6615, 50.8743], [19.6538, 50.8768], [19.6421, 50.8788], [19.6303, 50.8786], [19.6179, 50.8805], [19.6139, 50.8773], [19.5936, 50.8999], [19.5877, 50.9024], [19.5867, 50.9053], [19.5774, 50.9048], [19.5775, 50.9072], [19.5697, 50.9083], [19.5558, 50.9013], [19.5413, 50.8987], [19.5249, 50.8939], [19.5208, 50.8887], [19.5091, 50.8811], [19.5019, 50.885], [19.4976, 50.8797], [19.4863, 50.8797], [19.4831, 50.8838], [19.4711, 50.8859], [19.4672, 50.8886], [19.4734, 50.8917], [19.4696, 50.8937], [19.4642, 50.8963], [19.4628, 50.91], [19.4672, 50.9095], [19.4696, 50.9174], [19.4635, 50.9261], [19.4465, 50.9355], [19.4444, 50.9398], [19.4381, 50.9438], [19.4332, 50.9555], [19.4322, 50.9649], [19.4289, 50.9658], [19.4231, 50.9715], [19.4134, 50.9752], [19.4059, 50.9729], [19.4034, 50.975], [19.4106, 50.9807], [19.4073, 50.9852], [19.4023, 50.9884], [19.4021, 50.994], [19.3948, 50.9965], [19.3892, 51.0012], [19.3813, 50.9964], [19.3746, 50.9944], [19.3676, 50.9951], [19.3631, 50.9924], [19.3562, 50.9926], [19.3516, 50.9959], [19.3622, 51.0039], [19.3476, 51.0107], [19.3292, 51.0132], [19.3245, 51.0194], [19.319, 51.0196], [19.3203, 51.0246], [19.3184, 51.0282], [19.3301, 51.0362], [19.3313, 51.0389], [19.3227, 51.0461], [19.3106, 51.0476], [19.3032, 51.0471], [19.3013, 51.0433], [19.2918, 51.0455], [19.2815, 51.0394], [19.2702, 51.0364], [19.2664, 51.0321], [19.2601, 51.0314], [19.2513, 51.0397], [19.2442, 51.0368], [19.2466, 51.031], [19.2439, 51.0249], [19.2455, 51.0201], [19.2494, 51.0187], [19.2562, 51.0063], [19.2532, 51.0025], [19.246, 50.9974], [19.2461, 50.9948], [19.2407, 50.9904], [19.2348, 50.9909], [19.2242, 50.9859], [19.2144, 50.9864], [19.2065, 50.9855], [19.165, 50.9946], [19.1617, 51.0006], [19.1449, 51.0018], [19.1497, 51.0096], [19.1327, 51.0108], [19.1273, 51.0059], [19.1326, 51.0027], [19.1328, 50.9996], [19.1236, 50.9996], [19.1174, 51.0072], [19.1108, 51.0121], [19.1081, 51.0162], [19.1074, 51.0216], [19.1044, 51.0263], [19.0954, 51.0311], [19.0818, 51.035], [19.0727, 51.0355], [19.0561, 51.0242], [19.0468, 51.0286], [19.0503, 51.0298], [19.0563, 51.0348], [19.0511, 51.0426], [19.0453, 51.0452], [19.0342, 51.047], [19.0286, 51.0499], [19.0187, 51.0512], [19.0157, 51.0527], [19.0119, 51.0588], [19.0091, 51.0603], [19.0116, 51.0664], [19.0002, 51.0709], [18.9931, 51.0762], [18.9849, 51.0774], [18.9753, 51.081], [18.9699, 51.0806], [18.9614, 51.0849], [18.9554, 51.0902], [18.946, 51.0923], [18.9397, 51.0912], [18.9324, 51.0931], [18.923, 51.0984], [18.9189, 51.098], [18.9074, 51.0856], [18.9009, 51.08], [18.8955, 51.0666], [18.9003, 51.0624], [18.8933, 51.0602], [18.8835, 51.059], [18.8827, 51.0614], [18.8747, 51.0674], [18.863, 51.0727], [18.8574, 51.0726], [18.8179, 51.0682], [18.8166, 51.0729], [18.8007, 51.0712], [18.8029, 51.0634], [18.7929, 51.064], [18.7811, 51.0658], [18.7679, 51.0648], [18.7619, 51.0634], [18.7494, 51.0623], [18.7394, 51.0635], [18.7315, 51.0664], [18.7249, 51.0649], [18.7157, 51.0659], [18.7029, 51.0644], [18.7022, 51.0627], [18.6908, 51.0612], [18.673, 51.0569], [18.6754, 51.0533], [18.672, 51.0491], [18.687, 51.0261], [18.6954, 51.0157], [18.6858, 51.0104], [18.678, 51.008], [18.667, 51.0078], [18.6562, 51.005], [18.6682, 50.989], [18.6645, 50.9842], [18.6628, 50.9778], [18.6636, 50.9706], [18.6483, 50.9693], [18.6483, 50.969], [18.6429, 50.9655], [18.63, 50.9638], [18.6222, 50.9656], [18.6197, 50.9613], [18.6124, 50.9551], [18.6303, 50.9312], [18.6488, 50.9313], [18.6491, 50.9268], [18.6541, 50.9208], [18.6545, 50.9147], [18.6464, 50.9023], [18.6423, 50.8995], [18.6424, 50.8958], [18.637, 50.8927], [18.6334, 50.8858], [18.6337, 50.8833], [18.6294, 50.8794], [18.6278, 50.8743], [18.6246, 50.871], [18.6229, 50.8652], [18.6191, 50.8626], [18.6164, 50.8538], [18.6021, 50.8539], [18.5882, 50.8516], [18.5785, 50.8443], [18.558, 50.8341], [18.5573, 50.8315], [18.5629, 50.8197], [18.5611, 50.8136], [18.5622, 50.8089], [18.5498, 50.8072], [18.5369, 50.8045], [18.5219, 50.8024], [18.5136, 50.8035], [18.5046, 50.801], [18.5036, 50.797], [18.5124, 50.798], [18.5198, 50.7963], [18.5221, 50.7916], [18.5162, 50.7889], [18.5243, 50.7872], [18.5272, 50.7801], [18.5343, 50.7788], [18.5377, 50.7732], [18.5348, 50.7713], [18.5501, 50.7596], [18.5571, 50.7568], [18.5723, 50.7563], [18.5806, 50.7518], [18.5777, 50.748], [18.5722, 50.749], [18.5705, 50.7447], [18.552, 50.7496], [18.5476, 50.7419], [18.5483, 50.732], [18.5434, 50.7303], [18.5207, 50.7263], [18.509, 50.7261], [18.5068, 50.721], [18.5069, 50.7132], [18.5012, 50.711], [18.4896, 50.7086], [18.4839, 50.7083], [18.4841, 50.703], [18.4936, 50.7005], [18.4926, 50.6968], [18.5009, 50.6938], [18.4994, 50.6895], [18.4934, 50.687], [18.4838, 50.6856], [18.4894, 50.6777], [18.4976, 50.6789], [18.5039, 50.6737], [18.4967, 50.6706], [18.4942, 50.6643], [18.5227, 50.6596], [18.5131, 50.6579], [18.5064, 50.6414], [18.5168, 50.6396], [18.5132, 50.6307], [18.5174, 50.6255], [18.5873, 50.6138], [18.5901, 50.6064], [18.6017, 50.6045], [18.5908, 50.5778], [18.5918, 50.5742], [18.5962, 50.5726], [18.598, 50.5686], [18.6034, 50.5676], [18.6162, 50.5692], [18.6054, 50.5527], [18.6043, 50.5494], [18.596, 50.5503], [18.5882, 50.5471], [18.5815, 50.5484], [18.5799, 50.5456], [18.5727, 50.5481], [18.5642, 50.5439], [18.559, 50.5401], [18.5338, 50.5427], [18.521, 50.5461], [18.506, 50.5492], [18.4846, 50.5514], [18.4779, 50.5527], [18.4518, 50.5475], [18.4438, 50.5479], [18.4356, 50.5447], [18.4356, 50.5417], [18.4314, 50.537], [18.4299, 50.5316], [18.4382, 50.5272], [18.4398, 50.5198], [18.4429, 50.513], [18.4455, 50.5115], [18.4479, 50.4994], [18.4665, 50.4995], [18.4672, 50.4887], [18.4704, 50.4796], [18.4744, 50.4793], [18.475, 50.4731], [18.486, 50.4699], [18.4832, 50.4666], [18.4813, 50.4583], [18.4678, 50.4617], [18.452, 50.4626], [18.4515, 50.4676], [18.4533, 50.471], [18.4504, 50.474], [18.4526, 50.4769], [18.44, 50.4807], [18.4348, 50.4784], [18.4097, 50.4746], [18.4048, 50.4753], [18.3936, 50.4804], [18.3838, 50.4836], [18.3796, 50.4788], [18.3828, 50.4702], [18.3838, 50.4612], [18.3869, 50.4588], [18.3829, 50.4564], [18.3817, 50.4491], [18.3875, 50.4452], [18.389, 50.4394], [18.3872, 50.4323], [18.376, 50.4265], [18.3669, 50.4268], [18.3656, 50.4245], [18.3698, 50.4158], [18.3699, 50.4158], [18.3698, 50.4158], [18.3699, 50.4158], [18.3781, 50.4135], [18.3855, 50.4041], [18.3847, 50.4004], [18.3936, 50.3915], [18.3906, 50.3854], [18.385, 50.3847], [18.3823, 50.3815], [18.3768, 50.3803], [18.3765, 50.3761], [18.3882, 50.3745], [18.3874, 50.3701], [18.3725, 50.3716], [18.3728, 50.3611], [18.3631, 50.3571], [18.3577, 50.3566], [18.3733, 50.3463], [18.3868, 50.3424], [18.3947, 50.3378], [18.4001, 50.3313], [18.401, 50.3272], [18.4057, 50.3243], [18.409, 50.3172], [18.3921, 50.3134], [18.394, 50.3092], [18.3932, 50.3054], [18.4033, 50.2973], [18.4076, 50.2899], [18.4068, 50.2872], [18.4002, 50.2841], [18.3939, 50.2754], [18.4061, 50.2771], [18.4202, 50.2739], [18.427, 50.2687], [18.4278, 50.265], [18.4253, 50.2613], [18.4202, 50.2615], [18.4258, 50.249], [18.4208, 50.2491], [18.4059, 50.2548], [18.399, 50.2538], [18.386, 50.2555], [18.3766, 50.2539], [18.3687, 50.2545], [18.3624, 50.2564], [18.3551, 50.2551], [18.3621, 50.2473], [18.3469, 50.2473], [18.3308, 50.2443], [18.3262, 50.2412], [18.313, 50.2407], [18.3132, 50.2359], [18.3084, 50.2313], [18.2964, 50.2303], [18.2949, 50.2284], [18.2752, 50.2249], [18.2713, 50.2204], [18.2645, 50.2222], [18.2524, 50.2226], [18.2494, 50.2178], [18.2367, 50.2142], [18.2376, 50.2099], [18.2356, 50.201], [18.244, 50.1969], [18.2494, 50.1978], [18.2491, 50.1926], [18.2327, 50.1911], [18.2051, 50.1903], [18.1914, 50.1873], [18.1853, 50.1869], [18.186, 50.181], [18.177, 50.1837], [18.1727, 50.1867], [18.1623, 50.1892], [18.1484, 50.182], [18.1456, 50.1795], [18.1379, 50.1795], [18.1335, 50.1844], [18.1246, 50.18], [18.1205, 50.1792], [18.1228, 50.1748], [18.1105, 50.1673], [18.1058, 50.1688], [18.1009, 50.1756], [18.1011, 50.1777], [18.0784, 50.1744], [18.071, 50.1706], [18.0619, 50.1757], [18.0579, 50.1733], [18.0641, 50.1678], [18.0564, 50.1606], [18.066, 50.157], [18.0557, 50.145], [18.052, 50.1433], [18.0502, 50.1381], [18.0547, 50.1336], [18.0682, 50.1297], [18.0671, 50.124], [18.062, 50.1193], [18.0608, 50.116], [18.0649, 50.1146], [18.072, 50.109], [18.067, 50.1072], [18.0601, 50.0979], [18.0571, 50.087], [18.0522, 50.0838], [18.0425, 50.0739], [18.0412, 50.0698], [18.0345, 50.0659], [18.0408, 50.063], [18.0461, 50.0626], [18.0498, 50.0584], [18.0617, 50.0591], [18.066, 50.0482], [18.0774, 50.0456], [18.0859, 50.046], [18.0894, 50.0441], [18.0885, 50.0383], [18.0849, 50.0341], [18.0966, 50.026], [18.1032, 50.0226], [18.0933, 50.015], [18.0979, 50.0073], [18.1048, 50.0009], [18.1122, 49.998], [18.117, 49.9942], [18.1209, 49.9945], [18.1311, 49.9981], [18.1361, 49.9939], [18.1469, 49.9916], [18.1538, 49.9824], [18.158, 49.9828], [18.169, 49.9865], [18.172, 49.99], [18.1681, 49.9939], [18.168, 49.9985], [18.1731, 50.0003], [18.183, 50.0004], [18.1901, 49.9987], [18.1932, 49.9945], [18.2065, 49.9979], [18.2114, 49.9923], [18.2137, 49.986], [18.2154, 49.9757], [18.2143, 49.972], [18.2206, 49.9689], [18.2337, 49.971], [18.2479, 49.9687], [18.2525, 49.9691], [18.2641, 49.966], [18.2731, 49.9659], [18.278, 49.9635], [18.2818, 49.9499], [18.2792, 49.9401], [18.2879, 49.9319], [18.2897, 49.9287], [18.299, 49.9287], [18.2992, 49.9238], [18.315, 49.9188], [18.3217, 49.9159], [18.3264, 49.9193], [18.3333, 49.9276], [18.3409, 49.9257], [18.3501, 49.9338], [18.3468, 49.9401], [18.3399, 49.9384], [18.3353, 49.9398], [18.3345, 49.9448], [18.3378, 49.9459], [18.356, 49.9441], [18.3603, 49.9406], [18.364, 49.9405], [18.3677, 49.9368], [18.3859, 49.9353], [18.3921, 49.934], [18.4004, 49.9356], [18.418, 49.9374], [18.4214, 49.9386], [18.4308, 49.9382], [18.4327, 49.9285], [18.4374, 49.9284], [18.4442, 49.9234], [18.4614, 49.9228], [18.4647, 49.9212], [18.4679, 49.9156], [18.4799, 49.911], [18.4851, 49.9063], [18.4918, 49.9045], [18.4971, 49.9052], [18.505, 49.9026], [18.5081, 49.9028], [18.5191, 49.9023], [18.5295, 49.8998], [18.5385, 49.9026], [18.547, 49.9091], [18.5399, 49.912], [18.5443, 49.9261], [18.5522, 49.9208], [18.559, 49.918], [18.5721, 49.9217], [18.5752, 49.9186], [18.5737, 49.9125], [18.576, 49.9075], [18.5801, 49.9055], [18.5773, 49.8996], [18.571, 49.8912], [18.573, 49.8871], [18.566, 49.8832], [18.5657, 49.8807], [18.5714, 49.876], [18.5719, 49.8722], [18.5798, 49.8692], [18.5802, 49.8668], [18.5904, 49.8676], [18.5991, 49.8663], [18.6057, 49.8616], [18.6039, 49.8571], [18.5941, 49.8559], [18.5837, 49.8523], [18.5893, 49.8455], [18.5827, 49.8407], [18.5756, 49.8381], [18.5694, 49.8344], [18.5701, 49.827], [18.5755, 49.8244], [18.5776, 49.8205], [18.5827, 49.8165], [18.5824, 49.8099], [18.5848, 49.8055], [18.5932, 49.8012], [18.5928, 49.7977], [18.6, 49.7894], [18.5974, 49.7841], [18.6033, 49.7801], [18.6049, 49.7746], [18.6105, 49.7707], [18.6109, 49.7664], [18.6144, 49.7617], [18.6131, 49.7555], [18.6158, 49.7529], [18.6264, 49.75], [18.6291, 49.7473], [18.6278, 49.7339], [18.6262, 49.7298], [18.6288, 49.7263], [18.6252, 49.7224], [18.6363, 49.7171], [18.6362, 49.715], [18.649, 49.7109], [18.6526, 49.7077], [18.6583, 49.7108], [18.6641, 49.7096], [18.6669, 49.7097], [18.6682, 49.7034], [18.6762, 49.7055], [18.681, 49.7038], [18.6933, 49.7066], [18.7065, 49.7044], [18.7144, 49.6962], [18.7146, 49.6917], [18.7176, 49.6897], [18.7192, 49.6838], [18.7233, 49.6827], [18.7298, 49.6842], [18.7355, 49.6824], [18.7415, 49.6764], [18.7512, 49.6769], [18.7641, 49.6846], [18.7668, 49.6823], [18.7739, 49.6828], [18.7806, 49.6854], [18.795, 49.6791], [18.8046, 49.6789], [18.8085, 49.6753], [18.8101, 49.671], [18.8066, 49.6653], [18.8093, 49.6575], [18.8063, 49.6513], [18.8093, 49.6483], [18.8134, 49.6398], [18.813, 49.6343], [18.8172, 49.6316], [18.8205, 49.6232], [18.8193, 49.6176], [18.8243, 49.6145], [18.8232, 49.6041], [18.8267, 49.5969], [18.8293, 49.5949], [18.8391, 49.5953], [18.8324, 49.5856], [18.8319, 49.5816], [18.8349, 49.5769], [18.8335, 49.5728], [18.8374, 49.5694], [18.8376, 49.5622], [18.8442, 49.5613], [18.8487, 49.5587], [18.8489, 49.5548], [18.8523, 49.5524], [18.8592, 49.5506], [18.8575, 49.5379], [18.8498, 49.5344], [18.8441, 49.5341], [18.8447, 49.5282], [18.8373, 49.5236], [18.843, 49.5185], [18.8534, 49.517], [18.8691, 49.519], [18.8754, 49.5159], [18.8867, 49.5167], [18.8958, 49.5145], [18.9128, 49.5176], [18.929, 49.519], [18.9417, 49.5189], [18.9466, 49.5174], [18.9492, 49.5126], [18.9547, 49.5126], [18.9611, 49.5097], [18.9642, 49.5065], [18.9716, 49.5043], [18.9733, 49.4968], [18.9662, 49.4931], [18.9632, 49.4846], [18.9605, 49.4828], [18.9702, 49.4768], [18.9646, 49.4724], [18.9662, 49.468], [18.963, 49.4574], [18.9608, 49.4547], [18.9739, 49.4517], [18.9778, 49.4405], [18.9837, 49.4335], [18.9883, 49.4318], [18.9857, 49.4218], [18.9754, 49.4159], [18.9687, 49.4133], [18.9696, 49.4093], [18.9732, 49.4069], [18.9712, 49.4021], [18.9799, 49.3952], [18.9896, 49.3984], [19.0001, 49.3979], [19.0098, 49.3948], [19.0148, 49.3964], [19.027, 49.394], [19.035, 49.3957], [19.0447, 49.4004], [19.0443, 49.4047], [19.0519, 49.4104], [19.0539, 49.4152], [19.0702, 49.4124], [19.0727, 49.418], [19.0765, 49.417], [19.0915, 49.416], [19.0943, 49.4103], [19.1002, 49.411], [19.1073, 49.4037], [19.1128, 49.4042], [19.1224, 49.4026], [19.1324, 49.4057], [19.1375, 49.41], [19.145, 49.408], [19.1471, 49.4052], [19.1534, 49.4038], [19.1661, 49.4093], [19.1697, 49.4118], [19.1773, 49.414], [19.1876, 49.4097], [19.1974, 49.4146], [19.1915, 49.4202], [19.1934, 49.426], [19.1863, 49.4319], [19.1857, 49.4347], [19.1944, 49.443], [19.1986, 49.4482], [19.209, 49.4518], [19.219, 49.4486], [19.2196, 49.4509], [19.2253, 49.4543], [19.2283, 49.4637], [19.2271, 49.4669], [19.22, 49.4693], [19.2209, 49.475], [19.2251, 49.4786], [19.2273, 49.4841], [19.2316, 49.4878], [19.2278, 49.4919], [19.2349, 49.495], [19.237, 49.5017], [19.234, 49.5037], [19.2336, 49.5109], [19.2434, 49.5178], [19.251, 49.5207], [19.2553, 49.5249], [19.2605, 49.527], [19.2607, 49.5312], [19.2643, 49.5324], [19.2747, 49.5319], [19.2815, 49.5353], [19.2929, 49.5332], [19.3017, 49.5342], [19.3067, 49.5364], [19.3156, 49.5366], [19.3188, 49.5311], [19.3294, 49.5317], [19.333, 49.5336], [19.347, 49.5359], [19.3624, 49.5361], [19.3661, 49.5389], [19.3686, 49.545], [19.3666, 49.5537], [19.3714, 49.5557], [19.3736, 49.5594], [19.3714, 49.5674], [19.3775, 49.5705], [19.3841, 49.5721], [19.3929, 49.5724], [19.4, 49.5741], [19.4076, 49.5808], [19.4068, 49.586], [19.4096, 49.5918], [19.4227, 49.5958], [19.4306, 49.5954], [19.4409, 49.598], [19.4446, 49.6005], [19.4422, 49.6043], [19.443, 49.6092], [19.4485, 49.6138], [19.4549, 49.6109], [19.4674, 49.6138]]]}}, {"type": "Feature", "properties": {"code": "10", "name": "łódzkie", "country": "PL", "level": "region", "type": "województwo"}, "geometry": {"type": "Polygon", "coordinates": [[[19.8778, 52.2891], [19.8749, 52.2853], [19.867, 52.2824], [19.861, 52.2777], [19.856, 52.2764], [19.8475, 52.2721], [19.8404, 52.2718], [19.8293, 52.2746], [19.8234, 52.2809], [19.8162, 52.2839], [19.8055, 52.2792], [19.7898, 52.2798], [19.7897, 52.2758], [19.7929, 52.2737], [19.773, 52.2646], [19.7657, 52.2623], [19.7594, 52.263], [19.7357, 52.2589], [19.7291, 52.2682], [19.7028, 52.2764], [19.6993, 52.2785], [19.6945, 52.2711], [19.684, 52.2628], [19.6895, 52.2595], [19.6729, 52.2561], [19.6548, 52.2537], [19.6483, 52.2537], [19.6345, 52.2562], [19.6322, 52.262], [19.6238, 52.264], [19.6344, 52.2744], [19.6311, 52.2778], [19.6259, 52.278], [19.6137, 52.2764], [19.616, 52.2882], [19.6085, 52.2897], [19.6027, 52.289], [19.5786, 52.2898], [19.5771, 52.2918], [19.5492, 52.2941], [19.5461, 52.2972], [19.5361, 52.3021], [19.538, 52.3049], [19.5196, 52.3043], [19.5169, 52.3051], [19.5126, 52.3109], [19.5057, 52.3151], [19.4915, 52.3203], [19.4962, 52.3245], [19.5021, 52.3333], [19.4968, 52.335], [19.4628, 52.3429], [19.4549, 52.3501], [19.4476, 52.3516], [19.444, 52.3446], [19.4388, 52.3415], [19.4261, 52.3373], [19.4176, 52.339], [19.4072, 52.3389], [19.4059, 52.3451], [19.3969, 52.3439], [19.3807, 52.3436], [19.3768, 52.3406], [19.3708, 52.3415], [19.3585, 52.3415], [19.3493, 52.3471], [19.3381, 52.348], [19.3317, 52.3495], [19.3222, 52.3484], [19.3263, 52.3538], [19.3287, 52.3607], [19.3234, 52.369], [19.3154, 52.3716], [19.3052, 52.3688], [19.297, 52.3686], [19.2906, 52.3726], [19.2935, 52.377], [19.3014, 52.3807], [19.3089, 52.3816], [19.308, 52.3874], [19.3009, 52.3875], [19.3021, 52.3915], [19.2892, 52.3927], [19.2727, 52.3939], [19.2681, 52.3893], [19.2614, 52.3876], [19.2639, 52.3842], [19.2505, 52.3758], [19.2364, 52.3693], [19.2367, 52.3622], [19.2296, 52.3628], [19.2247, 52.3616], [19.2194, 52.3648], [19.2101, 52.3656], [19.2071, 52.3584], [19.2122, 52.3565], [19.2091, 52.3535], [19.2249, 52.3442], [19.2183, 52.3412], [19.2007, 52.3513], [19.206, 52.356], [19.1996, 52.36], [19.1932, 52.3531], [19.1874, 52.3485], [19.1805, 52.349], [19.1673, 52.3432], [19.1596, 52.3408], [19.1518, 52.3464], [19.1482, 52.3468], [19.1332, 52.3438], [19.124, 52.3428], [19.1156, 52.3438], [19.1008, 52.3479], [19.0832, 52.3435], [19.0765, 52.3395], [19.0687, 52.3378], [19.0571, 52.3382], [19.06, 52.3324], [19.0543, 52.3317], [19.0471, 52.3328], [19.047, 52.3266], [19.045, 52.3185], [19.0312, 52.318], [19.0363, 52.3154], [19.0385, 52.2993], [19.0457, 52.2957], [19.0425, 52.2918], [19.038, 52.2799], [19.0301, 52.2731], [19.0348, 52.2707], [19.0457, 52.2715], [19.05, 52.2734], [19.0604, 52.2719], [19.0713, 52.2728], [19.0832, 52.2699], [19.0948, 52.2706], [19.1003, 52.2659], [19.1018, 52.2534], [19.1014, 52.2493], [19.1039, 52.2464], [19.1025, 52.2425], [19.0919, 52.24], [19.0805, 52.2385], [19.0799, 52.2307], [19.0709, 52.2284], [19.0733, 52.2228], [19.0821, 52.2228], [19.0898, 52.2067], [19.0776, 52.2001], [19.0527, 52.2125], [19.0202, 52.2154], [18.9995, 52.2111], [18.9922, 52.2145], [18.9812, 52.2078], [18.9721, 52.2059], [18.9703, 52.2026], [18.9641, 52.2024], [18.9636, 52.2064], [18.951, 52.1954], [18.9433, 52.1994], [18.9401, 52.1975], [18.9306, 52.1992], [18.924, 52.1963], [18.9182, 52.186], [18.9158, 52.1731], [18.9156, 52.1608], [18.9099, 52.1557], [18.9083, 52.1468], [18.9111, 52.1327], [18.9133, 52.13], [18.9214, 52.128], [18.9316, 52.1232], [18.9425, 52.1279], [18.9471, 52.1245], [18.9498, 52.1193], [18.9443, 52.1056], [18.94, 52.1011], [18.9308, 52.1043], [18.9287, 52.0911], [18.9251, 52.0793], [18.9052, 52.0795], [18.9003, 52.0839], [18.8948, 52.0809], [18.8839, 52.0807], [18.8802, 52.0834], [18.8726, 52.086], [18.8592, 52.0869], [18.8518, 52.085], [18.8534, 52.0814], [18.8421, 52.0802], [18.8399, 52.0717], [18.8278, 52.0642], [18.8194, 52.0651], [18.8192, 52.0699], [18.8124, 52.0673], [18.8027, 52.0658], [18.7951, 52.0614], [18.7865, 52.061], [18.7721, 52.0644], [18.7638, 52.0675], [18.7528, 52.0765], [18.7238, 52.0649], [18.7194, 52.0598], [18.7222, 52.0539], [18.718, 52.0483], [18.7166, 52.0436], [18.7191, 52.0401], [18.7165, 52.0323], [18.7223, 52.0282], [18.7285, 52.021], [18.7303, 52.0143], [18.726, 52.0131], [18.7346, 52.0027], [18.7176, 51.995], [18.7171, 51.9929], [18.7283, 51.9853], [18.7334, 51.9791], [18.7322, 51.977], [18.7332, 51.9682], [18.7155, 51.9701], [18.715, 51.9682], [18.7236, 51.9581], [18.7284, 51.9579], [18.7298, 51.9547], [18.7382, 51.9627], [18.7412, 51.9507], [18.7361, 51.9446], [18.7416, 51.9451], [18.7444, 51.9402], [18.7425, 51.9371], [18.7679, 51.9278], [18.7607, 51.9214], [18.7489, 51.9076], [18.7368, 51.901], [18.7393, 51.899], [18.7354, 51.8955], [18.7365, 51.8922], [18.7334, 51.8885], [18.7286, 51.8863], [18.7223, 51.8781], [18.721, 51.8735], [18.7128, 51.8693], [18.7087, 51.8711], [18.6968, 51.8657], [18.6987, 51.8568], [18.701, 51.8529], [18.6968, 51.8506], [18.6928, 51.8451], [18.6905, 51.8285], [18.6886, 51.8225], [18.6845, 51.8208], [18.6654, 51.8264], [18.6486, 51.8268], [18.6425, 51.8339], [18.6303, 51.8308], [18.6132, 51.8344], [18.6103, 51.8395], [18.5949, 51.8481], [18.5887, 51.8461], [18.5808, 51.8459], [18.5671, 51.8442], [18.5598, 51.8456], [18.55, 51.8454], [18.5465, 51.8429], [18.535, 51.8417], [18.5346, 51.8361], [18.5227, 51.8344], [18.5143, 51.8369], [18.5099, 51.8423], [18.5105, 51.8507], [18.5073, 51.8544], [18.4942, 51.8527], [18.4844, 51.85], [18.4721, 51.851], [18.4689, 51.8439], [18.4701, 51.8394], [18.4646, 51.838], [18.4638, 51.8345], [18.4671, 51.8317], [18.4678, 51.8254], [18.4719, 51.8199], [18.4648, 51.8212], [18.4571, 51.8248], [18.447, 51.8272], [18.4393, 51.8255], [18.4426, 51.8172], [18.4411, 51.8094], [18.4443, 51.7985], [18.4374, 51.7977], [18.4369, 51.7936], [18.426, 51.7924], [18.4291, 51.8016], [18.4244, 51.8006], [18.4243, 51.7928], [18.4093, 51.7917], [18.4165, 51.7851], [18.42, 51.7795], [18.4254, 51.7775], [18.4293, 51.7732], [18.4322, 51.7648], [18.4299, 51.7572], [18.4215, 51.7579], [18.4159, 51.7485], [18.4049, 51.7499], [18.405, 51.7467], [18.4151, 51.7453], [18.4203, 51.7414], [18.4235, 51.7359], [18.4208, 51.7268], [18.4157, 51.7258], [18.4082, 51.7266], [18.4027, 51.7201], [18.411, 51.7144], [18.4096, 51.706], [18.4137, 51.7046], [18.4122, 51.7006], [18.4048, 51.7009], [18.3956, 51.6995], [18.3969, 51.6958], [18.3878, 51.6955], [18.3791, 51.6895], [18.3799, 51.6844], [18.3642, 51.6817], [18.3576, 51.6715], [18.3553, 51.6605], [18.3683, 51.6575], [18.3809, 51.6523], [18.3803, 51.6468], [18.3743, 51.6374], [18.37, 51.6343], [18.3528, 51.6333], [18.3533, 51.6298], [18.35, 51.6269], [18.3585, 51.6263], [18.3647, 51.624], [18.3682, 51.618], [18.3684, 51.6174], [18.3527, 51.6072], [18.3487, 51.6014], [18.3521, 51.6006], [18.3768, 51.6001], [18.3786, 51.5923], [18.3706, 51.591], [18.3727, 51.5768], [18.3648, 51.5645], [18.3678, 51.5616], [18.3696, 51.5562], [18.3683, 51.5497], [18.373, 51.5474], [18.3694, 51.5437], [18.3598, 51.5405], [18.3585, 51.5362], [18.3606, 51.5314], [18.3715, 51.5234], [18.3801, 51.5182], [18.3828, 51.4773], [18.3767, 51.4728], [18.3601, 51.4682], [18.3562, 51.4643], [18.3562, 51.4565], [18.3514, 51.4497], [18.3459, 51.4474], [18.3407, 51.441], [18.3405, 51.4302], [18.3354, 51.4255], [18.3263, 51.4198], [18.296, 51.4295], [18.2793, 51.4325], [18.2713, 51.4356], [18.2553, 51.4388], [18.2453, 51.4445], [18.2279, 51.4519], [18.2127, 51.4543], [18.2116, 51.4517], [18.2149, 51.4474], [18.2027, 51.4439], [18.1882, 51.4412], [18.1942, 51.4368], [18.2063, 51.4328], [18.2072, 51.4282], [18.2114, 51.4235], [18.2087, 51.4179], [18.2039, 51.4168], [18.2058, 51.4124], [18.2076, 51.404], [18.1976, 51.3943], [18.1921, 51.3902], [18.1929, 51.3876], [18.1839, 51.3877], [18.1667, 51.3892], [18.1492, 51.3915], [18.1388, 51.3792], [18.1379, 51.3781], [18.1388, 51.3792], [18.1379, 51.3781], [18.1351, 51.3608], [18.1297, 51.3622], [18.1266, 51.3576], [18.1092, 51.3587], [18.0988, 51.362], [18.0854, 51.3543], [18.0745, 51.3499], [18.0804, 51.3464], [18.0934, 51.3411], [18.0917, 51.3272], [18.0924, 51.3257], [18.1128, 51.3108], [18.1109, 51.3046], [18.1136, 51.2971], [18.1098, 51.2932], [18.1119, 51.29], [18.12, 51.2866], [18.1137, 51.2849], [18.105, 51.2855], [18.1031, 51.2804], [18.1105, 51.2794], [18.1163, 51.2757], [18.1096, 51.2729], [18.1078, 51.2693], [18.1034, 51.2683], [18.11, 51.2602], [18.1193, 51.2621], [18.1245, 51.265], [18.1264, 51.2689], [18.1366, 51.2697], [18.138, 51.2641], [18.1533, 51.264], [18.1507, 51.2732], [18.1592, 51.2736], [18.1703, 51.2714], [18.1715, 51.2612], [18.1675, 51.2557], [18.1684, 51.2482], [18.1675, 51.2429], [18.1749, 51.2382], [18.1743, 51.2309], [18.1796, 51.2222], [18.1786, 51.2203], [18.1742, 51.2184], [18.1717, 51.2147], [18.1652, 51.2123], [18.1621, 51.2055], [18.1621, 51.1923], [18.1736, 51.1919], [18.1703, 51.1856], [18.1663, 51.1812], [18.1684, 51.1779], [18.1637, 51.1725], [18.1635, 51.1677], [18.1667, 51.1647], [18.1857, 51.1576], [18.1965, 51.158], [18.2082, 51.1556], [18.2202, 51.1548], [18.2236, 51.157], [18.2309, 51.1557], [18.2345, 51.1583], [18.2465, 51.1575], [18.2514, 51.1558], [18.2595, 51.1577], [18.2648, 51.156], [18.2702, 51.1505], [18.2773, 51.1478], [18.289, 51.1465], [18.3, 51.1397], [18.3053, 51.1353], [18.315, 51.134], [18.3233, 51.1383], [18.3326, 51.1392], [18.3369, 51.138], [18.3479, 51.1376], [18.3536, 51.1362], [18.3627, 51.1368], [18.3652, 51.1382], [18.3749, 51.1339], [18.3751, 51.1316], [18.3817, 51.1288], [18.3893, 51.1294], [18.391, 51.1272], [18.4065, 51.1241], [18.4189, 51.1259], [18.4219, 51.1171], [18.4291, 51.1176], [18.4359, 51.1143], [18.4543, 51.1151], [18.4645, 51.12], [18.468, 51.1122], [18.4697, 51.1044], [18.4814, 51.0997], [18.4783, 51.0923], [18.4895, 51.0907], [18.4943, 51.0935], [18.4987, 51.0996], [18.5156, 51.1043], [18.5195, 51.109], [18.5177, 51.113], [18.5201, 51.1162], [18.5164, 51.1212], [18.5155, 51.1336], [18.5208, 51.1403], [18.5333, 51.138], [18.5395, 51.1383], [18.5418, 51.1404], [18.5495, 51.1407], [18.5537, 51.1388], [18.5634, 51.1264], [18.5676, 51.119], [18.5641, 51.1123], [18.5614, 51.1112], [18.5623, 51.1065], [18.5697, 51.0996], [18.5784, 51.0941], [18.5808, 51.0903], [18.5776, 51.082], [18.5923, 51.0809], [18.5997, 51.0823], [18.6083, 51.0817], [18.6235, 51.0769], [18.6232, 51.0766], [18.6232, 51.076], [18.6232, 51.0756], [18.6232, 51.0755], [18.6268, 51.0706], [18.6375, 51.0634], [18.6508, 51.06], [18.6607, 51.0546], [18.665, 51.0545], [18.673, 51.0569], [18.6908, 51.0612], [18.7022, 51.0627], [18.7029, 51.0644], [18.7157, 51.0659], [18.7249, 51.0649], [18.7315, 51.0664], [18.7394, 51.0635], [18.7494, 51.0623], [18.7619, 51.0634], [18.7679, 51.0648], [18.7811, 51.0658], [18.7929, 51.064], [18.8029, 51.0634], [18.8007, 51.0712], [18.8166, 51.0729], [18.8179, 51.0682], [18.8574, 51.0726], [18.863, 51.0727], [18.8747, 51.0674], [18.8827, 51.0614], [18.8835, 51.059], [18.8933, 51.0602], [18.9003, 51.0624], [18.8955, 51.0666], [18.9009, 51.08], [18.9074, 51.0856], [18.9189, 51.098], [18.923, 51.0984], [18.9324, 51.0931], [18.9397, 51.0912], [18.946, 51.0923], [18.9554, 51.0902], [18.9614, 51.0849], [18.9699, 51.0806], [18.9753, 51.081], [18.9849, 51.0774], [18.9931, 51.0762], [19.0002, 51.0709], [19.0116, 51.0664], [19.0091, 51.0603], [19.0119, 51.0588], [19.0157, 51.0527], [19.0187, 51.0512], [19.0286, 51.0499], [19.0342, 51.047], [19.0453, 51.0452], [19.0511, 51.0426], [19.0563, 51.0348], [19.0503, 51.0298], [19.0468, 51.0286], [19.0561, 51.0242], [19.0727, 51.0355], [19.0818, 51.035], [19.0954, 51.0311], [19.1044, 51.0263], [19.1074, 51.0216], [19.1081, 51.0162], [19.1108, 51.0121], [19.1174, 51.0072], [19.1236, 50.9996], [19.1328, 50.9996], [19.1326, 51.0027], [19.1273, 51.0059], [19.1327, 51.0108], [19.1497, 51.0096], [19.1449, 51.0018], [19.1617, 51.0006], [19.165, 50.9946], [19.2065, 50.9855], [19.2144, 50.9864], [19.2242, 50.9859], [19.2348, 50.9909], [19.2407, 50.9904], [19.2461, 50.9948], [19.246, 50.9974], [19.2532, 51.0025], [19.2562, 51.0063], [19.2494, 51.0187], [19.2455, 51.0201], [19.2439, 51.0249], [19.2466, 51.031], [19.2442, 51.0368], [19.2513, 51.0397], [19.2601, 51.0314], [19.2664, 51.0321], [19.2702, 51.0364], [19.2815, 51.0394], [19.2918, 51.0455], [19.3013, 51.0433], [19.3032, 51.0471], [19.3106, 51.0476], [19.3227, 51.0461], [19.3313, 51.0389], [19.3301, 51.0362], [19.3184, 51.0282], [19.3203, 51.0246], [19.319, 51.0196], [19.3245, 51.0194], [19.3292, 51.0132], [19.3476, 51.0107], [19.3622, 51.0039], [19.3516, 50.9959], [19.3562, 50.9926], [19.3631, 50.9924], [19.3676, 50.9951], [19.3746, 50.9944], [19.3813, 50.9964], [19.3892, 51.0012], [19.3948, 50.9965], [19.4021, 50.994], [19.4023, 50.9884], [19.4073, 50.9852], [19.4106, 50.9807], [19.4034, 50.975], [19.4059, 50.9729], [19.4134, 50.9752], [19.4231, 50.9715], [19.4289, 50.9658], [19.4322, 50.9649], [19.4332, 50.9555], [19.4381, 50.9438], [19.4444, 50.9398], [19.4465, 50.9355], [19.4635, 50.9261], [19.4696, 50.9174], [19.4672, 50.9095], [19.4628, 50.91], [19.4642, 50.8963], [19.4696, 50.8937], [19.4734, 50.8917], [19.4672, 50.8886], [19.4711, 50.8859], [19.4831, 50.8838], [19.4863, 50.8797], [19.4976, 50.8797], [19.5019, 50.885], [19.5091, 50.8811], [19.5208, 50.8887], [19.5249, 50.8939], [19.5413, 50.8987], [19.5558, 50.9013], [19.5697, 50.9083], [19.5775, 50.9072], [19.5774, 50.9048], [19.5867, 50.9053], [19.5877, 50.9024], [19.5936, 50.8999], [19.6139, 50.8773], [19.6179, 50.8805], [19.6303, 50.8786], [19.6421, 50.8788], [19.6538, 50.8768], [19.6615, 50.8743], [19.6578, 50.8633], [19.6614, 50.8545], [19.6675, 50.8541], [19.6701, 50.8487], [19.6748, 50.8476], [19.6802, 50.8492], [19.6831, 50.8452], [19.695, 50.8435], [19.6991, 50.8443], [19.7278, 50.8432], [19.7285, 50.8494], [19.7411, 50.8519], [19.7458, 50.8565], [19.7471, 50.866], [19.7586, 50.8717], [19.7739, 50.8777], [19.7768, 50.8801], [19.7765, 50.8851], [19.782, 50.8847], [19.7866, 50.8871], [19.7871, 50.8937], [19.7931, 50.9047], [19.7968, 50.9084], [19.8089, 50.9071], [19.8216, 50.9132], [19.8234, 50.9155], [19.8325, 50.916], [19.841, 50.9233], [19.8488, 50.9357], [19.8446, 50.9455], [19.8417, 50.9484], [19.8331, 50.9499], [19.8347, 50.9528], [19.8304, 50.9586], [19.8295, 50.9677], [19.8331, 50.9766], [19.8351, 50.9766], [19.8471, 50.9937], [19.8637, 51.0061], [19.8597, 51.0145], [19.8607, 51.0183], [19.8658, 51.0202], [19.864, 51.0302], [19.8666, 51.0325], [19.866, 51.0365], [19.872, 51.0379], [19.8752, 51.0469], [19.8777, 51.0481], [19.8862, 51.0476], [19.8972, 51.0286], [19.8989, 51.028], [19.9103, 51.0271], [19.9224, 51.0246], [19.9369, 51.0246], [19.9357, 51.0111], [19.9403, 51.0092], [19.9484, 51.0131], [19.9588, 51.0022], [19.9559, 50.9921], [19.9641, 50.9877], [20.0175, 50.9624], [20.0248, 50.9682], [20.0259, 50.9711], [20.0346, 50.9723], [20.0375, 50.9764], [20.0394, 50.9879], [20.0382, 50.9914], [20.034, 50.9922], [20.0326, 50.9957], [20.0351, 50.9987], [20.0404, 51.0001], [20.0449, 51.0071], [20.048, 51.0094], [20.0496, 51.0161], [20.0487, 51.0215], [20.0509, 51.0263], [20.0489, 51.0293], [20.0507, 51.0328], [20.0482, 51.0544], [20.0562, 51.0577], [20.0516, 51.0628], [20.0446, 51.06], [20.0454, 51.0686], [20.0316, 51.0701], [20.0159, 51.07], [19.9818, 51.0732], [19.9864, 51.0782], [19.9889, 51.0867], [19.9888, 51.093], [19.9929, 51.1004], [19.9902, 51.111], [19.9918, 51.1126], [19.9881, 51.1189], [19.9885, 51.13], [19.9859, 51.1346], [19.9927, 51.1341], [19.9957, 51.1356], [19.9883, 51.1395], [20.0127, 51.1552], [20.0174, 51.1524], [20.022, 51.1554], [20.0225, 51.1597], [20.0258, 51.1647], [19.9941, 51.184], [20.0007, 51.1885], [20.0101, 51.1909], [20.011, 51.1954], [20.0251, 51.1985], [20.0258, 51.2004], [20.0535, 51.2027], [20.0597, 51.1996], [20.0625, 51.1937], [20.0681, 51.195], [20.0789, 51.1932], [20.0831, 51.1937], [20.0994, 51.1912], [20.107, 51.1933], [20.1129, 51.1931], [20.1195, 51.1893], [20.1404, 51.1927], [20.1454, 51.1915], [20.1587, 51.1938], [20.1581, 51.1979], [20.1759, 51.1963], [20.1782, 51.2008], [20.1788, 51.2071], [20.1924, 51.2044], [20.1957, 51.2064], [20.2012, 51.2041], [20.2013, 51.1992], [20.206, 51.2], [20.2099, 51.2072], [20.2146, 51.2096], [20.2176, 51.203], [20.2212, 51.1991], [20.232, 51.2011], [20.2371, 51.2081], [20.2517, 51.2067], [20.2553, 51.2119], [20.2605, 51.2157], [20.2625, 51.2203], [20.2513, 51.2216], [20.256, 51.2353], [20.2524, 51.2409], [20.243, 51.2426], [20.2455, 51.2504], [20.2457, 51.2565], [20.253, 51.2562], [20.2605, 51.2588], [20.2649, 51.2509], [20.2733, 51.2456], [20.278, 51.2443], [20.2977, 51.2443], [20.3101, 51.2431], [20.3303, 51.2539], [20.3344, 51.2547], [20.354, 51.2504], [20.3605, 51.2408], [20.3711, 51.2366], [20.3755, 51.2431], [20.3797, 51.246], [20.3753, 51.2618], [20.3857, 51.2633], [20.3846, 51.2693], [20.3904, 51.2722], [20.382, 51.2819], [20.3669, 51.3053], [20.365, 51.3075], [20.3653, 51.3079], [20.3644, 51.3084], [20.3644, 51.3105], [20.3683, 51.3106], [20.3785, 51.3138], [20.3849, 51.3188], [20.4056, 51.3193], [20.4104, 51.3186], [20.4144, 51.3207], [20.4106, 51.326], [20.42, 51.3257], [20.4242, 51.3283], [20.4239, 51.3334], [20.4327, 51.3343], [20.4328, 51.3394], [20.4307, 51.3467], [20.4259, 51.354], [20.4229, 51.3536], [20.4219, 51.363], [20.4297, 51.3694], [20.427, 51.3711], [20.4298, 51.3747], [20.4284, 51.3776], [20.4336, 51.3828], [20.4343, 51.3875], [20.4408, 51.3932], [20.444, 51.3942], [20.4423, 51.3984], [20.4467, 51.41], [20.452, 51.4117], [20.4586, 51.4089], [20.4702, 51.4086], [20.4803, 51.4097], [20.4896, 51.4213], [20.492, 51.4233], [20.4891, 51.4291], [20.4853, 51.432], [20.4877, 51.441], [20.4977, 51.4418], [20.4967, 51.4485], [20.5114, 51.4506], [20.5246, 51.456], [20.5273, 51.4599], [20.534, 51.4627], [20.5264, 51.4684], [20.5276, 51.4739], [20.5263, 51.4825], [20.5227, 51.4819], [20.5199, 51.5098], [20.5003, 51.5062], [20.5009, 51.5032], [20.4945, 51.5003], [20.4823, 51.5015], [20.4656, 51.5005], [20.4526, 51.5036], [20.4502, 51.5081], [20.4501, 51.5181], [20.4576, 51.5412], [20.4556, 51.5422], [20.4608, 51.5504], [20.4659, 51.5534], [20.4684, 51.5577], [20.4677, 51.5609], [20.462, 51.5656], [20.4607, 51.5744], [20.4414, 51.5715], [20.4333, 51.5753], [20.4378, 51.5823], [20.4333, 51.5933], [20.4296, 51.5994], [20.4151, 51.6043], [20.4174, 51.6067], [20.4235, 51.6066], [20.4253, 51.6112], [20.4188, 51.6205], [20.4187, 51.6303], [20.4148, 51.634], [20.4062, 51.6353], [20.4029, 51.6343], [20.3913, 51.636], [20.3851, 51.6417], [20.3953, 51.647], [20.3953, 51.6507], [20.3914, 51.6552], [20.3904, 51.6599], [20.3954, 51.6626], [20.3955, 51.6667], [20.4003, 51.6728], [20.4067, 51.6726], [20.4085, 51.6749], [20.4204, 51.6767], [20.4394, 51.6815], [20.4423, 51.6847], [20.4368, 51.6882], [20.441, 51.6901], [20.4478, 51.6867], [20.451, 51.6903], [20.4579, 51.6924], [20.467, 51.6972], [20.4672, 51.6928], [20.4797, 51.686], [20.4877, 51.6836], [20.4965, 51.6856], [20.5145, 51.6855], [20.515, 51.6745], [20.5187, 51.6739], [20.5225, 51.677], [20.5227, 51.6657], [20.5354, 51.6687], [20.5736, 51.663], [20.5843, 51.6629], [20.5951, 51.6574], [20.5972, 51.6595], [20.6203, 51.6576], [20.6229, 51.6594], [20.6209, 51.6648], [20.624, 51.669], [20.6339, 51.6699], [20.6365, 51.6762], [20.6532, 51.6772], [20.6567, 51.6938], [20.6593, 51.6986], [20.6575, 51.7087], [20.6547, 51.713], [20.6549, 51.7173], [20.6584, 51.7242], [20.6489, 51.7302], [20.6384, 51.7329], [20.6388, 51.7375], [20.6196, 51.7426], [20.614, 51.7428], [20.6022, 51.7465], [20.5826, 51.748], [20.5841, 51.7618], [20.5923, 51.7659], [20.595, 51.7693], [20.5924, 51.7768], [20.586, 51.7781], [20.5842, 51.7824], [20.5866, 51.7842], [20.5789, 51.7936], [20.582, 51.8054], [20.5816, 51.8111], [20.5602, 51.8122], [20.5575, 51.8188], [20.5629, 51.8212], [20.5761, 51.821], [20.6077, 51.8161], [20.6083, 51.8195], [20.6195, 51.8204], [20.618, 51.8273], [20.5997, 51.8274], [20.5963, 51.8398], [20.6054, 51.8496], [20.5906, 51.8494], [20.5918, 51.8546], [20.591, 51.8606], [20.5843, 51.8676], [20.5837, 51.8706], [20.5762, 51.8715], [20.5664, 51.8763], [20.5691, 51.8877], [20.5634, 51.8876], [20.5389, 51.8911], [20.523, 51.8919], [20.5089, 51.8938], [20.4983, 51.8895], [20.4864, 51.8968], [20.4794, 51.9], [20.4909, 51.9104], [20.4858, 51.9205], [20.478, 51.9202], [20.4783, 51.9272], [20.4755, 51.9311], [20.46, 51.9324], [20.4516, 51.9352], [20.4457, 51.941], [20.4394, 51.9435], [20.4326, 51.9374], [20.4235, 51.941], [20.4197, 51.9346], [20.4136, 51.9304], [20.3982, 51.9308], [20.3952, 51.9323], [20.3932, 51.9381], [20.3891, 51.942], [20.3815, 51.9425], [20.3779, 51.9387], [20.3837, 51.937], [20.3726, 51.9236], [20.3598, 51.9283], [20.3538, 51.9197], [20.3239, 51.922], [20.3182, 51.9123], [20.301, 51.9132], [20.3084, 51.9157], [20.3116, 51.9185], [20.3121, 51.929], [20.31, 51.935], [20.3038, 51.9362], [20.2968, 51.9358], [20.2916, 51.9397], [20.2687, 51.9352], [20.2658, 51.9309], [20.2427, 51.9345], [20.2407, 51.951], [20.294, 51.9671], [20.2933, 51.9685], [20.2715, 51.9713], [20.2722, 51.9823], [20.2654, 51.9864], [20.2602, 51.9914], [20.2622, 51.9935], [20.2551, 51.9956], [20.2624, 52.0004], [20.2501, 52.0062], [20.2432, 51.9989], [20.2256, 52.005], [20.2219, 52.0089], [20.2139, 52.0125], [20.2111, 52.0177], [20.1987, 52.0256], [20.2006, 52.0301], [20.2059, 52.028], [20.2531, 52.0553], [20.2478, 52.0614], [20.2493, 52.0674], [20.2433, 52.0731], [20.2458, 52.0754], [20.2585, 52.077], [20.2699, 52.0771], [20.2684, 52.0834], [20.2684, 52.0914], [20.2706, 52.0936], [20.2689, 52.1007], [20.2574, 52.1063], [20.2528, 52.1168], [20.2414, 52.1178], [20.2175, 52.1177], [20.213, 52.1186], [20.2064, 52.1151], [20.2023, 52.1147], [20.189, 52.1213], [20.1846, 52.1248], [20.1783, 52.1323], [20.1651, 52.1386], [20.1615, 52.1426], [20.1642, 52.1473], [20.1606, 52.1513], [20.1529, 52.1506], [20.1348, 52.1453], [20.1256, 52.1442], [20.091, 52.1526], [20.0866, 52.1585], [20.0874, 52.1682], [20.0812, 52.1748], [20.0731, 52.1792], [20.0682, 52.184], [20.0672, 52.1876], [20.0621, 52.1881], [20.0631, 52.1989], [20.071, 52.2137], [20.0754, 52.2247], [20.0805, 52.233], [20.0735, 52.2375], [20.0563, 52.2427], [20.0376, 52.2467], [20.0421, 52.2577], [20.0332, 52.2586], [20.018, 52.262], [19.9952, 52.2616], [19.9859, 52.2624], [19.9651, 52.2683], [19.9637, 52.272], [19.9581, 52.2783], [19.9593, 52.2855], [19.9538, 52.2834], [19.9392, 52.2893], [19.9361, 52.2997], [19.9192, 52.2982], [19.9112, 52.2997], [19.9018, 52.3039], [19.9026, 52.3086], [19.8856, 52.3098], [19.8688, 52.2987], [19.8617, 52.2909], [19.8778, 52.2891]]]}}, {"type": "Feature", "properties": {"code": "12", "name": "małopolskie", "country": "PL", "level": "region", "type": "województwo"}, "geometry": {"type": "Polygon", "coordinates": [[[20.0878, 49.1836], [20.0875, 49.1878], [20.0845, 49.1929], [20.0872, 49.1993], [20.0872, 49.2075], [20.0962, 49.2199], [20.1016, 49.2227], [20.0978, 49.2345], [20.1008, 49.2411], [20.1008, 49.2501], [20.1022, 49.2529], [20.1111, 49.2583], [20.1139, 49.2633], [20.122, 49.2679], [20.1287, 49.2771], [20.1279, 49.2866], [20.1321, 49.2945], [20.1329, 49.3006], [20.146, 49.318], [20.15, 49.3192], [20.1519, 49.3151], [20.1566, 49.3111], [20.159, 49.3065], [20.1633, 49.3061], [20.1758, 49.3142], [20.1686, 49.321], [20.1678, 49.3236], [20.1706, 49.3277], [20.1842, 49.3278], [20.1892, 49.3323], [20.1903, 49.3387], [20.1952, 49.3423], [20.2034, 49.3418], [20.2128, 49.3448], [20.214, 49.3484], [20.2219, 49.3518], [20.2318, 49.3463], [20.2407, 49.3483], [20.242, 49.3505], [20.2509, 49.3505], [20.2596, 49.3477], [20.2664, 49.3471], [20.273, 49.3514], [20.2844, 49.3509], [20.293, 49.3515], [20.3007, 49.3488], [20.3084, 49.3439], [20.3142, 49.3435], [20.321, 49.3483], [20.3237, 49.3518], [20.3231, 49.3559], [20.3262, 49.3659], [20.3256, 49.3713], [20.3211, 49.3774], [20.3307, 49.3903], [20.3243, 49.3906], [20.3175, 49.3887], [20.3179, 49.3931], [20.3224, 49.4019], [20.3282, 49.4029], [20.346, 49.4006], [20.3515, 49.4014], [20.3572, 49.3985], [20.3617, 49.3982], [20.3693, 49.4015], [20.3711, 49.4074], [20.3757, 49.4079], [20.3793, 49.4056], [20.3814, 49.4009], [20.3805, 49.395], [20.3824, 49.391], [20.393, 49.3906], [20.4048, 49.3923], [20.4123, 49.3952], [20.4147, 49.3977], [20.4142, 49.4035], [20.4204, 49.4054], [20.428, 49.402], [20.4303, 49.3968], [20.4333, 49.3966], [20.4366, 49.4072], [20.4291, 49.4079], [20.4296, 49.4157], [20.4348, 49.418], [20.4382, 49.4148], [20.4464, 49.4119], [20.4499, 49.415], [20.4612, 49.4148], [20.4642, 49.416], [20.4763, 49.4141], [20.4814, 49.41], [20.4886, 49.4084], [20.4901, 49.4064], [20.5034, 49.404], [20.5066, 49.402], [20.5062, 49.3969], [20.5099, 49.3934], [20.5212, 49.3922], [20.5343, 49.387], [20.5467, 49.3855], [20.5577, 49.3781], [20.5632, 49.3795], [20.5762, 49.3762], [20.58, 49.3829], [20.5853, 49.3854], [20.592, 49.3839], [20.6002, 49.3883], [20.601, 49.3944], [20.6058, 49.4013], [20.6136, 49.4018], [20.6114, 49.4136], [20.6149, 49.4178], [20.6197, 49.418], [20.6247, 49.4105], [20.636, 49.4085], [20.6421, 49.4043], [20.6426, 49.401], [20.6508, 49.401], [20.6653, 49.4044], [20.6717, 49.4099], [20.6856, 49.4156], [20.6927, 49.42], [20.6989, 49.4205], [20.7082, 49.4187], [20.7179, 49.4184], [20.7229, 49.4197], [20.7281, 49.4148], [20.7363, 49.4167], [20.7447, 49.4142], [20.7458, 49.4109], [20.7423, 49.4038], [20.7497, 49.4019], [20.755, 49.4022], [20.7582, 49.4002], [20.7561, 49.3972], [20.7509, 49.3956], [20.7475, 49.3923], [20.7488, 49.389], [20.7618, 49.3834], [20.7578, 49.3745], [20.7642, 49.3709], [20.7792, 49.3751], [20.7855, 49.3744], [20.7884, 49.3717], [20.7817, 49.3663], [20.7815, 49.3618], [20.7887, 49.3608], [20.7939, 49.3631], [20.7999, 49.3631], [20.8093, 49.3594], [20.8104, 49.3547], [20.8055, 49.3548], [20.8044, 49.3597], [20.7978, 49.3581], [20.8022, 49.3555], [20.8013, 49.3498], [20.7962, 49.345], [20.7987, 49.3426], [20.8096, 49.3479], [20.8134, 49.3471], [20.819, 49.3422], [20.8194, 49.3393], [20.8259, 49.3344], [20.8397, 49.3349], [20.8427, 49.3392], [20.8494, 49.3414], [20.8531, 49.3462], [20.8595, 49.3484], [20.8681, 49.346], [20.8703, 49.3419], [20.8781, 49.3353], [20.8824, 49.3331], [20.8811, 49.3256], [20.8779, 49.3203], [20.8842, 49.3191], [20.8908, 49.3241], [20.8968, 49.3248], [20.903, 49.3238], [20.9071, 49.3212], [20.9031, 49.3161], [20.9103, 49.3114], [20.9105, 49.3072], [20.9165, 49.3047], [20.9243, 49.299], [20.9305, 49.2966], [20.9403, 49.2992], [20.9453, 49.3021], [20.949, 49.3019], [20.9619, 49.3062], [20.9627, 49.3085], [20.9701, 49.3099], [20.9757, 49.3095], [20.9866, 49.3066], [20.9941, 49.3127], [20.994, 49.3156], [20.9901, 49.3192], [20.9882, 49.3271], [20.9988, 49.3333], [21.0041, 49.3331], [21.0091, 49.3371], [21.0069, 49.3402], [21.0113, 49.3476], [21.0162, 49.3469], [21.0273, 49.3569], [21.0329, 49.3581], [21.0364, 49.3615], [21.0439, 49.3654], [21.0489, 49.3656], [21.0544, 49.3618], [21.066, 49.3653], [21.0753, 49.3593], [21.0789, 49.3639], [21.0875, 49.3657], [21.0941, 49.3651], [21.1041, 49.3764], [21.0942, 49.3831], [21.09, 49.3836], [21.0843, 49.3884], [21.0751, 49.3933], [21.068, 49.3955], [21.069, 49.3999], [21.0659, 49.4024], [21.0602, 49.4023], [21.0543, 49.4042], [21.0472, 49.4169], [21.0487, 49.4194], [21.0565, 49.4217], [21.0637, 49.4205], [21.0726, 49.425], [21.0818, 49.425], [21.0964, 49.4295], [21.1025, 49.4265], [21.1137, 49.4239], [21.1152, 49.4278], [21.1205, 49.4351], [21.124, 49.4366], [21.1347, 49.4334], [21.1404, 49.4306], [21.1522, 49.427], [21.1554, 49.4244], [21.1552, 49.421], [21.1647, 49.4183], [21.1699, 49.4133], [21.1794, 49.409], [21.1814, 49.4041], [21.1921, 49.401], [21.2015, 49.4046], [21.208, 49.4025], [21.2123, 49.408], [21.2273, 49.417], [21.2241, 49.4267], [21.2288, 49.4292], [21.2341, 49.4375], [21.2407, 49.4342], [21.2468, 49.4392], [21.2523, 49.4416], [21.2593, 49.4467], [21.2655, 49.4474], [21.2673, 49.4572], [21.2775, 49.4609], [21.2874, 49.457], [21.2949, 49.4529], [21.3068, 49.4484], [21.3119, 49.4494], [21.3294, 49.4495], [21.3371, 49.4514], [21.3447, 49.4504], [21.352, 49.4449], [21.3629, 49.4422], [21.3687, 49.439], [21.3727, 49.4326], [21.3817, 49.4346], [21.3987, 49.4338], [21.3957, 49.4419], [21.393, 49.4457], [21.3922, 49.4558], [21.4021, 49.46], [21.4114, 49.4678], [21.4079, 49.4695], [21.4092, 49.474], [21.4027, 49.4759], [21.3927, 49.4815], [21.3889, 49.4854], [21.3907, 49.489], [21.3997, 49.4909], [21.4164, 49.4923], [21.4166, 49.4974], [21.4102, 49.5011], [21.4076, 49.5096], [21.3988, 49.5083], [21.3929, 49.5115], [21.3876, 49.5193], [21.3893, 49.5209], [21.3826, 49.5253], [21.3906, 49.5285], [21.3839, 49.5318], [21.3809, 49.5385], [21.3759, 49.5384], [21.3696, 49.5419], [21.3598, 49.5431], [21.3589, 49.5462], [21.367, 49.5513], [21.3645, 49.5539], [21.3753, 49.5629], [21.3795, 49.5703], [21.3738, 49.5705], [21.3638, 49.577], [21.3608, 49.5759], [21.3475, 49.5793], [21.3438, 49.5821], [21.3324, 49.5867], [21.3279, 49.5899], [21.3267, 49.5937], [21.3313, 49.6006], [21.3409, 49.6069], [21.3451, 49.6082], [21.344, 49.6117], [21.3508, 49.6177], [21.3558, 49.6261], [21.3627, 49.6338], [21.3571, 49.6445], [21.3578, 49.6495], [21.3428, 49.6582], [21.3423, 49.6689], [21.3468, 49.69], [21.3428, 49.6929], [21.3408, 49.6972], [21.335, 49.698], [21.3331, 49.6948], [21.3204, 49.6984], [21.3279, 49.7094], [21.331, 49.7197], [21.3211, 49.724], [21.3222, 49.7271], [21.3158, 49.7282], [21.3157, 49.732], [21.3187, 49.7356], [21.3187, 49.7392], [21.3102, 49.7488], [21.3014, 49.7503], [21.2967, 49.7481], [21.2922, 49.7494], [21.2813, 49.7552], [21.2731, 49.7526], [21.2578, 49.7521], [21.2542, 49.7585], [21.2535, 49.763], [21.2448, 49.7718], [21.2418, 49.7761], [21.2451, 49.7801], [21.2456, 49.7845], [21.2499, 49.7881], [21.2515, 49.7922], [21.2557, 49.7917], [21.2692, 49.7936], [21.2686, 49.7958], [21.2761, 49.8039], [21.2806, 49.8057], [21.2835, 49.8019], [21.2948, 49.8006], [21.2998, 49.7969], [21.3084, 49.7961], [21.3202, 49.8009], [21.322, 49.8034], [21.3303, 49.8039], [21.3357, 49.8078], [21.3322, 49.8108], [21.3489, 49.8147], [21.3439, 49.8163], [21.3397, 49.82], [21.3395, 49.8246], [21.3358, 49.8273], [21.322, 49.8298], [21.3168, 49.8353], [21.2975, 49.8428], [21.2829, 49.8457], [21.2662, 49.8415], [21.2573, 49.8413], [21.2502, 49.8415], [21.2343, 49.8501], [21.2247, 49.853], [21.2282, 49.8608], [21.2278, 49.8673], [21.226, 49.8712], [21.2284, 49.877], [21.2254, 49.8841], [21.2339, 49.8836], [21.2436, 49.8852], [21.261, 49.8849], [21.2658, 49.8874], [21.2796, 49.892], [21.2834, 49.8977], [21.2882, 49.9094], [21.2879, 49.9141], [21.2847, 49.9241], [21.2777, 49.9282], [21.2693, 49.9265], [21.258, 49.9274], [21.2452, 49.9305], [21.2308, 49.9287], [21.2115, 49.9293], [21.1925, 49.9316], [21.1852, 49.9272], [21.1797, 49.9283], [21.1717, 49.937], [21.1715, 49.9433], [21.1655, 49.9454], [21.1657, 49.9484], [21.161, 49.9509], [21.161, 49.9646], [21.1577, 49.9702], [21.1507, 49.9761], [21.151, 49.9805], [21.1498, 49.9958], [21.1531, 49.9963], [21.1544, 50.0034], [21.1622, 50.0071], [21.1788, 50.0118], [21.1813, 50.0166], [21.1892, 50.0265], [21.1929, 50.0293], [21.1737, 50.0352], [21.173, 50.0392], [21.1515, 50.0453], [21.1487, 50.0494], [21.1446, 50.0493], [21.1461, 50.0543], [21.1592, 50.0575], [21.1682, 50.0612], [21.1678, 50.0675], [21.1746, 50.0698], [21.1797, 50.0761], [21.179, 50.0807], [21.1692, 50.0791], [21.1638, 50.0836], [21.1601, 50.0895], [21.199, 50.095], [21.1962, 50.0969], [21.1846, 50.1003], [21.1869, 50.1062], [21.1769, 50.1118], [21.1809, 50.1178], [21.1929, 50.1202], [21.1485, 50.1264], [21.146, 50.1345], [21.156, 50.1372], [21.1643, 50.136], [21.1757, 50.1427], [21.1524, 50.1476], [21.1708, 50.1769], [21.165, 50.1806], [21.1678, 50.1887], [21.1666, 50.2017], [21.1708, 50.207], [21.1709, 50.2086], [21.1631, 50.2167], [21.163, 50.2227], [21.1549, 50.2255], [21.1493, 50.23], [21.1422, 50.2377], [21.1472, 50.2389], [21.1549, 50.2375], [21.1785, 50.2382], [21.1821, 50.2393], [21.1776, 50.2416], [21.1631, 50.2466], [21.1537, 50.2532], [21.1481, 50.2553], [21.1557, 50.2628], [21.1594, 50.268], [21.176, 50.2788], [21.1832, 50.2865], [21.1838, 50.298], [21.1885, 50.2986], [21.194, 50.3042], [21.2024, 50.3048], [21.2225, 50.3109], [21.2185, 50.3175], [21.2132, 50.3311], [21.2194, 50.3356], [21.2189, 50.3414], [21.2152, 50.3435], [21.2083, 50.3549], [21.1936, 50.3538], [21.188, 50.3504], [21.1865, 50.3373], [21.183, 50.332], [21.1766, 50.3298], [21.1667, 50.3331], [21.1657, 50.3423], [21.1569, 50.3495], [21.1491, 50.3534], [21.1447, 50.3543], [21.132, 50.3543], [21.1224, 50.3514], [21.1192, 50.3484], [21.1157, 50.3405], [21.113, 50.3384], [21.1044, 50.3374], [21.0919, 50.3387], [21.0831, 50.3364], [21.0795, 50.3334], [21.0753, 50.3257], [21.0698, 50.321], [21.0617, 50.317], [21.0484, 50.3151], [21.0365, 50.3191], [21.0255, 50.3183], [21.0142, 50.3133], [21.004, 50.3131], [20.9946, 50.3151], [20.9719, 50.314], [20.9621, 50.3159], [20.9552, 50.316], [20.9451, 50.3125], [20.9413, 50.3074], [20.9388, 50.3005], [20.9319, 50.2981], [20.9162, 50.3009], [20.9032, 50.3055], [20.8929, 50.306], [20.8824, 50.2969], [20.8763, 50.2948], [20.8685, 50.2946], [20.86, 50.2965], [20.8549, 50.2961], [20.8499, 50.2918], [20.85, 50.2837], [20.8482, 50.2788], [20.843, 50.2755], [20.8358, 50.2733], [20.8276, 50.2751], [20.8176, 50.2841], [20.8058, 50.2895], [20.7968, 50.2904], [20.7899, 50.2896], [20.7783, 50.2832], [20.7709, 50.2702], [20.7626, 50.2666], [20.7543, 50.2654], [20.7405, 50.2566], [20.7335, 50.2543], [20.728, 50.2503], [20.7281, 50.2412], [20.7313, 50.2333], [20.7295, 50.2309], [20.7233, 50.2294], [20.7151, 50.2293], [20.7062, 50.2252], [20.7036, 50.2182], [20.6987, 50.2165], [20.6866, 50.2179], [20.6797, 50.2144], [20.6815, 50.2059], [20.6744, 50.2019], [20.6701, 50.206], [20.6603, 50.2036], [20.6521, 50.2045], [20.6424, 50.2107], [20.6394, 50.211], [20.6433, 50.2073], [20.6391, 50.2053], [20.6328, 50.2104], [20.6289, 50.2055], [20.6257, 50.2055], [20.624, 50.2007], [20.6129, 50.2039], [20.6065, 50.2045], [20.6059, 50.2002], [20.5935, 50.2016], [20.5816, 50.1943], [20.5829, 50.1893], [20.5724, 50.1866], [20.5651, 50.192], [20.5632, 50.1997], [20.5576, 50.2015], [20.5392, 50.1974], [20.5401, 50.1912], [20.532, 50.1914], [20.5129, 50.186], [20.5117, 50.1893], [20.5009, 50.1906], [20.4903, 50.1929], [20.4772, 50.1994], [20.4697, 50.2008], [20.47, 50.1973], [20.4737, 50.1913], [20.4663, 50.1921], [20.4645, 50.1964], [20.4535, 50.1979], [20.4515, 50.1927], [20.4472, 50.1951], [20.4423, 50.1925], [20.4372, 50.1929], [20.4365, 50.197], [20.4267, 50.1927], [20.4155, 50.1912], [20.4122, 50.1935], [20.4119, 50.1975], [20.4151, 50.2002], [20.4102, 50.2118], [20.3999, 50.2092], [20.3967, 50.2106], [20.3847, 50.2076], [20.3778, 50.2126], [20.3744, 50.2169], [20.3775, 50.2197], [20.3743, 50.2272], [20.3759, 50.2289], [20.3871, 50.2323], [20.3922, 50.2355], [20.3923, 50.2378], [20.3994, 50.2385], [20.3975, 50.2415], [20.3839, 50.2446], [20.3762, 50.2432], [20.3759, 50.2465], [20.3676, 50.2487], [20.3627, 50.2544], [20.3578, 50.2558], [20.353, 50.2636], [20.3468, 50.2626], [20.3331, 50.2675], [20.3323, 50.2721], [20.3433, 50.2726], [20.3436, 50.277], [20.3558, 50.2805], [20.3617, 50.2811], [20.3621, 50.2846], [20.3565, 50.2889], [20.3492, 50.2902], [20.341, 50.2871], [20.3383, 50.2919], [20.3409, 50.2989], [20.3491, 50.2989], [20.344, 50.3054], [20.3361, 50.3033], [20.3327, 50.3045], [20.3279, 50.3186], [20.3114, 50.3208], [20.3022, 50.3229], [20.2926, 50.3222], [20.2925, 50.328], [20.2976, 50.3297], [20.2992, 50.3337], [20.3033, 50.3357], [20.3023, 50.3407], [20.2982, 50.3441], [20.2924, 50.3458], [20.2978, 50.3522], [20.3072, 50.3487], [20.3131, 50.3486], [20.3143, 50.3514], [20.3272, 50.3516], [20.3305, 50.3527], [20.3319, 50.3575], [20.3374, 50.3596], [20.3372, 50.3623], [20.3318, 50.3653], [20.3252, 50.3669], [20.3222, 50.3712], [20.3209, 50.3845], [20.3058, 50.389], [20.3039, 50.3982], [20.2952, 50.404], [20.2905, 50.4098], [20.289, 50.414], [20.2898, 50.4191], [20.2755, 50.4215], [20.2666, 50.4267], [20.2638, 50.4303], [20.2606, 50.4415], [20.2714, 50.4595], [20.273, 50.4643], [20.2727, 50.4699], [20.2639, 50.4671], [20.2478, 50.4753], [20.2496, 50.4791], [20.2425, 50.4803], [20.2393, 50.479], [20.2258, 50.4781], [20.2228, 50.4847], [20.2176, 50.4885], [20.2068, 50.4928], [20.2054, 50.4957], [20.1937, 50.4956], [20.1862, 50.4932], [20.1716, 50.4911], [20.1665, 50.4844], [20.1466, 50.4861], [20.1306, 50.4899], [20.1257, 50.487], [20.1176, 50.4851], [20.1068, 50.4862], [20.0937, 50.4896], [20.0871, 50.4896], [20.097, 50.4961], [20.0959, 50.4973], [20.0837, 50.4994], [20.0847, 50.5046], [20.0784, 50.5058], [20.0757, 50.5099], [20.0541, 50.5117], [20.0502, 50.5052], [20.0426, 50.5062], [20.0389, 50.5002], [20.0282, 50.5009], [20.0309, 50.5049], [20.0271, 50.5086], [20.0178, 50.511], [20.0076, 50.5155], [19.9875, 50.5198], [19.9771, 50.5192], [19.9709, 50.5205], [19.9721, 50.5161], [19.9651, 50.5134], [19.9537, 50.5058], [19.95, 50.5048], [19.9518, 50.4951], [19.9563, 50.4909], [19.964, 50.4887], [19.9678, 50.483], [19.9706, 50.474], [19.961, 50.4769], [19.9538, 50.4766], [19.9397, 50.4789], [19.9328, 50.4782], [19.9284, 50.4752], [19.9093, 50.4749], [19.9091, 50.4728], [19.9005, 50.4735], [19.8921, 50.4662], [19.8936, 50.463], [19.903, 50.4568], [19.8998, 50.4534], [19.8772, 50.4492], [19.8552, 50.4478], [19.8504, 50.4436], [19.8535, 50.4351], [19.8408, 50.4348], [19.8412, 50.4386], [19.8336, 50.4391], [19.832, 50.4361], [19.8251, 50.438], [19.8201, 50.4345], [19.8071, 50.4361], [19.8042, 50.442], [19.8, 50.4439], [19.7937, 50.4433], [19.7915, 50.4407], [19.782, 50.4401], [19.7712, 50.4422], [19.7695, 50.4443], [19.756, 50.4438], [19.7487, 50.4421], [19.7416, 50.4438], [19.7318, 50.4443], [19.725, 50.4409], [19.7122, 50.4443], [19.7082, 50.4483], [19.7019, 50.4482], [19.6967, 50.442], [19.6947, 50.4354], [19.6867, 50.4339], [19.6776, 50.4339], [19.6652, 50.4237], [19.67, 50.4203], [19.6717, 50.4158], [19.6545, 50.4141], [19.6467, 50.4106], [19.6366, 50.4094], [19.6293, 50.4129], [19.6249, 50.4117], [19.6162, 50.4059], [19.6058, 50.4042], [19.5993, 50.4056], [19.5952, 50.409], [19.5785, 50.4072], [19.5706, 50.4086], [19.5688, 50.4115], [19.5544, 50.412], [19.5462, 50.4135], [19.5453, 50.4189], [19.536, 50.4203], [19.5186, 50.4167], [19.5195, 50.415], [19.5108, 50.4083], [19.5045, 50.4011], [19.4955, 50.3998], [19.4876, 50.397], [19.4889, 50.3911], [19.4882, 50.3851], [19.4911, 50.3818], [19.4917, 50.366], [19.4603, 50.3729], [19.4565, 50.3663], [19.4594, 50.3634], [19.4768, 50.357], [19.4822, 50.3569], [19.4876, 50.3473], [19.4806, 50.3336], [19.4839, 50.3236], [19.4753, 50.3241], [19.4673, 50.3226], [19.4595, 50.3228], [19.451, 50.3189], [19.4344, 50.3247], [19.4321, 50.3277], [19.4238, 50.3285], [19.4153, 50.3317], [19.4134, 50.3273], [19.4147, 50.3228], [19.4004, 50.3139], [19.3984, 50.3084], [19.4027, 50.3076], [19.4106, 50.3026], [19.4094, 50.2993], [19.4008, 50.2974], [19.3995, 50.2934], [19.3952, 50.2901], [19.3881, 50.2893], [19.384, 50.2822], [19.3869, 50.2785], [19.3816, 50.273], [19.3736, 50.2715], [19.3715, 50.2683], [19.3615, 50.2641], [19.3632, 50.2606], [19.3591, 50.2592], [19.3535, 50.2659], [19.3388, 50.2634], [19.3368, 50.2616], [19.3278, 50.2616], [19.3241, 50.2588], [19.3401, 50.2496], [19.3931, 50.2334], [19.397, 50.2316], [19.4071, 50.2321], [19.4111, 50.2333], [19.4214, 50.2296], [19.4287, 50.2255], [19.441, 50.2259], [19.4162, 50.2103], [19.4122, 50.2063], [19.4054, 50.2068], [19.4025, 50.2019], [19.3832, 50.1997], [19.3833, 50.1976], [19.3752, 50.196], [19.3754, 50.1933], [19.3637, 50.1905], [19.3521, 50.1913], [19.337, 50.1897], [19.3344, 50.1859], [19.3392, 50.1816], [19.3518, 50.177], [19.3607, 50.1777], [19.3664, 50.1798], [19.3666, 50.1732], [19.3617, 50.1715], [19.3487, 50.1733], [19.3451, 50.1647], [19.3538, 50.1539], [19.3499, 50.1505], [19.3449, 50.1501], [19.3316, 50.1442], [19.3225, 50.1439], [19.315, 50.1422], [19.3016, 50.1424], [19.2883, 50.1404], [19.2853, 50.1423], [19.2706, 50.1437], [19.2746, 50.1366], [19.2733, 50.1324], [19.2778, 50.1197], [19.2592, 50.117], [19.2544, 50.1306], [19.2494, 50.1307], [19.2408, 50.1177], [19.2396, 50.111], [19.2325, 50.1076], [19.2302, 50.1012], [19.2229, 50.0948], [19.2232, 50.0881], [19.2145, 50.0811], [19.2119, 50.0757], [19.2133, 50.0741], [19.2296, 50.0712], [19.2311, 50.0673], [19.2234, 50.0676], [19.2224, 50.0648], [19.2167, 50.0616], [19.2148, 50.0645], [19.2096, 50.0641], [19.2063, 50.0616], [19.2023, 50.064], [19.1959, 50.0652], [19.1825, 50.0603], [19.1779, 50.0572], [19.1693, 50.0604], [19.16, 50.0543], [19.1536, 50.053], [19.1461, 50.0463], [19.1483, 50.0395], [19.1434, 50.0353], [19.1362, 50.0332], [19.139, 50.0283], [19.1429, 50.0284], [19.1363, 50.0191], [19.1287, 50.0175], [19.128, 50.0141], [19.119, 50.0092], [19.1211, 50.0062], [19.1176, 50.0038], [19.1173, 49.9994], [19.1113, 49.9959], [19.1199, 49.9922], [19.1201, 49.9861], [19.1181, 49.9822], [19.1103, 49.9773], [19.1201, 49.9729], [19.1176, 49.9681], [19.1242, 49.9666], [19.12, 49.9607], [19.1121, 49.959], [19.1077, 49.96], [19.1018, 49.9577], [19.0911, 49.9566], [19.0833, 49.9508], [19.0871, 49.9492], [19.0981, 49.9522], [19.1018, 49.9476], [19.1186, 49.9389], [19.1265, 49.9383], [19.1313, 49.9399], [19.1616, 49.9396], [19.1616, 49.9435], [19.1688, 49.9466], [19.1849, 49.95], [19.1862, 49.9455], [19.1837, 49.9443], [19.1873, 49.939], [19.184, 49.9366], [19.1863, 49.9319], [19.1847, 49.9268], [19.1865, 49.9192], [19.1908, 49.9177], [19.1945, 49.9133], [19.1941, 49.9072], [19.1968, 49.901], [19.195, 49.8983], [19.1945, 49.886], [19.1803, 49.8812], [19.1729, 49.8799], [19.1658, 49.8748], [19.1643, 49.8698], [19.1571, 49.8651], [19.1622, 49.8618], [19.1709, 49.853], [19.1824, 49.8564], [19.193, 49.8584], [19.1969, 49.8604], [19.1933, 49.8681], [19.2026, 49.8716], [19.2062, 49.8716], [19.2122, 49.8686], [19.2212, 49.8687], [19.2207, 49.863], [19.2376, 49.862], [19.2371, 49.8648], [19.2506, 49.8636], [19.255, 49.8623], [19.2661, 49.8621], [19.2709, 49.8607], [19.2805, 49.8547], [19.2892, 49.8505], [19.2946, 49.85], [19.2891, 49.8383], [19.2877, 49.8283], [19.2884, 49.8238], [19.286, 49.8213], [19.2866, 49.8164], [19.2918, 49.815], [19.297, 49.8093], [19.2944, 49.8073], [19.3033, 49.7959], [19.3081, 49.7932], [19.3158, 49.7845], [19.3168, 49.7779], [19.3213, 49.7774], [19.3371, 49.7728], [19.3428, 49.7739], [19.3498, 49.7714], [19.358, 49.7753], [19.3661, 49.7777], [19.373, 49.7707], [19.3816, 49.7686], [19.3867, 49.7696], [19.3948, 49.7661], [19.3995, 49.7617], [19.4085, 49.764], [19.4108, 49.7715], [19.415, 49.7753], [19.4202, 49.7722], [19.4264, 49.7643], [19.4314, 49.7622], [19.4364, 49.7571], [19.446, 49.7426], [19.4446, 49.7349], [19.4379, 49.7293], [19.4287, 49.7275], [19.4293, 49.7195], [19.4185, 49.7149], [19.4105, 49.7101], [19.4004, 49.7108], [19.396, 49.7068], [19.3907, 49.6984], [19.3738, 49.6926], [19.3797, 49.6899], [19.3827, 49.6862], [19.3895, 49.6843], [19.3918, 49.6773], [19.4071, 49.6786], [19.4096, 49.6747], [19.4138, 49.6728], [19.418, 49.6746], [19.425, 49.675], [19.4364, 49.6782], [19.4411, 49.6805], [19.4493, 49.6793], [19.4594, 49.6764], [19.465, 49.6679], [19.4709, 49.666], [19.4778, 49.6608], [19.4773, 49.6563], [19.4689, 49.648], [19.4685, 49.6439], [19.471, 49.6405], [19.4754, 49.6388], [19.4797, 49.6316], [19.4808, 49.6244], [19.475, 49.6212], [19.4674, 49.6138], [19.4746, 49.6047], [19.4737, 49.6016], [19.4684, 49.5965], [19.473, 49.5939], [19.4784, 49.588], [19.4846, 49.5855], [19.4926, 49.5843], [19.4972, 49.5816], [19.5102, 49.5814], [19.5182, 49.5734], [19.522, 49.5722], [19.5293, 49.573], [19.5274, 49.5612], [19.5299, 49.5492], [19.5291, 49.5411], [19.5304, 49.5358], [19.5356, 49.5305], [19.5351, 49.5263], [19.5415, 49.5233], [19.5424, 49.5191], [19.5485, 49.5127], [19.5516, 49.5076], [19.5544, 49.4987], [19.554, 49.4897], [19.5541, 49.4897], [19.554, 49.4897], [19.5541, 49.4897], [19.5571, 49.4873], [19.5574, 49.4869], [19.5654, 49.4807], [19.5691, 49.4745], [19.5689, 49.4702], [19.5691, 49.4701], [19.5705, 49.469], [19.572, 49.4677], [19.5731, 49.4667], [19.5732, 49.466], [19.5749, 49.4642], [19.5752, 49.464], [19.5787, 49.4624], [19.5812, 49.4595], [19.5816, 49.4583], [19.5816, 49.458], [19.5815, 49.4554], [19.593, 49.4587], [19.599, 49.4575], [19.6049, 49.4542], [19.6114, 49.4469], [19.6254, 49.4496], [19.6411, 49.4576], [19.6429, 49.4546], [19.6416, 49.4495], [19.6378, 49.4481], [19.6378, 49.4408], [19.6475, 49.4332], [19.6474, 49.4332], [19.6475, 49.4332], [19.6474, 49.4332], [19.6438, 49.4307], [19.6383, 49.4219], [19.6346, 49.4125], [19.6392, 49.4093], [19.6446, 49.4087], [19.6509, 49.4099], [19.6797, 49.4023], [19.6843, 49.4033], [19.6954, 49.3989], [19.7007, 49.3988], [19.7034, 49.3952], [19.7143, 49.392], [19.719, 49.3867], [19.7296, 49.3917], [19.739, 49.4006], [19.7421, 49.4055], [19.7463, 49.4079], [19.7676, 49.413], [19.7906, 49.4107], [19.7889, 49.4011], [19.7911, 49.3967], [19.7911, 49.3835], [19.7926, 49.3786], [19.8022, 49.3701], [19.8037, 49.3661], [19.8014, 49.359], [19.8025, 49.3531], [19.7993, 49.3523], [19.7947, 49.3445], [19.798, 49.3408], [19.7991, 49.3336], [19.8023, 49.3303], [19.805, 49.3228], [19.8032, 49.319], [19.7926, 49.3026], [19.7945, 49.296], [19.8098, 49.2954], [19.8158, 49.2869], [19.8197, 49.2836], [19.8228, 49.2768], [19.8155, 49.2751], [19.8063, 49.2745], [19.8022, 49.2706], [19.7925, 49.268], [19.7922, 49.2634], [19.7888, 49.2618], [19.7905, 49.2553], [19.785, 49.2467], [19.7784, 49.2454], [19.7733, 49.239], [19.7663, 49.2346], [19.7692, 49.2307], [19.7669, 49.2226], [19.7584, 49.216], [19.7631, 49.2076], [19.7673, 49.206], [19.7786, 49.205], [19.7817, 49.2002], [19.795, 49.1984], [19.8037, 49.2046], [19.8075, 49.2057], [19.8142, 49.2033], [19.8198, 49.1995], [19.8227, 49.2014], [19.8295, 49.2017], [19.8345, 49.1965], [19.8406, 49.1937], [19.8511, 49.1963], [19.8641, 49.1967], [19.8703, 49.1985], [19.8805, 49.204], [19.8849, 49.2049], [19.887, 49.2082], [19.9019, 49.213], [19.9047, 49.2196], [19.9053, 49.2247], [19.9032, 49.2302], [19.9114, 49.232], [19.9193, 49.2358], [19.9282, 49.2353], [19.9322, 49.2365], [19.9403, 49.2337], [19.9576, 49.2323], [19.9712, 49.23], [19.9816, 49.2318], [19.9898, 49.2263], [20.0086, 49.2201], [20.0091, 49.2162], [20.0065, 49.2132], [20.0205, 49.2015], [20.0329, 49.1993], [20.0405, 49.197], [20.0426, 49.1932], [20.0535, 49.1878], [20.0602, 49.187], [20.0693, 49.1807], [20.0756, 49.1787], [20.0882, 49.1797], [20.0878, 49.1836]]]}}, {"type": "Feature", "properties": {"code": "28", "name": "warmińsko-mazurskie", "country": "PL", "level": "region", "type": "województwo"}, "geometry": {"type": "Polygon", "coordinates": [[[21.613, 53.4808], [21.6479, 53.4812], [21.6683, 53.4872], [21.6794, 53.4912], [21.6867, 53.4928], [21.6947, 53.4921], [21.7142, 53.489], [21.7308, 53.4888], [21.7521, 53.4832], [21.7749, 53.4815], [21.7906, 53.4793], [21.8027, 53.4751], [21.8206, 53.4668], [21.8287, 53.464], [21.8411, 53.4613], [21.8583, 53.4589], [21.8641, 53.4592], [21.8736, 53.4619], [21.8811, 53.4613], [21.891, 53.4665], [21.8976, 53.4739], [21.9033, 53.4858], [21.902, 53.4932], [21.9067, 53.497], [21.9141, 53.4993], [21.9208, 53.5039], [21.9235, 53.5085], [21.9356, 53.5114], [21.9526, 53.5094], [21.966, 53.5146], [21.9737, 53.5148], [21.9899, 53.5221], [22.0009, 53.5163], [22.0097, 53.5136], [22.0139, 53.5082], [22.0158, 53.5012], [22.0235, 53.4958], [22.0307, 53.4971], [22.0417, 53.5082], [22.0477, 53.5187], [22.0514, 53.5225], [22.0505, 53.5249], [22.0585, 53.5295], [22.0663, 53.5308], [22.0754, 53.5358], [22.0855, 53.5354], [22.0958, 53.5323], [22.1102, 53.5357], [22.1279, 53.5415], [22.1386, 53.5461], [22.1595, 53.5539], [22.1617, 53.5554], [22.1747, 53.5578], [22.1943, 53.5662], [22.1994, 53.5692], [22.2095, 53.5777], [22.2174, 53.5819], [22.2279, 53.5858], [22.2391, 53.5961], [22.272, 53.6106], [22.2777, 53.6192], [22.2851, 53.6232], [22.2984, 53.6243], [22.3248, 53.6341], [22.3266, 53.6318], [22.3529, 53.6472], [22.3532, 53.6519], [22.3862, 53.6636], [22.3963, 53.6681], [22.4007, 53.6671], [22.4145, 53.6759], [22.4148, 53.6778], [22.423, 53.6815], [22.433, 53.6764], [22.436, 53.6778], [22.4406, 53.6732], [22.4448, 53.6723], [22.4406, 53.6648], [22.4509, 53.6629], [22.4593, 53.6645], [22.473, 53.6631], [22.469, 53.667], [22.4698, 53.6701], [22.467, 53.6743], [22.4717, 53.6782], [22.4683, 53.6829], [22.469, 53.6867], [22.4654, 53.6901], [22.4748, 53.6956], [22.4725, 53.699], [22.4794, 53.7], [22.4916, 53.7002], [22.5044, 53.6963], [22.5142, 53.6992], [22.5421, 53.7113], [22.5664, 53.7214], [22.5647, 53.7221], [22.5847, 53.7343], [22.5848, 53.7269], [22.597, 53.7183], [22.6067, 53.717], [22.6109, 53.7193], [22.6124, 53.7254], [22.6165, 53.7325], [22.6261, 53.7422], [22.6246, 53.753], [22.6293, 53.7564], [22.6354, 53.7566], [22.6407, 53.7548], [22.6403, 53.7508], [22.6444, 53.7492], [22.6517, 53.7502], [22.6592, 53.7544], [22.6695, 53.7569], [22.6789, 53.7564], [22.6871, 53.758], [22.6968, 53.7616], [22.7036, 53.7677], [22.7036, 53.7697], [22.7095, 53.7803], [22.7231, 53.7971], [22.7268, 53.8039], [22.7249, 53.811], [22.7257, 53.8176], [22.7244, 53.8227], [22.7274, 53.8274], [22.7267, 53.8332], [22.7354, 53.8381], [22.746, 53.8422], [22.7581, 53.8497], [22.7583, 53.8524], [22.7668, 53.8589], [22.779, 53.8656], [22.7854, 53.8834], [22.781, 53.8863], [22.7815, 53.8902], [22.7774, 53.892], [22.7752, 53.8968], [22.7802, 53.9016], [22.776, 53.9035], [22.7776, 53.9106], [22.7828, 53.9155], [22.7816, 53.9197], [22.7749, 53.924], [22.7512, 53.9432], [22.7369, 53.9496], [22.7237, 53.9525], [22.7146, 53.9569], [22.7092, 53.9625], [22.7091, 53.9666], [22.7037, 53.9714], [22.6965, 53.9735], [22.694, 53.9773], [22.6937, 53.9826], [22.6959, 53.9844], [22.691, 54.0004], [22.6848, 54.0042], [22.6799, 54.0054], [22.671, 54.0207], [22.6707, 54.0289], [22.6557, 54.0358], [22.6414, 54.0412], [22.6373, 54.0442], [22.6286, 54.0475], [22.623, 54.0477], [22.6171, 54.0506], [22.6099, 54.0502], [22.6008, 54.0519], [22.5969, 54.0665], [22.6016, 54.0682], [22.6047, 54.0738], [22.6038, 54.0819], [22.611, 54.0856], [22.6234, 54.0869], [22.625, 54.0919], [22.6355, 54.093], [22.6373, 54.0972], [22.6361, 54.1079], [22.6205, 54.1129], [22.62, 54.1149], [22.6082, 54.125], [22.6019, 54.1365], [22.5937, 54.1412], [22.5914, 54.1507], [22.5782, 54.1465], [22.5792, 54.1416], [22.5471, 54.1377], [22.5447, 54.1438], [22.5454, 54.1485], [22.5389, 54.1478], [22.5354, 54.1529], [22.5369, 54.1604], [22.5286, 54.1598], [22.5265, 54.1618], [22.5191, 54.1613], [22.5191, 54.1677], [22.5132, 54.174], [22.5078, 54.1756], [22.5006, 54.1864], [22.5099, 54.1872], [22.5077, 54.1912], [22.5034, 54.1933], [22.4894, 54.1943], [22.4837, 54.1996], [22.4839, 54.2081], [22.4882, 54.2065], [22.4974, 54.2105], [22.4939, 54.2145], [22.5059, 54.2179], [22.5101, 54.2202], [22.5158, 54.2166], [22.5188, 54.2178], [22.5159, 54.2254], [22.5271, 54.2309], [22.5319, 54.2489], [22.5527, 54.2514], [22.559, 54.2474], [22.566, 54.2498], [22.5627, 54.252], [22.5688, 54.2584], [22.5794, 54.2583], [22.5796, 54.2652], [22.5904, 54.2629], [22.6107, 54.2599], [22.6153, 54.264], [22.6244, 54.2687], [22.6312, 54.2751], [22.6405, 54.2857], [22.6447, 54.2878], [22.6616, 54.2837], [22.6687, 54.2805], [22.6795, 54.2793], [22.6929, 54.2754], [22.7036, 54.2793], [22.7293, 54.2849], [22.7457, 54.2912], [22.7513, 54.2982], [22.7616, 54.2945], [22.768, 54.2894], [22.7772, 54.2948], [22.7791, 54.2936], [22.79, 54.2999], [22.784, 54.3058], [22.7851, 54.3109], [22.7888, 54.3111], [22.7928, 54.3256], [22.786, 54.3282], [22.7765, 54.328], [22.7818, 54.3334], [22.7972, 54.3397], [22.803, 54.341], [22.8061, 54.3495], [22.8013, 54.3519], [22.792, 54.3633], [22.785, 54.3638], [22.742, 54.3614], [22.7239, 54.3608], [22.7099, 54.3617], [22.6806, 54.3602], [22.6689, 54.3582], [22.6604, 54.3556], [22.6416, 54.3538], [22.6165, 54.3557], [22.5964, 54.3535], [22.5927, 54.3541], [22.5713, 54.3539], [22.5595, 54.3518], [22.5367, 54.3508], [22.5281, 54.3492], [22.4907, 54.3495], [22.4686, 54.3484], [22.4643, 54.349], [22.4469, 54.3487], [22.4345, 54.3463], [22.4218, 54.3485], [22.4053, 54.3461], [22.3908, 54.3457], [22.3825, 54.3447], [22.3487, 54.344], [22.3198, 54.3429], [22.3188, 54.3405], [22.309, 54.3414], [22.2601, 54.3406], [22.2434, 54.3409], [22.2363, 54.3417], [22.2292, 54.3405], [22.2257, 54.3438], [22.1882, 54.3389], [22.1528, 54.3366], [22.1211, 54.3364], [22.0973, 54.3374], [22.0613, 54.3356], [22.0372, 54.3356], [22.0221, 54.3364], [21.995, 54.3356], [21.9697, 54.3327], [21.9135, 54.3337], [21.8997, 54.3327], [21.815, 54.3312], [21.8004, 54.3318], [21.7594, 54.3302], [21.7429, 54.3299], [21.6767, 54.3268], [21.6469, 54.3265], [21.6349, 54.3274], [21.5736, 54.3254], [21.5702, 54.322], [21.5532, 54.3229], [21.5528, 54.3252], [21.5288, 54.3254], [21.5138, 54.324], [21.4958, 54.324], [21.4677, 54.32], [21.4461, 54.3182], [21.437, 54.3262], [21.4337, 54.3269], [21.4143, 54.3262], [21.3935, 54.3279], [21.3795, 54.3311], [21.357, 54.3312], [21.3511, 54.3298], [21.3375, 54.3306], [21.3239, 54.3294], [21.3029, 54.3335], [21.2906, 54.3323], [21.2744, 54.3284], [21.2613, 54.3292], [21.2396, 54.3319], [21.2141, 54.3358], [21.1967, 54.3378], [21.1797, 54.3379], [21.1641, 54.3373], [21.1432, 54.3426], [21.1153, 54.3447], [21.0898, 54.3473], [21.083, 54.3464], [21.0594, 54.3481], [21.0381, 54.3486], [21.0067, 54.3536], [20.9582, 54.3546], [20.9513, 54.3571], [20.926, 54.3564], [20.8992, 54.3582], [20.8947, 54.3576], [20.8819, 54.3587], [20.8719, 54.3585], [20.8556, 54.3594], [20.8485, 54.3607], [20.8184, 54.36], [20.804, 54.362], [20.7525, 54.3674], [20.7408, 54.3693], [20.7289, 54.3687], [20.7175, 54.3692], [20.6894, 54.3723], [20.6763, 54.3714], [20.6583, 54.3717], [20.6481, 54.3712], [20.6311, 54.3663], [20.6224, 54.371], [20.584, 54.378], [20.5513, 54.3796], [20.5359, 54.3809], [20.5151, 54.3806], [20.5055, 54.3827], [20.4881, 54.3836], [20.4675, 54.3862], [20.4385, 54.3879], [20.4034, 54.3929], [20.3817, 54.3938], [20.3656, 54.3961], [20.3611, 54.3959], [20.332, 54.4011], [20.2862, 54.4042], [20.2744, 54.4056], [20.2419, 54.4081], [20.2317, 54.408], [20.2078, 54.41], [20.1729, 54.4136], [20.0908, 54.42], [20.0687, 54.4221], [20.0607, 54.4218], [20.0513, 54.4232], [20.0074, 54.4247], [19.9973, 54.4258], [19.9477, 54.43], [19.9351, 54.4316], [19.8972, 54.4341], [19.8949, 54.4349], [19.843, 54.4393], [19.824, 54.4413], [19.8103, 54.4419], [19.7538, 54.446], [19.6804, 54.451], [19.6487, 54.4533], [19.6357, 54.3922], [19.4957, 54.3457], [19.415, 54.3201], [19.2908, 54.2992], [19.2583, 54.2817], [19.2534, 54.2703], [19.2589, 54.267], [19.2653, 54.2655], [19.2739, 54.2614], [19.2818, 54.2561], [19.2878, 54.2552], [19.2927, 54.2499], [19.3015, 54.2443], [19.3047, 54.2348], [19.3175, 54.2257], [19.3144, 54.2183], [19.3247, 54.2101], [19.3263, 54.207], [19.3259, 54.2], [19.3202, 54.1914], [19.3136, 54.1891], [19.2988, 54.1889], [19.2853, 54.1865], [19.2722, 54.1793], [19.2611, 54.1764], [19.2547, 54.1728], [19.2519, 54.1689], [19.247, 54.1672], [19.2463, 54.1625], [19.2489, 54.16], [19.2547, 54.1591], [19.2581, 54.1552], [19.2576, 54.1508], [19.2471, 54.1407], [19.2395, 54.1283], [19.236, 54.1256], [19.2233, 54.1203], [19.2173, 54.1156], [19.2266, 54.1148], [19.2316, 54.1121], [19.2445, 54.0972], [19.2555, 54.0857], [19.2535, 54.0837], [19.2379, 54.0806], [19.2254, 54.0771], [19.2207, 54.0695], [19.2329, 54.0641], [19.2377, 54.0648], [19.2663, 54.051], [19.2747, 54.053], [19.2822, 54.0418], [19.2722, 54.0421], [19.2663, 54.0371], [19.259, 54.0357], [19.2621, 54.0297], [19.2715, 54.0238], [19.2711, 54.0175], [19.279, 54.0129], [19.2851, 54.0138], [19.2893, 54.0168], [19.293, 54.0248], [19.3201, 54.0271], [19.3247, 54.0203], [19.3602, 54.0045], [19.3667, 54.006], [19.372, 54.0019], [19.3932, 54.0008], [19.3957, 54.0029], [19.4107, 53.9994], [19.3865, 53.9913], [19.3778, 53.9849], [19.3761, 53.9792], [19.3659, 53.9607], [19.371, 53.9542], [19.3724, 53.9462], [19.3689, 53.9382], [19.3737, 53.9354], [19.4017, 53.9343], [19.4005, 53.9302], [19.4168, 53.9263], [19.4262, 53.9296], [19.4373, 53.9319], [19.4437, 53.9347], [19.4444, 53.9369], [19.4587, 53.9421], [19.4758, 53.9442], [19.4842, 53.9427], [19.4892, 53.9466], [19.5037, 53.9448], [19.5127, 53.9474], [19.5362, 53.9445], [19.5417, 53.9464], [19.5531, 53.9479], [19.5591, 53.9473], [19.5577, 53.9442], [19.5748, 53.9437], [19.5821, 53.9395], [19.5813, 53.9271], [19.5676, 53.928], [19.5656, 53.9259], [19.556, 53.9258], [19.5607, 53.9194], [19.5573, 53.9028], [19.5526, 53.8942], [19.5437, 53.8882], [19.5335, 53.8801], [19.5392, 53.879], [19.5369, 53.8747], [19.5304, 53.8743], [19.5296, 53.8692], [19.5244, 53.8601], [19.5142, 53.8567], [19.5121, 53.8489], [19.5186, 53.8466], [19.4796, 53.8168], [19.5003, 53.8066], [19.4719, 53.7849], [19.4825, 53.7802], [19.4806, 53.7771], [19.4605, 53.7832], [19.4551, 53.7892], [19.4568, 53.791], [19.4542, 53.7976], [19.4358, 53.801], [19.3707, 53.8142], [19.3572, 53.8131], [19.3541, 53.8153], [19.3438, 53.8138], [19.3351, 53.8147], [19.3235, 53.8141], [19.3211, 53.8104], [19.3111, 53.8045], [19.3123, 53.8008], [19.3089, 53.7945], [19.3089, 53.7881], [19.3049, 53.7885], [19.3041, 53.7836], [19.2997, 53.782], [19.303, 53.7782], [19.2986, 53.7709], [19.3041, 53.7673], [19.3009, 53.761], [19.3009, 53.7522], [19.2917, 53.7414], [19.2797, 53.7356], [19.2778, 53.7324], [19.2644, 53.7302], [19.2403, 53.7123], [19.2373, 53.7077], [19.2249, 53.7043], [19.224, 53.7004], [19.213, 53.6914], [19.2183, 53.6812], [19.2237, 53.6687], [19.2146, 53.6694], [19.213, 53.6534], [19.2151, 53.6492], [19.2103, 53.6464], [19.2123, 53.6434], [19.2064, 53.6377], [19.2012, 53.6382], [19.1935, 53.6411], [19.1845, 53.6371], [19.1791, 53.6403], [19.1629, 53.6243], [19.1544, 53.6195], [19.1525, 53.6203], [19.1387, 53.61], [19.1304, 53.6083], [19.1276, 53.6022], [19.1304, 53.5997], [19.1293, 53.5883], [19.1577, 53.5815], [19.1613, 53.5841], [19.182, 53.579], [19.1851, 53.5751], [19.1997, 53.5701], [19.1963, 53.5585], [19.1892, 53.5478], [19.1952, 53.5439], [19.2079, 53.5481], [19.214, 53.5388], [19.2139, 53.5317], [19.2182, 53.5291], [19.219, 53.5247], [19.2106, 53.5247], [19.2019, 53.5209], [19.2017, 53.5191], [19.1911, 53.5159], [19.1892, 53.5116], [19.2058, 53.4967], [19.2121, 53.4953], [19.2256, 53.4888], [19.2232, 53.4804], [19.2299, 53.4774], [19.2363, 53.4683], [19.2259, 53.4612], [19.226, 53.4533], [19.2355, 53.4536], [19.2379, 53.4567], [19.2447, 53.4577], [19.2465, 53.4553], [19.2417, 53.453], [19.2457, 53.444], [19.2422, 53.4431], [19.2462, 53.4348], [19.2546, 53.4315], [19.2497, 53.4226], [19.239, 53.4178], [19.2332, 53.4134], [19.2445, 53.4109], [19.2497, 53.4057], [19.2556, 53.4028], [19.2591, 53.3965], [19.2715, 53.3953], [19.2912, 53.3892], [19.296, 53.395], [19.3047, 53.3986], [19.3034, 53.402], [19.2967, 53.4033], [19.3077, 53.4068], [19.3074, 53.4115], [19.32, 53.4104], [19.3295, 53.405], [19.3435, 53.4083], [19.3469, 53.4074], [19.3599, 53.4092], [19.3689, 53.4129], [19.3806, 53.4109], [19.3813, 53.4074], [19.3908, 53.3976], [19.3894, 53.3913], [19.3971, 53.3924], [19.4045, 53.392], [19.4126, 53.3874], [19.4193, 53.3784], [19.4444, 53.376], [19.4329, 53.3643], [19.4274, 53.3599], [19.434, 53.3578], [19.4468, 53.3609], [19.458, 53.3597], [19.4657, 53.3693], [19.4732, 53.3716], [19.4819, 53.3709], [19.4819, 53.3674], [19.4786, 53.3622], [19.4852, 53.36], [19.4957, 53.3627], [19.5077, 53.3685], [19.5085, 53.3709], [19.5199, 53.3703], [19.5183, 53.3585], [19.5233, 53.3568], [19.526, 53.3521], [19.5254, 53.3519], [19.526, 53.3521], [19.528, 53.3504], [19.5216, 53.3418], [19.5226, 53.3368], [19.5201, 53.3304], [19.5614, 53.3308], [19.5871, 53.3317], [19.5967, 53.334], [19.5958, 53.3378], [19.6104, 53.3423], [19.6124, 53.3383], [19.6415, 53.3446], [19.6488, 53.3419], [19.6565, 53.3418], [19.6737, 53.3371], [19.6901, 53.3363], [19.6871, 53.315], [19.6898, 53.3068], [19.7181, 53.3021], [19.7122, 53.2886], [19.7216, 53.2865], [19.7183, 53.2833], [19.7188, 53.2793], [19.7286, 53.2744], [19.7254, 53.2705], [19.7132, 53.2745], [19.7034, 53.2669], [19.6935, 53.2638], [19.6913, 53.26], [19.6833, 53.2584], [19.6848, 53.2538], [19.6916, 53.2518], [19.6891, 53.2361], [19.6951, 53.2328], [19.7001, 53.2365], [19.7075, 53.2335], [19.7116, 53.2346], [19.7168, 53.2311], [19.7259, 53.2318], [19.7284, 53.2299], [19.7436, 53.2282], [19.7426, 53.2218], [19.7471, 53.2172], [19.7522, 53.2144], [19.7523, 53.2117], [19.7463, 53.2092], [19.7422, 53.2036], [19.7417, 53.1978], [19.7461, 53.1946], [19.7417, 53.1888], [19.7431, 53.1866], [19.7511, 53.1843], [19.7466, 53.1797], [19.7508, 53.1784], [19.7532, 53.1709], [19.7616, 53.1518], [19.7776, 53.155], [19.8066, 53.1488], [19.8388, 53.1414], [19.8413, 53.1496], [19.8389, 53.1632], [19.8254, 53.1733], [19.8471, 53.1923], [19.8648, 53.1981], [19.8707, 53.2009], [19.882, 53.2025], [19.8834, 53.2085], [19.8931, 53.2132], [19.8962, 53.2097], [19.9134, 53.2115], [19.9138, 53.2063], [19.9179, 53.2065], [19.9164, 53.1935], [19.9186, 53.1913], [19.9114, 53.1889], [19.9074, 53.177], [19.9148, 53.176], [19.9281, 53.1715], [19.9266, 53.1675], [19.9409, 53.1654], [19.9548, 53.1602], [19.9581, 53.1548], [19.9638, 53.15], [19.9697, 53.1473], [19.9738, 53.148], [19.9782, 53.1439], [19.9911, 53.1459], [20.0197, 53.1531], [20.0256, 53.1451], [20.0344, 53.1477], [20.0387, 53.1592], [20.0523, 53.1552], [20.0562, 53.1572], [20.0762, 53.1573], [20.0774, 53.1654], [20.1042, 53.1681], [20.1103, 53.1631], [20.119, 53.1622], [20.125, 53.1531], [20.1271, 53.1467], [20.1352, 53.1424], [20.1439, 53.1411], [20.1509, 53.142], [20.1588, 53.1455], [20.1643, 53.1498], [20.1653, 53.1558], [20.1734, 53.1541], [20.1909, 53.1529], [20.1984, 53.1514], [20.2151, 53.1514], [20.237, 53.1478], [20.2577, 53.1412], [20.2679, 53.1403], [20.2754, 53.1427], [20.2811, 53.1404], [20.2902, 53.1391], [20.3051, 53.1401], [20.3159, 53.1429], [20.3357, 53.1459], [20.3538, 53.1471], [20.3528, 53.1501], [20.3608, 53.155], [20.3489, 53.1572], [20.3449, 53.1569], [20.3261, 53.1606], [20.3309, 53.1635], [20.3468, 53.1688], [20.3701, 53.1773], [20.3763, 53.1774], [20.3837, 53.1895], [20.3935, 53.1928], [20.3998, 53.197], [20.405, 53.2039], [20.4143, 53.2117], [20.4108, 53.2139], [20.4194, 53.222], [20.4236, 53.2219], [20.44, 53.2337], [20.4541, 53.2431], [20.4584, 53.2468], [20.4642, 53.2434], [20.4639, 53.2404], [20.4677, 53.2371], [20.4754, 53.2341], [20.5074, 53.2346], [20.5071, 53.2288], [20.5256, 53.2228], [20.5298, 53.2278], [20.5315, 53.2324], [20.5464, 53.2292], [20.5438, 53.2274], [20.5547, 53.2245], [20.5619, 53.2265], [20.567, 53.2335], [20.5749, 53.2404], [20.5795, 53.2399], [20.5823, 53.2332], [20.5869, 53.2327], [20.5982, 53.2354], [20.601, 53.238], [20.6091, 53.239], [20.6128, 53.2473], [20.6119, 53.2523], [20.6572, 53.2515], [20.6617, 53.2562], [20.6662, 53.2654], [20.6751, 53.2688], [20.6838, 53.2801], [20.6872, 53.2871], [20.6921, 53.2885], [20.6933, 53.2921], [20.6924, 53.3026], [20.7047, 53.3003], [20.7139, 53.2999], [20.7138, 53.3093], [20.7194, 53.3115], [20.7214, 53.3076], [20.7366, 53.3045], [20.7455, 53.3073], [20.746, 53.3101], [20.7395, 53.3149], [20.7425, 53.318], [20.7517, 53.313], [20.7557, 53.3129], [20.7646, 53.3156], [20.771, 53.3115], [20.7791, 53.3122], [20.787, 53.3107], [20.7987, 53.3059], [20.8143, 53.3058], [20.8248, 53.3044], [20.8402, 53.2977], [20.8472, 53.2925], [20.8519, 53.2959], [20.8578, 53.3036], [20.8652, 53.3036], [20.8702, 53.3105], [20.8722, 53.3211], [20.8775, 53.3191], [20.8878, 53.3177], [20.8947, 53.3154], [20.9001, 53.3105], [20.9061, 53.3102], [20.9065, 53.3207], [20.9171, 53.3219], [20.9269, 53.3202], [20.9298, 53.3242], [20.9195, 53.3257], [20.9182, 53.3303], [20.9207, 53.3353], [20.9123, 53.3375], [20.9095, 53.3427], [20.9144, 53.3482], [20.9226, 53.35], [20.9227, 53.3531], [20.9317, 53.3525], [20.933, 53.3583], [20.9363, 53.3598], [20.9498, 53.358], [20.9473, 53.3551], [20.9744, 53.3543], [20.9827, 53.357], [20.9917, 53.3614], [20.9991, 53.3611], [21.001, 53.3567], [21.0068, 53.3553], [21.0123, 53.3561], [21.0312, 53.3513], [21.0377, 53.3434], [21.0524, 53.3344], [21.0727, 53.3401], [21.0818, 53.3438], [21.0817, 53.3462], [21.0917, 53.3497], [21.1051, 53.3517], [21.1144, 53.3544], [21.1277, 53.3627], [21.1361, 53.3655], [21.1408, 53.3709], [21.1413, 53.3773], [21.1532, 53.3834], [21.1758, 53.3936], [21.1966, 53.3979], [21.2042, 53.4025], [21.2137, 53.4067], [21.2335, 53.4127], [21.2383, 53.4155], [21.2497, 53.4196], [21.2713, 53.4252], [21.2815, 53.4268], [21.2886, 53.4242], [21.2886, 53.4206], [21.2843, 53.416], [21.2918, 53.4088], [21.2951, 53.4097], [21.2937, 53.4146], [21.3, 53.4199], [21.3026, 53.4239], [21.3107, 53.4232], [21.3279, 53.4202], [21.3374, 53.4174], [21.3393, 53.4195], [21.3516, 53.4143], [21.355, 53.4202], [21.363, 53.4219], [21.3691, 53.4206], [21.3759, 53.4222], [21.3774, 53.4247], [21.3877, 53.4308], [21.3994, 53.429], [21.4022, 53.4276], [21.4109, 53.4277], [21.4236, 53.4297], [21.4228, 53.4315], [21.436, 53.4363], [21.4383, 53.4403], [21.433, 53.4459], [21.4263, 53.4489], [21.4459, 53.4459], [21.4374, 53.4562], [21.4347, 53.4632], [21.4832, 53.4715], [21.4966, 53.4733], [21.5179, 53.477], [21.5313, 53.4766], [21.5502, 53.4778], [21.5659, 53.4809], [21.5743, 53.48], [21.5873, 53.4803], [21.5981, 53.4818], [21.613, 53.4808]]]}}, {"type": "Feature", "properties": {"code": "14", "name": "mazowieckie", "country": "PL", "level": "region", "type": "województwo"}, "geometry": {"type": "Polygon", "coordinates": [[[20.6119, 53.2523], [20.6128, 53.2473], [20.6091, 53.239], [20.601, 53.238], [20.5982, 53.2354], [20.5869, 53.2327], [20.5823, 53.2332], [20.5795, 53.2399], [20.5749, 53.2404], [20.567, 53.2335], [20.5619, 53.2265], [20.5547, 53.2245], [20.5438, 53.2274], [20.5464, 53.2292], [20.5315, 53.2324], [20.5298, 53.2278], [20.5256, 53.2228], [20.5071, 53.2288], [20.5074, 53.2346], [20.4754, 53.2341], [20.4677, 53.2371], [20.4639, 53.2404], [20.4642, 53.2434], [20.4584, 53.2468], [20.4541, 53.2431], [20.44, 53.2337], [20.4236, 53.2219], [20.4194, 53.222], [20.4108, 53.2139], [20.4143, 53.2117], [20.405, 53.2039], [20.3998, 53.197], [20.3935, 53.1928], [20.3837, 53.1895], [20.3763, 53.1774], [20.3701, 53.1773], [20.3468, 53.1688], [20.3309, 53.1635], [20.3261, 53.1606], [20.3449, 53.1569], [20.3489, 53.1572], [20.3608, 53.155], [20.3528, 53.1501], [20.3538, 53.1471], [20.3357, 53.1459], [20.3159, 53.1429], [20.3051, 53.1401], [20.2902, 53.1391], [20.2811, 53.1404], [20.2754, 53.1427], [20.2679, 53.1403], [20.2577, 53.1412], [20.237, 53.1478], [20.2151, 53.1514], [20.1984, 53.1514], [20.1909, 53.1529], [20.1734, 53.1541], [20.1653, 53.1558], [20.1643, 53.1498], [20.1588, 53.1455], [20.1509, 53.142], [20.1439, 53.1411], [20.1352, 53.1424], [20.1271, 53.1467], [20.125, 53.1531], [20.119, 53.1622], [20.1103, 53.1631], [20.1042, 53.1681], [20.0774, 53.1654], [20.0762, 53.1573], [20.0562, 53.1572], [20.0523, 53.1552], [20.0387, 53.1592], [20.0344, 53.1477], [20.0256, 53.1451], [20.0197, 53.1531], [19.9911, 53.1459], [19.9782, 53.1439], [19.9738, 53.148], [19.9697, 53.1473], [19.9638, 53.15], [19.9581, 53.1548], [19.9548, 53.1602], [19.9409, 53.1654], [19.9266, 53.1675], [19.9281, 53.1715], [19.9148, 53.176], [19.9074, 53.177], [19.9114, 53.1889], [19.9186, 53.1913], [19.9164, 53.1935], [19.9179, 53.2065], [19.9138, 53.2063], [19.9134, 53.2115], [19.8962, 53.2097], [19.8931, 53.2132], [19.8834, 53.2085], [19.882, 53.2025], [19.8707, 53.2009], [19.8648, 53.1981], [19.8471, 53.1923], [19.8254, 53.1733], [19.8389, 53.1632], [19.8413, 53.1496], [19.8388, 53.1414], [19.8066, 53.1488], [19.7776, 53.155], [19.7616, 53.1518], [19.7326, 53.1445], [19.712, 53.1347], [19.7105, 53.1215], [19.6929, 53.1195], [19.6912, 53.1226], [19.6847, 53.1231], [19.6827, 53.1129], [19.6727, 53.1127], [19.6689, 53.1108], [19.6671, 53.1061], [19.6523, 53.1069], [19.6506, 53.1124], [19.6342, 53.1117], [19.6385, 53.1066], [19.6387, 53.0949], [19.647, 53.0873], [19.6479, 53.0755], [19.6561, 53.0741], [19.6607, 53.069], [19.6468, 53.0663], [19.6472, 53.0603], [19.6458, 53.0543], [19.654, 53.0536], [19.6516, 53.0505], [19.653, 53.0411], [19.6522, 53.0378], [19.6656, 53.0401], [19.6659, 53.0382], [19.6781, 53.032], [19.6756, 53.0291], [19.6812, 53.0266], [19.6835, 53.0186], [19.6784, 53.014], [19.6804, 53.0097], [19.6771, 53.0007], [19.6702, 52.9935], [19.6686, 52.9832], [19.6738, 52.9832], [19.6799, 52.9784], [19.6782, 52.976], [19.6816, 52.9651], [19.6847, 52.963], [19.681, 52.9565], [19.6713, 52.9556], [19.6644, 52.9592], [19.6546, 52.9613], [19.6487, 52.9697], [19.6457, 52.9709], [19.6364, 52.9698], [19.6241, 52.9772], [19.6119, 52.9769], [19.5884, 52.9832], [19.5683, 52.9857], [19.5601, 52.9903], [19.5547, 52.9901], [19.5593, 52.9791], [19.566, 52.9765], [19.5759, 52.9699], [19.5827, 52.9683], [19.5861, 52.963], [19.5825, 52.9569], [19.5754, 52.9563], [19.5504, 52.95], [19.5408, 52.9484], [19.5319, 52.9418], [19.5289, 52.9364], [19.5216, 52.9376], [19.5098, 52.938], [19.5004, 52.9395], [19.4869, 52.9403], [19.4846, 52.944], [19.4577, 52.9418], [19.4453, 52.9474], [19.4447, 52.939], [19.447, 52.9315], [19.4508, 52.9255], [19.4649, 52.9196], [19.4642, 52.9136], [19.4586, 52.9068], [19.4672, 52.8997], [19.4857, 52.886], [19.4922, 52.8781], [19.4976, 52.8755], [19.5087, 52.8679], [19.5109, 52.8618], [19.489, 52.8668], [19.484, 52.8671], [19.4749, 52.8653], [19.4645, 52.8596], [19.4634, 52.8559], [19.473, 52.8515], [19.4533, 52.8437], [19.444, 52.8374], [19.4313, 52.8403], [19.423, 52.8327], [19.4245, 52.8278], [19.4302, 52.8268], [19.4312, 52.8235], [19.4238, 52.8156], [19.4316, 52.816], [19.4376, 52.8148], [19.4446, 52.8089], [19.453, 52.8046], [19.4657, 52.8045], [19.4643, 52.7942], [19.4677, 52.786], [19.4813, 52.784], [19.4837, 52.7814], [19.4945, 52.7782], [19.4909, 52.7743], [19.5042, 52.7677], [19.5003, 52.7636], [19.5065, 52.762], [19.499, 52.7515], [19.5043, 52.7487], [19.5147, 52.7486], [19.5189, 52.7457], [19.5195, 52.7425], [19.5128, 52.7417], [19.51, 52.7372], [19.5011, 52.737], [19.4991, 52.7314], [19.5052, 52.729], [19.5025, 52.7267], [19.5035, 52.723], [19.5026, 52.715], [19.508, 52.7112], [19.5168, 52.71], [19.5271, 52.7062], [19.5258, 52.7037], [19.4919, 52.7076], [19.4943, 52.7099], [19.4931, 52.7146], [19.4838, 52.7181], [19.4802, 52.7172], [19.4648, 52.7207], [19.4608, 52.7245], [19.455, 52.7257], [19.4474, 52.723], [19.4413, 52.723], [19.4401, 52.7191], [19.4426, 52.7166], [19.4401, 52.7119], [19.4467, 52.7056], [19.4366, 52.6931], [19.4369, 52.6812], [19.4438, 52.6829], [19.4456, 52.6789], [19.4403, 52.6767], [19.4322, 52.6766], [19.4303, 52.6716], [19.4162, 52.6717], [19.4137, 52.6678], [19.4136, 52.6606], [19.4039, 52.6492], [19.403, 52.6445], [19.3837, 52.6443], [19.3804, 52.641], [19.3785, 52.6383], [19.3733, 52.6378], [19.3713, 52.6248], [19.3851, 52.6243], [19.3958, 52.622], [19.425, 52.6114], [19.4193, 52.5994], [19.4144, 52.5959], [19.4074, 52.5943], [19.4051, 52.5919], [19.3983, 52.5934], [19.3952, 52.5901], [19.3942, 52.5828], [19.3949, 52.5773], [19.3906, 52.5734], [19.3782, 52.5686], [19.3508, 52.569], [19.3411, 52.5671], [19.3494, 52.5451], [19.3499, 52.5401], [19.3554, 52.5371], [19.3515, 52.535], [19.3488, 52.5281], [19.3436, 52.5278], [19.3381, 52.534], [19.3309, 52.5329], [19.3196, 52.5349], [19.3217, 52.5292], [19.3256, 52.5287], [19.333, 52.5249], [19.3366, 52.5254], [19.3592, 52.5215], [19.3716, 52.5217], [19.3861, 52.5191], [19.3919, 52.5141], [19.3887, 52.5095], [19.3721, 52.5072], [19.3633, 52.5031], [19.3638, 52.5001], [19.3554, 52.4916], [19.3541, 52.4879], [19.3579, 52.4816], [19.3509, 52.4795], [19.3389, 52.4798], [19.3313, 52.4711], [19.3332, 52.4668], [19.3228, 52.4545], [19.3194, 52.4488], [19.3033, 52.4482], [19.2991, 52.4453], [19.2845, 52.4499], [19.2776, 52.4487], [19.2681, 52.4488], [19.2592, 52.4426], [19.2618, 52.4357], [19.2766, 52.4348], [19.2867, 52.433], [19.2966, 52.4237], [19.298, 52.418], [19.2934, 52.4183], [19.293, 52.4112], [19.2862, 52.4067], [19.2892, 52.3927], [19.3021, 52.3915], [19.3009, 52.3875], [19.308, 52.3874], [19.3089, 52.3816], [19.3014, 52.3807], [19.2935, 52.377], [19.2906, 52.3726], [19.297, 52.3686], [19.3052, 52.3688], [19.3154, 52.3716], [19.3234, 52.369], [19.3287, 52.3607], [19.3263, 52.3538], [19.3222, 52.3484], [19.3317, 52.3495], [19.3381, 52.348], [19.3493, 52.3471], [19.3585, 52.3415], [19.3708, 52.3415], [19.3768, 52.3406], [19.3807, 52.3436], [19.3969, 52.3439], [19.4059, 52.3451], [19.4072, 52.3389], [19.4176, 52.339], [19.4261, 52.3373], [19.4388, 52.3415], [19.444, 52.3446], [19.4476, 52.3516], [19.4549, 52.3501], [19.4628, 52.3429], [19.4968, 52.335], [19.5021, 52.3333], [19.4962, 52.3245], [19.4915, 52.3203], [19.5057, 52.3151], [19.5126, 52.3109], [19.5169, 52.3051], [19.5196, 52.3043], [19.538, 52.3049], [19.5361, 52.3021], [19.5461, 52.2972], [19.5492, 52.2941], [19.5771, 52.2918], [19.5786, 52.2898], [19.6027, 52.289], [19.6085, 52.2897], [19.616, 52.2882], [19.6137, 52.2764], [19.6259, 52.278], [19.6311, 52.2778], [19.6344, 52.2744], [19.6238, 52.264], [19.6322, 52.262], [19.6345, 52.2562], [19.6483, 52.2537], [19.6548, 52.2537], [19.6729, 52.2561], [19.6895, 52.2595], [19.684, 52.2628], [19.6945, 52.2711], [19.6993, 52.2785], [19.7028, 52.2764], [19.7291, 52.2682], [19.7357, 52.2589], [19.7594, 52.263], [19.7657, 52.2623], [19.773, 52.2646], [19.7929, 52.2737], [19.7897, 52.2758], [19.7898, 52.2798], [19.8055, 52.2792], [19.8162, 52.2839], [19.8234, 52.2809], [19.8293, 52.2746], [19.8404, 52.2718], [19.8475, 52.2721], [19.856, 52.2764], [19.861, 52.2777], [19.867, 52.2824], [19.8749, 52.2853], [19.8778, 52.2891], [19.8617, 52.2909], [19.8688, 52.2987], [19.8856, 52.3098], [19.9026, 52.3086], [19.9018, 52.3039], [19.9112, 52.2997], [19.9192, 52.2982], [19.9361, 52.2997], [19.9392, 52.2893], [19.9538, 52.2834], [19.9593, 52.2855], [19.9581, 52.2783], [19.9637, 52.272], [19.9651, 52.2683], [19.9859, 52.2624], [19.9952, 52.2616], [20.018, 52.262], [20.0332, 52.2586], [20.0421, 52.2577], [20.0376, 52.2467], [20.0563, 52.2427], [20.0735, 52.2375], [20.0805, 52.233], [20.0754, 52.2247], [20.071, 52.2137], [20.0631, 52.1989], [20.0621, 52.1881], [20.0672, 52.1876], [20.0682, 52.184], [20.0731, 52.1792], [20.0812, 52.1748], [20.0874, 52.1682], [20.0866, 52.1585], [20.091, 52.1526], [20.1256, 52.1442], [20.1348, 52.1453], [20.1529, 52.1506], [20.1606, 52.1513], [20.1642, 52.1473], [20.1615, 52.1426], [20.1651, 52.1386], [20.1783, 52.1323], [20.1846, 52.1248], [20.189, 52.1213], [20.2023, 52.1147], [20.2064, 52.1151], [20.213, 52.1186], [20.2175, 52.1177], [20.2414, 52.1178], [20.2528, 52.1168], [20.2574, 52.1063], [20.2689, 52.1007], [20.2706, 52.0936], [20.2684, 52.0914], [20.2684, 52.0834], [20.2699, 52.0771], [20.2585, 52.077], [20.2458, 52.0754], [20.2433, 52.0731], [20.2493, 52.0674], [20.2478, 52.0614], [20.2531, 52.0553], [20.2059, 52.028], [20.2006, 52.0301], [20.1987, 52.0256], [20.2111, 52.0177], [20.2139, 52.0125], [20.2219, 52.0089], [20.2256, 52.005], [20.2432, 51.9989], [20.2501, 52.0062], [20.2624, 52.0004], [20.2551, 51.9956], [20.2622, 51.9935], [20.2602, 51.9914], [20.2654, 51.9864], [20.2722, 51.9823], [20.2715, 51.9713], [20.2933, 51.9685], [20.294, 51.9671], [20.2407, 51.951], [20.2427, 51.9345], [20.2658, 51.9309], [20.2687, 51.9352], [20.2916, 51.9397], [20.2968, 51.9358], [20.3038, 51.9362], [20.31, 51.935], [20.3121, 51.929], [20.3116, 51.9185], [20.3084, 51.9157], [20.301, 51.9132], [20.3182, 51.9123], [20.3239, 51.922], [20.3538, 51.9197], [20.3598, 51.9283], [20.3726, 51.9236], [20.3837, 51.937], [20.3779, 51.9387], [20.3815, 51.9425], [20.3891, 51.942], [20.3932, 51.9381], [20.3952, 51.9323], [20.3982, 51.9308], [20.4136, 51.9304], [20.4197, 51.9346], [20.4235, 51.941], [20.4326, 51.9374], [20.4394, 51.9435], [20.4457, 51.941], [20.4516, 51.9352], [20.46, 51.9324], [20.4755, 51.9311], [20.4783, 51.9272], [20.478, 51.9202], [20.4858, 51.9205], [20.4909, 51.9104], [20.4794, 51.9], [20.4864, 51.8968], [20.4983, 51.8895], [20.5089, 51.8938], [20.523, 51.8919], [20.5389, 51.8911], [20.5634, 51.8876], [20.5691, 51.8877], [20.5664, 51.8763], [20.5762, 51.8715], [20.5837, 51.8706], [20.5843, 51.8676], [20.591, 51.8606], [20.5918, 51.8546], [20.5906, 51.8494], [20.6054, 51.8496], [20.5963, 51.8398], [20.5997, 51.8274], [20.618, 51.8273], [20.6195, 51.8204], [20.6083, 51.8195], [20.6077, 51.8161], [20.5761, 51.821], [20.5629, 51.8212], [20.5575, 51.8188], [20.5602, 51.8122], [20.5816, 51.8111], [20.582, 51.8054], [20.5789, 51.7936], [20.5866, 51.7842], [20.5842, 51.7824], [20.586, 51.7781], [20.5924, 51.7768], [20.595, 51.7693], [20.5923, 51.7659], [20.5841, 51.7618], [20.5826, 51.748], [20.6022, 51.7465], [20.614, 51.7428], [20.6196, 51.7426], [20.6388, 51.7375], [20.6384, 51.7329], [20.6489, 51.7302], [20.6584, 51.7242], [20.6549, 51.7173], [20.6547, 51.713], [20.6575, 51.7087], [20.6593, 51.6986], [20.6567, 51.6938], [20.6532, 51.6772], [20.6365, 51.6762], [20.6339, 51.6699], [20.624, 51.669], [20.6209, 51.6648], [20.6229, 51.6594], [20.6203, 51.6576], [20.5972, 51.6595], [20.5951, 51.6574], [20.5843, 51.6629], [20.5736, 51.663], [20.5354, 51.6687], [20.5227, 51.6657], [20.5225, 51.677], [20.5187, 51.6739], [20.515, 51.6745], [20.5145, 51.6855], [20.4965, 51.6856], [20.4877, 51.6836], [20.4797, 51.686], [20.4672, 51.6928], [20.467, 51.6972], [20.4579, 51.6924], [20.451, 51.6903], [20.4478, 51.6867], [20.441, 51.6901], [20.4368, 51.6882], [20.4423, 51.6847], [20.4394, 51.6815], [20.4204, 51.6767], [20.4085, 51.6749], [20.4067, 51.6726], [20.4003, 51.6728], [20.3955, 51.6667], [20.3954, 51.6626], [20.3904, 51.6599], [20.3914, 51.6552], [20.3953, 51.6507], [20.3953, 51.647], [20.3851, 51.6417], [20.3913, 51.636], [20.4029, 51.6343], [20.4062, 51.6353], [20.4148, 51.634], [20.4187, 51.6303], [20.4188, 51.6205], [20.4253, 51.6112], [20.4235, 51.6066], [20.4174, 51.6067], [20.4151, 51.6043], [20.4296, 51.5994], [20.4333, 51.5933], [20.4378, 51.5823], [20.4333, 51.5753], [20.4414, 51.5715], [20.4607, 51.5744], [20.462, 51.5656], [20.4677, 51.5609], [20.4684, 51.5577], [20.4659, 51.5534], [20.4608, 51.5504], [20.4556, 51.5422], [20.4576, 51.5412], [20.4501, 51.5181], [20.4502, 51.5081], [20.4526, 51.5036], [20.4656, 51.5005], [20.4823, 51.5015], [20.4945, 51.5003], [20.5009, 51.5032], [20.5003, 51.5062], [20.5199, 51.5098], [20.5227, 51.4819], [20.5263, 51.4825], [20.5276, 51.4739], [20.5264, 51.4684], [20.534, 51.4627], [20.5273, 51.4599], [20.5246, 51.456], [20.5114, 51.4506], [20.4967, 51.4485], [20.4977, 51.4418], [20.4877, 51.441], [20.4853, 51.432], [20.4891, 51.4291], [20.492, 51.4233], [20.4896, 51.4213], [20.4803, 51.4097], [20.4702, 51.4086], [20.4586, 51.4089], [20.452, 51.4117], [20.4467, 51.41], [20.4423, 51.3984], [20.444, 51.3942], [20.4408, 51.3932], [20.4343, 51.3875], [20.4336, 51.3828], [20.4284, 51.3776], [20.4298, 51.3747], [20.427, 51.3711], [20.4297, 51.3694], [20.4219, 51.363], [20.4229, 51.3536], [20.4259, 51.354], [20.4307, 51.3467], [20.4328, 51.3394], [20.4329, 51.3424], [20.4529, 51.3384], [20.4557, 51.3362], [20.4635, 51.3364], [20.4639, 51.3317], [20.5072, 51.3314], [20.5165, 51.3194], [20.5112, 51.3129], [20.5128, 51.3087], [20.4969, 51.3102], [20.4926, 51.3073], [20.4945, 51.2988], [20.4979, 51.293], [20.5092, 51.2957], [20.5108, 51.2942], [20.5016, 51.2869], [20.5213, 51.2773], [20.5255, 51.2804], [20.5333, 51.2765], [20.5293, 51.2734], [20.537, 51.2697], [20.5248, 51.2604], [20.5391, 51.2546], [20.535, 51.2523], [20.5419, 51.2339], [20.5461, 51.2304], [20.5567, 51.2302], [20.566, 51.2315], [20.5683, 51.2377], [20.579, 51.2447], [20.6004, 51.2446], [20.6072, 51.2469], [20.6105, 51.2425], [20.6142, 51.2369], [20.6217, 51.2301], [20.6324, 51.226], [20.633, 51.2234], [20.6405, 51.2217], [20.6469, 51.2176], [20.6558, 51.2168], [20.6778, 51.2091], [20.6778, 51.2071], [20.6868, 51.2027], [20.6913, 51.199], [20.7003, 51.196], [20.7027, 51.1849], [20.702, 51.182], [20.6853, 51.1736], [20.684, 51.1685], [20.6887, 51.1588], [20.6849, 51.1544], [20.6855, 51.1512], [20.6974, 51.149], [20.7067, 51.1618], [20.7184, 51.1727], [20.723, 51.1709], [20.7712, 51.157], [20.7662, 51.1499], [20.7822, 51.1453], [20.7877, 51.1528], [20.813, 51.1458], [20.8217, 51.1578], [20.8091, 51.1612], [20.8216, 51.1784], [20.85, 51.1706], [20.8537, 51.1729], [20.8593, 51.1693], [20.8592, 51.1664], [20.8798, 51.1544], [20.9049, 51.1795], [20.9082, 51.1783], [20.9111, 51.1892], [20.9136, 51.1883], [20.9207, 51.1953], [20.968, 51.1766], [20.9654, 51.1739], [21.0008, 51.1596], [20.9932, 51.152], [20.9983, 51.1499], [20.9944, 51.1461], [20.9985, 51.1445], [21.0243, 51.1504], [21.019, 51.1547], [21.0229, 51.1586], [21.0354, 51.1584], [21.0446, 51.1563], [21.0566, 51.1571], [21.0698, 51.1741], [21.0734, 51.1858], [21.0749, 51.1986], [21.0684, 51.2069], [21.0703, 51.2114], [21.1106, 51.2008], [21.1079, 51.1932], [21.1183, 51.1917], [21.1199, 51.1887], [21.1161, 51.1789], [21.109, 51.1748], [21.1031, 51.1688], [21.0967, 51.1647], [21.0903, 51.1564], [21.0912, 51.1551], [21.1282, 51.1409], [21.1283, 51.1348], [21.1342, 51.1348], [21.1342, 51.1285], [21.1641, 51.1285], [21.161, 51.1254], [21.154, 51.1255], [21.1561, 51.1149], [21.1581, 51.1146], [21.1602, 51.1022], [21.1528, 51.1035], [21.1509, 51.0995], [21.1519, 51.087], [21.1558, 51.0862], [21.1528, 51.0803], [21.3533, 51.0852], [21.3559, 51.082], [21.3564, 51.0774], [21.3536, 51.0671], [21.3656, 51.0649], [21.3704, 51.0655], [21.3719, 51.0588], [21.3831, 51.0583], [21.3818, 51.0406], [21.4048, 51.0354], [21.4025, 51.0327], [21.4313, 51.0295], [21.4285, 51.0257], [21.4432, 51.0228], [21.4636, 51.0131], [21.4696, 51.0158], [21.4948, 51.0214], [21.4859, 51.0238], [21.4929, 51.0278], [21.4992, 51.0288], [21.5046, 51.0317], [21.4861, 51.0357], [21.4899, 51.0397], [21.5169, 51.0365], [21.4996, 51.0451], [21.5066, 51.0503], [21.5128, 51.0534], [21.513, 51.0561], [21.5291, 51.059], [21.5347, 51.0564], [21.5421, 51.057], [21.5446, 51.0478], [21.5569, 51.0527], [21.5605, 51.0555], [21.5728, 51.0579], [21.5818, 51.0607], [21.5832, 51.058], [21.5901, 51.0578], [21.6141, 51.0653], [21.6191, 51.0597], [21.6302, 51.0634], [21.6237, 51.071], [21.615, 51.0726], [21.6121, 51.076], [21.6273, 51.0734], [21.6403, 51.0763], [21.6496, 51.0695], [21.6763, 51.078], [21.6827, 51.0705], [21.6866, 51.0698], [21.6916, 51.0658], [21.6966, 51.056], [21.6983, 51.0502], [21.7022, 51.048], [21.7052, 51.0427], [21.7127, 51.0414], [21.7211, 51.0418], [21.7299, 51.0473], [21.741, 51.041], [21.7521, 51.0374], [21.759, 51.0374], [21.7584, 51.0419], [21.7703, 51.043], [21.7776, 51.0417], [21.7806, 51.0455], [21.7724, 51.0488], [21.7781, 51.0536], [21.7844, 51.0536], [21.7858, 51.0576], [21.7818, 51.0608], [21.7851, 51.0689], [21.7914, 51.0679], [21.7972, 51.0715], [21.803, 51.0721], [21.7996, 51.0762], [21.798, 51.0824], [21.7998, 51.087], [21.7977, 51.0953], [21.7931, 51.0996], [21.7905, 51.1161], [21.7928, 51.1271], [21.7995, 51.1271], [21.7994, 51.1348], [21.7871, 51.1451], [21.7849, 51.1504], [21.7859, 51.1589], [21.7919, 51.172], [21.7898, 51.1754], [21.7925, 51.1801], [21.7833, 51.179], [21.7832, 51.1842], [21.7868, 51.1931], [21.7886, 51.2017], [21.7946, 51.2082], [21.8, 51.2168], [21.8012, 51.2207], [21.805, 51.2212], [21.8103, 51.2282], [21.8166, 51.2306], [21.8133, 51.2399], [21.8082, 51.2453], [21.8082, 51.2543], [21.8125, 51.2579], [21.8302, 51.2667], [21.8394, 51.2692], [21.8491, 51.2705], [21.8562, 51.2743], [21.8506, 51.2785], [21.8365, 51.2835], [21.8382, 51.2876], [21.8313, 51.2891], [21.83, 51.2846], [21.8229, 51.2807], [21.8167, 51.2823], [21.8124, 51.2853], [21.8171, 51.2892], [21.8118, 51.2916], [21.796, 51.2884], [21.7868, 51.285], [21.7831, 51.2938], [21.7896, 51.2936], [21.8089, 51.2992], [21.8196, 51.2999], [21.8234, 51.3033], [21.8247, 51.3139], [21.8338, 51.3311], [21.8351, 51.3378], [21.8283, 51.3393], [21.8344, 51.3463], [21.8454, 51.3541], [21.8537, 51.3519], [21.848, 51.365], [21.8384, 51.378], [21.8322, 51.3805], [21.8253, 51.3759], [21.816, 51.3716], [21.8117, 51.3778], [21.8066, 51.3754], [21.8018, 51.3783], [21.7917, 51.3888], [21.7896, 51.3962], [21.7845, 51.3975], [21.7799, 51.3943], [21.7685, 51.3911], [21.761, 51.4013], [21.7613, 51.4058], [21.7677, 51.4135], [21.7801, 51.4116], [21.7856, 51.4149], [21.7876, 51.4201], [21.7938, 51.4207], [21.7994, 51.4234], [21.8013, 51.4276], [21.8128, 51.429], [21.8134, 51.4275], [21.8283, 51.4258], [21.8392, 51.4176], [21.8402, 51.4203], [21.851, 51.4306], [21.8505, 51.4358], [21.856, 51.4449], [21.8545, 51.4475], [21.8585, 51.4519], [21.8606, 51.4571], [21.8681, 51.4628], [21.874, 51.4716], [21.8732, 51.4749], [21.8654, 51.475], [21.8564, 51.4776], [21.8488, 51.4836], [21.847, 51.488], [21.8495, 51.4963], [21.8554, 51.5034], [21.8553, 51.5104], [21.8515, 51.5155], [21.8434, 51.5222], [21.8406, 51.5289], [21.8321, 51.5375], [21.8329, 51.5511], [21.8312, 51.5555], [21.8238, 51.5622], [21.8174, 51.5642], [21.8046, 51.5656], [21.7923, 51.5683], [21.7824, 51.5686], [21.7784, 51.5676], [21.7655, 51.5618], [21.7558, 51.5604], [21.7394, 51.5639], [21.7253, 51.5655], [21.7103, 51.5688], [21.6961, 51.5701], [21.678, 51.5774], [21.6611, 51.5796], [21.6556, 51.5824], [21.6531, 51.5885], [21.6521, 51.5992], [21.6484, 51.603], [21.6327, 51.6073], [21.6254, 51.6101], [21.6155, 51.6176], [21.6235, 51.6231], [21.6368, 51.6266], [21.6401, 51.6259], [21.6405, 51.6443], [21.6362, 51.6543], [21.6392, 51.657], [21.6483, 51.6599], [21.6672, 51.6519], [21.6892, 51.6439], [21.6923, 51.644], [21.7138, 51.6351], [21.7221, 51.6374], [21.7267, 51.6181], [21.7492, 51.612], [21.7525, 51.6203], [21.7573, 51.6281], [21.7624, 51.6303], [21.7581, 51.6376], [21.76, 51.6404], [21.7844, 51.644], [21.7916, 51.6507], [21.8021, 51.6492], [21.8027, 51.6469], [21.8308, 51.6483], [21.8307, 51.6523], [21.8387, 51.6522], [21.8406, 51.6673], [21.8518, 51.669], [21.8562, 51.6687], [21.8581, 51.6722], [21.8558, 51.6772], [21.8778, 51.6766], [21.8798, 51.6885], [21.8825, 51.694], [21.8941, 51.6974], [21.9033, 51.7042], [21.901, 51.7071], [21.8856, 51.7081], [21.8843, 51.711], [21.8768, 51.7117], [21.8742, 51.718], [21.8699, 51.7208], [21.8733, 51.7241], [21.8737, 51.7287], [21.8708, 51.7328], [21.8661, 51.7328], [21.8478, 51.7369], [21.8481, 51.7426], [21.8357, 51.7438], [21.8359, 51.7494], [21.8406, 51.7494], [21.8452, 51.7529], [21.8444, 51.7584], [21.8577, 51.7595], [21.8652, 51.7647], [21.8666, 51.7687], [21.8802, 51.7708], [21.8904, 51.7704], [21.8973, 51.7688], [21.9003, 51.7776], [21.9155, 51.7806], [21.9222, 51.7778], [21.9274, 51.7789], [21.9352, 51.7854], [21.9447, 51.7868], [21.9529, 51.7956], [21.9527, 51.8046], [21.9507, 51.8094], [21.9458, 51.8088], [21.9422, 51.826], [21.9346, 51.8294], [21.9337, 51.8322], [21.9263, 51.834], [21.9274, 51.8379], [21.9174, 51.8396], [21.9098, 51.835], [21.8953, 51.8362], [21.8946, 51.8328], [21.8704, 51.8353], [21.871, 51.8297], [21.8604, 51.8309], [21.856, 51.8338], [21.8571, 51.8396], [21.8509, 51.8414], [21.8453, 51.8412], [21.8448, 51.8495], [21.8521, 51.8497], [21.8672, 51.8543], [21.8904, 51.8571], [21.8859, 51.8604], [21.8925, 51.8701], [21.9001, 51.8757], [21.8972, 51.8832], [21.9121, 51.8865], [21.9103, 51.8911], [21.9027, 51.8968], [21.908, 51.903], [21.8924, 51.9085], [21.8856, 51.9119], [21.8877, 51.9148], [21.89, 51.9284], [21.8782, 51.9331], [21.8754, 51.94], [21.8664, 51.9434], [21.8695, 51.9536], [21.8768, 51.9543], [21.8803, 51.971], [21.893, 51.974], [21.9028, 51.9805], [21.9101, 51.9777], [21.9206, 51.982], [21.9317, 51.9882], [21.934, 51.9932], [21.9447, 51.9925], [21.9467, 51.9929], [21.9577, 51.9924], [21.967, 51.9888], [21.9713, 51.9925], [21.9862, 52.0003], [21.9977, 52.0121], [22.0064, 52.0089], [22.0136, 52.0106], [22.0265, 52.0157], [22.0298, 52.0215], [22.0357, 52.0221], [22.0508, 52.0206], [22.0575, 52.0147], [22.0667, 52.0088], [22.0766, 52.0059], [22.0985, 52.0034], [22.1137, 52.0023], [22.1308, 52.004], [22.1374, 52.0062], [22.1462, 52.0147], [22.1479, 52.0254], [22.1519, 52.0284], [22.2127, 52.0137], [22.2215, 52.013], [22.2281, 52.011], [22.242, 52.0097], [22.2537, 52.0045], [22.2756, 52.015], [22.2809, 52.0161], [22.286, 52.0195], [22.2895, 52.0248], [22.2948, 52.0276], [22.2975, 52.0374], [22.3227, 52.0369], [22.3245, 52.0229], [22.316, 52.014], [22.3222, 52.0067], [22.3348, 51.9984], [22.3449, 51.9968], [22.35, 52.0002], [22.3598, 52.0016], [22.3719, 52.007], [22.3783, 52.0147], [22.3843, 52.0163], [22.403, 52.0141], [22.4137, 52.0153], [22.425, 52.015], [22.4349, 52.0188], [22.4413, 52.0223], [22.442, 52.0278], [22.4443, 52.0299], [22.456, 52.0296], [22.4582, 52.0373], [22.4626, 52.0383], [22.4635, 52.045], [22.4678, 52.0493], [22.4699, 52.0541], [22.4782, 52.0611], [22.4811, 52.0602], [22.4833, 52.0672], [22.496, 52.069], [22.5043, 52.0693], [22.5159, 52.0684], [22.5169, 52.0644], [22.5216, 52.0636], [22.5204, 52.0573], [22.5281, 52.0511], [22.5309, 52.0504], [22.5483, 52.0506], [22.5475, 52.0445], [22.561, 52.0408], [22.5762, 52.0379], [22.5864, 52.0421], [22.5856, 52.0374], [22.6083, 52.037], [22.6074, 52.0327], [22.6087, 52.0273], [22.6171, 52.019], [22.6229, 52.0187], [22.629, 52.024], [22.6299, 52.0281], [22.6375, 52.0321], [22.6496, 52.0325], [22.6561, 52.0357], [22.6599, 52.0396], [22.6644, 52.0474], [22.6628, 52.0508], [22.6652, 52.0539], [22.6662, 52.0598], [22.6691, 52.063], [22.6656, 52.0724], [22.6667, 52.0795], [22.6574, 52.0872], [22.6481, 52.0906], [22.6505, 52.0937], [22.6671, 52.1033], [22.6687, 52.1052], [22.6776, 52.1089], [22.6833, 52.11], [22.6987, 52.1175], [22.6983, 52.1085], [22.701, 52.107], [22.7158, 52.1037], [22.7225, 52.0984], [22.7308, 52.0963], [22.7417, 52.0969], [22.7469, 52.0952], [22.7539, 52.095], [22.7625, 52.0898], [22.7612, 52.087], [22.765, 52.0814], [22.7827, 52.0721], [22.7871, 52.0681], [22.8063, 52.0792], [22.8307, 52.0814], [22.8375, 52.0799], [22.8426, 52.0738], [22.8491, 52.0684], [22.8499, 52.0656], [22.8657, 52.0724], [22.8688, 52.0695], [22.8682, 52.066], [22.9021, 52.0635], [22.9074, 52.077], [22.9017, 52.0775], [22.8954, 52.082], [22.8942, 52.0913], [22.8875, 52.092], [22.8979, 52.1014], [22.893, 52.102], [22.9026, 52.1103], [22.9082, 52.1099], [22.9225, 52.1068], [22.928, 52.1116], [22.9501, 52.1022], [22.9682, 52.1154], [22.9678, 52.1173], [22.9554, 52.1215], [22.947, 52.1252], [22.9381, 52.1335], [22.933, 52.1365], [22.9423, 52.1446], [22.9859, 52.1589], [22.9818, 52.1615], [22.977, 52.1722], [22.9928, 52.1736], [22.9952, 52.1749], [23.0288, 52.1741], [23.0294, 52.1782], [23.0348, 52.1784], [23.0715, 52.1704], [23.0694, 52.1748], [23.0631, 52.1769], [23.0526, 52.1786], [23.0397, 52.1839], [23.0382, 52.1887], [23.0319, 52.1984], [23.03, 52.2077], [23.0313, 52.2165], [23.033, 52.2186], [23.0543, 52.2295], [23.0666, 52.2368], [23.0781, 52.2349], [23.0907, 52.2524], [23.0948, 52.2565], [23.1024, 52.2536], [23.11, 52.2613], [23.1042, 52.2654], [23.1284, 52.2878], [23.1222, 52.2943], [23.1155, 52.2994], [23.1097, 52.2999], [23.1003, 52.2966], [23.0912, 52.2912], [23.0882, 52.2906], [23.0796, 52.2839], [23.0725, 52.2816], [23.0588, 52.2829], [23.0514, 52.2854], [23.0483, 52.2915], [23.052, 52.2962], [23.0578, 52.2996], [23.0589, 52.3041], [23.0508, 52.3143], [23.0484, 52.3214], [23.0381, 52.3292], [23.0241, 52.3322], [23.016, 52.3322], [23.0062, 52.3364], [23.0003, 52.3354], [22.997, 52.3316], [22.9875, 52.3375], [22.9866, 52.3415], [22.9896, 52.3446], [22.9852, 52.3465], [22.9765, 52.3468], [22.9743, 52.3528], [22.966, 52.3634], [22.9572, 52.3682], [22.9292, 52.3736], [22.9197, 52.3745], [22.907, 52.3706], [22.8917, 52.3647], [22.8706, 52.3622], [22.8655, 52.3642], [22.8578, 52.3636], [22.8513, 52.3588], [22.8394, 52.3605], [22.8277, 52.3657], [22.8158, 52.3672], [22.7955, 52.3737], [22.789, 52.3737], [22.7783, 52.3708], [22.7682, 52.3725], [22.7649, 52.3754], [22.7631, 52.3805], [22.7598, 52.3829], [22.7526, 52.384], [22.7395, 52.3815], [22.7343, 52.3767], [22.7337, 52.369], [22.7298, 52.3663], [22.7242, 52.368], [22.7228, 52.3833], [22.7138, 52.3849], [22.7067, 52.3922], [22.6869, 52.393], [22.6773, 52.391], [22.6663, 52.3857], [22.6598, 52.3886], [22.6568, 52.3933], [22.6457, 52.3888], [22.6396, 52.3892], [22.6276, 52.393], [22.6223, 52.3921], [22.6188, 52.3878], [22.6133, 52.3881], [22.6117, 52.3949], [22.6074, 52.3983], [22.594, 52.3988], [22.589, 52.3974], [22.5821, 52.393], [22.5783, 52.3953], [22.5797, 52.4008], [22.573, 52.404], [22.5678, 52.4028], [22.5578, 52.4164], [22.5457, 52.4206], [22.5419, 52.4242], [22.544, 52.4351], [22.5414, 52.4393], [22.5448, 52.4452], [22.5471, 52.4547], [22.5534, 52.4599], [22.5542, 52.4632], [22.5487, 52.4678], [22.5289, 52.4623], [22.525, 52.4721], [22.5147, 52.4783], [22.512, 52.4813], [22.5101, 52.4902], [22.5207, 52.5086], [22.5202, 52.5152], [22.5274, 52.519], [22.5267, 52.5212], [22.5148, 52.5308], [22.5036, 52.5374], [22.5003, 52.5434], [22.4902, 52.5471], [22.4885, 52.5557], [22.4837, 52.5607], [22.4693, 52.5652], [22.4622, 52.5729], [22.4579, 52.5814], [22.4567, 52.5868], [22.4479, 52.5868], [22.4395, 52.592], [22.4174, 52.5994], [22.4086, 52.6097], [22.4191, 52.6094], [22.4203, 52.6151], [22.4321, 52.6174], [22.4321, 52.6204], [22.4383, 52.6206], [22.4421, 52.6238], [22.4461, 52.6223], [22.4513, 52.6247], [22.4495, 52.64], [22.4629, 52.6393], [22.4623, 52.6454], [22.47, 52.6436], [22.4736, 52.6462], [22.4678, 52.649], [22.4501, 52.6543], [22.4425, 52.6649], [22.4457, 52.6741], [22.4447, 52.6821], [22.4394, 52.6879], [22.4351, 52.6962], [22.4356, 52.7011], [22.4392, 52.7092], [22.4416, 52.7187], [22.4469, 52.7267], [22.4474, 52.7382], [22.4442, 52.7418], [22.4458, 52.7458], [22.4501, 52.7497], [22.4509, 52.7598], [22.4552, 52.7684], [22.4607, 52.7707], [22.4596, 52.7739], [22.4532, 52.7826], [22.4537, 52.7882], [22.44, 52.7914], [22.4221, 52.7922], [22.3897, 52.7955], [22.3788, 52.7944], [22.3875, 52.7855], [22.3826, 52.7776], [22.3761, 52.7784], [22.3547, 52.7754], [22.3446, 52.7778], [22.3413, 52.7692], [22.341, 52.7648], [22.3469, 52.7574], [22.3385, 52.751], [22.3344, 52.7405], [22.3242, 52.7421], [22.3237, 52.7483], [22.3143, 52.7471], [22.3037, 52.748], [22.3095, 52.7535], [22.2999, 52.7542], [22.3003, 52.7593], [22.3037, 52.7695], [22.3075, 52.7745], [22.3012, 52.7747], [22.3013, 52.7832], [22.2892, 52.7786], [22.2842, 52.778], [22.2784, 52.7893], [22.275, 52.7922], [22.2624, 52.8154], [22.2581, 52.8176], [22.2502, 52.8273], [22.2543, 52.8356], [22.2625, 52.8365], [22.2612, 52.8442], [22.2661, 52.8441], [22.2752, 52.8413], [22.2715, 52.8393], [22.2747, 52.8318], [22.2935, 52.8369], [22.2995, 52.8371], [22.3051, 52.8393], [22.3085, 52.8469], [22.3074, 52.8577], [22.3031, 52.856], [22.2986, 52.8577], [22.2928, 52.8544], [22.2869, 52.8536], [22.2836, 52.8469], [22.2783, 52.8481], [22.2846, 52.8643], [22.292, 52.8709], [22.2837, 52.879], [22.2794, 52.8861], [22.2693, 52.885], [22.2631, 52.8819], [22.2553, 52.8798], [22.2509, 52.8764], [22.2433, 52.8794], [22.2416, 52.8775], [22.2322, 52.8807], [22.2283, 52.8804], [22.2194, 52.8845], [22.2179, 52.8829], [22.2072, 52.883], [22.2097, 52.8545], [22.1741, 52.8581], [22.1498, 52.8466], [22.1424, 52.8513], [22.1242, 52.8427], [22.1131, 52.849], [22.1014, 52.862], [22.084, 52.8457], [22.084, 52.8418], [22.0594, 52.8501], [22.0379, 52.8511], [22.0394, 52.8603], [22.0272, 52.8647], [22.0341, 52.8723], [22.0345, 52.8784], [22.0386, 52.8822], [22.035, 52.8851], [22.0274, 52.8843], [22.0252, 52.8859], [22.0077, 52.8763], [22.0038, 52.8847], [22.0066, 52.8934], [22.0063, 52.8967], [22.0104, 52.8997], [22.0084, 52.9037], [22.0079, 52.9062], [21.9944, 52.9111], [21.9917, 52.9197], [22.0125, 52.9239], [22.0112, 52.9276], [22.0197, 52.9294], [22.0275, 52.9339], [22.0288, 52.9385], [22.0113, 52.9418], [22.0157, 52.9447], [22.016, 52.9499], [22.0122, 52.951], [22.0046, 52.9571], [21.9884, 52.9574], [21.9895, 52.9628], [21.9992, 52.9621], [22.0018, 52.9723], [21.9975, 52.9717], [21.9896, 52.9735], [21.9858, 52.9776], [21.9738, 52.9795], [21.9633, 52.9787], [21.9605, 52.9798], [21.9535, 52.9867], [21.9409, 52.9851], [21.9287, 52.9858], [21.9187, 52.9889], [21.9168, 52.9922], [21.9067, 52.9952], [21.9099, 52.9985], [21.8932, 53.0004], [21.8836, 53.0072], [21.8832, 53.0104], [21.8784, 53.0158], [21.8769, 53.0217], [21.8907, 53.0254], [21.8933, 53.0276], [21.8977, 53.0458], [21.9037, 53.0447], [21.9068, 53.0407], [21.9113, 53.0388], [21.9225, 53.0377], [21.9273, 53.0396], [21.9407, 53.038], [21.9385, 53.046], [21.9285, 53.044], [21.9226, 53.0462], [21.9223, 53.0504], [21.925, 53.0596], [21.9411, 53.0716], [21.9379, 53.075], [21.926, 53.0781], [21.9188, 53.079], [21.9126, 53.0759], [21.9141, 53.0697], [21.9128, 53.0685], [21.9031, 53.0651], [21.8982, 53.0607], [21.8892, 53.0586], [21.8779, 53.0601], [21.8726, 53.0588], [21.8621, 53.0617], [21.8588, 53.0641], [21.8604, 53.0717], [21.8536, 53.0726], [21.8433, 53.078], [21.8377, 53.0849], [21.8293, 53.0918], [21.8271, 53.0961], [21.8178, 53.102], [21.8185, 53.1047], [21.8128, 53.1094], [21.8099, 53.1138], [21.7994, 53.1129], [21.7916, 53.1144], [21.7844, 53.112], [21.7569, 53.1134], [21.7361, 53.1092], [21.7259, 53.1151], [21.695, 53.1377], [21.7, 53.1392], [21.6975, 53.1454], [21.6932, 53.1485], [21.6979, 53.1507], [21.702, 53.158], [21.7074, 53.1623], [21.7068, 53.1659], [21.6969, 53.1701], [21.6953, 53.1739], [21.6871, 53.1772], [21.6873, 53.1822], [21.6802, 53.1879], [21.6789, 53.1914], [21.6811, 53.195], [21.6759, 53.1991], [21.675, 53.2052], [21.6696, 53.2083], [21.6782, 53.2115], [21.681, 53.209], [21.6891, 53.215], [21.6846, 53.2164], [21.6784, 53.2157], [21.6633, 53.2289], [21.6622, 53.2385], [21.6585, 53.2431], [21.6501, 53.2487], [21.6448, 53.2463], [21.6402, 53.2464], [21.6395, 53.2501], [21.6422, 53.2526], [21.6338, 53.257], [21.6267, 53.2662], [21.6441, 53.2634], [21.6583, 53.2618], [21.6598, 53.2778], [21.6451, 53.2835], [21.649, 53.2922], [21.6611, 53.295], [21.657, 53.2994], [21.662, 53.3049], [21.6578, 53.3081], [21.6568, 53.3136], [21.6594, 53.3165], [21.6676, 53.3164], [21.6662, 53.3111], [21.6775, 53.3125], [21.6814, 53.3095], [21.6808, 53.3058], [21.6893, 53.3065], [21.6882, 53.3118], [21.6931, 53.3138], [21.7005, 53.3132], [21.7012, 53.3076], [21.7128, 53.3046], [21.716, 53.3071], [21.7247, 53.3092], [21.7338, 53.3082], [21.7354, 53.3127], [21.7308, 53.314], [21.7202, 53.3194], [21.7093, 53.3197], [21.7019, 53.3269], [21.6935, 53.3281], [21.6928, 53.3358], [21.6845, 53.3373], [21.6697, 53.3299], [21.6523, 53.3313], [21.6537, 53.3362], [21.6694, 53.3361], [21.6685, 53.3401], [21.6618, 53.3419], [21.6542, 53.3495], [21.656, 53.3528], [21.6609, 53.3556], [21.6718, 53.3585], [21.6813, 53.3626], [21.684, 53.3681], [21.6702, 53.3707], [21.6544, 53.3722], [21.6617, 53.378], [21.6577, 53.3833], [21.6576, 53.3873], [21.653, 53.3914], [21.6524, 53.3972], [21.6399, 53.4007], [21.636, 53.4034], [21.6367, 53.4062], [21.6267, 53.4073], [21.6225, 53.414], [21.625, 53.4208], [21.6211, 53.4222], [21.625, 53.4285], [21.6073, 53.4357], [21.607, 53.4452], [21.6089, 53.4499], [21.6036, 53.4534], [21.603, 53.4631], [21.6064, 53.4648], [21.6046, 53.4704], [21.6058, 53.4763], [21.5984, 53.4766], [21.5982, 53.4802], [21.613, 53.4808], [21.5981, 53.4818], [21.5873, 53.4803], [21.5743, 53.48], [21.5659, 53.4809], [21.5502, 53.4778], [21.5313, 53.4766], [21.5179, 53.477], [21.4966, 53.4733], [21.4832, 53.4715], [21.4347, 53.4632], [21.4374, 53.4562], [21.4459, 53.4459], [21.4263, 53.4489], [21.433, 53.4459], [21.4383, 53.4403], [21.436, 53.4363], [21.4228, 53.4315], [21.4236, 53.4297], [21.4109, 53.4277], [21.4022, 53.4276], [21.3994, 53.429], [21.3877, 53.4308], [21.3774, 53.4247], [21.3759, 53.4222], [21.3691, 53.4206], [21.363, 53.4219], [21.355, 53.4202], [21.3516, 53.4143], [21.3393, 53.4195], [21.3374, 53.4174], [21.3279, 53.4202], [21.3107, 53.4232], [21.3026, 53.4239], [21.3, 53.4199], [21.2937, 53.4146], [21.2951, 53.4097], [21.2918, 53.4088], [21.2843, 53.416], [21.2886, 53.4206], [21.2886, 53.4242], [21.2815, 53.4268], [21.2713, 53.4252], [21.2497, 53.4196], [21.2383, 53.4155], [21.2335, 53.4127], [21.2137, 53.4067], [21.2042, 53.4025], [21.1966, 53.3979], [21.1758, 53.3936], [21.1532, 53.3834], [21.1413, 53.3773], [21.1408, 53.3709], [21.1361, 53.3655], [21.1277, 53.3627], [21.1144, 53.3544], [21.1051, 53.3517], [21.0917, 53.3497], [21.0817, 53.3462], [21.0818, 53.3438], [21.0727, 53.3401], [21.0524, 53.3344], [21.0377, 53.3434], [21.0312, 53.3513], [21.0123, 53.3561], [21.0068, 53.3553], [21.001, 53.3567], [20.9991, 53.3611], [20.9917, 53.3614], [20.9827, 53.357], [20.9744, 53.3543], [20.9473, 53.3551], [20.9498, 53.358], [20.9363, 53.3598], [20.933, 53.3583], [20.9317, 53.3525], [20.9227, 53.3531], [20.9226, 53.35], [20.9144, 53.3482], [20.9095, 53.3427], [20.9123, 53.3375], [20.9207, 53.3353], [20.9182, 53.3303], [20.9195, 53.3257], [20.9298, 53.3242], [20.9269, 53.3202], [20.9171, 53.3219], [20.9065, 53.3207], [20.9061, 53.3102], [20.9001, 53.3105], [20.8947, 53.3154], [20.8878, 53.3177], [20.8775, 53.3191], [20.8722, 53.3211], [20.8702, 53.3105], [20.8652, 53.3036], [20.8578, 53.3036], [20.8519, 53.2959], [20.8472, 53.2925], [20.8402, 53.2977], [20.8248, 53.3044], [20.8143, 53.3058], [20.7987, 53.3059], [20.787, 53.3107], [20.7791, 53.3122], [20.771, 53.3115], [20.7646, 53.3156], [20.7557, 53.3129], [20.7517, 53.313], [20.7425, 53.318], [20.7395, 53.3149], [20.746, 53.3101], [20.7455, 53.3073], [20.7366, 53.3045], [20.7214, 53.3076], [20.7194, 53.3115], [20.7138, 53.3093], [20.7139, 53.2999], [20.7047, 53.3003], [20.6924, 53.3026], [20.6933, 53.2921], [20.6921, 53.2885], [20.6872, 53.2871], [20.6838, 53.2801], [20.6751, 53.2688], [20.6662, 53.2654], [20.6617, 53.2562], [20.6572, 53.2515], [20.6119, 53.2523]]]}}, {"type": "Feature", "properties": {"code": "26", "name": "świętokrzyskie", "country": "PL", "level": "region", "type": "województwo"}, "geometry": {"type": "Polygon", "coordinates": [[[21.2083, 50.3549], [21.2196, 50.3573], [21.2239, 50.3622], [21.2265, 50.37], [21.2315, 50.3743], [21.237, 50.3758], [21.2455, 50.3761], [21.2513, 50.3789], [21.2527, 50.3863], [21.2579, 50.3914], [21.277, 50.3905], [21.2811, 50.3937], [21.2787, 50.4044], [21.281, 50.4084], [21.2995, 50.4136], [21.3112, 50.4217], [21.3376, 50.4298], [21.3518, 50.4358], [21.3671, 50.441], [21.3719, 50.4411], [21.39, 50.4388], [21.4013, 50.4392], [21.4088, 50.4416], [21.4146, 50.4453], [21.4437, 50.4565], [21.4502, 50.4614], [21.4506, 50.4693], [21.4427, 50.4847], [21.4456, 50.4903], [21.4541, 50.4941], [21.4742, 50.4951], [21.4862, 50.4975], [21.5115, 50.5065], [21.5317, 50.5142], [21.5538, 50.5205], [21.5655, 50.5204], [21.5767, 50.5177], [21.5901, 50.517], [21.5978, 50.5183], [21.604, 50.5212], [21.6133, 50.531], [21.6241, 50.5454], [21.632, 50.5525], [21.6474, 50.5627], [21.6575, 50.573], [21.6642, 50.5876], [21.6674, 50.6011], [21.6694, 50.605], [21.6751, 50.6095], [21.6893, 50.6165], [21.7074, 50.6276], [21.7157, 50.6345], [21.7226, 50.6454], [21.7334, 50.6416], [21.739, 50.6438], [21.7387, 50.6477], [21.7434, 50.6492], [21.7483, 50.6552], [21.7598, 50.6549], [21.7612, 50.648], [21.7675, 50.6462], [21.7801, 50.6451], [21.7813, 50.6497], [21.7786, 50.657], [21.782, 50.6637], [21.7936, 50.6755], [21.7863, 50.68], [21.7955, 50.6818], [21.8101, 50.686], [21.8189, 50.69], [21.8235, 50.6947], [21.826, 50.6995], [21.8272, 50.7135], [21.8299, 50.7204], [21.8424, 50.7351], [21.8434, 50.7393], [21.8407, 50.7516], [21.8406, 50.7601], [21.8436, 50.7656], [21.8542, 50.7752], [21.8612, 50.7867], [21.8624, 50.8001], [21.8643, 50.8027], [21.869, 50.8136], [21.8665, 50.8221], [21.8601, 50.8272], [21.8467, 50.8352], [21.8423, 50.8402], [21.8416, 50.8443], [21.8479, 50.8582], [21.8474, 50.8617], [21.842, 50.8706], [21.8319, 50.883], [21.829, 50.896], [21.8307, 50.905], [21.8246, 50.9171], [21.8163, 50.9283], [21.8129, 50.9345], [21.8118, 50.948], [21.8129, 50.9551], [21.8195, 50.9641], [21.8196, 50.9699], [21.8175, 50.9722], [21.8172, 50.978], [21.8216, 50.9866], [21.8203, 50.9955], [21.8207, 51.0046], [21.8195, 51.0092], [21.8033, 51.0219], [21.8036, 51.0298], [21.8056, 51.0326], [21.821, 51.0392], [21.8259, 51.0439], [21.8264, 51.047], [21.8216, 51.0587], [21.803, 51.0721], [21.7972, 51.0715], [21.7914, 51.0679], [21.7851, 51.0689], [21.7818, 51.0608], [21.7858, 51.0576], [21.7844, 51.0536], [21.7781, 51.0536], [21.7724, 51.0488], [21.7806, 51.0455], [21.7776, 51.0417], [21.7703, 51.043], [21.7584, 51.0419], [21.759, 51.0374], [21.7521, 51.0374], [21.741, 51.041], [21.7299, 51.0473], [21.7211, 51.0418], [21.7127, 51.0414], [21.7052, 51.0427], [21.7022, 51.048], [21.6983, 51.0502], [21.6966, 51.056], [21.6916, 51.0658], [21.6866, 51.0698], [21.6827, 51.0705], [21.6763, 51.078], [21.6496, 51.0695], [21.6403, 51.0763], [21.6273, 51.0734], [21.6121, 51.076], [21.615, 51.0726], [21.6237, 51.071], [21.6302, 51.0634], [21.6191, 51.0597], [21.6141, 51.0653], [21.5901, 51.0578], [21.5832, 51.058], [21.5818, 51.0607], [21.5728, 51.0579], [21.5605, 51.0555], [21.5569, 51.0527], [21.5446, 51.0478], [21.5421, 51.057], [21.5347, 51.0564], [21.5291, 51.059], [21.513, 51.0561], [21.5128, 51.0534], [21.5066, 51.0503], [21.4996, 51.0451], [21.5169, 51.0365], [21.4899, 51.0397], [21.4861, 51.0357], [21.5046, 51.0317], [21.4992, 51.0288], [21.4929, 51.0278], [21.4859, 51.0238], [21.4948, 51.0214], [21.4696, 51.0158], [21.4636, 51.0131], [21.4432, 51.0228], [21.4285, 51.0257], [21.4313, 51.0295], [21.4025, 51.0327], [21.4048, 51.0354], [21.3818, 51.0406], [21.3831, 51.0583], [21.3719, 51.0588], [21.3704, 51.0655], [21.3656, 51.0649], [21.3536, 51.0671], [21.3564, 51.0774], [21.3559, 51.082], [21.3533, 51.0852], [21.1528, 51.0803], [21.1558, 51.0862], [21.1519, 51.087], [21.1509, 51.0995], [21.1528, 51.1035], [21.1602, 51.1022], [21.1581, 51.1146], [21.1561, 51.1149], [21.154, 51.1255], [21.161, 51.1254], [21.1641, 51.1285], [21.1342, 51.1285], [21.1342, 51.1348], [21.1283, 51.1348], [21.1282, 51.1409], [21.0912, 51.1551], [21.0903, 51.1564], [21.0967, 51.1647], [21.1031, 51.1688], [21.109, 51.1748], [21.1161, 51.1789], [21.1199, 51.1887], [21.1183, 51.1917], [21.1079, 51.1932], [21.1106, 51.2008], [21.0703, 51.2114], [21.0684, 51.2069], [21.0749, 51.1986], [21.0734, 51.1858], [21.0698, 51.1741], [21.0566, 51.1571], [21.0446, 51.1563], [21.0354, 51.1584], [21.0229, 51.1586], [21.019, 51.1547], [21.0243, 51.1504], [20.9985, 51.1445], [20.9944, 51.1461], [20.9983, 51.1499], [20.9932, 51.152], [21.0008, 51.1596], [20.9654, 51.1739], [20.968, 51.1766], [20.9207, 51.1953], [20.9136, 51.1883], [20.9111, 51.1892], [20.9082, 51.1783], [20.9049, 51.1795], [20.8798, 51.1544], [20.8592, 51.1664], [20.8593, 51.1693], [20.8537, 51.1729], [20.85, 51.1706], [20.8216, 51.1784], [20.8091, 51.1612], [20.8217, 51.1578], [20.813, 51.1458], [20.7877, 51.1528], [20.7822, 51.1453], [20.7662, 51.1499], [20.7712, 51.157], [20.723, 51.1709], [20.7184, 51.1727], [20.7067, 51.1618], [20.6974, 51.149], [20.6855, 51.1512], [20.6849, 51.1544], [20.6887, 51.1588], [20.684, 51.1685], [20.6853, 51.1736], [20.702, 51.182], [20.7027, 51.1849], [20.7003, 51.196], [20.6913, 51.199], [20.6868, 51.2027], [20.6778, 51.2071], [20.6778, 51.2091], [20.6558, 51.2168], [20.6469, 51.2176], [20.6405, 51.2217], [20.633, 51.2234], [20.6324, 51.226], [20.6217, 51.2301], [20.6142, 51.2369], [20.6105, 51.2425], [20.6072, 51.2469], [20.6004, 51.2446], [20.579, 51.2447], [20.5683, 51.2377], [20.566, 51.2315], [20.5567, 51.2302], [20.5461, 51.2304], [20.5419, 51.2339], [20.535, 51.2523], [20.5391, 51.2546], [20.5248, 51.2604], [20.537, 51.2697], [20.5293, 51.2734], [20.5333, 51.2765], [20.5255, 51.2804], [20.5213, 51.2773], [20.5016, 51.2869], [20.5108, 51.2942], [20.5092, 51.2957], [20.4979, 51.293], [20.4945, 51.2988], [20.4926, 51.3073], [20.4969, 51.3102], [20.5128, 51.3087], [20.5112, 51.3129], [20.5165, 51.3194], [20.5072, 51.3314], [20.4639, 51.3317], [20.4635, 51.3364], [20.4557, 51.3362], [20.4529, 51.3384], [20.4329, 51.3424], [20.4328, 51.3394], [20.4327, 51.3343], [20.4239, 51.3334], [20.4242, 51.3283], [20.42, 51.3257], [20.4106, 51.326], [20.4144, 51.3207], [20.4104, 51.3186], [20.4056, 51.3193], [20.3849, 51.3188], [20.3785, 51.3138], [20.3683, 51.3106], [20.3644, 51.3105], [20.3644, 51.3084], [20.3653, 51.3079], [20.365, 51.3075], [20.3669, 51.3053], [20.382, 51.2819], [20.3904, 51.2722], [20.3846, 51.2693], [20.3857, 51.2633], [20.3753, 51.2618], [20.3797, 51.246], [20.3755, 51.2431], [20.3711, 51.2366], [20.3605, 51.2408], [20.354, 51.2504], [20.3344, 51.2547], [20.3303, 51.2539], [20.3101, 51.2431], [20.2977, 51.2443], [20.278, 51.2443], [20.2733, 51.2456], [20.2649, 51.2509], [20.2605, 51.2588], [20.253, 51.2562], [20.2457, 51.2565], [20.2455, 51.2504], [20.243, 51.2426], [20.2524, 51.2409], [20.256, 51.2353], [20.2513, 51.2216], [20.2625, 51.2203], [20.2605, 51.2157], [20.2553, 51.2119], [20.2517, 51.2067], [20.2371, 51.2081], [20.232, 51.2011], [20.2212, 51.1991], [20.2176, 51.203], [20.2146, 51.2096], [20.2099, 51.2072], [20.206, 51.2], [20.2013, 51.1992], [20.2012, 51.2041], [20.1957, 51.2064], [20.1924, 51.2044], [20.1788, 51.2071], [20.1782, 51.2008], [20.1759, 51.1963], [20.1581, 51.1979], [20.1587, 51.1938], [20.1454, 51.1915], [20.1404, 51.1927], [20.1195, 51.1893], [20.1129, 51.1931], [20.107, 51.1933], [20.0994, 51.1912], [20.0831, 51.1937], [20.0789, 51.1932], [20.0681, 51.195], [20.0625, 51.1937], [20.0597, 51.1996], [20.0535, 51.2027], [20.0258, 51.2004], [20.0251, 51.1985], [20.011, 51.1954], [20.0101, 51.1909], [20.0007, 51.1885], [19.9941, 51.184], [20.0258, 51.1647], [20.0225, 51.1597], [20.022, 51.1554], [20.0174, 51.1524], [20.0127, 51.1552], [19.9883, 51.1395], [19.9957, 51.1356], [19.9927, 51.1341], [19.9859, 51.1346], [19.9885, 51.13], [19.9881, 51.1189], [19.9918, 51.1126], [19.9902, 51.111], [19.9929, 51.1004], [19.9888, 51.093], [19.9889, 51.0867], [19.9864, 51.0782], [19.9818, 51.0732], [20.0159, 51.07], [20.0316, 51.0701], [20.0454, 51.0686], [20.0446, 51.06], [20.0516, 51.0628], [20.0562, 51.0577], [20.0482, 51.0544], [20.0507, 51.0328], [20.0489, 51.0293], [20.0509, 51.0263], [20.0487, 51.0215], [20.0496, 51.0161], [20.048, 51.0094], [20.0449, 51.0071], [20.0404, 51.0001], [20.0351, 50.9987], [20.0326, 50.9957], [20.034, 50.9922], [20.0382, 50.9914], [20.0394, 50.9879], [20.0375, 50.9764], [20.0346, 50.9723], [20.0259, 50.9711], [20.0248, 50.9682], [20.0175, 50.9624], [19.9641, 50.9877], [19.9559, 50.9921], [19.9588, 51.0022], [19.9484, 51.0131], [19.9403, 51.0092], [19.9357, 51.0111], [19.9369, 51.0246], [19.9224, 51.0246], [19.9103, 51.0271], [19.8989, 51.028], [19.8972, 51.0286], [19.8862, 51.0476], [19.8777, 51.0481], [19.8752, 51.0469], [19.872, 51.0379], [19.866, 51.0365], [19.8666, 51.0325], [19.864, 51.0302], [19.8658, 51.0202], [19.8607, 51.0183], [19.8597, 51.0145], [19.8637, 51.0061], [19.8471, 50.9937], [19.8351, 50.9766], [19.8331, 50.9766], [19.8295, 50.9677], [19.8304, 50.9586], [19.8347, 50.9528], [19.8331, 50.9499], [19.8417, 50.9484], [19.8446, 50.9455], [19.8488, 50.9357], [19.841, 50.9233], [19.8325, 50.916], [19.8234, 50.9155], [19.8216, 50.9132], [19.8089, 50.9071], [19.7968, 50.9084], [19.7931, 50.9047], [19.7871, 50.8937], [19.7866, 50.8871], [19.782, 50.8847], [19.7765, 50.8851], [19.7768, 50.8801], [19.7739, 50.8777], [19.7586, 50.8717], [19.7471, 50.866], [19.7634, 50.8592], [19.7713, 50.8585], [19.7774, 50.8548], [19.7923, 50.8508], [19.7965, 50.8477], [19.8054, 50.8468], [19.807, 50.844], [19.8194, 50.8385], [19.8254, 50.832], [19.8257, 50.825], [19.8297, 50.8237], [19.8322, 50.8197], [19.8186, 50.8207], [19.8175, 50.8187], [19.8205, 50.8076], [19.8234, 50.8056], [19.8152, 50.803], [19.8095, 50.8036], [19.8046, 50.8079], [19.7978, 50.8116], [19.7969, 50.8166], [19.7883, 50.8185], [19.7842, 50.8178], [19.7788, 50.8094], [19.7827, 50.8068], [19.7761, 50.7995], [19.7776, 50.796], [19.7854, 50.7933], [19.7954, 50.7837], [19.7938, 50.7822], [19.7811, 50.7805], [19.7705, 50.7773], [19.7647, 50.7777], [19.7629, 50.7748], [19.7658, 50.7717], [19.7417, 50.7547], [19.7402, 50.758], [19.734, 50.7624], [19.7375, 50.765], [19.7343, 50.7697], [19.7266, 50.771], [19.721, 50.7631], [19.7058, 50.7618], [19.7112, 50.7543], [19.7044, 50.7523], [19.7083, 50.7438], [19.7127, 50.7427], [19.7195, 50.733], [19.7132, 50.7323], [19.7129, 50.7292], [19.755, 50.716], [19.7638, 50.716], [19.7788, 50.7217], [19.7937, 50.7206], [19.7929, 50.7182], [19.8017, 50.7171], [19.8044, 50.725], [19.8108, 50.7254], [19.8061, 50.712], [19.8099, 50.7114], [19.8083, 50.7059], [19.8159, 50.704], [19.8199, 50.7057], [19.8333, 50.7043], [19.8433, 50.7057], [19.8474, 50.7018], [19.8478, 50.697], [19.8504, 50.6907], [19.8575, 50.6901], [19.8717, 50.693], [19.873, 50.683], [19.8616, 50.6795], [19.8587, 50.671], [19.8644, 50.6643], [19.8445, 50.6668], [19.837, 50.6704], [19.8329, 50.6672], [19.8411, 50.6629], [19.8352, 50.6514], [19.8571, 50.6459], [19.8703, 50.6455], [19.8756, 50.647], [19.8829, 50.6453], [19.8848, 50.6402], [19.8888, 50.6366], [19.9098, 50.642], [19.9222, 50.6394], [19.9202, 50.6345], [19.9151, 50.6357], [19.9115, 50.6294], [19.909, 50.6299], [19.9035, 50.6196], [19.8984, 50.616], [19.883, 50.6172], [19.8716, 50.6208], [19.8619, 50.6217], [19.851, 50.6122], [19.8445, 50.5986], [19.8408, 50.595], [19.8409, 50.5907], [19.8367, 50.5897], [19.828, 50.5833], [19.8249, 50.5829], [19.8175, 50.5735], [19.804, 50.5656], [19.7997, 50.5656], [19.7897, 50.5685], [19.7881, 50.5628], [19.7887, 50.5545], [19.7969, 50.5553], [19.8154, 50.5544], [19.8417, 50.5551], [19.8446, 50.5546], [19.8481, 50.549], [19.8541, 50.5464], [19.8548, 50.5439], [19.8676, 50.5422], [19.8687, 50.5432], [19.8828, 50.5425], [19.9022, 50.5393], [19.9061, 50.5242], [19.9082, 50.5225], [19.9117, 50.5118], [19.9206, 50.5074], [19.9335, 50.5033], [19.9392, 50.5026], [19.95, 50.5048], [19.9537, 50.5058], [19.9651, 50.5134], [19.9721, 50.5161], [19.9709, 50.5205], [19.9771, 50.5192], [19.9875, 50.5198], [20.0076, 50.5155], [20.0178, 50.511], [20.0271, 50.5086], [20.0309, 50.5049], [20.0282, 50.5009], [20.0389, 50.5002], [20.0426, 50.5062], [20.0502, 50.5052], [20.0541, 50.5117], [20.0757, 50.5099], [20.0784, 50.5058], [20.0847, 50.5046], [20.0837, 50.4994], [20.0959, 50.4973], [20.097, 50.4961], [20.0871, 50.4896], [20.0937, 50.4896], [20.1068, 50.4862], [20.1176, 50.4851], [20.1257, 50.487], [20.1306, 50.4899], [20.1466, 50.4861], [20.1665, 50.4844], [20.1716, 50.4911], [20.1862, 50.4932], [20.1937, 50.4956], [20.2054, 50.4957], [20.2068, 50.4928], [20.2176, 50.4885], [20.2228, 50.4847], [20.2258, 50.4781], [20.2393, 50.479], [20.2425, 50.4803], [20.2496, 50.4791], [20.2478, 50.4753], [20.2639, 50.4671], [20.2727, 50.4699], [20.273, 50.4643], [20.2714, 50.4595], [20.2606, 50.4415], [20.2638, 50.4303], [20.2666, 50.4267], [20.2755, 50.4215], [20.2898, 50.4191], [20.289, 50.414], [20.2905, 50.4098], [20.2952, 50.404], [20.3039, 50.3982], [20.3058, 50.389], [20.3209, 50.3845], [20.3222, 50.3712], [20.3252, 50.3669], [20.3318, 50.3653], [20.3372, 50.3623], [20.3374, 50.3596], [20.3319, 50.3575], [20.3305, 50.3527], [20.3272, 50.3516], [20.3143, 50.3514], [20.3131, 50.3486], [20.3072, 50.3487], [20.2978, 50.3522], [20.2924, 50.3458], [20.2982, 50.3441], [20.3023, 50.3407], [20.3033, 50.3357], [20.2992, 50.3337], [20.2976, 50.3297], [20.2925, 50.328], [20.2926, 50.3222], [20.3022, 50.3229], [20.3114, 50.3208], [20.3279, 50.3186], [20.3327, 50.3045], [20.3361, 50.3033], [20.344, 50.3054], [20.3491, 50.2989], [20.3409, 50.2989], [20.3383, 50.2919], [20.341, 50.2871], [20.3492, 50.2902], [20.3565, 50.2889], [20.3621, 50.2846], [20.3617, 50.2811], [20.3558, 50.2805], [20.3436, 50.277], [20.3433, 50.2726], [20.3323, 50.2721], [20.3331, 50.2675], [20.3468, 50.2626], [20.353, 50.2636], [20.3578, 50.2558], [20.3627, 50.2544], [20.3676, 50.2487], [20.3759, 50.2465], [20.3762, 50.2432], [20.3839, 50.2446], [20.3975, 50.2415], [20.3994, 50.2385], [20.3923, 50.2378], [20.3922, 50.2355], [20.3871, 50.2323], [20.3759, 50.2289], [20.3743, 50.2272], [20.3775, 50.2197], [20.3744, 50.2169], [20.3778, 50.2126], [20.3847, 50.2076], [20.3967, 50.2106], [20.3999, 50.2092], [20.4102, 50.2118], [20.4151, 50.2002], [20.4119, 50.1975], [20.4122, 50.1935], [20.4155, 50.1912], [20.4267, 50.1927], [20.4365, 50.197], [20.4372, 50.1929], [20.4423, 50.1925], [20.4472, 50.1951], [20.4515, 50.1927], [20.4535, 50.1979], [20.4645, 50.1964], [20.4663, 50.1921], [20.4737, 50.1913], [20.47, 50.1973], [20.4697, 50.2008], [20.4772, 50.1994], [20.4903, 50.1929], [20.5009, 50.1906], [20.5117, 50.1893], [20.5129, 50.186], [20.532, 50.1914], [20.5401, 50.1912], [20.5392, 50.1974], [20.5576, 50.2015], [20.5632, 50.1997], [20.5651, 50.192], [20.5724, 50.1866], [20.5829, 50.1893], [20.5816, 50.1943], [20.5935, 50.2016], [20.6059, 50.2002], [20.6065, 50.2045], [20.6129, 50.2039], [20.624, 50.2007], [20.6257, 50.2055], [20.6289, 50.2055], [20.6328, 50.2104], [20.6391, 50.2053], [20.6433, 50.2073], [20.6394, 50.211], [20.6424, 50.2107], [20.6521, 50.2045], [20.6603, 50.2036], [20.6701, 50.206], [20.6744, 50.2019], [20.6815, 50.2059], [20.6797, 50.2144], [20.6866, 50.2179], [20.6987, 50.2165], [20.7036, 50.2182], [20.7062, 50.2252], [20.7151, 50.2293], [20.7233, 50.2294], [20.7295, 50.2309], [20.7313, 50.2333], [20.7281, 50.2412], [20.728, 50.2503], [20.7335, 50.2543], [20.7405, 50.2566], [20.7543, 50.2654], [20.7626, 50.2666], [20.7709, 50.2702], [20.7783, 50.2832], [20.7899, 50.2896], [20.7968, 50.2904], [20.8058, 50.2895], [20.8176, 50.2841], [20.8276, 50.2751], [20.8358, 50.2733], [20.843, 50.2755], [20.8482, 50.2788], [20.85, 50.2837], [20.8499, 50.2918], [20.8549, 50.2961], [20.86, 50.2965], [20.8685, 50.2946], [20.8763, 50.2948], [20.8824, 50.2969], [20.8929, 50.306], [20.9032, 50.3055], [20.9162, 50.3009], [20.9319, 50.2981], [20.9388, 50.3005], [20.9413, 50.3074], [20.9451, 50.3125], [20.9552, 50.316], [20.9621, 50.3159], [20.9719, 50.314], [20.9946, 50.3151], [21.004, 50.3131], [21.0142, 50.3133], [21.0255, 50.3183], [21.0365, 50.3191], [21.0484, 50.3151], [21.0617, 50.317], [21.0698, 50.321], [21.0753, 50.3257], [21.0795, 50.3334], [21.0831, 50.3364], [21.0919, 50.3387], [21.1044, 50.3374], [21.113, 50.3384], [21.1157, 50.3405], [21.1192, 50.3484], [21.1224, 50.3514], [21.132, 50.3543], [21.1447, 50.3543], [21.1491, 50.3534], [21.1569, 50.3495], [21.1657, 50.3423], [21.1667, 50.3331], [21.1766, 50.3298], [21.183, 50.332], [21.1865, 50.3373], [21.188, 50.3504], [21.1936, 50.3538], [21.2083, 50.3549]]]}}, {"type": "Feature", "properties": {"code": "18", "name": "podkarpackie", "country": "PL", "level": "region", "type": "województwo"}, "geometry": {"type": "Polygon", "coordinates": [[[22.5437, 50.3563], [22.5383, 50.3545], [22.5309, 50.3547], [22.5297, 50.352], [22.5231, 50.3516], [22.5165, 50.3484], [22.5149, 50.3458], [22.5071, 50.3441], [22.5018, 50.3457], [22.5037, 50.3529], [22.4804, 50.3531], [22.4823, 50.3551], [22.4514, 50.3708], [22.4529, 50.3886], [22.4446, 50.3915], [22.4352, 50.3925], [22.4372, 50.3997], [22.4206, 50.4002], [22.4195, 50.3969], [22.405, 50.3982], [22.4119, 50.4234], [22.4462, 50.419], [22.4501, 50.433], [22.4595, 50.4341], [22.4564, 50.4458], [22.4474, 50.4449], [22.4496, 50.4486], [22.4567, 50.4493], [22.4563, 50.4522], [22.4472, 50.4563], [22.4444, 50.4621], [22.4633, 50.4657], [22.4622, 50.4624], [22.4655, 50.4603], [22.4972, 50.4552], [22.5099, 50.4566], [22.5107, 50.4602], [22.5073, 50.4675], [22.5205, 50.4642], [22.5239, 50.4564], [22.521, 50.4554], [22.5299, 50.4496], [22.5303, 50.4471], [22.5456, 50.4521], [22.5488, 50.4602], [22.5542, 50.4607], [22.5651, 50.4594], [22.5681, 50.4617], [22.5618, 50.4638], [22.5573, 50.461], [22.5538, 50.4655], [22.5602, 50.4692], [22.5729, 50.4725], [22.5862, 50.4773], [22.5863, 50.483], [22.5766, 50.4812], [22.5672, 50.4805], [22.5672, 50.4832], [22.5296, 50.4759], [22.5149, 50.4795], [22.5115, 50.4816], [22.5122, 50.4867], [22.5332, 50.4832], [22.5395, 50.4841], [22.5709, 50.4953], [22.5671, 50.4984], [22.577, 50.5043], [22.5711, 50.5098], [22.5552, 50.5055], [22.5491, 50.5079], [22.5412, 50.5057], [22.5288, 50.5128], [22.5367, 50.5167], [22.5277, 50.522], [22.5344, 50.5238], [22.5343, 50.5375], [22.5202, 50.5342], [22.5121, 50.5389], [22.5199, 50.5432], [22.5202, 50.5488], [22.5385, 50.5498], [22.5355, 50.5532], [22.5362, 50.5721], [22.5277, 50.576], [22.5197, 50.5832], [22.5096, 50.5801], [22.5115, 50.5775], [22.5058, 50.5756], [22.5065, 50.5842], [22.4917, 50.5828], [22.4923, 50.5797], [22.4832, 50.5812], [22.4684, 50.586], [22.4653, 50.5919], [22.4553, 50.589], [22.4266, 50.5843], [22.4201, 50.5806], [22.4073, 50.5855], [22.3996, 50.5938], [22.3959, 50.5953], [22.3827, 50.5979], [22.3789, 50.6041], [22.3742, 50.6039], [22.3674, 50.6072], [22.3568, 50.609], [22.3517, 50.611], [22.3493, 50.6141], [22.3435, 50.6121], [22.3399, 50.6147], [22.3278, 50.6166], [22.3228, 50.6184], [22.3119, 50.619], [22.3084, 50.6165], [22.2985, 50.6196], [22.2944, 50.618], [22.2823, 50.6226], [22.2688, 50.6208], [22.2641, 50.6221], [22.2562, 50.6203], [22.2497, 50.6206], [22.2462, 50.6243], [22.2472, 50.6332], [22.2408, 50.6406], [22.2336, 50.6468], [22.2325, 50.6527], [22.2232, 50.6598], [22.2116, 50.6627], [22.2063, 50.6662], [22.198, 50.6667], [22.1894, 50.6644], [22.1852, 50.6663], [22.1702, 50.6665], [22.1548, 50.6691], [22.1418, 50.6697], [22.1469, 50.673], [22.1461, 50.678], [22.1552, 50.6794], [22.1595, 50.6847], [22.1691, 50.6889], [22.1706, 50.6968], [22.1763, 50.7007], [22.1704, 50.7062], [22.1743, 50.7113], [22.2008, 50.7524], [22.2014, 50.7562], [22.1975, 50.7609], [22.1858, 50.7642], [22.1796, 50.7674], [22.1767, 50.766], [22.1524, 50.7718], [22.157, 50.7774], [22.1627, 50.7913], [22.163, 50.7973], [22.1505, 50.7997], [22.1374, 50.801], [22.1153, 50.807], [22.0943, 50.8141], [22.0815, 50.8158], [22.0713, 50.8163], [22.0595, 50.8183], [22.0521, 50.8205], [22.0479, 50.8188], [22.0412, 50.8099], [22.0266, 50.8027], [22.0197, 50.7981], [22.0133, 50.7959], [22.0121, 50.7926], [22.0071, 50.7911], [21.9944, 50.7832], [21.9902, 50.7836], [21.9822, 50.7874], [21.9779, 50.7851], [21.9724, 50.7878], [21.964, 50.7821], [21.9563, 50.7781], [21.9502, 50.7716], [21.9404, 50.7718], [21.9302, 50.7739], [21.9206, 50.7746], [21.8954, 50.7797], [21.8825, 50.7783], [21.8754, 50.7796], [21.8755, 50.7841], [21.8797, 50.7889], [21.8747, 50.7982], [21.8643, 50.8027], [21.8624, 50.8001], [21.8612, 50.7867], [21.8542, 50.7752], [21.8436, 50.7656], [21.8406, 50.7601], [21.8407, 50.7516], [21.8434, 50.7393], [21.8424, 50.7351], [21.8299, 50.7204], [21.8272, 50.7135], [21.826, 50.6995], [21.8235, 50.6947], [21.8189, 50.69], [21.8101, 50.686], [21.7955, 50.6818], [21.7863, 50.68], [21.7936, 50.6755], [21.782, 50.6637], [21.7786, 50.657], [21.7813, 50.6497], [21.7801, 50.6451], [21.7675, 50.6462], [21.7612, 50.648], [21.7598, 50.6549], [21.7483, 50.6552], [21.7434, 50.6492], [21.7387, 50.6477], [21.739, 50.6438], [21.7334, 50.6416], [21.7226, 50.6454], [21.7157, 50.6345], [21.7074, 50.6276], [21.6893, 50.6165], [21.6751, 50.6095], [21.6694, 50.605], [21.6674, 50.6011], [21.6642, 50.5876], [21.6575, 50.573], [21.6474, 50.5627], [21.632, 50.5525], [21.6241, 50.5454], [21.6133, 50.531], [21.604, 50.5212], [21.5978, 50.5183], [21.5901, 50.517], [21.5767, 50.5177], [21.5655, 50.5204], [21.5538, 50.5205], [21.5317, 50.5142], [21.5115, 50.5065], [21.4862, 50.4975], [21.4742, 50.4951], [21.4541, 50.4941], [21.4456, 50.4903], [21.4427, 50.4847], [21.4506, 50.4693], [21.4502, 50.4614], [21.4437, 50.4565], [21.4146, 50.4453], [21.4088, 50.4416], [21.4013, 50.4392], [21.39, 50.4388], [21.3719, 50.4411], [21.3671, 50.441], [21.3518, 50.4358], [21.3376, 50.4298], [21.3112, 50.4217], [21.2995, 50.4136], [21.281, 50.4084], [21.2787, 50.4044], [21.2811, 50.3937], [21.277, 50.3905], [21.2579, 50.3914], [21.2527, 50.3863], [21.2513, 50.3789], [21.2455, 50.3761], [21.237, 50.3758], [21.2315, 50.3743], [21.2265, 50.37], [21.2239, 50.3622], [21.2196, 50.3573], [21.2083, 50.3549], [21.2152, 50.3435], [21.2189, 50.3414], [21.2194, 50.3356], [21.2132, 50.3311], [21.2185, 50.3175], [21.2225, 50.3109], [21.2024, 50.3048], [21.194, 50.3042], [21.1885, 50.2986], [21.1838, 50.298], [21.1832, 50.2865], [21.176, 50.2788], [21.1594, 50.268], [21.1557, 50.2628], [21.1481, 50.2553], [21.1537, 50.2532], [21.1631, 50.2466], [21.1776, 50.2416], [21.1821, 50.2393], [21.1785, 50.2382], [21.1549, 50.2375], [21.1472, 50.2389], [21.1422, 50.2377], [21.1493, 50.23], [21.1549, 50.2255], [21.163, 50.2227], [21.1631, 50.2167], [21.1709, 50.2086], [21.1708, 50.207], [21.1666, 50.2017], [21.1678, 50.1887], [21.165, 50.1806], [21.1708, 50.1769], [21.1524, 50.1476], [21.1757, 50.1427], [21.1643, 50.136], [21.156, 50.1372], [21.146, 50.1345], [21.1485, 50.1264], [21.1929, 50.1202], [21.1809, 50.1178], [21.1769, 50.1118], [21.1869, 50.1062], [21.1846, 50.1003], [21.1962, 50.0969], [21.199, 50.095], [21.1601, 50.0895], [21.1638, 50.0836], [21.1692, 50.0791], [21.179, 50.0807], [21.1797, 50.0761], [21.1746, 50.0698], [21.1678, 50.0675], [21.1682, 50.0612], [21.1592, 50.0575], [21.1461, 50.0543], [21.1446, 50.0493], [21.1487, 50.0494], [21.1515, 50.0453], [21.173, 50.0392], [21.1737, 50.0352], [21.1929, 50.0293], [21.1892, 50.0265], [21.1813, 50.0166], [21.1788, 50.0118], [21.1622, 50.0071], [21.1544, 50.0034], [21.1531, 49.9963], [21.1498, 49.9958], [21.151, 49.9805], [21.1507, 49.9761], [21.1577, 49.9702], [21.161, 49.9646], [21.161, 49.9509], [21.1657, 49.9484], [21.1655, 49.9454], [21.1715, 49.9433], [21.1717, 49.937], [21.1797, 49.9283], [21.1852, 49.9272], [21.1925, 49.9316], [21.2115, 49.9293], [21.2308, 49.9287], [21.2452, 49.9305], [21.258, 49.9274], [21.2693, 49.9265], [21.2777, 49.9282], [21.2847, 49.9241], [21.2879, 49.9141], [21.2882, 49.9094], [21.2834, 49.8977], [21.2796, 49.892], [21.2658, 49.8874], [21.261, 49.8849], [21.2436, 49.8852], [21.2339, 49.8836], [21.2254, 49.8841], [21.2284, 49.877], [21.226, 49.8712], [21.2278, 49.8673], [21.2282, 49.8608], [21.2247, 49.853], [21.2343, 49.8501], [21.2502, 49.8415], [21.2573, 49.8413], [21.2662, 49.8415], [21.2829, 49.8457], [21.2975, 49.8428], [21.3168, 49.8353], [21.322, 49.8298], [21.3358, 49.8273], [21.3395, 49.8246], [21.3397, 49.82], [21.3439, 49.8163], [21.3489, 49.8147], [21.3322, 49.8108], [21.3357, 49.8078], [21.3303, 49.8039], [21.322, 49.8034], [21.3202, 49.8009], [21.3084, 49.7961], [21.2998, 49.7969], [21.2948, 49.8006], [21.2835, 49.8019], [21.2806, 49.8057], [21.2761, 49.8039], [21.2686, 49.7958], [21.2692, 49.7936], [21.2557, 49.7917], [21.2515, 49.7922], [21.2499, 49.7881], [21.2456, 49.7845], [21.2451, 49.7801], [21.2418, 49.7761], [21.2448, 49.7718], [21.2535, 49.763], [21.2542, 49.7585], [21.2578, 49.7521], [21.2731, 49.7526], [21.2813, 49.7552], [21.2922, 49.7494], [21.2967, 49.7481], [21.3014, 49.7503], [21.3102, 49.7488], [21.3187, 49.7392], [21.3187, 49.7356], [21.3157, 49.732], [21.3158, 49.7282], [21.3222, 49.7271], [21.3211, 49.724], [21.331, 49.7197], [21.3279, 49.7094], [21.3204, 49.6984], [21.3331, 49.6948], [21.335, 49.698], [21.3408, 49.6972], [21.3428, 49.6929], [21.3468, 49.69], [21.3423, 49.6689], [21.3428, 49.6582], [21.3578, 49.6495], [21.3571, 49.6445], [21.3627, 49.6338], [21.3558, 49.6261], [21.3508, 49.6177], [21.344, 49.6117], [21.3451, 49.6082], [21.3409, 49.6069], [21.3313, 49.6006], [21.3267, 49.5937], [21.3279, 49.5899], [21.3324, 49.5867], [21.3438, 49.5821], [21.3475, 49.5793], [21.3608, 49.5759], [21.3638, 49.577], [21.3738, 49.5705], [21.3795, 49.5703], [21.3753, 49.5629], [21.3645, 49.5539], [21.367, 49.5513], [21.3589, 49.5462], [21.3598, 49.5431], [21.3696, 49.5419], [21.3759, 49.5384], [21.3809, 49.5385], [21.3839, 49.5318], [21.3906, 49.5285], [21.3826, 49.5253], [21.3893, 49.5209], [21.3876, 49.5193], [21.3929, 49.5115], [21.3988, 49.5083], [21.4076, 49.5096], [21.4102, 49.5011], [21.4166, 49.4974], [21.4164, 49.4923], [21.3997, 49.4909], [21.3907, 49.489], [21.3889, 49.4854], [21.3927, 49.4815], [21.4027, 49.4759], [21.4092, 49.474], [21.4079, 49.4695], [21.4114, 49.4678], [21.4021, 49.46], [21.3922, 49.4558], [21.393, 49.4457], [21.3957, 49.4419], [21.3987, 49.4338], [21.4048, 49.4318], [21.4066, 49.4266], [21.415, 49.423], [21.418, 49.4198], [21.4341, 49.4123], [21.4448, 49.4122], [21.4562, 49.4163], [21.467, 49.4132], [21.4737, 49.4136], [21.479, 49.4158], [21.4854, 49.4263], [21.4889, 49.4291], [21.4957, 49.4296], [21.5112, 49.4197], [21.517, 49.4178], [21.5235, 49.4199], [21.5185, 49.4243], [21.5241, 49.4317], [21.5303, 49.4351], [21.5342, 49.4354], [21.551, 49.4331], [21.5599, 49.44], [21.565, 49.4412], [21.5756, 49.4354], [21.5837, 49.4338], [21.5922, 49.4344], [21.5964, 49.437], [21.6016, 49.4353], [21.6071, 49.4382], [21.6074, 49.4404], [21.6148, 49.4448], [21.6309, 49.4473], [21.6441, 49.4313], [21.6494, 49.4302], [21.6566, 49.4244], [21.6589, 49.4168], [21.6748, 49.414], [21.6812, 49.4108], [21.6847, 49.4114], [21.6975, 49.4183], [21.7005, 49.4184], [21.7113, 49.4134], [21.7152, 49.4141], [21.7235, 49.4108], [21.7258, 49.3992], [21.7282, 49.3976], [21.7347, 49.399], [21.7394, 49.3931], [21.7634, 49.3835], [21.7652, 49.3781], [21.763, 49.375], [21.7663, 49.3701], [21.7662, 49.3672], [21.772, 49.3627], [21.7736, 49.3591], [21.778, 49.356], [21.7853, 49.3561], [21.7906, 49.3595], [21.7877, 49.366], [21.7893, 49.3699], [21.7951, 49.374], [21.797, 49.3785], [21.803, 49.3822], [21.8085, 49.3815], [21.8174, 49.3843], [21.8258, 49.3908], [21.8402, 49.3915], [21.8435, 49.3876], [21.8493, 49.3841], [21.8476, 49.3786], [21.859, 49.3686], [21.8755, 49.3736], [21.8873, 49.369], [21.891, 49.3644], [21.8893, 49.3623], [21.8934, 49.3572], [21.9004, 49.3541], [21.9065, 49.3528], [21.918, 49.3542], [21.9238, 49.3518], [21.932, 49.3464], [21.9362, 49.3462], [21.9525, 49.3501], [21.961, 49.3491], [21.9661, 49.3451], [21.9653, 49.3417], [21.971, 49.3365], [21.9774, 49.3264], [21.9785, 49.3169], [21.9832, 49.3104], [21.9889, 49.3085], [21.9907, 49.3051], [22.0013, 49.2988], [22.0107, 49.2895], [22.0239, 49.2858], [22.0336, 49.2791], [22.035, 49.2756], [22.0331, 49.2647], [22.0303, 49.2627], [22.0408, 49.2584], [22.0414, 49.2545], [22.0381, 49.2502], [22.039, 49.245], [22.0334, 49.2417], [22.0351, 49.2338], [22.0302, 49.2255], [22.0349, 49.2225], [22.0412, 49.2207], [22.0506, 49.2163], [22.06, 49.2145], [22.062, 49.2116], [22.0676, 49.2122], [22.0771, 49.2091], [22.0882, 49.2079], [22.0944, 49.2058], [22.0981, 49.2065], [22.1171, 49.202], [22.1245, 49.2022], [22.1276, 49.2005], [22.1438, 49.2005], [22.1429, 49.1936], [22.1455, 49.1916], [22.1552, 49.1883], [22.16, 49.1882], [22.1665, 49.1845], [22.1759, 49.1831], [22.1855, 49.1785], [22.1878, 49.1744], [22.193, 49.1744], [22.2096, 49.1825], [22.211, 49.1856], [22.2172, 49.1838], [22.2225, 49.1845], [22.2306, 49.1807], [22.2348, 49.1746], [22.2359, 49.1685], [22.2278, 49.1635], [22.2246, 49.153], [22.2361, 49.1544], [22.2397, 49.1519], [22.2462, 49.1533], [22.2619, 49.1482], [22.2765, 49.1443], [22.2818, 49.1421], [22.2972, 49.1415], [22.3073, 49.1368], [22.3144, 49.137], [22.3205, 49.1356], [22.3292, 49.1437], [22.3346, 49.1465], [22.3404, 49.1456], [22.3523, 49.1457], [22.3622, 49.1445], [22.3662, 49.1469], [22.3697, 49.1455], [22.3735, 49.1398], [22.3779, 49.1361], [22.3773, 49.1337], [22.3813, 49.1305], [22.3902, 49.1274], [22.3898, 49.1234], [22.3918, 49.1181], [22.3968, 49.117], [22.4095, 49.1051], [22.4227, 49.0995], [22.4284, 49.0985], [22.4343, 49.1019], [22.4408, 49.103], [22.4553, 49.1037], [22.4668, 49.1007], [22.4778, 49.093], [22.4823, 49.0922], [22.4871, 49.0884], [22.4998, 49.0859], [22.505, 49.0908], [22.5113, 49.0922], [22.5348, 49.0933], [22.5394, 49.0947], [22.5478, 49.0903], [22.5598, 49.0873], [22.5684, 49.0889], [22.5701, 49.0911], [22.5825, 49.0973], [22.5998, 49.0935], [22.605, 49.0845], [22.6132, 49.0841], [22.6183, 49.0812], [22.6257, 49.0803], [22.6312, 49.0758], [22.6317, 49.0719], [22.638, 49.0614], [22.646, 49.0578], [22.6471, 49.0549], [22.6599, 49.0471], [22.6692, 49.0476], [22.6713, 49.0428], [22.6833, 49.0389], [22.6945, 49.0455], [22.6991, 49.0497], [22.7146, 49.0515], [22.7179, 49.0528], [22.7243, 49.0512], [22.7275, 49.0483], [22.7354, 49.049], [22.744, 49.0454], [22.7487, 49.0453], [22.755, 49.0429], [22.7601, 49.0473], [22.7618, 49.0521], [22.7655, 49.0535], [22.7731, 49.0518], [22.7862, 49.0464], [22.7949, 49.0395], [22.8001, 49.0366], [22.8095, 49.0346], [22.8097, 49.0311], [22.8132, 49.0251], [22.8226, 49.023], [22.8338, 49.0261], [22.8385, 49.0213], [22.8445, 49.0114], [22.844, 49.0049], [22.8474, 49.0025], [22.8523, 49.0032], [22.8597, 49.002], [22.8745, 49.0039], [22.8826, 49.0069], [22.8916, 49.0077], [22.8898, 49.0146], [22.8941, 49.0176], [22.8788, 49.0247], [22.8742, 49.0329], [22.8785, 49.0357], [22.8781, 49.0399], [22.8687, 49.0388], [22.8665, 49.0409], [22.8758, 49.0511], [22.8747, 49.0555], [22.8664, 49.0596], [22.8659, 49.0689], [22.8716, 49.0716], [22.8666, 49.0748], [22.8682, 49.0773], [22.8841, 49.0818], [22.8833, 49.0843], [22.8928, 49.0946], [22.8886, 49.0975], [22.876, 49.0967], [22.8597, 49.1028], [22.8557, 49.1036], [22.8584, 49.1095], [22.8497, 49.1146], [22.8421, 49.11], [22.8332, 49.1107], [22.8294, 49.1125], [22.8308, 49.1177], [22.8229, 49.1225], [22.8203, 49.1226], [22.8164, 49.128], [22.8083, 49.1323], [22.8021, 49.1336], [22.7934, 49.138], [22.7926, 49.1466], [22.789, 49.1497], [22.7924, 49.1534], [22.7893, 49.1575], [22.7848, 49.1575], [22.7751, 49.153], [22.7708, 49.1553], [22.7603, 49.1525], [22.7384, 49.1595], [22.7423, 49.1686], [22.7494, 49.1732], [22.752, 49.1814], [22.7475, 49.1845], [22.7434, 49.1828], [22.7328, 49.1822], [22.7303, 49.1756], [22.7239, 49.1732], [22.7248, 49.1685], [22.7208, 49.1657], [22.7152, 49.1663], [22.7147, 49.1703], [22.7075, 49.1748], [22.7081, 49.1806], [22.7162, 49.1836], [22.7199, 49.1886], [22.7226, 49.1959], [22.7289, 49.197], [22.7298, 49.2046], [22.733, 49.206], [22.7345, 49.2119], [22.7406, 49.2116], [22.7475, 49.2165], [22.7421, 49.2187], [22.7359, 49.2182], [22.7284, 49.2213], [22.72, 49.2213], [22.7149, 49.2265], [22.7167, 49.2358], [22.7213, 49.2413], [22.7396, 49.2473], [22.7402, 49.2632], [22.7441, 49.2988], [22.7509, 49.3166], [22.7432, 49.3359], [22.7468, 49.3599], [22.7442, 49.3698], [22.7325, 49.3986], [22.7255, 49.4098], [22.7129, 49.4376], [22.7014, 49.4809], [22.7005, 49.4884], [22.6967, 49.4951], [22.6704, 49.4975], [22.6512, 49.5084], [22.6447, 49.5238], [22.6408, 49.53], [22.6632, 49.5388], [22.6747, 49.5492], [22.6782, 49.5607], [22.6847, 49.5717], [22.7066, 49.5933], [22.7163, 49.6003], [22.7256, 49.6098], [22.7494, 49.6313], [22.7562, 49.6352], [22.7833, 49.6572], [22.7844, 49.6655], [22.7872, 49.6765], [22.8056, 49.6934], [22.8219, 49.6945], [22.8478, 49.7101], [22.8521, 49.7204], [22.8598, 49.7283], [22.8734, 49.7406], [22.8851, 49.7446], [22.8968, 49.7518], [22.8979, 49.7645], [22.9016, 49.7683], [22.9105, 49.7744], [22.9328, 49.7933], [22.942, 49.7966], [22.9544, 49.8033], [22.9619, 49.8047], [22.9567, 49.8111], [22.9707, 49.8386], [22.9955, 49.8422], [23.0072, 49.8549], [23.0333, 49.8813], [23.0652, 49.9084], [23.0885, 49.9248], [23.1075, 49.942], [23.1149, 49.9565], [23.1426, 49.9712], [23.1786, 50.0019], [23.1876, 50.0091], [23.213, 50.0311], [23.216, 50.0475], [23.2393, 50.0545], [23.2646, 50.0789], [23.2793, 50.0863], [23.2792, 50.0998], [23.2839, 50.099], [23.2968, 50.1029], [23.2985, 50.1071], [23.3139, 50.112], [23.3421, 50.1336], [23.3803, 50.1594], [23.4294, 50.1842], [23.4701, 50.2179], [23.5063, 50.2303], [23.5304, 50.2433], [23.5479, 50.2518], [23.5439, 50.253], [23.5425, 50.2586], [23.5321, 50.2594], [23.5278, 50.2623], [23.5135, 50.2606], [23.5089, 50.2613], [23.5146, 50.2708], [23.5125, 50.275], [23.5139, 50.2788], [23.5037, 50.2804], [23.5019, 50.2845], [23.5048, 50.2868], [23.5179, 50.2897], [23.5199, 50.2955], [23.5129, 50.2974], [23.5096, 50.2947], [23.4999, 50.2995], [23.4926, 50.2995], [23.47, 50.2936], [23.457, 50.3032], [23.4285, 50.3023], [23.4128, 50.3077], [23.4097, 50.31], [23.4329, 50.3399], [23.4362, 50.3454], [23.4351, 50.3478], [23.4282, 50.3476], [23.4125, 50.3515], [23.4057, 50.3573], [23.405, 50.364], [23.4006, 50.3629], [23.3984, 50.366], [23.3789, 50.3683], [23.3739, 50.377], [23.3775, 50.3782], [23.3828, 50.3833], [23.375, 50.3875], [23.3662, 50.3888], [23.3667, 50.3938], [23.3702, 50.3995], [23.3773, 50.4018], [23.3841, 50.3988], [23.3876, 50.4054], [23.3752, 50.4071], [23.3581, 50.4105], [23.3535, 50.4019], [23.346, 50.3995], [23.3387, 50.3992], [23.3305, 50.3959], [23.3176, 50.3927], [23.3116, 50.3877], [23.3055, 50.3801], [23.2902, 50.3765], [23.2791, 50.3762], [23.2679, 50.3711], [23.2507, 50.3593], [23.2526, 50.3646], [23.2412, 50.3697], [23.2273, 50.3776], [23.2228, 50.3821], [23.2181, 50.3839], [23.2196, 50.3875], [23.2155, 50.3889], [23.2064, 50.3888], [23.1995, 50.3912], [23.1939, 50.3909], [23.1911, 50.3947], [23.1838, 50.396], [23.1776, 50.3921], [23.1247, 50.3549], [23.0983, 50.336], [23.0891, 50.3298], [23.0753, 50.3269], [23.0668, 50.3231], [23.0668, 50.3204], [23.0608, 50.3162], [23.0541, 50.3058], [23.0321, 50.2933], [23.0281, 50.2889], [23.019, 50.2871], [23.0081, 50.2877], [23.0083, 50.2901], [22.9852, 50.2943], [22.9725, 50.2948], [22.9443, 50.2922], [22.937, 50.2924], [22.9237, 50.2953], [22.9042, 50.298], [22.8905, 50.3015], [22.8806, 50.3008], [22.8668, 50.2978], [22.8552, 50.2945], [22.8214, 50.302], [22.8012, 50.3024], [22.7775, 50.3014], [22.7714, 50.3024], [22.752, 50.3029], [22.7516, 50.3032], [22.7513, 50.303], [22.7506, 50.3029], [22.7503, 50.3027], [22.7496, 50.3026], [22.7419, 50.3013], [22.7375, 50.3021], [22.7262, 50.2974], [22.7222, 50.2969], [22.7075, 50.2914], [22.7009, 50.2947], [22.6986, 50.2946], [22.6861, 50.2993], [22.6732, 50.2981], [22.6728, 50.3004], [22.6614, 50.3026], [22.659, 50.301], [22.6519, 50.3025], [22.6442, 50.3059], [22.6392, 50.3033], [22.626, 50.3061], [22.6189, 50.3084], [22.6078, 50.3109], [22.6079, 50.3108], [22.6076, 50.3109], [22.6078, 50.3109], [22.6066, 50.3255], [22.6103, 50.3299], [22.6198, 50.3331], [22.6336, 50.3348], [22.6416, 50.3365], [22.6546, 50.3367], [22.668, 50.3393], [22.6732, 50.3438], [22.6872, 50.3457], [22.6861, 50.3493], [22.6877, 50.3565], [22.6715, 50.3549], [22.6706, 50.3548], [22.6694, 50.3541], [22.6687, 50.3543], [22.6676, 50.354], [22.6676, 50.3539], [22.6616, 50.3553], [22.6555, 50.3558], [22.644, 50.3583], [22.6422, 50.358], [22.6421, 50.358], [22.6422, 50.358], [22.6421, 50.358], [22.6356, 50.3584], [22.6239, 50.3573], [22.6188, 50.3539], [22.6079, 50.3518], [22.6021, 50.3491], [22.5955, 50.3487], [22.5915, 50.3519], [22.583, 50.3556], [22.5679, 50.3576], [22.5656, 50.3591], [22.5543, 50.3565], [22.5437, 50.3563]]]}}, {"type": "Feature", "properties": {"code": "20", "name": "podlaskie", "country": "PL", "level": "region", "type": "województwo"}, "geometry": {"type": "Polygon", "coordinates": [[[23.3817, 54.2282], [23.3737, 54.2304], [23.3662, 54.2299], [23.3582, 54.2336], [23.3484, 54.2457], [23.3375, 54.2517], [23.3261, 54.2525], [23.3149, 54.2545], [23.2887, 54.2571], [23.2818, 54.2607], [23.2593, 54.2594], [23.2489, 54.2568], [23.2339, 54.2609], [23.2238, 54.2719], [23.2115, 54.2782], [23.2055, 54.2833], [23.2024, 54.2886], [23.1764, 54.2909], [23.1696, 54.295], [23.1542, 54.297], [23.1598, 54.3096], [23.1404, 54.3159], [23.128, 54.3111], [23.107, 54.3041], [23.0997, 54.2991], [23.0922, 54.2985], [23.0608, 54.3099], [23.051, 54.3124], [23.0421, 54.316], [23.0464, 54.3272], [23.0509, 54.3335], [23.0632, 54.341], [23.0581, 54.3453], [23.0477, 54.3492], [23.0267, 54.3523], [23.0094, 54.3557], [22.9939, 54.3619], [23.0102, 54.3828], [22.9955, 54.3844], [22.9848, 54.3845], [22.9838, 54.3896], [22.965, 54.3906], [22.9485, 54.3928], [22.9347, 54.3962], [22.9019, 54.3992], [22.8981, 54.4004], [22.8875, 54.3999], [22.888, 54.4091], [22.8834, 54.4095], [22.8676, 54.4085], [22.8547, 54.4104], [22.8492, 54.4072], [22.8363, 54.4065], [22.8166, 54.3798], [22.8114, 54.371], [22.792, 54.3633], [22.8013, 54.3519], [22.8061, 54.3495], [22.803, 54.341], [22.7972, 54.3397], [22.7818, 54.3334], [22.7765, 54.328], [22.786, 54.3282], [22.7928, 54.3256], [22.7888, 54.3111], [22.7851, 54.3109], [22.784, 54.3058], [22.79, 54.2999], [22.7791, 54.2936], [22.7772, 54.2948], [22.768, 54.2894], [22.7616, 54.2945], [22.7513, 54.2982], [22.7457, 54.2912], [22.7293, 54.2849], [22.7036, 54.2793], [22.6929, 54.2754], [22.6795, 54.2793], [22.6687, 54.2805], [22.6616, 54.2837], [22.6447, 54.2878], [22.6405, 54.2857], [22.6312, 54.2751], [22.6244, 54.2687], [22.6153, 54.264], [22.6107, 54.2599], [22.5904, 54.2629], [22.5796, 54.2652], [22.5794, 54.2583], [22.5688, 54.2584], [22.5627, 54.252], [22.566, 54.2498], [22.559, 54.2474], [22.5527, 54.2514], [22.5319, 54.2489], [22.5271, 54.2309], [22.5159, 54.2254], [22.5188, 54.2178], [22.5158, 54.2166], [22.5101, 54.2202], [22.5059, 54.2179], [22.4939, 54.2145], [22.4974, 54.2105], [22.4882, 54.2065], [22.4839, 54.2081], [22.4837, 54.1996], [22.4894, 54.1943], [22.5034, 54.1933], [22.5077, 54.1912], [22.5099, 54.1872], [22.5006, 54.1864], [22.5078, 54.1756], [22.5132, 54.174], [22.5191, 54.1677], [22.5191, 54.1613], [22.5265, 54.1618], [22.5286, 54.1598], [22.5369, 54.1604], [22.5354, 54.1529], [22.5389, 54.1478], [22.5454, 54.1485], [22.5447, 54.1438], [22.5471, 54.1377], [22.5792, 54.1416], [22.5782, 54.1465], [22.5914, 54.1507], [22.5937, 54.1412], [22.6019, 54.1365], [22.6082, 54.125], [22.62, 54.1149], [22.6205, 54.1129], [22.6361, 54.1079], [22.6373, 54.0972], [22.6355, 54.093], [22.625, 54.0919], [22.6234, 54.0869], [22.611, 54.0856], [22.6038, 54.0819], [22.6047, 54.0738], [22.6016, 54.0682], [22.5969, 54.0665], [22.6008, 54.0519], [22.6099, 54.0502], [22.6171, 54.0506], [22.623, 54.0477], [22.6286, 54.0475], [22.6373, 54.0442], [22.6414, 54.0412], [22.6557, 54.0358], [22.6707, 54.0289], [22.671, 54.0207], [22.6799, 54.0054], [22.6848, 54.0042], [22.691, 54.0004], [22.6959, 53.9844], [22.6937, 53.9826], [22.694, 53.9773], [22.6965, 53.9735], [22.7037, 53.9714], [22.7091, 53.9666], [22.7092, 53.9625], [22.7146, 53.9569], [22.7237, 53.9525], [22.7369, 53.9496], [22.7512, 53.9432], [22.7749, 53.924], [22.7816, 53.9197], [22.7828, 53.9155], [22.7776, 53.9106], [22.776, 53.9035], [22.7802, 53.9016], [22.7752, 53.8968], [22.7774, 53.892], [22.7815, 53.8902], [22.781, 53.8863], [22.7854, 53.8834], [22.779, 53.8656], [22.7668, 53.8589], [22.7583, 53.8524], [22.7581, 53.8497], [22.746, 53.8422], [22.7354, 53.8381], [22.7267, 53.8332], [22.7274, 53.8274], [22.7244, 53.8227], [22.7257, 53.8176], [22.7249, 53.811], [22.7268, 53.8039], [22.7231, 53.7971], [22.7095, 53.7803], [22.7036, 53.7697], [22.7036, 53.7677], [22.6968, 53.7616], [22.6871, 53.758], [22.6789, 53.7564], [22.6695, 53.7569], [22.6592, 53.7544], [22.6517, 53.7502], [22.6444, 53.7492], [22.6403, 53.7508], [22.6407, 53.7548], [22.6354, 53.7566], [22.6293, 53.7564], [22.6246, 53.753], [22.6261, 53.7422], [22.6165, 53.7325], [22.6124, 53.7254], [22.6109, 53.7193], [22.6067, 53.717], [22.597, 53.7183], [22.5848, 53.7269], [22.5847, 53.7343], [22.5647, 53.7221], [22.5664, 53.7214], [22.5421, 53.7113], [22.5142, 53.6992], [22.5044, 53.6963], [22.4916, 53.7002], [22.4794, 53.7], [22.4725, 53.699], [22.4748, 53.6956], [22.4654, 53.6901], [22.469, 53.6867], [22.4683, 53.6829], [22.4717, 53.6782], [22.467, 53.6743], [22.4698, 53.6701], [22.469, 53.667], [22.473, 53.6631], [22.4593, 53.6645], [22.4509, 53.6629], [22.4406, 53.6648], [22.4448, 53.6723], [22.4406, 53.6732], [22.436, 53.6778], [22.433, 53.6764], [22.423, 53.6815], [22.4148, 53.6778], [22.4145, 53.6759], [22.4007, 53.6671], [22.3963, 53.6681], [22.3862, 53.6636], [22.3532, 53.6519], [22.3529, 53.6472], [22.3266, 53.6318], [22.3248, 53.6341], [22.2984, 53.6243], [22.2851, 53.6232], [22.2777, 53.6192], [22.272, 53.6106], [22.2391, 53.5961], [22.2279, 53.5858], [22.2174, 53.5819], [22.2095, 53.5777], [22.1994, 53.5692], [22.1943, 53.5662], [22.1747, 53.5578], [22.1617, 53.5554], [22.1595, 53.5539], [22.1386, 53.5461], [22.1279, 53.5415], [22.1102, 53.5357], [22.0958, 53.5323], [22.0855, 53.5354], [22.0754, 53.5358], [22.0663, 53.5308], [22.0585, 53.5295], [22.0505, 53.5249], [22.0514, 53.5225], [22.0477, 53.5187], [22.0417, 53.5082], [22.0307, 53.4971], [22.0235, 53.4958], [22.0158, 53.5012], [22.0139, 53.5082], [22.0097, 53.5136], [22.0009, 53.5163], [21.9899, 53.5221], [21.9737, 53.5148], [21.966, 53.5146], [21.9526, 53.5094], [21.9356, 53.5114], [21.9235, 53.5085], [21.9208, 53.5039], [21.9141, 53.4993], [21.9067, 53.497], [21.902, 53.4932], [21.9033, 53.4858], [21.8976, 53.4739], [21.891, 53.4665], [21.8811, 53.4613], [21.8736, 53.4619], [21.8641, 53.4592], [21.8583, 53.4589], [21.8411, 53.4613], [21.8287, 53.464], [21.8206, 53.4668], [21.8027, 53.4751], [21.7906, 53.4793], [21.7749, 53.4815], [21.7521, 53.4832], [21.7308, 53.4888], [21.7142, 53.489], [21.6947, 53.4921], [21.6867, 53.4928], [21.6794, 53.4912], [21.6683, 53.4872], [21.6479, 53.4812], [21.613, 53.4808], [21.5982, 53.4802], [21.5984, 53.4766], [21.6058, 53.4763], [21.6046, 53.4704], [21.6064, 53.4648], [21.603, 53.4631], [21.6036, 53.4534], [21.6089, 53.4499], [21.607, 53.4452], [21.6073, 53.4357], [21.625, 53.4285], [21.6211, 53.4222], [21.625, 53.4208], [21.6225, 53.414], [21.6267, 53.4073], [21.6367, 53.4062], [21.636, 53.4034], [21.6399, 53.4007], [21.6524, 53.3972], [21.653, 53.3914], [21.6576, 53.3873], [21.6577, 53.3833], [21.6617, 53.378], [21.6544, 53.3722], [21.6702, 53.3707], [21.684, 53.3681], [21.6813, 53.3626], [21.6718, 53.3585], [21.6609, 53.3556], [21.656, 53.3528], [21.6542, 53.3495], [21.6618, 53.3419], [21.6685, 53.3401], [21.6694, 53.3361], [21.6537, 53.3362], [21.6523, 53.3313], [21.6697, 53.3299], [21.6845, 53.3373], [21.6928, 53.3358], [21.6935, 53.3281], [21.7019, 53.3269], [21.7093, 53.3197], [21.7202, 53.3194], [21.7308, 53.314], [21.7354, 53.3127], [21.7338, 53.3082], [21.7247, 53.3092], [21.716, 53.3071], [21.7128, 53.3046], [21.7012, 53.3076], [21.7005, 53.3132], [21.6931, 53.3138], [21.6882, 53.3118], [21.6893, 53.3065], [21.6808, 53.3058], [21.6814, 53.3095], [21.6775, 53.3125], [21.6662, 53.3111], [21.6676, 53.3164], [21.6594, 53.3165], [21.6568, 53.3136], [21.6578, 53.3081], [21.662, 53.3049], [21.657, 53.2994], [21.6611, 53.295], [21.649, 53.2922], [21.6451, 53.2835], [21.6598, 53.2778], [21.6583, 53.2618], [21.6441, 53.2634], [21.6267, 53.2662], [21.6338, 53.257], [21.6422, 53.2526], [21.6395, 53.2501], [21.6402, 53.2464], [21.6448, 53.2463], [21.6501, 53.2487], [21.6585, 53.2431], [21.6622, 53.2385], [21.6633, 53.2289], [21.6784, 53.2157], [21.6846, 53.2164], [21.6891, 53.215], [21.681, 53.209], [21.6782, 53.2115], [21.6696, 53.2083], [21.675, 53.2052], [21.6759, 53.1991], [21.6811, 53.195], [21.6789, 53.1914], [21.6802, 53.1879], [21.6873, 53.1822], [21.6871, 53.1772], [21.6953, 53.1739], [21.6969, 53.1701], [21.7068, 53.1659], [21.7074, 53.1623], [21.702, 53.158], [21.6979, 53.1507], [21.6932, 53.1485], [21.6975, 53.1454], [21.7, 53.1392], [21.695, 53.1377], [21.7259, 53.1151], [21.7361, 53.1092], [21.7569, 53.1134], [21.7844, 53.112], [21.7916, 53.1144], [21.7994, 53.1129], [21.8099, 53.1138], [21.8128, 53.1094], [21.8185, 53.1047], [21.8178, 53.102], [21.8271, 53.0961], [21.8293, 53.0918], [21.8377, 53.0849], [21.8433, 53.078], [21.8536, 53.0726], [21.8604, 53.0717], [21.8588, 53.0641], [21.8621, 53.0617], [21.8726, 53.0588], [21.8779, 53.0601], [21.8892, 53.0586], [21.8982, 53.0607], [21.9031, 53.0651], [21.9128, 53.0685], [21.9141, 53.0697], [21.9126, 53.0759], [21.9188, 53.079], [21.926, 53.0781], [21.9379, 53.075], [21.9411, 53.0716], [21.925, 53.0596], [21.9223, 53.0504], [21.9226, 53.0462], [21.9285, 53.044], [21.9385, 53.046], [21.9407, 53.038], [21.9273, 53.0396], [21.9225, 53.0377], [21.9113, 53.0388], [21.9068, 53.0407], [21.9037, 53.0447], [21.8977, 53.0458], [21.8933, 53.0276], [21.8907, 53.0254], [21.8769, 53.0217], [21.8784, 53.0158], [21.8832, 53.0104], [21.8836, 53.0072], [21.8932, 53.0004], [21.9099, 52.9985], [21.9067, 52.9952], [21.9168, 52.9922], [21.9187, 52.9889], [21.9287, 52.9858], [21.9409, 52.9851], [21.9535, 52.9867], [21.9605, 52.9798], [21.9633, 52.9787], [21.9738, 52.9795], [21.9858, 52.9776], [21.9896, 52.9735], [21.9975, 52.9717], [22.0018, 52.9723], [21.9992, 52.9621], [21.9895, 52.9628], [21.9884, 52.9574], [22.0046, 52.9571], [22.0122, 52.951], [22.016, 52.9499], [22.0157, 52.9447], [22.0113, 52.9418], [22.0288, 52.9385], [22.0275, 52.9339], [22.0197, 52.9294], [22.0112, 52.9276], [22.0125, 52.9239], [21.9917, 52.9197], [21.9944, 52.9111], [22.0079, 52.9062], [22.0084, 52.9037], [22.0104, 52.8997], [22.0063, 52.8967], [22.0066, 52.8934], [22.0038, 52.8847], [22.0077, 52.8763], [22.0252, 52.8859], [22.0274, 52.8843], [22.035, 52.8851], [22.0386, 52.8822], [22.0345, 52.8784], [22.0341, 52.8723], [22.0272, 52.8647], [22.0394, 52.8603], [22.0379, 52.8511], [22.0594, 52.8501], [22.084, 52.8418], [22.084, 52.8457], [22.1014, 52.862], [22.1131, 52.849], [22.1242, 52.8427], [22.1424, 52.8513], [22.1498, 52.8466], [22.1741, 52.8581], [22.2097, 52.8545], [22.2072, 52.883], [22.2179, 52.8829], [22.2194, 52.8845], [22.2283, 52.8804], [22.2322, 52.8807], [22.2416, 52.8775], [22.2433, 52.8794], [22.2509, 52.8764], [22.2553, 52.8798], [22.2631, 52.8819], [22.2693, 52.885], [22.2794, 52.8861], [22.2837, 52.879], [22.292, 52.8709], [22.2846, 52.8643], [22.2783, 52.8481], [22.2836, 52.8469], [22.2869, 52.8536], [22.2928, 52.8544], [22.2986, 52.8577], [22.3031, 52.856], [22.3074, 52.8577], [22.3085, 52.8469], [22.3051, 52.8393], [22.2995, 52.8371], [22.2935, 52.8369], [22.2747, 52.8318], [22.2715, 52.8393], [22.2752, 52.8413], [22.2661, 52.8441], [22.2612, 52.8442], [22.2625, 52.8365], [22.2543, 52.8356], [22.2502, 52.8273], [22.2581, 52.8176], [22.2624, 52.8154], [22.275, 52.7922], [22.2784, 52.7893], [22.2842, 52.778], [22.2892, 52.7786], [22.3013, 52.7832], [22.3012, 52.7747], [22.3075, 52.7745], [22.3037, 52.7695], [22.3003, 52.7593], [22.2999, 52.7542], [22.3095, 52.7535], [22.3037, 52.748], [22.3143, 52.7471], [22.3237, 52.7483], [22.3242, 52.7421], [22.3344, 52.7405], [22.3385, 52.751], [22.3469, 52.7574], [22.341, 52.7648], [22.3413, 52.7692], [22.3446, 52.7778], [22.3547, 52.7754], [22.3761, 52.7784], [22.3826, 52.7776], [22.3875, 52.7855], [22.3788, 52.7944], [22.3897, 52.7955], [22.4221, 52.7922], [22.44, 52.7914], [22.4537, 52.7882], [22.4532, 52.7826], [22.4596, 52.7739], [22.4607, 52.7707], [22.4552, 52.7684], [22.4509, 52.7598], [22.4501, 52.7497], [22.4458, 52.7458], [22.4442, 52.7418], [22.4474, 52.7382], [22.4469, 52.7267], [22.4416, 52.7187], [22.4392, 52.7092], [22.4356, 52.7011], [22.4351, 52.6962], [22.4394, 52.6879], [22.4447, 52.6821], [22.4457, 52.6741], [22.4425, 52.6649], [22.4501, 52.6543], [22.4678, 52.649], [22.4736, 52.6462], [22.47, 52.6436], [22.4623, 52.6454], [22.4629, 52.6393], [22.4495, 52.64], [22.4513, 52.6247], [22.4461, 52.6223], [22.4421, 52.6238], [22.4383, 52.6206], [22.4321, 52.6204], [22.4321, 52.6174], [22.4203, 52.6151], [22.4191, 52.6094], [22.4086, 52.6097], [22.4174, 52.5994], [22.4395, 52.592], [22.4479, 52.5868], [22.4567, 52.5868], [22.4579, 52.5814], [22.4622, 52.5729], [22.4693, 52.5652], [22.4837, 52.5607], [22.4885, 52.5557], [22.4902, 52.5471], [22.5003, 52.5434], [22.5036, 52.5374], [22.5148, 52.5308], [22.5267, 52.5212], [22.5274, 52.519], [22.5202, 52.5152], [22.5207, 52.5086], [22.5101, 52.4902], [22.512, 52.4813], [22.5147, 52.4783], [22.525, 52.4721], [22.5289, 52.4623], [22.5487, 52.4678], [22.5542, 52.4632], [22.5534, 52.4599], [22.5471, 52.4547], [22.5448, 52.4452], [22.5414, 52.4393], [22.544, 52.4351], [22.5419, 52.4242], [22.5457, 52.4206], [22.5578, 52.4164], [22.5678, 52.4028], [22.573, 52.404], [22.5797, 52.4008], [22.5783, 52.3953], [22.5821, 52.393], [22.589, 52.3974], [22.594, 52.3988], [22.6074, 52.3983], [22.6117, 52.3949], [22.6133, 52.3881], [22.6188, 52.3878], [22.6223, 52.3921], [22.6276, 52.393], [22.6396, 52.3892], [22.6457, 52.3888], [22.6568, 52.3933], [22.6598, 52.3886], [22.6663, 52.3857], [22.6773, 52.391], [22.6869, 52.393], [22.7067, 52.3922], [22.7138, 52.3849], [22.7228, 52.3833], [22.7242, 52.368], [22.7298, 52.3663], [22.7337, 52.369], [22.7343, 52.3767], [22.7395, 52.3815], [22.7526, 52.384], [22.7598, 52.3829], [22.7631, 52.3805], [22.7649, 52.3754], [22.7682, 52.3725], [22.7783, 52.3708], [22.789, 52.3737], [22.7955, 52.3737], [22.8158, 52.3672], [22.8277, 52.3657], [22.8394, 52.3605], [22.8513, 52.3588], [22.8578, 52.3636], [22.8655, 52.3642], [22.8706, 52.3622], [22.8917, 52.3647], [22.907, 52.3706], [22.9197, 52.3745], [22.9292, 52.3736], [22.9572, 52.3682], [22.966, 52.3634], [22.9743, 52.3528], [22.9765, 52.3468], [22.9852, 52.3465], [22.9896, 52.3446], [22.9866, 52.3415], [22.9875, 52.3375], [22.997, 52.3316], [23.0003, 52.3354], [23.0062, 52.3364], [23.016, 52.3322], [23.0241, 52.3322], [23.0381, 52.3292], [23.0484, 52.3214], [23.0508, 52.3143], [23.0589, 52.3041], [23.0578, 52.2996], [23.052, 52.2962], [23.0483, 52.2915], [23.0514, 52.2854], [23.0588, 52.2829], [23.0725, 52.2816], [23.0796, 52.2839], [23.0882, 52.2906], [23.0912, 52.2912], [23.1003, 52.2966], [23.1097, 52.2999], [23.1155, 52.2994], [23.1222, 52.2943], [23.1284, 52.2878], [23.1323, 52.2852], [23.1392, 52.2867], [23.1461, 52.2816], [23.1552, 52.2799], [23.1723, 52.2831], [23.1783, 52.2831], [23.1995, 52.3099], [23.2156, 52.3296], [23.2413, 52.3574], [23.2507, 52.366], [23.278, 52.3928], [23.2999, 52.4038], [23.3103, 52.414], [23.3122, 52.425], [23.3415, 52.4537], [23.3567, 52.469], [23.4082, 52.5115], [23.4358, 52.53], [23.4579, 52.5404], [23.4666, 52.5494], [23.5041, 52.5662], [23.5402, 52.5802], [23.5877, 52.5941], [23.6046, 52.5978], [23.6414, 52.6075], [23.6939, 52.6125], [23.7198, 52.6146], [23.7315, 52.6086], [23.738, 52.6113], [23.7562, 52.6145], [23.7653, 52.6177], [23.7715, 52.6222], [23.7759, 52.6227], [23.7808, 52.6271], [23.8471, 52.6623], [23.8794, 52.6797], [23.8926, 52.6797], [23.9001, 52.6912], [23.9386, 52.7129], [23.939, 52.7652], [23.9396, 52.8132], [23.9246, 52.8307], [23.9249, 52.8421], [23.9237, 52.8545], [23.9244, 52.878], [23.9257, 52.8995], [23.9198, 52.9044], [23.9163, 52.9047], [23.9165, 52.9388], [23.9463, 52.9587], [23.9311, 52.9762], [23.9294, 52.9825], [23.9333, 52.9884], [23.9254, 53.0246], [23.9126, 53.0291], [23.91, 53.0328], [23.9168, 53.039], [23.9115, 53.0431], [23.8987, 53.0504], [23.9026, 53.0582], [23.8957, 53.062], [23.888, 53.0632], [23.8823, 53.0661], [23.8794, 53.0728], [23.8785, 53.0794], [23.8721, 53.082], [23.8778, 53.091], [23.8814, 53.0924], [23.8822, 53.1012], [23.8888, 53.105], [23.8859, 53.1119], [23.8872, 53.1165], [23.8976, 53.128], [23.8973, 53.1312], [23.9087, 53.1372], [23.9158, 53.143], [23.9115, 53.1498], [23.9174, 53.1568], [23.9152, 53.1623], [23.9098, 53.1669], [23.9077, 53.1722], [23.9022, 53.1763], [23.8957, 53.1764], [23.8867, 53.1831], [23.8807, 53.1861], [23.8768, 53.1907], [23.8684, 53.1939], [23.8619, 53.2025], [23.8624, 53.2054], [23.8572, 53.2104], [23.862, 53.2137], [23.8612, 53.2212], [23.8553, 53.2318], [23.8187, 53.244], [23.799, 53.2742], [23.7898, 53.292], [23.777, 53.3141], [23.7635, 53.3382], [23.7558, 53.3539], [23.7474, 53.3726], [23.7371, 53.3916], [23.7074, 53.4365], [23.6945, 53.4611], [23.6906, 53.4695], [23.6672, 53.5126], [23.6597, 53.5214], [23.651, 53.5456], [23.6416, 53.5662], [23.6269, 53.5957], [23.6199, 53.6144], [23.6027, 53.6626], [23.5914, 53.6886], [23.5853, 53.7057], [23.5861, 53.7212], [23.5856, 53.7283], [23.5821, 53.7438], [23.549, 53.7678], [23.5477, 53.7792], [23.5447, 53.7962], [23.5462, 53.8258], [23.5497, 53.8305], [23.5535, 53.8319], [23.5478, 53.8355], [23.5524, 53.8408], [23.5451, 53.845], [23.5457, 53.8478], [23.552, 53.8507], [23.5482, 53.8561], [23.5386, 53.8584], [23.5351, 53.8573], [23.5241, 53.8626], [23.5264, 53.8689], [23.5242, 53.8721], [23.5133, 53.9089], [23.512, 53.9103], [23.5116, 53.9288], [23.513, 53.9313], [23.5146, 53.9541], [23.5155, 53.9601], [23.5121, 53.9608], [23.4964, 53.9728], [23.4895, 53.9748], [23.4861, 53.9793], [23.4886, 53.9821], [23.4829, 53.9909], [23.4823, 53.9973], [23.4905, 54.0053], [23.4969, 54.0083], [23.5023, 54.0085], [23.509, 54.0118], [23.5132, 54.0179], [23.5115, 54.0217], [23.5162, 54.0286], [23.5249, 54.0311], [23.5261, 54.0335], [23.5233, 54.0377], [23.5273, 54.0473], [23.5276, 54.0536], [23.5259, 54.0569], [23.5286, 54.0658], [23.5243, 54.0728], [23.5184, 54.0787], [23.5183, 54.0898], [23.507, 54.0995], [23.502, 54.1129], [23.4965, 54.113], [23.4926, 54.117], [23.4953, 54.1326], [23.4912, 54.1356], [23.4895, 54.1446], [23.4858, 54.1532], [23.4824, 54.1535], [23.4733, 54.1581], [23.4755, 54.1634], [23.4702, 54.1641], [23.4612, 54.1678], [23.459, 54.1755], [23.451, 54.1758], [23.439, 54.1776], [23.4245, 54.1775], [23.4199, 54.187], [23.4192, 54.1911], [23.4064, 54.1963], [23.4038, 54.2022], [23.398, 54.2072], [23.3967, 54.2137], [23.3942, 54.2169], [23.3867, 54.2183], [23.3868, 54.2248], [23.3832, 54.2268], [23.3826, 54.2275], [23.3817, 54.2282]]]}}, {"type": "Feature", "properties": {"code": "06", "name": "lubelskie", "country": "PL", "level": "region", "type": "województwo"}, "geometry": {"type": "Polygon", "coordinates": [[[23.5479, 50.2518], [23.5587, 50.257], [23.581, 50.266], [23.6116, 50.2992], [23.631, 50.3048], [23.6389, 50.3205], [23.6863, 50.3316], [23.6912, 50.3469], [23.6911, 50.3533], [23.6966, 50.3662], [23.7031, 50.3753], [23.7087, 50.3793], [23.727, 50.388], [23.7788, 50.4011], [23.8034, 50.4048], [23.8457, 50.4061], [23.8799, 50.4089], [23.884, 50.4083], [23.9408, 50.4139], [23.9975, 50.4121], [24.0058, 50.4354], [24.0345, 50.4448], [24.038, 50.4551], [24.0425, 50.4607], [24.0483, 50.4703], [24.0701, 50.5034], [24.0756, 50.5229], [24.0775, 50.525], [24.0863, 50.5515], [24.0913, 50.562], [24.0903, 50.5779], [24.0986, 50.5995], [24.0974, 50.6106], [24.0918, 50.6165], [24.092, 50.6234], [24.0982, 50.6374], [24.0936, 50.6352], [24.0869, 50.6391], [24.0873, 50.6422], [24.0802, 50.6451], [24.0872, 50.6524], [24.0854, 50.6615], [24.0867, 50.6691], [24.0712, 50.6779], [24.0622, 50.678], [24.0629, 50.6836], [24.0694, 50.6954], [24.0722, 50.6986], [24.0702, 50.7049], [24.0751, 50.7107], [24.072, 50.7206], [24.0612, 50.7207], [24.0535, 50.7179], [24.0461, 50.7171], [24.0373, 50.7189], [24.0285, 50.7222], [24.0246, 50.7248], [24.0184, 50.7251], [24.0197, 50.7357], [24.0163, 50.7376], [24.0205, 50.747], [24.0154, 50.7474], [24.0175, 50.7538], [24.0127, 50.7581], [24.0203, 50.7617], [24.0238, 50.7662], [24.0148, 50.7714], [24.0096, 50.772], [23.997, 50.7692], [23.985, 50.7701], [23.9683, 50.7763], [23.9634, 50.7813], [23.9684, 50.7855], [23.9653, 50.7897], [23.9575, 50.7941], [23.9652, 50.8017], [23.967, 50.8102], [23.9638, 50.8144], [23.975, 50.8221], [23.9763, 50.8267], [23.9896, 50.8375], [24.0069, 50.8412], [24.0103, 50.839], [24.0193, 50.8387], [24.0246, 50.8407], [24.0338, 50.8364], [24.0352, 50.8396], [24.0449, 50.8337], [24.0476, 50.8358], [24.0547, 50.8347], [24.0652, 50.8362], [24.0721, 50.8342], [24.0968, 50.8365], [24.1068, 50.8386], [24.115, 50.8414], [24.1182, 50.8448], [24.1321, 50.849], [24.1346, 50.8525], [24.1433, 50.8582], [24.1455, 50.8649], [24.1454, 50.8695], [24.1284, 50.8677], [24.1236, 50.8712], [24.1171, 50.8696], [24.1129, 50.8754], [24.1014, 50.8761], [24.0946, 50.8825], [24.0916, 50.8834], [24.0869, 50.8888], [24.0735, 50.891], [24.0589, 50.8922], [24.0523, 50.8914], [24.0512, 50.8965], [24.0472, 50.9008], [24.0381, 50.9043], [24.0329, 50.91], [24.0228, 50.9166], [24.011, 50.9198], [24.0061, 50.9254], [23.9988, 50.9274], [23.9953, 50.9307], [23.9955, 50.9337], [23.987, 50.9451], [23.9754, 50.9464], [23.9744, 50.9494], [23.9697, 50.9509], [23.9683, 50.9578], [23.9705, 50.9591], [23.9676, 50.9663], [23.9667, 50.9791], [23.9596, 50.9863], [23.9568, 50.9908], [23.9511, 50.995], [23.9479, 50.9947], [23.9386, 51.003], [23.9303, 51.0058], [23.9176, 51.0059], [23.9157, 51.0124], [23.922, 51.012], [23.9354, 51.0153], [23.9182, 51.0254], [23.9167, 51.0304], [23.9228, 51.0342], [23.9315, 51.0379], [23.914, 51.0407], [23.9139, 51.0431], [23.9198, 51.0461], [23.9159, 51.0484], [23.913, 51.0583], [23.9128, 51.0636], [23.909, 51.0667], [23.9126, 51.0704], [23.9114, 51.0742], [23.9052, 51.0784], [23.9039, 51.0745], [23.8918, 51.0748], [23.89, 51.0791], [23.885, 51.0822], [23.8764, 51.0792], [23.8733, 51.0818], [23.8707, 51.0899], [23.8714, 51.0949], [23.8676, 51.098], [23.862, 51.0969], [23.8572, 51.0995], [23.862, 51.103], [23.8577, 51.107], [23.8581, 51.1118], [23.8553, 51.1143], [23.8554, 51.1186], [23.8504, 51.1249], [23.8595, 51.1309], [23.8625, 51.1276], [23.8694, 51.1294], [23.8687, 51.1353], [23.8703, 51.1399], [23.866, 51.1467], [23.8667, 51.1502], [23.8618, 51.1524], [23.8618, 51.1572], [23.8579, 51.1581], [23.8499, 51.1552], [23.8492, 51.1608], [23.8432, 51.1604], [23.8305, 51.1622], [23.8242, 51.1617], [23.8216, 51.1646], [23.8263, 51.1673], [23.8185, 51.169], [23.8136, 51.1714], [23.8121, 51.1757], [23.8143, 51.1785], [23.8089, 51.1846], [23.8007, 51.1854], [23.7972, 51.1877], [23.7867, 51.189], [23.7827, 51.1913], [23.7825, 51.1991], [23.7681, 51.2003], [23.7631, 51.2056], [23.7539, 51.2113], [23.7503, 51.2108], [23.7391, 51.2155], [23.7359, 51.2191], [23.7427, 51.2208], [23.743, 51.2244], [23.7389, 51.2316], [23.7275, 51.2357], [23.7264, 51.2384], [23.7291, 51.2434], [23.7242, 51.2465], [23.7257, 51.2505], [23.7233, 51.2575], [23.7256, 51.2618], [23.7173, 51.2643], [23.7195, 51.2676], [23.7095, 51.2734], [23.7085, 51.2782], [23.7041, 51.2818], [23.6973, 51.2832], [23.6953, 51.2866], [23.6879, 51.2864], [23.6857, 51.2904], [23.6743, 51.291], [23.6698, 51.29], [23.663, 51.2924], [23.6562, 51.287], [23.646, 51.2918], [23.6497, 51.2937], [23.6486, 51.2974], [23.6519, 51.3003], [23.643, 51.3047], [23.6395, 51.3099], [23.6433, 51.3142], [23.636, 51.3188], [23.6374, 51.3233], [23.6361, 51.3291], [23.6475, 51.337], [23.6475, 51.3398], [23.6562, 51.3391], [23.6578, 51.342], [23.6549, 51.3444], [23.6546, 51.3505], [23.6563, 51.3586], [23.6691, 51.3622], [23.6655, 51.3645], [23.6668, 51.3678], [23.6746, 51.3664], [23.6779, 51.3688], [23.6866, 51.3686], [23.6827, 51.3727], [23.6838, 51.3785], [23.6806, 51.3801], [23.687, 51.3891], [23.68, 51.3904], [23.6769, 51.3941], [23.6825, 51.3985], [23.6903, 51.3986], [23.6969, 51.403], [23.6963, 51.4079], [23.7005, 51.4099], [23.6928, 51.4145], [23.7011, 51.4178], [23.7008, 51.4209], [23.6935, 51.4187], [23.6887, 51.4191], [23.6851, 51.4259], [23.6791, 51.4279], [23.6768, 51.4305], [23.6825, 51.4401], [23.6859, 51.4423], [23.6831, 51.4453], [23.6751, 51.4413], [23.6667, 51.4454], [23.662, 51.4442], [23.6513, 51.4455], [23.649, 51.4504], [23.6509, 51.4537], [23.6463, 51.4577], [23.6534, 51.4593], [23.6601, 51.4648], [23.6657, 51.4675], [23.6714, 51.4748], [23.6703, 51.4825], [23.6633, 51.4858], [23.6581, 51.4906], [23.6534, 51.4867], [23.6434, 51.4849], [23.6382, 51.4856], [23.6361, 51.4903], [23.6302, 51.4914], [23.6261, 51.4948], [23.6211, 51.4959], [23.6235, 51.5015], [23.6164, 51.5034], [23.6173, 51.5102], [23.6247, 51.5144], [23.6144, 51.5226], [23.6128, 51.5288], [23.6051, 51.5284], [23.5976, 51.5318], [23.593, 51.5354], [23.5892, 51.5338], [23.5874, 51.5295], [23.582, 51.5296], [23.5771, 51.5322], [23.569, 51.5327], [23.5651, 51.5344], [23.5648, 51.5407], [23.5625, 51.5441], [23.5657, 51.5508], [23.5777, 51.5579], [23.5678, 51.5624], [23.5691, 51.5669], [23.564, 51.5708], [23.5679, 51.5756], [23.5671, 51.5792], [23.5628, 51.5815], [23.5532, 51.5836], [23.5542, 51.5884], [23.5506, 51.5916], [23.549, 51.5977], [23.5425, 51.6003], [23.5431, 51.6113], [23.5464, 51.6219], [23.5429, 51.6257], [23.5437, 51.6308], [23.5412, 51.6355], [23.5482, 51.6378], [23.5487, 51.641], [23.5422, 51.6454], [23.5402, 51.6495], [23.5437, 51.6516], [23.5398, 51.6549], [23.5445, 51.6615], [23.5486, 51.6636], [23.5545, 51.6629], [23.5578, 51.6647], [23.5522, 51.6756], [23.556, 51.6813], [23.5491, 51.6839], [23.5493, 51.6867], [23.5551, 51.6925], [23.5561, 51.6969], [23.5604, 51.6984], [23.5581, 51.7016], [23.5494, 51.7032], [23.555, 51.7061], [23.5548, 51.7092], [23.5473, 51.7101], [23.5528, 51.7152], [23.5492, 51.7181], [23.5471, 51.7238], [23.5345, 51.7232], [23.5346, 51.7281], [23.527, 51.7298], [23.5323, 51.7371], [23.5304, 51.7422], [23.5335, 51.7445], [23.5391, 51.745], [23.546, 51.7484], [23.55, 51.7546], [23.5614, 51.7613], [23.5651, 51.7575], [23.5739, 51.7569], [23.5806, 51.7601], [23.5883, 51.76], [23.5899, 51.7643], [23.5943, 51.7666], [23.597, 51.7722], [23.6039, 51.7733], [23.6116, 51.772], [23.6219, 51.7777], [23.6313, 51.7815], [23.6297, 51.7921], [23.635, 51.7909], [23.6352, 51.7958], [23.6407, 51.7995], [23.6402, 51.8048], [23.6307, 51.8143], [23.6285, 51.819], [23.6215, 51.8209], [23.6245, 51.8261], [23.6203, 51.8315], [23.6074, 51.8298], [23.6015, 51.8331], [23.6091, 51.8369], [23.6065, 51.8398], [23.6115, 51.8449], [23.6133, 51.8531], [23.6174, 51.857], [23.6103, 51.8607], [23.6071, 51.8763], [23.6131, 51.8784], [23.6204, 51.8776], [23.6249, 51.8742], [23.6317, 51.8758], [23.6289, 51.8798], [23.6224, 51.8839], [23.6235, 51.8869], [23.6369, 51.8918], [23.638, 51.8945], [23.6318, 51.8997], [23.6184, 51.9035], [23.6204, 51.911], [23.612, 51.9174], [23.6163, 51.9234], [23.6208, 51.9251], [23.6274, 51.9222], [23.6311, 51.923], [23.6307, 51.9295], [23.6368, 51.9322], [23.6447, 51.9324], [23.6445, 51.9399], [23.6402, 51.9429], [23.6415, 51.9484], [23.6371, 51.9501], [23.6289, 51.9475], [23.6268, 51.9497], [23.6317, 51.9532], [23.6398, 51.9535], [23.6448, 51.9564], [23.6505, 51.9631], [23.6577, 51.9644], [23.6693, 51.9647], [23.6703, 51.9667], [23.6653, 51.9741], [23.6654, 51.9789], [23.6744, 51.9818], [23.6774, 51.9841], [23.6864, 51.9867], [23.689, 51.9919], [23.6847, 51.9967], [23.6831, 52.0011], [23.6763, 52.0033], [23.6672, 52.0146], [23.6598, 52.017], [23.658, 52.0207], [23.6631, 52.0242], [23.661, 52.0296], [23.6627, 52.0399], [23.658, 52.0432], [23.6558, 52.0517], [23.653, 52.0554], [23.6435, 52.0578], [23.6445, 52.0608], [23.6523, 52.0586], [23.6537, 52.0627], [23.6444, 52.0645], [23.6536, 52.0711], [23.6514, 52.0752], [23.6429, 52.0772], [23.6405, 52.0804], [23.6402, 52.0858], [23.6273, 52.0882], [23.6201, 52.0913], [23.6116, 52.0982], [23.6101, 52.1012], [23.6126, 52.1041], [23.6195, 52.1051], [23.6168, 52.1091], [23.6078, 52.1098], [23.6044, 52.114], [23.5986, 52.1174], [23.5856, 52.1178], [23.5802, 52.1199], [23.567, 52.1157], [23.5613, 52.1193], [23.5563, 52.1183], [23.5567, 52.111], [23.5491, 52.1099], [23.5486, 52.1149], [23.5431, 52.1204], [23.5417, 52.1285], [23.534, 52.1323], [23.5269, 52.1314], [23.5212, 52.1329], [23.52, 52.1376], [23.5152, 52.1398], [23.5143, 52.146], [23.5098, 52.1502], [23.5051, 52.1499], [23.5017, 52.1471], [23.4925, 52.1492], [23.487, 52.1548], [23.4895, 52.1599], [23.4859, 52.1641], [23.4908, 52.1686], [23.4979, 52.1717], [23.5074, 52.1739], [23.5012, 52.1789], [23.4856, 52.1813], [23.4813, 52.1803], [23.4712, 52.1743], [23.463, 52.176], [23.4626, 52.1828], [23.4582, 52.1846], [23.4491, 52.182], [23.4447, 52.1828], [23.4398, 52.178], [23.432, 52.1734], [23.4228, 52.1734], [23.4177, 52.1813], [23.4136, 52.1826], [23.403, 52.1774], [23.3988, 52.1788], [23.3977, 52.1883], [23.4012, 52.1916], [23.4002, 52.1945], [23.3942, 52.1956], [23.3962, 52.2006], [23.3895, 52.2001], [23.3876, 52.1972], [23.3803, 52.1949], [23.3712, 52.1965], [23.3705, 52.2048], [23.366, 52.208], [23.3555, 52.2048], [23.352, 52.2065], [23.3525, 52.2107], [23.3447, 52.2099], [23.3377, 52.2062], [23.3264, 52.2107], [23.3176, 52.2082], [23.3093, 52.2088], [23.2991, 52.2117], [23.3073, 52.2174], [23.3054, 52.2215], [23.2948, 52.2211], [23.2734, 52.2149], [23.2611, 52.2156], [23.2551, 52.2182], [23.239, 52.2196], [23.219, 52.2252], [23.2073, 52.2257], [23.2, 52.2297], [23.1941, 52.2395], [23.1979, 52.2472], [23.2016, 52.2498], [23.2056, 52.2572], [23.2008, 52.2644], [23.2007, 52.2711], [23.2042, 52.2736], [23.2012, 52.2781], [23.1844, 52.2827], [23.1783, 52.2831], [23.1723, 52.2831], [23.1552, 52.2799], [23.1461, 52.2816], [23.1392, 52.2867], [23.1323, 52.2852], [23.1284, 52.2878], [23.1042, 52.2654], [23.11, 52.2613], [23.1024, 52.2536], [23.0948, 52.2565], [23.0907, 52.2524], [23.0781, 52.2349], [23.0666, 52.2368], [23.0543, 52.2295], [23.033, 52.2186], [23.0313, 52.2165], [23.03, 52.2077], [23.0319, 52.1984], [23.0382, 52.1887], [23.0397, 52.1839], [23.0526, 52.1786], [23.0631, 52.1769], [23.0694, 52.1748], [23.0715, 52.1704], [23.0348, 52.1784], [23.0294, 52.1782], [23.0288, 52.1741], [22.9952, 52.1749], [22.9928, 52.1736], [22.977, 52.1722], [22.9818, 52.1615], [22.9859, 52.1589], [22.9423, 52.1446], [22.933, 52.1365], [22.9381, 52.1335], [22.947, 52.1252], [22.9554, 52.1215], [22.9678, 52.1173], [22.9682, 52.1154], [22.9501, 52.1022], [22.928, 52.1116], [22.9225, 52.1068], [22.9082, 52.1099], [22.9026, 52.1103], [22.893, 52.102], [22.8979, 52.1014], [22.8875, 52.092], [22.8942, 52.0913], [22.8954, 52.082], [22.9017, 52.0775], [22.9074, 52.077], [22.9021, 52.0635], [22.8682, 52.066], [22.8688, 52.0695], [22.8657, 52.0724], [22.8499, 52.0656], [22.8491, 52.0684], [22.8426, 52.0738], [22.8375, 52.0799], [22.8307, 52.0814], [22.8063, 52.0792], [22.7871, 52.0681], [22.7827, 52.0721], [22.765, 52.0814], [22.7612, 52.087], [22.7625, 52.0898], [22.7539, 52.095], [22.7469, 52.0952], [22.7417, 52.0969], [22.7308, 52.0963], [22.7225, 52.0984], [22.7158, 52.1037], [22.701, 52.107], [22.6983, 52.1085], [22.6987, 52.1175], [22.6833, 52.11], [22.6776, 52.1089], [22.6687, 52.1052], [22.6671, 52.1033], [22.6505, 52.0937], [22.6481, 52.0906], [22.6574, 52.0872], [22.6667, 52.0795], [22.6656, 52.0724], [22.6691, 52.063], [22.6662, 52.0598], [22.6652, 52.0539], [22.6628, 52.0508], [22.6644, 52.0474], [22.6599, 52.0396], [22.6561, 52.0357], [22.6496, 52.0325], [22.6375, 52.0321], [22.6299, 52.0281], [22.629, 52.024], [22.6229, 52.0187], [22.6171, 52.019], [22.6087, 52.0273], [22.6074, 52.0327], [22.6083, 52.037], [22.5856, 52.0374], [22.5864, 52.0421], [22.5762, 52.0379], [22.561, 52.0408], [22.5475, 52.0445], [22.5483, 52.0506], [22.5309, 52.0504], [22.5281, 52.0511], [22.5204, 52.0573], [22.5216, 52.0636], [22.5169, 52.0644], [22.5159, 52.0684], [22.5043, 52.0693], [22.496, 52.069], [22.4833, 52.0672], [22.4811, 52.0602], [22.4782, 52.0611], [22.4699, 52.0541], [22.4678, 52.0493], [22.4635, 52.045], [22.4626, 52.0383], [22.4582, 52.0373], [22.456, 52.0296], [22.4443, 52.0299], [22.442, 52.0278], [22.4413, 52.0223], [22.4349, 52.0188], [22.425, 52.015], [22.4137, 52.0153], [22.403, 52.0141], [22.3843, 52.0163], [22.3783, 52.0147], [22.3719, 52.007], [22.3598, 52.0016], [22.35, 52.0002], [22.3449, 51.9968], [22.3348, 51.9984], [22.3222, 52.0067], [22.316, 52.014], [22.3245, 52.0229], [22.3227, 52.0369], [22.2975, 52.0374], [22.2948, 52.0276], [22.2895, 52.0248], [22.286, 52.0195], [22.2809, 52.0161], [22.2756, 52.015], [22.2537, 52.0045], [22.242, 52.0097], [22.2281, 52.011], [22.2215, 52.013], [22.2127, 52.0137], [22.1519, 52.0284], [22.1479, 52.0254], [22.1462, 52.0147], [22.1374, 52.0062], [22.1308, 52.004], [22.1137, 52.0023], [22.0985, 52.0034], [22.0766, 52.0059], [22.0667, 52.0088], [22.0575, 52.0147], [22.0508, 52.0206], [22.0357, 52.0221], [22.0298, 52.0215], [22.0265, 52.0157], [22.0136, 52.0106], [22.0064, 52.0089], [21.9977, 52.0121], [21.9862, 52.0003], [21.9713, 51.9925], [21.967, 51.9888], [21.9577, 51.9924], [21.9467, 51.9929], [21.9447, 51.9925], [21.934, 51.9932], [21.9317, 51.9882], [21.9206, 51.982], [21.9101, 51.9777], [21.9028, 51.9805], [21.893, 51.974], [21.8803, 51.971], [21.8768, 51.9543], [21.8695, 51.9536], [21.8664, 51.9434], [21.8754, 51.94], [21.8782, 51.9331], [21.89, 51.9284], [21.8877, 51.9148], [21.8856, 51.9119], [21.8924, 51.9085], [21.908, 51.903], [21.9027, 51.8968], [21.9103, 51.8911], [21.9121, 51.8865], [21.8972, 51.8832], [21.9001, 51.8757], [21.8925, 51.8701], [21.8859, 51.8604], [21.8904, 51.8571], [21.8672, 51.8543], [21.8521, 51.8497], [21.8448, 51.8495], [21.8453, 51.8412], [21.8509, 51.8414], [21.8571, 51.8396], [21.856, 51.8338], [21.8604, 51.8309], [21.871, 51.8297], [21.8704, 51.8353], [21.8946, 51.8328], [21.8953, 51.8362], [21.9098, 51.835], [21.9174, 51.8396], [21.9274, 51.8379], [21.9263, 51.834], [21.9337, 51.8322], [21.9346, 51.8294], [21.9422, 51.826], [21.9458, 51.8088], [21.9507, 51.8094], [21.9527, 51.8046], [21.9529, 51.7956], [21.9447, 51.7868], [21.9352, 51.7854], [21.9274, 51.7789], [21.9222, 51.7778], [21.9155, 51.7806], [21.9003, 51.7776], [21.8973, 51.7688], [21.8904, 51.7704], [21.8802, 51.7708], [21.8666, 51.7687], [21.8652, 51.7647], [21.8577, 51.7595], [21.8444, 51.7584], [21.8452, 51.7529], [21.8406, 51.7494], [21.8359, 51.7494], [21.8357, 51.7438], [21.8481, 51.7426], [21.8478, 51.7369], [21.8661, 51.7328], [21.8708, 51.7328], [21.8737, 51.7287], [21.8733, 51.7241], [21.8699, 51.7208], [21.8742, 51.718], [21.8768, 51.7117], [21.8843, 51.711], [21.8856, 51.7081], [21.901, 51.7071], [21.9033, 51.7042], [21.8941, 51.6974], [21.8825, 51.694], [21.8798, 51.6885], [21.8778, 51.6766], [21.8558, 51.6772], [21.8581, 51.6722], [21.8562, 51.6687], [21.8518, 51.669], [21.8406, 51.6673], [21.8387, 51.6522], [21.8307, 51.6523], [21.8308, 51.6483], [21.8027, 51.6469], [21.8021, 51.6492], [21.7916, 51.6507], [21.7844, 51.644], [21.76, 51.6404], [21.7581, 51.6376], [21.7624, 51.6303], [21.7573, 51.6281], [21.7525, 51.6203], [21.7492, 51.612], [21.7267, 51.6181], [21.7221, 51.6374], [21.7138, 51.6351], [21.6923, 51.644], [21.6892, 51.6439], [21.6672, 51.6519], [21.6483, 51.6599], [21.6392, 51.657], [21.6362, 51.6543], [21.6405, 51.6443], [21.6401, 51.6259], [21.6368, 51.6266], [21.6235, 51.6231], [21.6155, 51.6176], [21.6254, 51.6101], [21.6327, 51.6073], [21.6484, 51.603], [21.6521, 51.5992], [21.6531, 51.5885], [21.6556, 51.5824], [21.6611, 51.5796], [21.678, 51.5774], [21.6961, 51.5701], [21.7103, 51.5688], [21.7253, 51.5655], [21.7394, 51.5639], [21.7558, 51.5604], [21.7655, 51.5618], [21.7784, 51.5676], [21.7824, 51.5686], [21.7923, 51.5683], [21.8046, 51.5656], [21.8174, 51.5642], [21.8238, 51.5622], [21.8312, 51.5555], [21.8329, 51.5511], [21.8321, 51.5375], [21.8406, 51.5289], [21.8434, 51.5222], [21.8515, 51.5155], [21.8553, 51.5104], [21.8554, 51.5034], [21.8495, 51.4963], [21.847, 51.488], [21.8488, 51.4836], [21.8564, 51.4776], [21.8654, 51.475], [21.8732, 51.4749], [21.874, 51.4716], [21.8681, 51.4628], [21.8606, 51.4571], [21.8585, 51.4519], [21.8545, 51.4475], [21.856, 51.4449], [21.8505, 51.4358], [21.851, 51.4306], [21.8402, 51.4203], [21.8392, 51.4176], [21.8283, 51.4258], [21.8134, 51.4275], [21.8128, 51.429], [21.8013, 51.4276], [21.7994, 51.4234], [21.7938, 51.4207], [21.7876, 51.4201], [21.7856, 51.4149], [21.7801, 51.4116], [21.7677, 51.4135], [21.7613, 51.4058], [21.761, 51.4013], [21.7685, 51.3911], [21.7799, 51.3943], [21.7845, 51.3975], [21.7896, 51.3962], [21.7917, 51.3888], [21.8018, 51.3783], [21.8066, 51.3754], [21.8117, 51.3778], [21.816, 51.3716], [21.8253, 51.3759], [21.8322, 51.3805], [21.8384, 51.378], [21.848, 51.365], [21.8537, 51.3519], [21.8454, 51.3541], [21.8344, 51.3463], [21.8283, 51.3393], [21.8351, 51.3378], [21.8338, 51.3311], [21.8247, 51.3139], [21.8234, 51.3033], [21.8196, 51.2999], [21.8089, 51.2992], [21.7896, 51.2936], [21.7831, 51.2938], [21.7868, 51.285], [21.796, 51.2884], [21.8118, 51.2916], [21.8171, 51.2892], [21.8124, 51.2853], [21.8167, 51.2823], [21.8229, 51.2807], [21.83, 51.2846], [21.8313, 51.2891], [21.8382, 51.2876], [21.8365, 51.2835], [21.8506, 51.2785], [21.8562, 51.2743], [21.8491, 51.2705], [21.8394, 51.2692], [21.8302, 51.2667], [21.8125, 51.2579], [21.8082, 51.2543], [21.8082, 51.2453], [21.8133, 51.2399], [21.8166, 51.2306], [21.8103, 51.2282], [21.805, 51.2212], [21.8012, 51.2207], [21.8, 51.2168], [21.7946, 51.2082], [21.7886, 51.2017], [21.7868, 51.1931], [21.7832, 51.1842], [21.7833, 51.179], [21.7925, 51.1801], [21.7898, 51.1754], [21.7919, 51.172], [21.7859, 51.1589], [21.7849, 51.1504], [21.7871, 51.1451], [21.7994, 51.1348], [21.7995, 51.1271], [21.7928, 51.1271], [21.7905, 51.1161], [21.7931, 51.0996], [21.7977, 51.0953], [21.7998, 51.087], [21.798, 51.0824], [21.7996, 51.0762], [21.803, 51.0721], [21.8216, 51.0587], [21.8264, 51.047], [21.8259, 51.0439], [21.821, 51.0392], [21.8056, 51.0326], [21.8036, 51.0298], [21.8033, 51.0219], [21.8195, 51.0092], [21.8207, 51.0046], [21.8203, 50.9955], [21.8216, 50.9866], [21.8172, 50.978], [21.8175, 50.9722], [21.8196, 50.9699], [21.8195, 50.9641], [21.8129, 50.9551], [21.8118, 50.948], [21.8129, 50.9345], [21.8163, 50.9283], [21.8246, 50.9171], [21.8307, 50.905], [21.829, 50.896], [21.8319, 50.883], [21.842, 50.8706], [21.8474, 50.8617], [21.8479, 50.8582], [21.8416, 50.8443], [21.8423, 50.8402], [21.8467, 50.8352], [21.8601, 50.8272], [21.8665, 50.8221], [21.869, 50.8136], [21.8643, 50.8027], [21.8747, 50.7982], [21.8797, 50.7889], [21.8755, 50.7841], [21.8754, 50.7796], [21.8825, 50.7783], [21.8954, 50.7797], [21.9206, 50.7746], [21.9302, 50.7739], [21.9404, 50.7718], [21.9502, 50.7716], [21.9563, 50.7781], [21.964, 50.7821], [21.9724, 50.7878], [21.9779, 50.7851], [21.9822, 50.7874], [21.9902, 50.7836], [21.9944, 50.7832], [22.0071, 50.7911], [22.0121, 50.7926], [22.0133, 50.7959], [22.0197, 50.7981], [22.0266, 50.8027], [22.0412, 50.8099], [22.0479, 50.8188], [22.0521, 50.8205], [22.0595, 50.8183], [22.0713, 50.8163], [22.0815, 50.8158], [22.0943, 50.8141], [22.1153, 50.807], [22.1374, 50.801], [22.1505, 50.7997], [22.163, 50.7973], [22.1627, 50.7913], [22.157, 50.7774], [22.1524, 50.7718], [22.1767, 50.766], [22.1796, 50.7674], [22.1858, 50.7642], [22.1975, 50.7609], [22.2014, 50.7562], [22.2008, 50.7524], [22.1743, 50.7113], [22.1704, 50.7062], [22.1763, 50.7007], [22.1706, 50.6968], [22.1691, 50.6889], [22.1595, 50.6847], [22.1552, 50.6794], [22.1461, 50.678], [22.1469, 50.673], [22.1418, 50.6697], [22.1548, 50.6691], [22.1702, 50.6665], [22.1852, 50.6663], [22.1894, 50.6644], [22.198, 50.6667], [22.2063, 50.6662], [22.2116, 50.6627], [22.2232, 50.6598], [22.2325, 50.6527], [22.2336, 50.6468], [22.2408, 50.6406], [22.2472, 50.6332], [22.2462, 50.6243], [22.2497, 50.6206], [22.2562, 50.6203], [22.2641, 50.6221], [22.2688, 50.6208], [22.2823, 50.6226], [22.2944, 50.618], [22.2985, 50.6196], [22.3084, 50.6165], [22.3119, 50.619], [22.3228, 50.6184], [22.3278, 50.6166], [22.3399, 50.6147], [22.3435, 50.6121], [22.3493, 50.6141], [22.3517, 50.611], [22.3568, 50.609], [22.3674, 50.6072], [22.3742, 50.6039], [22.3789, 50.6041], [22.3827, 50.5979], [22.3959, 50.5953], [22.3996, 50.5938], [22.4073, 50.5855], [22.4201, 50.5806], [22.4266, 50.5843], [22.4553, 50.589], [22.4653, 50.5919], [22.4684, 50.586], [22.4832, 50.5812], [22.4923, 50.5797], [22.4917, 50.5828], [22.5065, 50.5842], [22.5058, 50.5756], [22.5115, 50.5775], [22.5096, 50.5801], [22.5197, 50.5832], [22.5277, 50.576], [22.5362, 50.5721], [22.5355, 50.5532], [22.5385, 50.5498], [22.5202, 50.5488], [22.5199, 50.5432], [22.5121, 50.5389], [22.5202, 50.5342], [22.5343, 50.5375], [22.5344, 50.5238], [22.5277, 50.522], [22.5367, 50.5167], [22.5288, 50.5128], [22.5412, 50.5057], [22.5491, 50.5079], [22.5552, 50.5055], [22.5711, 50.5098], [22.577, 50.5043], [22.5671, 50.4984], [22.5709, 50.4953], [22.5395, 50.4841], [22.5332, 50.4832], [22.5122, 50.4867], [22.5115, 50.4816], [22.5149, 50.4795], [22.5296, 50.4759], [22.5672, 50.4832], [22.5672, 50.4805], [22.5766, 50.4812], [22.5863, 50.483], [22.5862, 50.4773], [22.5729, 50.4725], [22.5602, 50.4692], [22.5538, 50.4655], [22.5573, 50.461], [22.5618, 50.4638], [22.5681, 50.4617], [22.5651, 50.4594], [22.5542, 50.4607], [22.5488, 50.4602], [22.5456, 50.4521], [22.5303, 50.4471], [22.5299, 50.4496], [22.521, 50.4554], [22.5239, 50.4564], [22.5205, 50.4642], [22.5073, 50.4675], [22.5107, 50.4602], [22.5099, 50.4566], [22.4972, 50.4552], [22.4655, 50.4603], [22.4622, 50.4624], [22.4633, 50.4657], [22.4444, 50.4621], [22.4472, 50.4563], [22.4563, 50.4522], [22.4567, 50.4493], [22.4496, 50.4486], [22.4474, 50.4449], [22.4564, 50.4458], [22.4595, 50.4341], [22.4501, 50.433], [22.4462, 50.419], [22.4119, 50.4234], [22.405, 50.3982], [22.4195, 50.3969], [22.4206, 50.4002], [22.4372, 50.3997], [22.4352, 50.3925], [22.4446, 50.3915], [22.4529, 50.3886], [22.4514, 50.3708], [22.4823, 50.3551], [22.4804, 50.3531], [22.5037, 50.3529], [22.5018, 50.3457], [22.5071, 50.3441], [22.5149, 50.3458], [22.5165, 50.3484], [22.5231, 50.3516], [22.5297, 50.352], [22.5309, 50.3547], [22.5383, 50.3545], [22.5437, 50.3563], [22.5543, 50.3565], [22.5656, 50.3591], [22.5679, 50.3576], [22.583, 50.3556], [22.5915, 50.3519], [22.5955, 50.3487], [22.6021, 50.3491], [22.6079, 50.3518], [22.6188, 50.3539], [22.6239, 50.3573], [22.6356, 50.3584], [22.6421, 50.358], [22.6422, 50.358], [22.6421, 50.358], [22.6422, 50.358], [22.644, 50.3583], [22.6555, 50.3558], [22.6616, 50.3553], [22.6676, 50.3539], [22.6676, 50.354], [22.6687, 50.3543], [22.6694, 50.3541], [22.6706, 50.3548], [22.6715, 50.3549], [22.6877, 50.3565], [22.6861, 50.3493], [22.6872, 50.3457], [22.6732, 50.3438], [22.668, 50.3393], [22.6546, 50.3367], [22.6416, 50.3365], [22.6336, 50.3348], [22.6198, 50.3331], [22.6103, 50.3299], [22.6066, 50.3255], [22.6078, 50.3109], [22.6076, 50.3109], [22.6079, 50.3108], [22.6078, 50.3109], [22.6189, 50.3084], [22.626, 50.3061], [22.6392, 50.3033], [22.6442, 50.3059], [22.6519, 50.3025], [22.659, 50.301], [22.6614, 50.3026], [22.6728, 50.3004], [22.6732, 50.2981], [22.6861, 50.2993], [22.6986, 50.2946], [22.7009, 50.2947], [22.7075, 50.2914], [22.7222, 50.2969], [22.7262, 50.2974], [22.7375, 50.3021], [22.7419, 50.3013], [22.7496, 50.3026], [22.7503, 50.3027], [22.7506, 50.3029], [22.7513, 50.303], [22.7516, 50.3032], [22.752, 50.3029], [22.7714, 50.3024], [22.7775, 50.3014], [22.8012, 50.3024], [22.8214, 50.302], [22.8552, 50.2945], [22.8668, 50.2978], [22.8806, 50.3008], [22.8905, 50.3015], [22.9042, 50.298], [22.9237, 50.2953], [22.937, 50.2924], [22.9443, 50.2922], [22.9725, 50.2948], [22.9852, 50.2943], [23.0083, 50.2901], [23.0081, 50.2877], [23.019, 50.2871], [23.0281, 50.2889], [23.0321, 50.2933], [23.0541, 50.3058], [23.0608, 50.3162], [23.0668, 50.3204], [23.0668, 50.3231], [23.0753, 50.3269], [23.0891, 50.3298], [23.0983, 50.336], [23.1247, 50.3549], [23.1776, 50.3921], [23.1838, 50.396], [23.1911, 50.3947], [23.1939, 50.3909], [23.1995, 50.3912], [23.2064, 50.3888], [23.2155, 50.3889], [23.2196, 50.3875], [23.2181, 50.3839], [23.2228, 50.3821], [23.2273, 50.3776], [23.2412, 50.3697], [23.2526, 50.3646], [23.2507, 50.3593], [23.2679, 50.3711], [23.2791, 50.3762], [23.2902, 50.3765], [23.3055, 50.3801], [23.3116, 50.3877], [23.3176, 50.3927], [23.3305, 50.3959], [23.3387, 50.3992], [23.346, 50.3995], [23.3535, 50.4019], [23.3581, 50.4105], [23.3752, 50.4071], [23.3876, 50.4054], [23.3841, 50.3988], [23.3773, 50.4018], [23.3702, 50.3995], [23.3667, 50.3938], [23.3662, 50.3888], [23.375, 50.3875], [23.3828, 50.3833], [23.3775, 50.3782], [23.3739, 50.377], [23.3789, 50.3683], [23.3984, 50.366], [23.4006, 50.3629], [23.405, 50.364], [23.4057, 50.3573], [23.4125, 50.3515], [23.4282, 50.3476], [23.4351, 50.3478], [23.4362, 50.3454], [23.4329, 50.3399], [23.4097, 50.31], [23.4128, 50.3077], [23.4285, 50.3023], [23.457, 50.3032], [23.47, 50.2936], [23.4926, 50.2995], [23.4999, 50.2995], [23.5096, 50.2947], [23.5129, 50.2974], [23.5199, 50.2955], [23.5179, 50.2897], [23.5048, 50.2868], [23.5019, 50.2845], [23.5037, 50.2804], [23.5139, 50.2788], [23.5125, 50.275], [23.5146, 50.2708], [23.5089, 50.2613], [23.5135, 50.2606], [23.5278, 50.2623], [23.5321, 50.2594], [23.5425, 50.2586], [23.5439, 50.253], [23.5479, 50.2518]]]}}, {"type": "Feature", "properties": {"code": "DE-MV", "name": "Mecklenburg-Vorpommern", "country": "DE", "level": "region", "type": "kraj związkowy"}, "geometry": {"type": "MultiPolygon", "coordinates": [[[[12.519721031188965, 54.484306335449446], [12.655277252197664, 54.442638397217024], [12.962499618530387, 54.437637329101676], [12.802499771118221, 54.408195495605696], [12.636943817138672, 54.424861907958984], [12.576943397522314, 54.40347290039068], [12.59305667877203, 54.38347244262695], [12.435832977295036, 54.37874984741234], [12.360277175903263, 54.30625152587902], [12.38305473327648, 54.27930450439459], [12.363612174987793, 54.26597213745117], [12.460276603698901, 54.24847412109369], [12.409167289733887, 54.27986145019554], [12.535278320312955, 54.33874893188488], [12.553055763244743, 54.37958145141613], [12.59194469451927, 54.357360839843864], [12.669721603393668, 54.39069366455084], [12.657499313354776, 54.408195495605696], [12.715277671814022, 54.404304504394474], [12.704795850456309, 54.39468392669172], [12.734723091125772, 54.37069320678711], [12.786945343018033, 54.3962516784668], [12.810278892517147, 54.3451385498048], [13.019721984863338, 54.43902587890642], [13.025279045105378, 54.39652633667038], [13.093609809875886, 54.366806030273665], [13.07583236694336, 54.34541702270519], [13.105833053588867, 54.281806945800895], [13.286388397216797, 54.235137939453466], [13.346388816833894, 54.18041610717802], [13.318054199219205, 54.15986251831066], [13.415834426880053, 54.1751403808596], [13.382498741150357, 54.14236068725586], [13.41139030456543, 54.15652847290062], [13.456945419311523, 54.090694427490234], [13.500834465026912, 54.085140228271484], [13.489167213440396, 54.123748779297216], [13.696389198303223, 54.17180633544939], [13.806944847107275, 54.10319519042969], [13.74416637420694, 54.029304504394645], [13.914167404174805, 53.92235946655319], [13.824722290039233, 53.86624908447283], [13.937500953674316, 53.90847396850597], [13.90583419799816, 53.98986053466797], [13.965278625488622, 53.9901390075687], [13.959721565246582, 53.93402862548851], [13.983612060546875, 53.962638854980696], [14.042499542236726, 53.942081451416016], [14.046944618225439, 53.99652862548862], [13.974166870117244, 54.06375122070335], [13.910832405090275, 54.064304351806754], [13.924167633056584, 54.035415649414006], [13.862501144409407, 53.99930572509771], [13.87916564941412, 54.04013824462936], [13.858055114746207, 54.04847335815441], [13.769165992737271, 54.01902770996111], [13.812499046325684, 54.09902954101585], [13.749167442321948, 54.159027099609546], [13.803610801696834, 54.17847061157249], [13.870834350586051, 54.10152816772495], [14.014165878295955, 54.05430603027338], [14.221389770507926, 53.93013763427729], [14.186329841614167, 53.915580749512], [14.2173366546632, 53.865417480469034], [14.038612365722713, 53.873474121093864], [13.89861202239996, 53.83958435058611], [13.806388854980412, 53.85819625854492], [14.038612365722713, 53.75513839721674], [14.282500267028809, 53.739582061767635], [14.215276718139592, 53.70264053344738], [14.273162841796875, 53.69930648803711], [14.289348602294979, 53.63378143310564], [14.324908256530762, 53.61864852905296], [14.302708625793514, 53.5426101684572], [14.375618934631348, 53.45944976806658], [14.415765762329158, 53.32979583740257], [14.319879531860295, 53.31262207031256], [14.258330345153865, 53.25825119018583], [14.100090026855582, 53.261421203613224], [14.235617637634334, 53.36948013305681], [14.24040889739996, 53.42845153808622], [13.917368888855037, 53.4205398559572], [13.879629135131836, 53.50273132324219], [13.818076133728425, 53.51507186889671], [13.789619445801122, 53.556289672851506], [13.78027439117426, 53.5120849609375], [13.829074859619368, 53.49626159667986], [13.709418296814249, 53.47985076904297], [13.624085426330737, 53.407287597656364], [13.54931640625, 53.39727783203125], [13.526306152343807, 53.316101074218864], [13.438720703125227, 53.29528808593773], [13.405271530151367, 53.243896484375], [13.301878929138354, 53.275329589843864], [13.23102092742937, 53.21321105957048], [13.1831893920899, 53.24739074707037], [13.121039390563908, 53.237201690674055], [12.982050895691202, 53.157501220703125], [12.945539474487248, 53.169181823730526], [12.977380752563704, 53.19474029541021], [12.767208099365234, 53.182811737060604], [12.742948532104776, 53.194301605224666], [12.762390136718977, 53.22008132934582], [12.676119804382608, 53.22494888305664], [12.6708602905274, 53.25107192993181], [12.448179244995117, 53.246440887451115], [12.400289535522461, 53.299160003662166], [12.2645902633667, 53.31935882568371], [12.2345104217531, 53.35324859619146], [12.171999931335733, 53.33528137207048], [12.05480003356945, 53.366352081298885], [12.028409957885799, 53.29949951171881], [11.953209877014274, 53.26670074462902], [11.8974990844726, 53.27468872070335], [11.872070312500057, 53.245121002197266], [11.803829193115234, 53.24948883056646], [11.834399223327921, 53.223121643066406], [11.747279167175236, 53.21274948120117], [11.635769844055346, 53.239810943603516], [11.554379463196028, 53.20323181152355], [11.578739166259766, 53.16205215454124], [11.540950775146655, 53.12139129638683], [11.39811038970953, 53.13743209838873], [11.385419845581282, 53.10773086547863], [11.186309814453125, 53.135421752929744], [11.198998451232967, 53.18004226684582], [11.068689346313477, 53.22988891601574], [10.994039535522688, 53.334770202636946], [10.919249534606934, 53.351211547851676], [10.838748931884822, 53.30918121337896], [10.708258628845158, 53.379310607910156], [10.597419738769815, 53.373649597168026], [10.639378547668628, 53.465099334716854], [10.824370384216593, 53.51728057861334], [10.823429107666016, 53.58028030395525], [10.923410415649471, 53.58530044555687], [10.946919441223201, 53.67757034301758], [10.757729530334643, 53.75157928466808], [10.744208335876522, 53.840560913086165], [10.767909049987793, 53.88106918334961], [10.87527942657465, 53.92784118652338], [10.901128768920898, 53.90127944946289], [10.963709831237907, 53.9109992980957], [10.887760162353572, 53.92387008666998], [10.894718170165959, 53.955970764160384], [11.179167747497502, 54.01569366455101], [11.258610725403287, 53.98485946655296], [11.258610725403287, 53.93402862548851], [11.335276603698844, 53.958473205566634], [11.454722404480151, 53.90041732788097], [11.483610153198242, 53.96847152709984], [11.443611145019531, 53.96041488647461], [11.444721221923885, 53.997081756592024], [11.428055763244686, 53.96097183227539], [11.388054847717399, 53.96541595458979], [11.378055572510107, 53.997360229492415], [11.492501258850325, 54.02291488647472], [11.467498779296932, 53.974029541015625], [11.490279197693212, 53.968193054199446], [11.519166946411303, 54.032081604004134], [11.572501182556323, 54.032638549804915], [11.62583255767828, 54.08958435058588], [11.603609085083121, 54.102638244629134], [11.532500267029206, 54.04902648925781], [11.525277137756348, 54.07180404663086], [11.682498931884766, 54.15319442749018], [11.853609085083065, 54.14513778686569], [12.087498664856184, 54.18319320678711], [12.091944694518986, 54.152084350585994], [12.124721527100064, 54.150138854980696], [12.142498970031852, 54.17235946655296], [12.09527778625494, 54.18097305297857], [12.339165687561433, 54.29791641235397], [12.519721031188965, 54.484306335449446]]], [[[13.429166793823299, 54.68458175659174], [13.37583255767828, 54.63513946533203], [13.420833587646825, 54.577915191650845], [13.679720878601131, 54.56263732910156], [13.668609619140682, 54.52069473266647], [13.569721221924283, 54.46180725097679], [13.60972213745157, 54.404861450195426], [13.673610687256257, 54.40069580078159], [13.76694393157959, 54.34152603149437], [13.71694374084484, 54.31013870239269], [13.72527885437006, 54.27347183227562], [13.646389007568416, 54.296527862549055], [13.70416736602806, 54.326248168945426], [13.610832214355923, 54.31624984741222], [13.68305587768566, 54.34930419921881], [13.61361026763916, 54.33069610595737], [13.58083438873291, 54.35291671752964], [13.454723358154581, 54.335693359375], [13.394721984863736, 54.27125167846691], [13.352499008178768, 54.269584655762], [13.41805553436285, 54.254859924316634], [13.393610000610408, 54.22097396850586], [13.290279388427791, 54.25125122070335], [13.321389198303564, 54.24514007568382], [13.335277557373104, 54.278194427490234], [13.269722938537598, 54.25374984741211], [13.199722290039062, 54.270137786865575], [13.19416522979742, 54.296806335449446], [13.139166831970158, 54.2823600769043], [13.18472290039108, 54.30097198486328], [13.114721298217717, 54.331806182861555], [13.127499580383642, 54.37125015258789], [13.261943817139013, 54.3829154968264], [13.211388587952058, 54.42986297607416], [13.149722099304313, 54.42902755737305], [13.26805686950695, 54.47930526733444], [13.227499961853368, 54.48597335815458], [13.230278015136776, 54.51097106933594], [13.158611297607422, 54.504028320312614], [13.143611907959041, 54.54680633544922], [13.255277633667106, 54.55208206176758], [13.305277824402253, 54.51402664184582], [13.29749870300293, 54.55236053466797], [13.368612289429052, 54.57930374145502], [13.338055610656681, 54.54875183105469], [13.377498626709098, 54.55902862548828], [13.413056373596646, 54.49375152587885], [13.506387710571403, 54.480972290039006], [13.501943588257177, 54.548473358154524], [13.395832061767521, 54.57291793823265], [13.37027835845987, 54.61458206176752], [13.243055343628214, 54.55875015258789], [13.28305625915533, 54.64625167846674], [13.160833358765103, 54.55902862548828], [13.249724388122615, 54.659862518310774], [13.429166793823299, 54.68458175659174]]], [[[13.184166908264217, 54.49430465698265], [13.226943969726904, 54.46875], [13.120834350586392, 54.442359924316634], [13.184166908264217, 54.49430465698265]]], [[[13.13638877868658, 54.6051406860351], [13.158054351807039, 54.57930374145502], [13.110833168029785, 54.5837516784668], [13.116943359375, 54.53763961792015], [13.06360912322998, 54.457637786865234], [13.097499847412223, 54.59041595458996], [13.13638877868658, 54.6051406860351]]]]}}, {"type": "Feature", "properties": {"code": "DE-SN", "name": "Sachsen", "country": "DE", "level": "region", "type": "land"}, "geometry": {"type": "Polygon", "coordinates": [[[14.397808, 51.013115], [14.386749, 51.01327], [14.375897, 51.01699], [14.369386, 51.022442], [14.364115, 51.027998], [14.35657, 51.032338], [14.319363, 51.040012], [14.287531, 51.036834], [14.263553, 51.021435], [14.249497, 50.992651], [14.238335, 50.982471], [14.250013, 50.977613], [14.28381, 50.974822], [14.303757, 50.969707], [14.302207, 50.967691], [14.293732, 50.96397], [14.292802, 50.95348], [14.31833, 50.937512], [14.355227, 50.930639], [14.381892, 50.920872], [14.375897, 50.895964], [14.346545, 50.880203], [14.2681, 50.88413], [14.232133, 50.879376], [14.221281, 50.872607], [14.202988, 50.85514], [14.190792, 50.847905], [14.034936, 50.802585], [14.015713, 50.801758], [13.979126, 50.804755], [13.959592, 50.802068], [13.948843, 50.797211], [13.933547, 50.784808], [13.923315, 50.779951], [13.910706, 50.778762], [13.900991, 50.780622], [13.892516, 50.780416], [13.883318, 50.773233], [13.87908, 50.763518], [13.88032, 50.755043], [13.882697, 50.748015], [13.882181, 50.742744], [13.875359, 50.736542], [13.869572, 50.735251], [13.863474, 50.735147], [13.834535, 50.723675], [13.816552, 50.72135], [13.770663, 50.724605], [13.749062, 50.72321], [13.711028, 50.71427], [13.691753, 50.711841], [13.601939, 50.712151], [13.556567, 50.706725], [13.51564, 50.691016], [13.527215, 50.675668], [13.523288, 50.66218], [13.509955, 50.651225], [13.493315, 50.643215], [13.499103, 50.635205], [13.498173, 50.629159], [13.492179, 50.624456], [13.482257, 50.620891], [13.464893, 50.607093], [13.447944, 50.597274], [13.42934, 50.594329], [13.407016, 50.601305], [13.400401, 50.606576], [13.386345, 50.621614], [13.380971, 50.62549], [13.368775, 50.628332], [13.365985, 50.627092], [13.365365, 50.623474], [13.35937, 50.61934], [13.321853, 50.60239], [13.316272, 50.596034], [13.305627, 50.575777], [13.284646, 50.568956], [13.268006, 50.573658], [13.25178, 50.580893], [13.232349, 50.58203], [13.19907, 50.525341], [13.184704, 50.508753], [13.160106, 50.497022], [13.107396, 50.498986], [13.079181, 50.492785], [13.078974, 50.492681], [13.07887, 50.492681], [13.069775, 50.491079], [13.06037, 50.490614], [13.051069, 50.491131], [13.042284, 50.492785], [13.034532, 50.496505], [13.026264, 50.497642], [13.017892, 50.49635], [13.009624, 50.492681], [13.003113, 50.451909], [12.996602, 50.433667], [12.982442, 50.42297], [12.960631, 50.409234], [12.952573, 50.40416], [12.918363, 50.4054], [12.825759, 50.441418], [12.817388, 50.44302], [12.808396, 50.441832], [12.79434, 50.435889], [12.788139, 50.434339], [12.770259, 50.435941], [12.754239, 50.435321], [12.737909, 50.431548], [12.725094, 50.423435], [12.702976, 50.401524], [12.691814, 50.394651], [12.678792, 50.393721], [12.625358, 50.399922], [12.550531, 50.396357], [12.510223, 50.38876], [12.482524, 50.373567], [12.475083, 50.369433], [12.471569, 50.364472], [12.469502, 50.359408], [12.466815, 50.354912], [12.467022, 50.352845], [12.468365, 50.349486], [12.468985, 50.345559], [12.466815, 50.34189], [12.462784, 50.340494], [12.453792, 50.340701], [12.450175, 50.339357], [12.438289, 50.332536], [12.408937, 50.321994], [12.398189, 50.315173], [12.367183, 50.279051], [12.355814, 50.271403], [12.344652, 50.26639], [12.336487, 50.258587], [12.3338, 50.242722], [12.314059, 50.226496], [12.308685, 50.217091], [12.305584, 50.199314], [12.308582, 50.186912], [12.314369, 50.176215], [12.314369, 50.167327], [12.300417, 50.160815], [12.283363, 50.162211], [12.273235, 50.172339], [12.261246, 50.199883], [12.260212, 50.20505], [12.258455, 50.21089], [12.254321, 50.217401], [12.249981, 50.221173], [12.232514, 50.232491], [12.22993, 50.234816], [12.228897, 50.237038], [12.229827, 50.239053], [12.232514, 50.240965], [12.233754, 50.241689], [12.235098, 50.242257], [12.236441, 50.242567], [12.237992, 50.242722], [12.242436, 50.248355], [12.242953, 50.252954], [12.239645, 50.256572], [12.232514, 50.259104], [12.203782, 50.259569], [12.189209, 50.262463], [12.178047, 50.268767], [12.17412, 50.276571], [12.17443, 50.293727], [12.168538, 50.302977], [12.149315, 50.311711], [12.101344, 50.31398], [12.100998, 50.314371], [12.093712, 50.322613], [12.06529, 50.32791], [12.051957, 50.326903], [12.047616, 50.327006], [12.043431, 50.327755], [12.039865, 50.32884], [11.998886, 50.346436], [11.989429, 50.349175], [11.986018, 50.351552], [11.981832, 50.371189], [11.982297, 50.375427], [11.983383, 50.378631], [11.984778, 50.380749], [11.981212, 50.385323], [11.960232, 50.394159], [11.949845, 50.405218], [11.947829, 50.406743], [11.945659, 50.408551], [11.943798, 50.410515], [11.940543, 50.414546], [11.931706, 50.416923], [11.9053, 50.415166], [11.897393, 50.423408], [11.897393, 50.426276], [11.899718, 50.429325], [11.906075, 50.433227], [11.910622, 50.435371], [11.914963, 50.436948], [11.931086, 50.440332], [11.934342, 50.442089], [11.935892, 50.444932], [11.936047, 50.449867], [11.937132, 50.4532], [11.945194, 50.458316], [11.947519, 50.462243], [11.947054, 50.471028], [11.945194, 50.475162], [11.942403, 50.47834], [11.930156, 50.484206], [11.92752, 50.486066], [11.925815, 50.488391], [11.925815, 50.492319], [11.927675, 50.497357], [11.934032, 50.506271], [11.944729, 50.515857], [11.968293, 50.527355], [11.981832, 50.537329], [11.983693, 50.53999], [11.986173, 50.5426], [11.987103, 50.544047], [11.989429, 50.546114], [11.993925, 50.547406], [12.001056, 50.548207], [12.010358, 50.546657], [12.015319, 50.545339], [12.017799, 50.543995], [12.024517, 50.537122], [12.025861, 50.535882], [12.028083, 50.534487], [12.031183, 50.532962], [12.034904, 50.531903], [12.03909, 50.531386], [12.044051, 50.531257], [12.048547, 50.531567], [12.058779, 50.537536], [12.081154, 50.561255], [12.096967, 50.563296], [12.104719, 50.561617], [12.107354, 50.560015], [12.1103, 50.558568], [12.114176, 50.557328], [12.118361, 50.556966], [12.123632, 50.557534], [12.135415, 50.560997], [12.145388, 50.562547], [12.149419, 50.564614], [12.153295, 50.568232], [12.157791, 50.57743], [12.160271, 50.583683], [12.158721, 50.603733], [12.176859, 50.617996], [12.182595, 50.623551], [12.186936, 50.626367], [12.191639, 50.627504], [12.209002, 50.627866], [12.228071, 50.625437], [12.252927, 50.626316], [12.258973, 50.628176], [12.289979, 50.643421], [12.297575, 50.648407], [12.301503, 50.65156], [12.321812, 50.674013], [12.312355, 50.6767], [12.298971, 50.67577], [12.289669, 50.676184], [12.285483, 50.67701], [12.281917, 50.678251], [12.278817, 50.679698], [12.275716, 50.682746], [12.271995, 50.686881], [12.26719, 50.695459], [12.265484, 50.700988], [12.267345, 50.707861], [12.26967, 50.711427], [12.2706, 50.714889], [12.268895, 50.718248], [12.262849, 50.722176], [12.258043, 50.723132], [12.254012, 50.723054], [12.248586, 50.721969], [12.244969, 50.721814], [12.241248, 50.722176], [12.240163, 50.725741], [12.241558, 50.731116], [12.249206, 50.742588], [12.255097, 50.746412], [12.259748, 50.748195], [12.265794, 50.74791], [12.26905, 50.748427], [12.271375, 50.749202], [12.272926, 50.749926], [12.279437, 50.755455], [12.287188, 50.760881], [12.289049, 50.76331], [12.288584, 50.765894], [12.285483, 50.769305], [12.26905, 50.773594], [12.256803, 50.782327], [12.258043, 50.792507], [12.330803, 50.806357], [12.339175, 50.80956], [12.364186, 50.823255], [12.370542, 50.825994], [12.377364, 50.827234], [12.406509, 50.828784], [12.413641, 50.827389], [12.417361, 50.826045], [12.417671, 50.82372], [12.420669, 50.823668], [12.424389, 50.82434], [12.442063, 50.841238], [12.462837, 50.856638], [12.500715, 50.869686], [12.503506, 50.871314], [12.505676, 50.872916], [12.507847, 50.88152], [12.52273, 50.877257], [12.527535, 50.876585], [12.549291, 50.87829], [12.581589, 50.875448], [12.58593, 50.875913], [12.593681, 50.877799], [12.597557, 50.877567], [12.601743, 50.876378], [12.606084, 50.871701], [12.608409, 50.870151], [12.61089, 50.870125], [12.618796, 50.875345], [12.627943, 50.884595], [12.630268, 50.886507], [12.636159, 50.889401], [12.646908, 50.892398], [12.647373, 50.896739], [12.647218, 50.899943], [12.626082, 50.928675], [12.602208, 50.952472], [12.573786, 50.963143], [12.559833, 50.96645], [12.545726, 50.971256], [12.532393, 50.979679], [12.521954, 50.995027], [12.494514, 51.024586], [12.491414, 51.028462], [12.483662, 51.058331], [12.328943, 51.087838], [12.264554, 51.083756], [12.222644, 51.088975], [12.218304, 51.0913], [12.214893, 51.094918], [12.212102, 51.103134], [12.212568, 51.10732], [12.211172, 51.111558], [12.206987, 51.115097], [12.188951, 51.124942], [12.179495, 51.136827], [12.184146, 51.164061], [12.162596, 51.167497], [12.153295, 51.170004], [12.15283, 51.177626], [12.158876, 51.182509], [12.163217, 51.186695], [12.164922, 51.18915], [12.166317, 51.191811], [12.167402, 51.194395], [12.168022, 51.197444], [12.164612, 51.226512], [12.160891, 51.236614], [12.141668, 51.252944], [12.140272, 51.273563], [12.136862, 51.281056], [12.135001, 51.283278], [12.133761, 51.285294], [12.133141, 51.286844], [12.132624, 51.289014], [12.132314, 51.291753], [12.133554, 51.296663], [12.136862, 51.30276], [12.146008, 51.313612], [12.152365, 51.317798], [12.158101, 51.319917], [12.172673, 51.320434], [12.176239, 51.32126], [12.179495, 51.322707], [12.181665, 51.324774], [12.183215, 51.32741], [12.184611, 51.331079], [12.186006, 51.336505], [12.186316, 51.343507], [12.184766, 51.35131], [12.178254, 51.362033], [12.174069, 51.367253], [12.171278, 51.37242], [12.170038, 51.375366], [12.170968, 51.39154], [12.167557, 51.414304], [12.162596, 51.421487], [12.160271, 51.423476], [12.158721, 51.425699], [12.158101, 51.428541], [12.158101, 51.440297], [12.15686, 51.443165], [12.15624, 51.446111], [12.157015, 51.449005], [12.161821, 51.45226], [12.173138, 51.457221], [12.175619, 51.45903], [12.18151, 51.465696], [12.183991, 51.467505], [12.187246, 51.469003], [12.190708, 51.47014], [12.195359, 51.482], [12.195359, 51.528741], [12.222179, 51.542513], [12.224815, 51.544451], [12.226365, 51.546518], [12.227915, 51.549205], [12.229776, 51.554373], [12.230861, 51.558559], [12.232411, 51.560729], [12.235357, 51.56215], [12.242488, 51.560677], [12.252152, 51.557163], [12.267345, 51.553339], [12.29773, 51.551221], [12.305947, 51.552254], [12.356383, 51.567757], [12.43059, 51.57246], [12.434776, 51.573958], [12.437877, 51.57848], [12.439427, 51.582175], [12.443458, 51.60145], [12.45245, 51.603776], [12.459271, 51.604344], [12.532393, 51.60176], [12.545105, 51.595972], [12.64143, 51.606463], [12.645978, 51.605481], [12.648613, 51.603465], [12.650474, 51.601166], [12.65497, 51.600468], [12.662101, 51.60145], [12.675433, 51.607393], [12.682875, 51.612664], [12.690471, 51.622327], [12.7006, 51.632921], [12.715328, 51.638192], [12.752225, 51.634988], [12.781577, 51.627004], [12.8008, 51.632663], [12.853097, 51.659793], [12.862037, 51.668319], [12.891027, 51.670076], [12.901983, 51.6554], [12.914695, 51.649897], [12.929785, 51.646357], [12.941877, 51.645091], [12.96415, 51.637985], [12.977844, 51.627702], [12.990608, 51.629149], [12.996964, 51.633231], [13.001615, 51.635091], [13.008746, 51.636693], [13.015258, 51.635091], [13.022854, 51.631681], [13.043835, 51.617935], [13.061663, 51.615093], [13.073135, 51.612354], [13.101092, 51.590908], [13.11489, 51.585017], [13.122641, 51.583105], [13.127292, 51.584138], [13.130238, 51.585689], [13.133648, 51.586671], [13.137369, 51.586619], [13.140935, 51.585379], [13.153854, 51.578247], [13.166101, 51.573312], [13.169202, 51.570599], [13.171527, 51.566207], [13.169512, 51.558869], [13.167651, 51.554683], [13.165481, 51.551272], [13.165326, 51.545304], [13.175093, 51.536545], [13.196022, 51.528638], [13.199639, 51.524349], [13.20305, 51.518044], [13.208476, 51.503833], [13.210336, 51.496495], [13.210491, 51.490863], [13.207391, 51.486496], [13.203773, 51.48417], [13.196022, 51.48138], [13.192921, 51.479959], [13.190751, 51.478098], [13.189045, 51.476186], [13.191991, 51.469882], [13.198089, 51.466678], [13.199949, 51.458048], [13.197469, 51.447093], [13.198192, 51.432804], [13.193231, 51.422598], [13.190906, 51.419704], [13.18858, 51.417844], [13.177263, 51.411229], [13.175093, 51.409214], [13.173853, 51.406837], [13.173853, 51.403736], [13.174628, 51.400455], [13.176023, 51.396501], [13.177728, 51.393478], [13.181294, 51.388026], [13.184085, 51.386528], [13.18765, 51.385236], [13.193696, 51.390972], [13.198812, 51.393969], [13.203463, 51.397664], [13.214522, 51.396605], [13.21938, 51.402935], [13.232454, 51.401411], [13.239172, 51.398672], [13.252194, 51.385236], [13.270849, 51.388595], [13.363143, 51.408335], [13.377923, 51.413245], [13.38738, 51.419704], [13.397767, 51.421719], [13.410789, 51.421409], [13.45766, 51.406992], [13.472077, 51.399214], [13.479519, 51.393349], [13.491198, 51.38937], [13.50515, 51.382497], [13.521738, 51.366942], [13.533882, 51.363739], [13.545509, 51.365625], [13.555121, 51.366271], [13.568299, 51.364824], [13.614394, 51.355315], [13.73108, 51.350173], [13.766478, 51.347977], [13.873396, 51.356297], [13.938405, 51.361361], [13.945847, 51.359863], [13.956079, 51.358726], [13.960575, 51.357046], [13.966621, 51.358106], [13.970341, 51.359191], [13.987911, 51.377872], [14.043929, 51.428076], [14.059277, 51.450736], [14.060672, 51.45872], [14.061137, 51.466368], [14.067028, 51.473861], [14.106147, 51.5059], [14.118549, 51.51298], [14.158754, 51.526881], [14.220972, 51.536286], [14.268928, 51.532359], [14.30474, 51.52409], [14.338588, 51.509931], [14.377242, 51.515512], [14.509275, 51.556853], [14.55258, 51.564501], [14.573509, 51.56507], [14.595368, 51.562486], [14.620379, 51.553262], [14.663374, 51.542074], [14.706576, 51.540834], [14.70677, 51.540828], [14.710037, 51.530241], [14.732155, 51.515823], [14.797474, 51.502103], [14.818558, 51.492698], [14.818558, 51.492595], [14.841399, 51.48443], [14.888321, 51.475748], [14.910955, 51.468978], [14.926561, 51.46133], [14.945061, 51.449186], [14.955397, 51.435415], [14.946922, 51.422909], [14.950648, 51.396539], [14.956637, 51.354153], [14.956637, 51.353223], [14.960978, 51.335291], [14.963768, 51.328393], [14.982269, 51.308006], [15.004903, 51.291289], [15.019476, 51.271678], [15.014308, 51.242661], [15.017925, 51.239561], [15.022059, 51.23677], [15.004903, 51.215609], [14.991364, 51.18897], [14.983199, 51.160909], [14.982062, 51.13564], [14.979995, 51.122798], [14.97338, 51.116132], [14.965629, 51.111507], [14.960254, 51.104582], [14.958497, 51.094738], [14.958291, 51.075514], [14.955293, 51.064042], [14.910645, 50.992651], [14.860209, 50.916842], [14.824655, 50.89183], [14.810496, 50.877051], [14.810393, 50.858447], [14.79458, 50.831627], [14.785071, 50.820052], [14.775356, 50.812972], [14.759233, 50.810181], [14.737529, 50.810698], [14.700425, 50.815969], [14.662185, 50.834366], [14.647922, 50.839379], [14.613195, 50.84558], [14.608338, 50.853073], [14.611852, 50.870953], [14.628802, 50.896119], [14.634589, 50.9094], [14.629215, 50.920717], [14.617123, 50.920872], [14.561829, 50.906351], [14.550357, 50.912087], [14.555835, 50.924283], [14.567824, 50.938649], [14.575575, 50.95069], [14.577435, 50.965727], [14.574335, 50.975494], [14.566687, 50.983401], [14.554594, 50.992651], [14.542295, 50.998749], [14.51532, 51.003038], [14.502918, 51.008516], [14.493513, 51.016706], [14.490102, 51.022701], [14.487932, 51.028721], [14.482144, 51.037196], [14.473462, 51.023372], [14.462094, 51.019652], [14.425817, 51.020944], [14.397808, 51.013115]]]}}, {"type": "Feature", "properties": {"code": "DE-BY", "name": "Bayern", "country": "DE", "level": "region", "type": "land"}, "geometry": {"type": "Polygon", "coordinates": [[[12.101344, 50.31398], [12.076141, 50.315173], [12.099189, 50.299773], [12.10725, 50.290885], [12.110971, 50.276622], [12.109111, 50.263806], [12.102393, 50.259156], [12.092057, 50.254815], [12.079552, 50.242722], [12.089887, 50.230837], [12.13929, 50.211045], [12.163784, 50.193785], [12.17505, 50.182623], [12.182698, 50.170737], [12.185592, 50.155699], [12.178564, 50.132962], [12.179184, 50.117976], [12.187865, 50.102834], [12.202025, 50.094514], [12.218044, 50.088572], [12.232514, 50.08051], [12.241402, 50.07064], [12.243469, 50.060408], [12.243676, 50.051313], [12.24688, 50.044957], [12.398189, 49.992764], [12.399222, 49.992764], [12.414518, 49.983048], [12.451312, 49.980568], [12.468158, 49.970233], [12.470742, 49.955608], [12.463818, 49.942121], [12.462681, 49.931269], [12.503608, 49.915766], [12.517871, 49.9122], [12.524072, 49.904965], [12.520972, 49.885535], [12.51291, 49.870239], [12.489863, 49.842695], [12.482524, 49.827244], [12.462474, 49.831223], [12.456376, 49.817115], [12.455859, 49.796135], [12.452655, 49.779702], [12.436739, 49.769263], [12.395398, 49.757894], [12.383616, 49.742856], [12.388577, 49.732314], [12.398912, 49.719499], [12.419583, 49.700223], [12.433949, 49.6918], [12.449245, 49.68503], [12.482524, 49.674695], [12.496374, 49.669993], [12.504642, 49.659399], [12.505365, 49.646118], [12.496891, 49.633871], [12.499474, 49.632527], [12.507432, 49.629995], [12.502678, 49.62214], [12.501955, 49.619711], [12.512187, 49.61165], [12.536061, 49.603123], [12.546603, 49.595579], [12.553631, 49.584726], [12.558282, 49.562557], [12.562313, 49.550827], [12.568721, 49.538838], [12.575025, 49.529898], [12.58288, 49.522405], [12.593732, 49.515015], [12.604998, 49.512793], [12.61554, 49.513775], [12.622981, 49.509847], [12.624325, 49.493001], [12.627218, 49.460186], [12.632179, 49.44396], [12.643548, 49.42949], [12.663082, 49.418897], [12.709177, 49.404737], [12.729331, 49.391147], [12.762094, 49.343242], [12.777907, 49.332545], [12.797751, 49.327843], [12.856662, 49.32221], [12.875369, 49.323864], [12.870925, 49.336731], [12.88467, 49.339573], [12.922911, 49.332701], [12.939861, 49.326758], [12.95433, 49.31911], [12.982442, 49.299628], [12.999806, 49.294925], [13.005387, 49.28676], [13.00673, 49.277097], [13.011278, 49.267795], [13.043214, 49.242939], [13.04342, 49.242784], [13.055823, 49.238184], [13.14946, 49.15483], [13.162586, 49.135142], [13.178503, 49.118347], [13.206821, 49.107495], [13.267283, 49.105634], [13.287333, 49.10057], [13.299529, 49.093645], [13.329915, 49.066929], [13.372393, 49.038507], [13.383555, 49.021092], [13.384175, 48.993031], [13.398541, 48.977683], [13.427273, 48.959958], [13.458899, 48.945024], [13.482257, 48.937634], [13.492592, 48.955049], [13.5021, 48.966056], [13.51595, 48.970242], [13.522395, 48.969342], [13.538894, 48.967038], [13.556464, 48.959958], [13.573414, 48.951018], [13.590467, 48.944817], [13.608657, 48.946161], [13.611138, 48.927247], [13.621783, 48.909057], [13.637389, 48.893451], [13.654443, 48.882237], [13.673356, 48.876346], [13.710615, 48.87247], [13.724671, 48.867303], [13.747925, 48.843376], [13.796191, 48.779814], [13.815725, 48.76643], [13.785856, 48.724779], [13.783582, 48.71527], [13.78875, 48.716511], [13.799395, 48.70261], [13.804356, 48.699561], [13.816862, 48.695582], [13.803529, 48.687159], [13.800945, 48.675221], [13.806216, 48.642923], [13.805493, 48.626129], [13.802392, 48.611711], [13.796191, 48.598585], [13.779034, 48.573935], [13.77428, 48.569207], [13.766012, 48.563755], [13.758054, 48.561481], [13.73728, 48.559259], [13.733869, 48.559776], [13.725394, 48.548381], [13.716506, 48.521691], [13.714336, 48.523215], [13.673356, 48.535488], [13.65806, 48.551094], [13.641834, 48.559104], [13.624367, 48.565357], [13.520704, 48.584581], [13.487218, 48.581584], [13.454558, 48.573445], [13.445566, 48.567915], [13.440089, 48.560965], [13.440709, 48.557347], [13.443706, 48.552851], [13.447737, 48.534816], [13.457039, 48.525179], [13.459209, 48.516394], [13.456418, 48.506653], [13.442983, 48.487713], [13.438228, 48.478541], [13.436368, 48.469239], [13.438228, 48.440998], [13.436161, 48.430585], [13.431717, 48.423712], [13.42717, 48.418544], [13.425206, 48.413377], [13.419522, 48.392164], [13.405569, 48.376583], [13.307797, 48.319636], [13.274207, 48.307104], [13.136438, 48.291059], [13.032775, 48.263567], [13.016652, 48.255893], [12.979445, 48.232018], [12.947199, 48.220004], [12.931696, 48.211632], [12.93304, 48.209255], [12.877642, 48.202046], [12.862553, 48.196646], [12.853458, 48.18998], [12.835164, 48.170704], [12.822142, 48.160679], [12.782351, 48.142024], [12.77832, 48.138717], [12.764058, 48.123756], [12.75796, 48.121896], [12.751449, 48.122103], [12.745041, 48.12063], [12.738943, 48.113447], [12.736979, 48.099959], [12.742043, 48.086782], [12.750932, 48.074741], [12.760234, 48.064871], [12.830617, 48.015468], [12.845603, 47.993144], [12.848246, 47.982389], [12.8486, 47.980948], [12.853975, 47.970484], [12.862036, 47.962552], [12.886014, 47.952888], [12.906168, 47.93891], [12.914229, 47.93599], [12.931076, 47.924879], [12.964976, 47.871963], [12.986576, 47.850259], [12.991227, 47.847106], [12.926735, 47.777395], [12.921257, 47.76954], [12.919294, 47.763184], [12.918984, 47.756776], [12.917227, 47.750161], [12.910819, 47.74303], [12.910612, 47.742927], [12.892009, 47.723548], [12.908338, 47.71236], [12.964045, 47.705358], [12.979032, 47.707089], [13.004353, 47.714608], [13.019856, 47.712929], [13.032258, 47.706624], [13.044557, 47.696573], [13.064091, 47.67399], [13.072049, 47.659469], [13.07484, 47.646654], [13.07422, 47.63451], [13.072049, 47.622417], [13.069569, 47.620247], [13.057683, 47.600429], [13.057063, 47.597664], [13.04094, 47.58335], [13.038253, 47.584022], [13.03908, 47.561336], [13.04125, 47.561904], [13.040113, 47.560457], [13.030605, 47.544257], [13.028124, 47.541647], [13.028124, 47.524232], [13.028951, 47.518031], [13.031225, 47.512553], [13.034429, 47.507437], [13.037013, 47.501365], [13.037323, 47.493045], [13.008797, 47.470101], [13.001873, 47.466019], [12.991124, 47.465683], [12.984923, 47.468267], [12.979342, 47.472246], [12.96973, 47.475734], [12.959291, 47.475527], [12.951023, 47.472478], [12.942548, 47.470489], [12.931593, 47.473512], [12.882603, 47.498575], [12.836921, 47.532655], [12.828446, 47.537255], [12.819041, 47.539528], [12.803642, 47.541337], [12.77894, 47.554825], [12.773669, 47.5795], [12.785865, 47.602677], [12.81315, 47.611824], [12.793307, 47.624794], [12.767365, 47.63637], [12.751655, 47.649392], [12.761991, 47.666859], [12.744834, 47.66536], [12.688713, 47.675127], [12.653057, 47.675127], [12.6174, 47.669339], [12.598383, 47.66288], [12.563375, 47.641761], [12.553838, 47.636008], [12.538232, 47.631331], [12.517148, 47.628541], [12.49658, 47.628903], [12.482524, 47.633579], [12.452759, 47.649754], [12.444697, 47.656291], [12.43922, 47.664482], [12.428781, 47.685798], [12.42413, 47.69156], [12.407697, 47.693731], [12.368423, 47.683551], [12.351473, 47.68169], [12.293699, 47.69001], [12.271891, 47.687891], [12.249567, 47.680011], [12.238715, 47.6789], [12.228793, 47.684868], [12.223315, 47.695901], [12.226623, 47.702878], [12.233031, 47.708872], [12.236545, 47.716778], [12.239128, 47.72745], [12.242229, 47.732023], [12.239749, 47.731687], [12.225176, 47.727372], [12.216494, 47.723703], [12.192413, 47.710164], [12.1766, 47.705823], [12.178564, 47.697658], [12.181768, 47.692129], [12.189106, 47.685566], [12.197271, 47.680088], [12.202335, 47.677789], [12.205125, 47.672285], [12.206779, 47.645568], [12.205745, 47.636215], [12.202128, 47.629833], [12.173603, 47.60508], [12.165645, 47.603969], [11.935891, 47.610738], [11.851969, 47.599163], [11.840703, 47.594615], [11.830678, 47.577614], [11.820343, 47.575288], [11.764015, 47.583117], [11.682573, 47.58335], [11.638958, 47.589241], [11.620458, 47.589654], [11.617048, 47.586761], [11.589142, 47.570379], [11.582321, 47.559785], [11.574466, 47.536634], [11.569402, 47.527384], [11.551212, 47.51369], [11.529508, 47.507851], [11.482585, 47.50258], [11.459951, 47.507437], [11.435353, 47.509711], [11.412616, 47.506094], [11.365487, 47.469326], [11.377786, 47.467052], [11.388638, 47.46222], [11.392462, 47.454779], [11.383884, 47.444857], [11.367657, 47.440129], [11.324249, 47.439431], [11.305645, 47.4354], [11.286318, 47.423205], [11.273089, 47.411112], [11.258827, 47.400725], [11.237019, 47.393956], [11.213041, 47.395816], [11.215212, 47.422998], [11.193818, 47.428941], [11.168599, 47.424264], [11.10328, 47.393568], [11.083747, 47.389512], [10.979464, 47.390545], [10.965511, 47.396075], [10.955279, 47.409614], [10.957656, 47.409717], [10.96086, 47.414316], [10.963134, 47.421241], [10.962824, 47.427959], [10.959827, 47.432506], [10.909907, 47.46899], [10.858438, 47.485165], [10.851616, 47.493097], [10.883862, 47.508006], [10.892234, 47.514879], [10.86929, 47.526583], [10.858644, 47.530666], [10.844795, 47.531312], [10.830636, 47.528573], [10.790328, 47.516067], [10.760769, 47.513638], [10.752191, 47.515395], [10.74723, 47.52015], [10.743923, 47.525317], [10.739892, 47.52847], [10.60791, 47.562266], [10.583726, 47.562473], [10.569876, 47.555936], [10.549619, 47.536789], [10.536907, 47.529865], [10.525125, 47.52847], [10.482543, 47.532862], [10.466937, 47.53772], [10.458772, 47.541647], [10.453501, 47.546246], [10.451744, 47.554825], [10.455465, 47.561181], [10.460322, 47.565987], [10.461563, 47.569914], [10.457118, 47.579242], [10.453604, 47.581102], [10.445956, 47.579061], [10.429213, 47.57702], [10.414227, 47.573015], [10.415674, 47.564385], [10.424356, 47.553352], [10.43097, 47.542164], [10.42973, 47.532914], [10.419601, 47.493045], [10.433657, 47.487852], [10.442236, 47.481392], [10.44761, 47.472581], [10.451744, 47.460205], [10.451951, 47.438759], [10.442856, 47.41628], [10.428283, 47.396049], [10.411643, 47.381037], [10.403065, 47.377109], [10.381981, 47.372122], [10.371646, 47.367394], [10.365651, 47.361115], [10.34343, 47.330756], [10.325447, 47.314322], [10.305913, 47.302178], [10.261161, 47.283497], [10.239354, 47.277735], [10.174951, 47.272376], [10.159876, 47.271121], [10.155431, 47.272878], [10.159462, 47.279131], [10.168661, 47.290422], [10.172691, 47.292308], [10.18592, 47.294995], [10.190778, 47.298251], [10.193259, 47.304917], [10.192742, 47.310912], [10.190468, 47.317475], [10.208555, 47.354475], [10.209278, 47.372484], [10.190881, 47.379228], [10.146956, 47.373802], [10.135071, 47.364888], [10.130833, 47.362666], [10.125666, 47.362692], [10.11533, 47.366955], [10.11037, 47.367394], [10.097244, 47.363131], [10.089596, 47.359281], [10.082878, 47.359074], [10.073162, 47.365482], [10.067788, 47.375042], [10.066858, 47.385791], [10.064171, 47.396178], [10.053215, 47.40486], [10.075953, 47.416874], [10.080604, 47.42739], [10.071819, 47.439121], [10.022623, 47.487955], [10.011254, 47.484441], [10.002366, 47.47917], [9.993581, 47.476586], [9.982625, 47.481031], [9.981075, 47.48687], [9.980765, 47.489919], [9.980765, 47.492942], [9.97167, 47.506404], [9.959164, 47.514879], [9.948726, 47.524232], [9.945935, 47.540769], [9.933843, 47.534206], [9.918753, 47.53219], [9.888988, 47.533792], [9.858912, 47.541337], [9.853848, 47.540407], [9.841549, 47.535032], [9.833487, 47.534619], [9.813127, 47.54175], [9.809303, 47.552318], [9.811266, 47.564488], [9.807959, 47.576322], [9.79628, 47.584952], [9.782121, 47.588414], [9.767135, 47.587277], [9.752665, 47.582058], [9.730858, 47.564901], [9.718455, 47.546711], [9.703986, 47.531415], [9.676701, 47.52263], [9.612622, 47.521881], [9.554144, 47.532743], [9.554435, 47.533016], [9.601461, 47.577096], [9.61221, 47.587742], [9.61438, 47.588878], [9.619961, 47.590506], [9.646781, 47.593994], [9.654533, 47.59601], [9.658718, 47.597663], [9.659183, 47.599472], [9.660579, 47.602004], [9.664299, 47.606397], [9.680009, 47.611564], [9.686365, 47.611358], [9.715046, 47.604847], [9.760056, 47.620375], [9.834211, 47.665101], [9.852867, 47.671819], [9.864649, 47.674816], [9.872245, 47.673421], [9.905008, 47.663215], [9.929193, 47.659262], [9.953274, 47.659468], [9.969707, 47.662362], [9.987535, 47.667246], [10.009136, 47.675385], [10.033941, 47.680036], [10.045878, 47.680449], [10.052699, 47.679726], [10.057815, 47.678227], [10.060348, 47.67554], [10.065153, 47.664274], [10.069184, 47.657582], [10.075695, 47.649702], [10.085462, 47.658022], [10.086703, 47.672543], [10.088408, 47.677013], [10.090113, 47.679261], [10.091974, 47.679829], [10.093369, 47.679726], [10.111972, 47.674713], [10.121481, 47.673886], [10.124736, 47.675281], [10.127062, 47.677297], [10.128612, 47.679881], [10.130162, 47.683136], [10.131403, 47.687916], [10.131248, 47.690991], [10.130162, 47.693859], [10.126442, 47.70081], [10.122721, 47.71099], [10.119155, 47.729593], [10.11807, 47.758687], [10.11714, 47.762821], [10.1159, 47.76525], [10.113988, 47.767317], [10.111972, 47.768067], [10.104066, 47.768041], [10.100965, 47.768712], [10.099105, 47.770056], [10.096779, 47.774707], [10.093214, 47.778634], [10.086082, 47.782613], [10.080191, 47.787032], [10.079261, 47.790003], [10.080346, 47.793155], [10.084997, 47.798943], [10.087478, 47.800752], [10.089338, 47.801682], [10.092439, 47.802147], [10.109492, 47.802457], [10.112282, 47.803852], [10.114453, 47.805894], [10.11652, 47.809614], [10.11807, 47.811914], [10.120085, 47.813516], [10.122411, 47.814239], [10.123806, 47.814498], [10.129542, 47.816513], [10.110887, 47.844909], [10.107631, 47.854237], [10.103911, 47.859921], [10.102205, 47.861782], [10.100965, 47.862195], [10.09988, 47.862298], [10.099105, 47.862298], [10.096934, 47.861368], [10.094919, 47.861136], [10.092594, 47.861162], [10.088098, 47.862376], [10.086547, 47.864546], [10.086082, 47.865864], [10.086547, 47.867156], [10.090113, 47.870153], [10.091198, 47.870903], [10.092594, 47.871497], [10.095539, 47.87359], [10.097089, 47.875373], [10.098175, 47.877931], [10.100965, 47.890307], [10.10205, 47.893485], [10.106236, 47.897749], [10.107786, 47.902709], [10.109182, 47.910151], [10.110267, 47.933948], [10.109492, 47.937798], [10.097555, 47.946118], [10.095539, 47.948236], [10.087013, 47.960277], [10.085307, 47.965961], [10.085462, 47.970147], [10.087788, 47.973093], [10.090888, 47.975263], [10.093214, 47.976555], [10.100655, 47.979604], [10.130162, 48.034924], [10.137604, 48.056912], [10.140084, 48.083629], [10.139309, 48.094429], [10.136209, 48.107296], [10.109337, 48.148017], [10.069959, 48.268966], [10.054095, 48.304855], [10.049909, 48.310592], [10.035801, 48.324596], [10.022314, 48.340693], [10.003865, 48.368056], [10.003038, 48.368934], [10.001953, 48.369761], [10.001023, 48.370097], [9.999938, 48.370381], [9.998853, 48.370485], [9.996682, 48.370174], [9.989551, 48.370174], [9.980559, 48.381337], [10.036576, 48.433401], [10.043863, 48.436579], [10.041072, 48.44247], [10.040297, 48.446346], [10.040762, 48.450015], [10.046033, 48.457999], [10.050529, 48.462236], [10.059056, 48.468437], [10.064068, 48.471228], [10.067944, 48.472235], [10.080191, 48.472907], [10.098175, 48.476008], [10.10143, 48.477093], [10.108717, 48.481511], [10.121171, 48.487222], [10.125046, 48.4881], [10.130007, 48.487842], [10.131868, 48.487402], [10.133418, 48.48686], [10.136984, 48.484147], [10.138069, 48.483062], [10.139154, 48.481201], [10.139929, 48.479057], [10.140549, 48.472494], [10.141324, 48.470633], [10.14241, 48.46929], [10.144115, 48.468101], [10.146285, 48.467042], [10.148146, 48.466448], [10.153417, 48.465828], [10.250568, 48.505153], [10.253204, 48.516341], [10.254289, 48.518021], [10.25677, 48.520915], [10.262351, 48.525385], [10.265606, 48.527167], [10.268242, 48.528304], [10.276768, 48.529725], [10.314957, 48.531095], [10.317438, 48.531663], [10.319453, 48.532645], [10.317283, 48.533265], [10.314337, 48.534506], [10.312632, 48.535952], [10.311392, 48.537219], [10.311392, 48.539777], [10.312477, 48.543446], [10.322864, 48.561972], [10.324104, 48.568483], [10.324414, 48.573159], [10.323794, 48.579464], [10.322244, 48.583598], [10.320693, 48.586595], [10.315732, 48.59228], [10.313252, 48.595897], [10.312322, 48.598119], [10.311702, 48.600496], [10.311082, 48.604915], [10.311857, 48.606749], [10.313097, 48.60817], [10.318678, 48.610341], [10.326585, 48.612175], [10.32922, 48.613674], [10.333561, 48.617214], [10.333561, 48.620934], [10.332941, 48.623286], [10.331235, 48.624888], [10.328755, 48.62636], [10.320383, 48.629487], [10.314802, 48.633052], [10.309996, 48.636825], [10.304725, 48.63977], [10.298989, 48.64207], [10.293408, 48.643646], [10.289222, 48.645351], [10.287052, 48.646928], [10.285502, 48.648943], [10.2839, 48.652586], [10.282039, 48.654912], [10.280024, 48.656539], [10.277078, 48.658529], [10.273358, 48.662353], [10.269482, 48.669484], [10.270412, 48.681137], [10.271807, 48.683127], [10.273513, 48.683902], [10.282505, 48.691137], [10.289843, 48.700077], [10.293873, 48.703022], [10.298059, 48.703487], [10.302865, 48.700542], [10.311702, 48.694082], [10.316353, 48.691395], [10.320073, 48.690052], [10.325344, 48.688966], [10.346015, 48.69], [10.351131, 48.68876], [10.354386, 48.686228], [10.361673, 48.674006], [10.368029, 48.666694], [10.370199, 48.66504], [10.371905, 48.664498], [10.374695, 48.665118], [10.378881, 48.667262], [10.424201, 48.701989], [10.431023, 48.705089], [10.435208, 48.705115], [10.439394, 48.704004], [10.44172, 48.702635], [10.444355, 48.699302], [10.443425, 48.697648], [10.44141, 48.696356], [10.437999, 48.695374], [10.437069, 48.692739], [10.437844, 48.690155], [10.437999, 48.687416], [10.433813, 48.681525], [10.432573, 48.679277], [10.432108, 48.677649], [10.431953, 48.675246], [10.432573, 48.672792], [10.433658, 48.67088], [10.435208, 48.669071], [10.436604, 48.668141], [10.438464, 48.667572], [10.451797, 48.672792], [10.495101, 48.699457], [10.477118, 48.721574], [10.474637, 48.728628], [10.471072, 48.733744], [10.469056, 48.735423], [10.467351, 48.735837], [10.460685, 48.734984], [10.441099, 48.741806], [10.433968, 48.747981], [10.433038, 48.749609], [10.432728, 48.750513], [10.431643, 48.755887], [10.431488, 48.760822], [10.431798, 48.763432], [10.432418, 48.765783], [10.433658, 48.767928], [10.434588, 48.769168], [10.436139, 48.770512], [10.438619, 48.771804], [10.439704, 48.774801], [10.440169, 48.780227], [10.439084, 48.793818], [10.439394, 48.799864], [10.441099, 48.804205], [10.4442, 48.806479], [10.450866, 48.810122], [10.452313, 48.811336], [10.454019, 48.813765], [10.455569, 48.817692], [10.458359, 48.826322], [10.459135, 48.83056], [10.45898, 48.833505], [10.458049, 48.835159], [10.457119, 48.836735], [10.449316, 48.845649], [10.448386, 48.847949], [10.448076, 48.849628], [10.448386, 48.850559], [10.451797, 48.857587], [10.452468, 48.859008], [10.452933, 48.860532], [10.456344, 48.887662], [10.456344, 48.894458], [10.455569, 48.898928], [10.453864, 48.90022], [10.44575, 48.904819], [10.44482, 48.906472], [10.445595, 48.907661], [10.448231, 48.908617], [10.459445, 48.911278], [10.462545, 48.912415], [10.467351, 48.914999], [10.468126, 48.917996], [10.467506, 48.921149], [10.4627, 48.930399], [10.46022, 48.936781], [10.458824, 48.93939], [10.456809, 48.941612], [10.454174, 48.943576], [10.448541, 48.946315], [10.44575, 48.948847], [10.441565, 48.957193], [10.439859, 48.959492], [10.438774, 48.960629], [10.437379, 48.961818], [10.435673, 48.9628], [10.422806, 48.972618], [10.415055, 48.98285], [10.3733, 49.005407], [10.367254, 49.010807], [10.363533, 49.020807], [10.359967, 49.028377], [10.357177, 49.031581], [10.354231, 49.03339], [10.342449, 49.033286], [10.339452, 49.033545], [10.337282, 49.034165], [10.320073, 49.041141], [10.315887, 49.042071], [10.312632, 49.042226], [10.305345, 49.041684], [10.300385, 49.042123], [10.282194, 49.046464], [10.277078, 49.048376], [10.274443, 49.050185], [10.274288, 49.051632], [10.274598, 49.053182], [10.276303, 49.056024], [10.277234, 49.057368], [10.278319, 49.06052], [10.278319, 49.066411], [10.263126, 49.074963], [10.25925, 49.078839], [10.25894, 49.080209], [10.25925, 49.081656], [10.261265, 49.085635], [10.262506, 49.089252], [10.261421, 49.091061], [10.259715, 49.092094], [10.255374, 49.092533], [10.245763, 49.094678], [10.234911, 49.09876], [10.23119, 49.100957], [10.22964, 49.102972], [10.23057, 49.10429], [10.231965, 49.105582], [10.23398, 49.106305], [10.236151, 49.106383], [10.240492, 49.10584], [10.244522, 49.10584], [10.246693, 49.10615], [10.248863, 49.106719], [10.251189, 49.107675], [10.252894, 49.109044], [10.253979, 49.110439], [10.256305, 49.114625], [10.257235, 49.11602], [10.258475, 49.117416], [10.260025, 49.118837], [10.262041, 49.122067], [10.264056, 49.126821], [10.265761, 49.138241], [10.264831, 49.143667], [10.263281, 49.147595], [10.261421, 49.149093], [10.245763, 49.158989], [10.243902, 49.15992], [10.241732, 49.160462], [10.239406, 49.160565], [10.237081, 49.160385], [10.234445, 49.159765], [10.223387, 49.154804], [10.221061, 49.154494], [10.218736, 49.155088], [10.205093, 49.163769], [10.184784, 49.182941], [10.180599, 49.185887], [10.176723, 49.188083], [10.158688, 49.196041], [10.150316, 49.200925], [10.147681, 49.203483], [10.146906, 49.205395], [10.148611, 49.206402], [10.150626, 49.206868], [10.154967, 49.207126], [10.157293, 49.20772], [10.159308, 49.208986], [10.161323, 49.212139], [10.159928, 49.214619], [10.156672, 49.21741], [10.150161, 49.22175], [10.147061, 49.225445], [10.1452, 49.229347], [10.145045, 49.233869], [10.145355, 49.237253], [10.1452, 49.246142], [10.14427, 49.250017], [10.143805, 49.250482], [10.130007, 49.260249], [10.127372, 49.263815], [10.126752, 49.267587], [10.127527, 49.269913], [10.128922, 49.272032], [10.130627, 49.272703], [10.132643, 49.272342], [10.137139, 49.269809], [10.140084, 49.268518], [10.150006, 49.265985], [10.154192, 49.265675], [10.157448, 49.266761], [10.159153, 49.268931], [10.159773, 49.275339], [10.157448, 49.280713], [10.150161, 49.290583], [10.147526, 49.295544], [10.146751, 49.29911], [10.154192, 49.313347], [10.154037, 49.31668], [10.152642, 49.319135], [10.150936, 49.320142], [10.149541, 49.320762], [10.146906, 49.321228], [10.14365, 49.321538], [10.138379, 49.323036], [10.131558, 49.326085], [10.121791, 49.33487], [10.119155, 49.34164], [10.11931, 49.348073], [10.121326, 49.351639], [10.121791, 49.369545], [10.139619, 49.383549], [10.14427, 49.384376], [10.151091, 49.384686], [10.157293, 49.382438], [10.162098, 49.381172], [10.16985, 49.380294], [10.171555, 49.382051], [10.17109, 49.384324], [10.142255, 49.430782], [10.140394, 49.432874], [10.138224, 49.434192], [10.134038, 49.435742], [10.114608, 49.440316], [10.112437, 49.44215], [10.112902, 49.444527], [10.115073, 49.446646], [10.121016, 49.451194], [10.124426, 49.455948], [10.132023, 49.472381], [10.121946, 49.487161], [10.120551, 49.49207], [10.121481, 49.493775], [10.125822, 49.499976], [10.128922, 49.505557], [10.128922, 49.508761], [10.127527, 49.511448], [10.123341, 49.513748], [10.11993, 49.51473], [10.117915, 49.514885], [10.115228, 49.514885], [10.111972, 49.514549], [10.108872, 49.51504], [10.105306, 49.516125], [10.09864, 49.519458], [10.096469, 49.52168], [10.096004, 49.523592], [10.0974, 49.525815], [10.09802, 49.527158], [10.09926, 49.528605], [10.102671, 49.534005], [10.102671, 49.536021], [10.10174, 49.537597], [10.096159, 49.540516], [10.092904, 49.541834], [10.085152, 49.544315], [10.061123, 49.531912], [10.05735, 49.527287], [10.05828, 49.52628], [10.059366, 49.525401], [10.060348, 49.524419], [10.062518, 49.522636], [10.063913, 49.521784], [10.065929, 49.519665], [10.066859, 49.517185], [10.067479, 49.511888], [10.065774, 49.509226], [10.037196, 49.488117], [10.027895, 49.483233], [10.019678, 49.480339], [9.947693, 49.479306], [9.938805, 49.480468], [9.936324, 49.481735], [9.936014, 49.48313], [9.936634, 49.484732], [9.936789, 49.486437], [9.931983, 49.506229], [9.931673, 49.510208], [9.932138, 49.514239], [9.933534, 49.519148], [9.934154, 49.524032], [9.934154, 49.528579], [9.931673, 49.536796], [9.929813, 49.550361], [9.928728, 49.552221], [9.926247, 49.554443], [9.912915, 49.561471], [9.912295, 49.56235], [9.912605, 49.563383], [9.914, 49.564934], [9.91586, 49.566587], [9.918341, 49.569972], [9.918961, 49.571832], [9.918651, 49.573409], [9.917255, 49.575631], [9.912915, 49.579041], [9.909194, 49.579816], [9.905473, 49.579506], [9.901598, 49.577749], [9.898652, 49.575941], [9.893226, 49.570928], [9.890384, 49.567569], [9.888523, 49.565864], [9.886818, 49.564934], [9.880772, 49.563952], [9.876586, 49.562867], [9.873331, 49.561161], [9.87147, 49.558784], [9.86961, 49.552221], [9.867439, 49.548449], [9.863874, 49.545038], [9.855192, 49.542041], [9.848991, 49.542661], [9.841705, 49.545607], [9.839224, 49.548165], [9.839069, 49.551239], [9.842015, 49.554185], [9.856122, 49.563848], [9.858138, 49.565657], [9.859843, 49.567931], [9.860773, 49.571186], [9.860928, 49.573228], [9.859378, 49.578524], [9.859223, 49.581677], [9.859843, 49.585242], [9.861703, 49.588085], [9.870695, 49.596405], [9.878291, 49.601934], [9.879997, 49.604259], [9.880927, 49.606042], [9.881702, 49.608135], [9.882322, 49.609375], [9.882322, 49.611184], [9.881547, 49.613458], [9.879842, 49.616145], [9.874726, 49.620847], [9.840464, 49.645135], [9.835658, 49.649321], [9.834677, 49.65113], [9.833901, 49.652939], [9.832816, 49.661672], [9.833746, 49.682032], [9.833436, 49.686218], [9.832971, 49.688673], [9.831731, 49.690714], [9.803516, 49.712883], [9.797159, 49.719601], [9.794524, 49.721306], [9.792509, 49.721978], [9.784447, 49.718464], [9.768427, 49.714123], [9.764087, 49.712186], [9.761296, 49.710248], [9.760366, 49.709343], [9.740367, 49.696812], [9.734631, 49.690688], [9.731995, 49.688905], [9.7275, 49.687303], [9.724244, 49.688518], [9.722177, 49.690068], [9.712565, 49.704253], [9.71179, 49.706579], [9.711015, 49.710403], [9.71086, 49.715519], [9.709775, 49.719782], [9.707449, 49.721255], [9.704969, 49.721255], [9.703728, 49.720738], [9.702643, 49.720015], [9.698457, 49.713762], [9.695512, 49.71172], [9.684815, 49.708594], [9.682334, 49.706992], [9.681249, 49.705313], [9.680009, 49.701876], [9.679234, 49.695494], [9.678459, 49.692549], [9.677529, 49.690533], [9.673188, 49.687975], [9.66678, 49.6872], [9.652672, 49.688285], [9.643835, 49.690843], [9.636084, 49.694021], [9.631898, 49.696708], [9.631123, 49.697639], [9.630503, 49.699034], [9.630968, 49.701049], [9.631898, 49.703271], [9.638564, 49.713038], [9.639495, 49.714976], [9.639495, 49.717147], [9.638254, 49.722262], [9.63872, 49.72389], [9.640425, 49.725415], [9.645386, 49.727508], [9.646936, 49.728851], [9.647091, 49.730712], [9.645076, 49.736448], [9.644921, 49.740013], [9.645696, 49.742752], [9.646936, 49.744819], [9.648486, 49.746628], [9.650037, 49.748953], [9.650657, 49.750245], [9.650657, 49.751641], [9.650347, 49.754173], [9.648486, 49.759237], [9.647401, 49.764611], [9.647401, 49.766007], [9.648176, 49.767712], [9.649727, 49.769598], [9.653137, 49.772389], [9.654533, 49.774714], [9.654533, 49.776962], [9.652517, 49.781251], [9.649262, 49.783163], [9.646316, 49.783628], [9.642905, 49.782595], [9.638254, 49.780063], [9.629418, 49.776497], [9.612365, 49.772234], [9.601926, 49.770838], [9.574382, 49.782336], [9.569111, 49.780321], [9.556967, 49.777996], [9.544823, 49.778719], [9.490977, 49.795255], [9.472528, 49.795591], [9.43682, 49.792103], [9.400595, 49.783525], [9.351864, 49.785747], [9.339771, 49.783163], [9.328351, 49.778357], [9.317809, 49.771303], [9.312331, 49.765671], [9.319049, 49.752364], [9.319979, 49.750349], [9.320289, 49.749677], [9.319204, 49.747972], [9.317964, 49.74469], [9.313003, 49.739187], [9.313003, 49.735027], [9.313623, 49.732107], [9.315483, 49.73035], [9.319049, 49.728283], [9.327111, 49.726526], [9.360959, 49.723115], [9.36654, 49.721255], [9.36995, 49.719136], [9.371191, 49.715364], [9.370571, 49.711876], [9.367315, 49.704563], [9.367005, 49.700946], [9.368865, 49.698414], [9.372586, 49.697716], [9.376152, 49.697742], [9.379252, 49.698414], [9.383283, 49.700016], [9.385608, 49.702212], [9.38783, 49.705649], [9.390621, 49.713245], [9.391706, 49.715002], [9.392946, 49.716242], [9.394807, 49.717431], [9.397132, 49.718154], [9.399923, 49.718516], [9.401938, 49.718464], [9.421317, 49.712883], [9.424262, 49.711178], [9.426278, 49.709473], [9.427208, 49.708181], [9.415736, 49.668157], [9.415271, 49.6633], [9.415736, 49.66268], [9.416356, 49.662214], [9.419301, 49.658184], [9.422867, 49.651233], [9.404419, 49.640071], [9.400078, 49.639709], [9.394807, 49.640485], [9.382663, 49.649114], [9.379252, 49.650148], [9.376617, 49.650458], [9.348091, 49.64219], [9.337859, 49.640898], [9.3237, 49.641363], [9.315638, 49.640459], [9.307732, 49.638624], [9.293779, 49.633276], [9.288663, 49.630253], [9.286338, 49.626609], [9.288973, 49.614388], [9.289749, 49.612166], [9.289594, 49.610538], [9.288198, 49.609065], [9.278897, 49.603433], [9.275641, 49.6009], [9.273729, 49.59842], [9.270628, 49.589867], [9.268613, 49.586689], [9.264117, 49.581367], [9.259001, 49.578835], [9.25342, 49.577568], [9.193682, 49.577233], [9.178799, 49.578964], [9.122007, 49.570876], [9.118441, 49.571212], [9.11069, 49.575114], [9.096375, 49.591082], [9.076687, 49.603277], [9.072966, 49.60705], [9.072656, 49.610874], [9.076532, 49.61444], [9.078702, 49.615887], [9.081182, 49.618315], [9.091259, 49.625162], [9.099476, 49.629684], [9.103042, 49.631183], [9.105987, 49.633198], [9.108364, 49.635291], [9.11131, 49.639813], [9.110225, 49.645807], [9.100251, 49.672937], [9.098856, 49.681309], [9.099476, 49.686425], [9.103662, 49.687768], [9.107589, 49.68813], [9.115031, 49.688182], [9.118751, 49.688595], [9.122937, 49.689913], [9.127588, 49.692006], [9.133324, 49.695985], [9.135029, 49.697949], [9.135029, 49.700429], [9.133479, 49.703478], [9.131619, 49.708723], [9.131774, 49.713297], [9.132859, 49.717302], [9.135339, 49.721875], [9.148517, 49.73991], [9.148982, 49.743579], [9.146657, 49.746215], [9.130999, 49.750581], [9.122937, 49.753863], [9.119526, 49.757764], [9.119681, 49.761924], [9.122162, 49.7658], [9.135804, 49.77766], [9.140455, 49.78368], [9.14092, 49.787349], [9.13937, 49.790863], [9.13596, 49.793964], [9.132859, 49.795514], [9.130223, 49.796186], [9.126503, 49.796082], [9.122007, 49.795436], [9.117821, 49.794274], [9.11286, 49.793757], [9.108674, 49.794429], [9.103662, 49.796366], [9.099166, 49.800268], [9.095755, 49.804971], [9.090794, 49.814996], [9.089864, 49.821559], [9.090329, 49.828018], [9.092655, 49.835692], [9.092965, 49.839801], [9.0925, 49.842126], [9.091259, 49.843315], [9.089554, 49.843986], [9.088004, 49.844116], [9.085833, 49.843263], [9.082888, 49.841041], [9.076687, 49.833806], [9.074981, 49.831584], [9.073431, 49.830576], [9.072346, 49.830292], [9.070175, 49.830576], [9.068935, 49.831429], [9.067695, 49.832824], [9.065059, 49.836803], [9.061804, 49.839852], [9.049195, 49.866052], [9.039893, 49.882408], [9.026716, 49.907393], [9.026095, 49.911476], [9.028111, 49.985425], [9.049195, 49.980154], [9.050952, 49.981136], [9.053122, 49.981652], [9.052347, 49.983668], [9.045164, 49.992608], [9.041288, 49.998706], [9.040513, 50.000359], [9.041753, 50.011728], [9.032142, 50.021366], [9.026871, 50.043147], [9.02594, 50.044956], [9.021445, 50.048367], [9.011678, 50.049503], [9.001911, 50.048367], [8.997415, 50.044956], [8.992351, 50.045731], [8.983411, 50.049969], [8.976589, 50.052785], [8.97876, 50.055033], [8.988062, 50.062474], [8.990852, 50.063663], [8.99509, 50.063043], [8.99943, 50.063249], [9.002996, 50.064283], [9.005942, 50.06635], [9.007337, 50.0702], [9.007957, 50.074256], [9.008112, 50.088674], [9.008887, 50.093377], [9.010282, 50.096839], [9.012143, 50.099061], [9.014468, 50.10087], [9.019119, 50.103557], [9.02439, 50.105081], [9.057463, 50.110068], [9.107899, 50.125416], [9.110845, 50.125881], [9.11379, 50.125726], [9.116891, 50.125261], [9.121077, 50.123866], [9.133634, 50.117251], [9.13906, 50.115003], [9.152548, 50.11229], [9.154873, 50.111205], [9.155338, 50.10981], [9.154253, 50.108027], [9.148207, 50.101852], [9.146501, 50.099268], [9.146191, 50.097563], [9.149292, 50.097563], [9.156113, 50.099733], [9.170738, 50.106606], [9.188101, 50.119835], [9.190426, 50.123117], [9.190737, 50.125261], [9.190271, 50.130377], [9.191357, 50.134718], [9.193527, 50.136527], [9.197868, 50.138025], [9.22877, 50.143813], [9.235127, 50.14433], [9.240553, 50.144175], [9.251405, 50.142211], [9.29595, 50.141436], [9.299205, 50.140816], [9.306337, 50.139059], [9.310988, 50.138594], [9.323855, 50.139524], [9.329126, 50.139291], [9.367935, 50.12738], [9.377547, 50.123246], [9.384058, 50.118905], [9.385608, 50.117096], [9.387365, 50.114693], [9.391396, 50.106296], [9.393101, 50.103867], [9.399923, 50.097563], [9.406744, 50.092343], [9.430463, 50.089837], [9.445863, 50.091413], [9.506686, 50.108105], [9.514128, 50.11291], [9.516763, 50.116218], [9.511027, 50.134511], [9.510407, 50.137741], [9.511802, 50.142857], [9.514903, 50.148361], [9.52715, 50.163502], [9.52901, 50.166861], [9.5287, 50.168618], [9.52746, 50.170013], [9.52529, 50.17146], [9.521879, 50.172287], [9.504361, 50.173682], [9.50157, 50.174509], [9.500175, 50.175413], [9.49909, 50.176808], [9.498418, 50.178798], [9.498108, 50.181123], [9.498728, 50.184095], [9.50033, 50.188875], [9.507306, 50.202569], [9.508547, 50.20691], [9.505291, 50.226728], [9.506221, 50.233162], [9.507926, 50.23559], [9.511027, 50.23621], [9.519864, 50.233885], [9.526065, 50.232903], [9.529786, 50.232955], [9.538932, 50.236365], [9.541103, 50.236572], [9.543273, 50.236081], [9.545754, 50.235022], [9.548699, 50.232851], [9.55335, 50.228123], [9.555417, 50.226702], [9.557588, 50.225798], [9.560068, 50.225668], [9.575881, 50.228872], [9.580377, 50.229131], [9.583787, 50.22895], [9.585803, 50.228278], [9.587508, 50.227529], [9.590144, 50.225643], [9.593089, 50.224712], [9.59774, 50.224015], [9.612054, 50.22417], [9.630503, 50.228304], [9.661199, 50.23435], [9.663369, 50.235952], [9.665074, 50.238433], [9.659804, 50.24236], [9.657788, 50.247269], [9.658253, 50.254349], [9.665385, 50.268146], [9.673498, 50.275123], [9.680319, 50.279515], [9.693807, 50.283649], [9.704349, 50.285355], [9.721712, 50.290393], [9.738352, 50.29755], [9.744708, 50.301374], [9.748584, 50.30556], [9.749049, 50.31512], [9.747963, 50.323544], [9.747033, 50.328065], [9.746258, 50.333155], [9.742848, 50.347108], [9.766722, 50.402092], [9.778969, 50.414262], [9.784447, 50.415424], [9.796074, 50.41899], [9.799175, 50.419533], [9.80181, 50.419248], [9.804446, 50.418215], [9.806771, 50.416561], [9.814368, 50.409068], [9.819484, 50.405373], [9.828475, 50.400697], [9.834987, 50.398681], [9.838759, 50.398113], [9.847441, 50.397958], [9.858913, 50.398991], [9.918341, 50.413771], [9.980869, 50.437335], [10.000868, 50.448446], [10.012702, 50.4609], [10.023089, 50.474465], [10.044483, 50.497021], [10.046033, 50.499192], [10.047738, 50.502628], [10.048979, 50.5056], [10.055025, 50.516503], [10.109647, 50.555467], [10.126132, 50.562857], [10.127837, 50.561152], [10.128147, 50.55831], [10.127682, 50.555545], [10.127372, 50.552574], [10.128302, 50.550248], [10.130007, 50.548078], [10.133883, 50.546682], [10.139309, 50.545881], [10.18835, 50.549163], [10.197187, 50.548181], [10.202613, 50.546347], [10.205093, 50.543995], [10.208504, 50.541566], [10.21455, 50.538724], [10.218116, 50.536244], [10.220441, 50.533712], [10.221991, 50.528182], [10.226332, 50.520999], [10.228089, 50.515625], [10.2315, 50.512628], [10.238011, 50.510121], [10.318678, 50.492371], [10.327515, 50.489115], [10.332631, 50.485833], [10.333561, 50.483275], [10.336971, 50.477901], [10.337747, 50.475627], [10.337902, 50.472837], [10.337282, 50.466687], [10.337282, 50.463897], [10.338522, 50.461158], [10.341054, 50.458781], [10.355162, 50.451494], [10.360123, 50.447825], [10.364618, 50.443898], [10.368649, 50.439661], [10.372835, 50.436612], [10.399397, 50.422943], [10.401877, 50.419507], [10.400792, 50.417181], [10.398466, 50.415269], [10.393299, 50.411704], [10.392214, 50.408706], [10.392679, 50.405218], [10.397381, 50.39956], [10.401102, 50.397441], [10.405443, 50.395942], [10.424666, 50.394754], [10.433658, 50.395581], [10.44265, 50.398009], [10.449471, 50.399146], [10.451952, 50.397441], [10.453398, 50.394935], [10.454329, 50.392222], [10.457584, 50.387622], [10.460995, 50.384367], [10.466111, 50.380336], [10.492931, 50.365763], [10.495256, 50.362895], [10.496032, 50.359872], [10.495566, 50.356306], [10.497272, 50.354472], [10.499752, 50.353516], [10.512981, 50.352947], [10.521353, 50.351862], [10.526159, 50.352224], [10.529259, 50.353619], [10.535771, 50.35734], [10.552359, 50.358787], [10.565588, 50.339977], [10.57427, 50.333672], [10.588067, 50.32884], [10.591323, 50.325972], [10.592408, 50.322872], [10.592873, 50.317859], [10.594268, 50.311296], [10.599074, 50.298894], [10.60016, 50.292693], [10.600005, 50.287784], [10.598299, 50.28458], [10.597524, 50.279102], [10.595354, 50.275769], [10.593803, 50.271247], [10.594578, 50.267578], [10.597989, 50.261429], [10.607136, 50.25037], [10.607601, 50.246546], [10.606516, 50.243497], [10.60388, 50.2405], [10.60388, 50.237967], [10.60481, 50.235461], [10.609151, 50.230681], [10.617058, 50.224402], [10.662223, 50.224532], [10.686924, 50.220139], [10.699792, 50.21368], [10.713589, 50.208383], [10.720566, 50.207272], [10.725217, 50.208073], [10.726612, 50.210424], [10.726922, 50.213369], [10.726922, 50.221276], [10.731573, 50.242308], [10.738911, 50.247683], [10.742942, 50.247786], [10.746662, 50.247114], [10.749143, 50.246055], [10.753018, 50.243729], [10.758444, 50.243187], [10.766661, 50.243574], [10.798494, 50.248225], [10.802524, 50.24745], [10.816787, 50.24267], [10.829034, 50.240861], [10.835391, 50.241016], [10.840197, 50.24205], [10.843142, 50.244039], [10.845674, 50.246546], [10.847225, 50.250783], [10.84769, 50.254349], [10.84738, 50.257708], [10.846759, 50.260524], [10.844899, 50.265769], [10.843297, 50.268095], [10.841127, 50.27011], [10.837871, 50.27166], [10.820353, 50.274709], [10.816322, 50.275795], [10.812756, 50.277086], [10.810121, 50.278792], [10.80795, 50.280704], [10.806555, 50.283055], [10.80423, 50.288197], [10.802059, 50.290212], [10.798804, 50.291556], [10.794928, 50.292383], [10.777513, 50.291349], [10.773172, 50.291814], [10.769141, 50.292693], [10.765886, 50.29414], [10.76325, 50.295793], [10.751313, 50.30463], [10.749608, 50.305664], [10.737826, 50.310754], [10.726767, 50.314087], [10.722736, 50.315792], [10.719015, 50.317963], [10.714985, 50.321942], [10.714209, 50.328246], [10.71793, 50.351656], [10.721961, 50.357443], [10.726302, 50.360751], [10.730488, 50.361164], [10.73488, 50.361035], [10.748988, 50.357133], [10.751158, 50.356772], [10.754569, 50.356617], [10.757824, 50.357753], [10.760615, 50.360027], [10.763405, 50.363283], [10.765421, 50.366073], [10.779528, 50.381163], [10.784489, 50.384418], [10.788882, 50.386253], [10.792448, 50.385969], [10.794463, 50.385633], [10.80392, 50.382661], [10.8064, 50.382351], [10.809811, 50.382248], [10.817097, 50.383617], [10.820508, 50.384677], [10.83291, 50.390361], [10.836631, 50.391291], [10.840662, 50.391524], [10.859162, 50.389483], [10.866758, 50.391601], [10.871099, 50.393539], [10.874665, 50.394289], [10.8773, 50.394289], [10.879936, 50.393539], [10.882726, 50.392273], [10.885207, 50.390516], [10.887377, 50.388423], [10.889082, 50.386253], [10.891098, 50.38447], [10.893423, 50.38292], [10.895749, 50.382351], [10.898901, 50.382145], [10.902415, 50.382455], [10.927736, 50.387958], [10.935798, 50.388553], [10.943394, 50.387338], [10.977553, 50.355428], [10.981738, 50.352792], [10.987939, 50.349899], [10.99011, 50.351371], [10.99166, 50.353206], [10.992435, 50.355066], [10.993831, 50.362301], [10.995226, 50.363283], [10.997551, 50.363645], [11.024578, 50.361164], [11.031709, 50.358529], [11.03698, 50.355066], [11.041631, 50.349485], [11.045662, 50.347935], [11.049693, 50.347728], [11.064111, 50.351914], [11.068296, 50.352586], [11.081836, 50.353516], [11.085556, 50.354472], [11.088347, 50.356229], [11.090362, 50.358399], [11.093773, 50.360957], [11.098269, 50.363283], [11.108501, 50.365066], [11.112531, 50.365195], [11.115787, 50.3638], [11.118267, 50.35765], [11.121368, 50.353619], [11.124624, 50.352534], [11.131032, 50.352896], [11.134597, 50.352017], [11.137543, 50.350467], [11.145294, 50.341915], [11.14979, 50.337987], [11.153666, 50.333724], [11.155216, 50.331398], [11.156456, 50.32915], [11.156766, 50.326903], [11.156301, 50.325507], [11.154906, 50.323544], [11.135372, 50.309333], [11.143279, 50.301219], [11.19232, 50.271557], [11.202242, 50.283365], [11.207513, 50.285096], [11.216194, 50.279515], [11.221465, 50.277603], [11.244151, 50.273107], [11.250973, 50.273521], [11.255313, 50.274864], [11.256709, 50.277035], [11.257019, 50.278637], [11.256864, 50.280962], [11.255158, 50.288352], [11.256244, 50.290781], [11.258104, 50.294424], [11.264305, 50.300909], [11.265855, 50.305043], [11.26601, 50.308428], [11.264615, 50.31078], [11.259034, 50.317291], [11.259034, 50.320908], [11.260584, 50.325714], [11.269266, 50.33853], [11.270506, 50.341372], [11.270196, 50.34393], [11.269111, 50.346876], [11.268491, 50.351371], [11.268801, 50.353077], [11.271281, 50.354188], [11.278568, 50.355609], [11.279963, 50.356927], [11.280273, 50.358632], [11.278258, 50.363179], [11.277638, 50.36566], [11.277483, 50.367934], [11.277483, 50.370724], [11.277172, 50.373515], [11.275777, 50.375944], [11.274227, 50.378217], [11.267096, 50.383928], [11.26539, 50.386408], [11.264615, 50.389431], [11.26477, 50.393513], [11.26415, 50.396252], [11.260429, 50.400645], [11.259034, 50.403229], [11.259034, 50.406949], [11.262445, 50.424571], [11.2626, 50.427723], [11.262135, 50.430669], [11.260739, 50.436198], [11.259654, 50.438782], [11.257794, 50.441521], [11.256088, 50.444621], [11.254383, 50.449066], [11.256554, 50.452631], [11.256864, 50.454802], [11.256399, 50.456662], [11.253453, 50.461726], [11.248647, 50.47263], [11.276397, 50.481131], [11.295776, 50.483947], [11.316292, 50.492526], [11.319702, 50.495497], [11.320322, 50.496763], [11.320477, 50.498417], [11.320322, 50.499657], [11.320632, 50.501156], [11.321408, 50.503403], [11.324818, 50.507512], [11.330089, 50.510121], [11.337376, 50.511387], [11.346729, 50.518725], [11.410498, 50.516503], [11.427086, 50.513093], [11.436078, 50.502551], [11.437783, 50.50007], [11.438248, 50.499037], [11.438713, 50.497202], [11.438093, 50.494851], [11.435767, 50.492965], [11.426466, 50.48896], [11.420575, 50.485704], [11.418094, 50.45227], [11.419179, 50.448135], [11.421195, 50.443045], [11.430962, 50.440332], [11.440728, 50.43532], [11.44848, 50.429377], [11.453906, 50.427723], [11.458247, 50.427517], [11.461657, 50.42886], [11.465895, 50.429532], [11.470856, 50.429377], [11.477212, 50.427491], [11.480313, 50.425139], [11.482018, 50.422297], [11.484033, 50.413719], [11.484653, 50.399508], [11.487289, 50.396717], [11.49349, 50.393539], [11.502017, 50.390413], [11.517675, 50.381938], [11.525788, 50.379147], [11.531679, 50.378424], [11.539275, 50.380129], [11.552298, 50.381473], [11.556019, 50.382403], [11.559119, 50.383928], [11.56129, 50.386098], [11.56408, 50.391369], [11.566405, 50.39341], [11.569816, 50.394599], [11.578704, 50.395477], [11.591572, 50.39447], [11.621182, 50.386796], [11.739573, 50.402764], [11.756988, 50.406123], [11.758073, 50.407828], [11.759624, 50.409223], [11.761174, 50.411549], [11.76815, 50.412892], [11.784738, 50.414262], [11.792025, 50.414081], [11.796727, 50.413512], [11.798071, 50.412246], [11.798691, 50.411497], [11.800138, 50.409482], [11.800861, 50.4085], [11.804169, 50.406743], [11.80913, 50.404831], [11.819672, 50.402402], [11.823082, 50.400955], [11.824478, 50.399146], [11.822772, 50.397131], [11.822152, 50.394625], [11.823702, 50.391446], [11.828818, 50.391059], [11.832384, 50.392067], [11.836105, 50.393539], [11.838895, 50.395167], [11.849592, 50.398319], [11.867472, 50.401317], [11.872278, 50.402712], [11.88127, 50.407001], [11.9053, 50.415166], [11.931706, 50.416923], [11.940543, 50.414546], [11.943798, 50.410515], [11.945659, 50.408551], [11.947829, 50.406743], [11.949845, 50.405218], [11.960232, 50.394159], [11.981212, 50.385323], [11.984778, 50.380749], [11.983383, 50.378631], [11.982297, 50.375427], [11.981832, 50.371189], [11.986018, 50.351552], [11.989429, 50.349175], [11.998886, 50.346436], [12.039865, 50.32884], [12.043431, 50.327755], [12.047616, 50.327006], [12.051957, 50.326903], [12.06529, 50.32791], [12.093712, 50.322613], [12.100998, 50.314371], [12.101344, 50.31398]]]}}, {"type": "Feature", "properties": {"code": "DE-RP", "name": "Rheinland-Pfalz", "country": "DE", "level": "region", "type": "land"}, "geometry": {"type": "Polygon", "coordinates": [[[6.101157, 50.063405], [6.0994, 50.064129], [6.105704, 50.092241], [6.110562, 50.105987], [6.117487, 50.120456], [6.126582, 50.127329], [6.129476, 50.134047], [6.125962, 50.140196], [6.115833, 50.145467], [6.118003, 50.150377], [6.121311, 50.16159], [6.123171, 50.164898], [6.131749, 50.168308], [6.151696, 50.169342], [6.159138, 50.172443], [6.165132, 50.181899], [6.165752, 50.193165], [6.160171, 50.204534], [6.146839, 50.214042], [6.157174, 50.222724], [6.179808, 50.233007], [6.189627, 50.242722], [6.210401, 50.249027], [6.253396, 50.256778], [6.271792, 50.267424], [6.267348, 50.276416], [6.269415, 50.286492], [6.27603, 50.296104], [6.285952, 50.303856], [6.299491, 50.308868], [6.310653, 50.308248], [6.322022, 50.305406], [6.335458, 50.303856], [6.362019, 50.306956], [6.374525, 50.315483], [6.3734, 50.32308], [6.398401, 50.323182], [6.420311, 50.329848], [6.425737, 50.332432], [6.426512, 50.333724], [6.426357, 50.335326], [6.425582, 50.336979], [6.424032, 50.33915], [6.391734, 50.372223], [6.390804, 50.375375], [6.390959, 50.37752], [6.392354, 50.380026], [6.395145, 50.382041], [6.397625, 50.38323], [6.401811, 50.383385], [6.406307, 50.382248], [6.413748, 50.378321], [6.416591, 50.375375], [6.418296, 50.373205], [6.419381, 50.370673], [6.421707, 50.368399], [6.428063, 50.364833], [6.444651, 50.359252], [6.448062, 50.356461], [6.450387, 50.353568], [6.454418, 50.342561], [6.458138, 50.34101], [6.464495, 50.341915], [6.480979, 50.346255], [6.525628, 50.3669], [6.528005, 50.368476], [6.532191, 50.369458], [6.572808, 50.373618], [6.578545, 50.375013], [6.585573, 50.37739], [6.590533, 50.3769], [6.598905, 50.375194], [6.616268, 50.369484], [6.622625, 50.366151], [6.624795, 50.362508], [6.62278, 50.359485], [6.619524, 50.355609], [6.618284, 50.352922], [6.619524, 50.350932], [6.625105, 50.350312], [6.635492, 50.350312], [6.649806, 50.354653], [6.656938, 50.359149], [6.663294, 50.362094], [6.6712, 50.362353], [6.681897, 50.357934], [6.689029, 50.353929], [6.701638, 50.343697], [6.718226, 50.341579], [6.770367, 50.352637], [6.795017, 50.355609], [6.797653, 50.356694], [6.799978, 50.359485], [6.801218, 50.36336], [6.799513, 50.369639], [6.798118, 50.372843], [6.795482, 50.376254], [6.786335, 50.3854], [6.7837, 50.388811], [6.781375, 50.393074], [6.779359, 50.40049], [6.778119, 50.409895], [6.778274, 50.421393], [6.777654, 50.423951], [6.776259, 50.426225], [6.773313, 50.428137], [6.770057, 50.429687], [6.75688, 50.433563], [6.754089, 50.43501], [6.752539, 50.436818], [6.753004, 50.440487], [6.75533, 50.445448], [6.760911, 50.454233], [6.761841, 50.46015], [6.761531, 50.464414], [6.760291, 50.467333], [6.759825, 50.469194], [6.760136, 50.470666], [6.776569, 50.476868], [6.814602, 50.486376], [6.820649, 50.486014], [6.822199, 50.482759], [6.82809, 50.475162], [6.834136, 50.469219], [6.836307, 50.467721], [6.840182, 50.465499], [6.846228, 50.462915], [6.852895, 50.461416], [6.859716, 50.460693], [6.863643, 50.460693], [6.873565, 50.462191], [6.880697, 50.467721], [6.887828, 50.476661], [6.890153, 50.496582], [6.889223, 50.505961], [6.887673, 50.512731], [6.886123, 50.51702], [6.885192, 50.521774], [6.887673, 50.523816], [6.889533, 50.524927], [6.913253, 50.529423], [6.928497, 50.541101], [6.934699, 50.548827], [6.936404, 50.551592], [6.937644, 50.553142], [6.939349, 50.55477], [6.944775, 50.55632], [6.953612, 50.558051], [6.971285, 50.559653], [6.998932, 50.566604], [7.051849, 50.590349], [7.061616, 50.592933], [7.074328, 50.592054], [7.090503, 50.586525], [7.093604, 50.586163], [7.09872, 50.586809], [7.105231, 50.589109], [7.110037, 50.594225], [7.112982, 50.598256], [7.115308, 50.602493], [7.118098, 50.60394], [7.121819, 50.604198], [7.14373, 50.598979], [7.154582, 50.601124], [7.178611, 50.617376], [7.185743, 50.619004], [7.194114, 50.631122], [7.195354, 50.633551], [7.196905, 50.636315], [7.199075, 50.63753], [7.202382, 50.637736], [7.208584, 50.63647], [7.215715, 50.633912], [7.21773, 50.632698], [7.218816, 50.631768], [7.220521, 50.629726], [7.221761, 50.627556], [7.222846, 50.624326], [7.224242, 50.622492], [7.226257, 50.621407], [7.282584, 50.618823], [7.293901, 50.619805], [7.340462, 50.6289], [7.344493, 50.630088], [7.371519, 50.642594], [7.37307, 50.644454], [7.373845, 50.647296], [7.37338, 50.653394], [7.37462, 50.657451], [7.376945, 50.661869], [7.383457, 50.66838], [7.383922, 50.673161], [7.383767, 50.677114], [7.382992, 50.680809], [7.383147, 50.683832], [7.384542, 50.691531], [7.384387, 50.693805], [7.382837, 50.695743], [7.380821, 50.697216], [7.380046, 50.698844], [7.386867, 50.70365], [7.411052, 50.708197], [7.448621, 50.706156], [7.532388, 50.720987], [7.563291, 50.732769], [7.571817, 50.734991], [7.577088, 50.735663], [7.581429, 50.735715], [7.599464, 50.733441], [7.603185, 50.735095], [7.60613, 50.738092], [7.610471, 50.745843], [7.613417, 50.749409], [7.617913, 50.752303], [7.627214, 50.755636], [7.659202, 50.76331], [7.662148, 50.764499], [7.665093, 50.76685], [7.674085, 50.777211], [7.677496, 50.779175], [7.679821, 50.779743], [7.680906, 50.778761], [7.682767, 50.776849], [7.684317, 50.775816], [7.686642, 50.774937], [7.689588, 50.774731], [7.692068, 50.775066], [7.694084, 50.775712], [7.696099, 50.777056], [7.697184, 50.778529], [7.69889, 50.781629], [7.699355, 50.78442], [7.69951, 50.78765], [7.698735, 50.791913], [7.693929, 50.798037], [7.675635, 50.809974], [7.712894, 50.824417], [7.71863, 50.827802], [7.734288, 50.839998], [7.738164, 50.8416], [7.740644, 50.841962], [7.76333, 50.836381], [7.765345, 50.836225], [7.767671, 50.836484], [7.770306, 50.839352], [7.771237, 50.843977], [7.770461, 50.854881], [7.768291, 50.859532], [7.765966, 50.862684], [7.762865, 50.864492], [7.76085, 50.867128], [7.759248, 50.870461], [7.757852, 50.875345], [7.754132, 50.900046], [7.755682, 50.906609], [7.757542, 50.911311], [7.7886, 50.930277], [7.801622, 50.932705], [7.859655, 50.922473], [7.856399, 50.908211], [7.852059, 50.899167], [7.849268, 50.895033], [7.846943, 50.890563], [7.845237, 50.885111], [7.844617, 50.881959], [7.846167, 50.878859], [7.849888, 50.876171], [7.85919, 50.872657], [7.885597, 50.866921], [7.893503, 50.862555], [7.923889, 50.841135], [7.934482, 50.835244], [7.942544, 50.83204], [7.946575, 50.832091], [7.94921, 50.832531], [7.962078, 50.836897], [7.964868, 50.837414], [7.967659, 50.837466], [7.970294, 50.837026], [7.973395, 50.833177], [7.97665, 50.826975], [7.982231, 50.810568], [7.983937, 50.802998], [7.983782, 50.794523], [7.981301, 50.78504], [7.980526, 50.777934], [7.981146, 50.773542], [7.99143, 50.760985], [8.033753, 50.726], [8.050393, 50.707344], [8.052408, 50.703986], [8.054578, 50.698611], [8.056284, 50.690911], [8.059229, 50.689051], [8.0645, 50.689516], [8.08946, 50.696802], [8.095506, 50.697138], [8.10672, 50.695045], [8.13447, 50.684038], [8.130439, 50.667399], [8.126564, 50.661146], [8.122223, 50.655616], [8.120673, 50.652645], [8.120053, 50.64988], [8.121603, 50.645798], [8.1354, 50.626678], [8.140516, 50.617531], [8.143927, 50.602648], [8.147803, 50.597067], [8.150593, 50.593811], [8.159637, 50.590814], [8.160877, 50.588359], [8.163822, 50.585802], [8.154211, 50.569472], [8.138656, 50.543427], [8.137261, 50.541566], [8.13478, 50.53906], [8.130439, 50.536295], [8.114626, 50.528777], [8.110131, 50.527149], [8.107185, 50.526529], [8.103619, 50.526529], [8.093336, 50.52751], [8.090235, 50.528622], [8.087445, 50.530172], [8.070391, 50.544357], [8.066981, 50.545907], [8.06264, 50.546476], [8.052873, 50.546011], [8.041556, 50.54446], [8.035923, 50.541566], [8.030962, 50.537794], [8.02104, 50.528441], [8.015149, 50.524591], [8.009258, 50.522033], [8.004452, 50.520741], [8.002747, 50.516478], [8.000267, 50.508829], [7.997941, 50.475834], [7.998251, 50.474284], [7.998406, 50.472165], [7.999336, 50.465912], [8.000422, 50.464104], [8.002282, 50.46245], [8.005072, 50.46077], [8.008328, 50.45922], [8.01763, 50.45599], [8.01918, 50.454905], [8.01825, 50.453045], [8.015459, 50.450203], [8.000422, 50.440332], [7.996236, 50.432167], [7.992515, 50.421315], [7.987554, 50.411859], [7.9751, 50.405141], [7.973395, 50.400257], [7.975565, 50.398371], [7.980061, 50.395787], [8.022281, 50.389121], [8.025691, 50.388268], [8.028637, 50.386279], [8.028947, 50.382248], [8.030032, 50.378889], [8.032048, 50.376719], [8.049463, 50.371293], [8.054578, 50.366022], [8.073182, 50.338581], [8.080003, 50.330313], [8.08946, 50.323673], [8.098658, 50.320546], [8.100674, 50.319461], [8.10734, 50.31109], [8.118812, 50.285716], [8.121913, 50.280652], [8.122688, 50.277913], [8.122688, 50.274399], [8.122068, 50.27166], [8.120518, 50.268922], [8.117572, 50.267165], [8.112301, 50.264684], [8.096126, 50.262049], [8.045742, 50.263341], [8.041711, 50.261842], [8.038249, 50.258845], [8.034218, 50.251713], [8.033443, 50.248225], [8.033598, 50.245719], [8.042641, 50.238433], [8.043571, 50.236417], [8.042021, 50.233833], [8.030497, 50.222697], [8.027087, 50.217969], [8.023056, 50.215876], [8.015925, 50.216186], [8.011274, 50.217969], [8.007398, 50.220139], [8.003677, 50.223317], [7.998251, 50.226909], [7.995616, 50.227994], [7.99329, 50.228356], [7.99081, 50.22727], [7.986624, 50.224867], [7.980371, 50.219416], [7.952931, 50.211173], [7.939443, 50.204998], [7.922183, 50.200089], [7.916447, 50.195929], [7.910091, 50.188952], [7.898154, 50.171331], [7.895984, 50.162313], [7.896759, 50.155027], [7.900324, 50.151668], [7.9042, 50.148671], [7.907301, 50.146862], [7.926059, 50.139989], [7.928746, 50.13849], [7.930452, 50.136346], [7.930607, 50.134408], [7.929832, 50.131617], [7.924974, 50.122367], [7.923424, 50.118156], [7.922804, 50.115236], [7.922494, 50.11167], [7.921718, 50.108802], [7.919393, 50.107872], [7.913037, 50.109732], [7.909316, 50.11167], [7.905285, 50.114228], [7.899859, 50.11875], [7.896294, 50.120714], [7.892573, 50.120972], [7.886682, 50.120171], [7.87831, 50.118156], [7.872884, 50.117871], [7.867561, 50.11844], [7.863841, 50.119577], [7.85919, 50.118698], [7.854539, 50.115779], [7.846943, 50.106761], [7.844307, 50.1018], [7.843222, 50.097149], [7.842757, 50.088209], [7.838881, 50.084359], [7.828494, 50.078856], [7.810769, 50.073171], [7.771392, 50.053483], [7.775112, 50.05108], [7.785034, 50.048522], [7.849836, 50.010746], [7.857278, 50.002581], [7.860275, 49.990024], [7.878155, 49.972945], [7.918566, 49.973875], [7.961923, 49.983099], [8.009723, 49.999326], [8.048532, 50.018368], [8.173796, 50.045783], [8.200719, 50.0463], [8.213018, 50.044439], [8.228108, 50.038186], [8.33544, 49.959638], [8.355129, 49.925635], [8.340091, 49.891012], [8.347584, 49.878532], [8.370477, 49.856595], [8.38045, 49.842591], [8.384222, 49.832307], [8.386341, 49.823833], [8.389804, 49.815306], [8.408665, 49.792672], [8.41373, 49.784713], [8.415797, 49.777737], [8.423807, 49.767298], [8.442203, 49.768048], [8.462512, 49.771071], [8.47662, 49.767505], [8.473829, 49.757454], [8.460807, 49.743786], [8.439103, 49.726526], [8.406443, 49.722418], [8.37921, 49.710403], [8.36226, 49.690921], [8.360555, 49.664462], [8.375437, 49.641105], [8.400035, 49.610409], [8.41683, 49.579455], [8.408355, 49.555218], [8.427734, 49.534238], [8.450162, 49.491243], [8.463597, 49.472691], [8.463597, 49.465844], [8.442513, 49.458997], [8.442513, 49.452176], [8.459567, 49.447783], [8.477808, 49.446388], [8.49388, 49.442615], [8.504577, 49.431092], [8.501476, 49.42918], [8.492019, 49.413212], [8.490314, 49.411222], [8.491141, 49.403083], [8.497652, 49.386495], [8.497756, 49.37647], [8.46184, 49.323475], [8.459877, 49.315026], [8.483441, 49.309549], [8.479876, 49.296991], [8.410836, 49.243661], [8.398123, 49.239295], [8.387323, 49.231982], [8.380657, 49.214852], [8.361588, 49.119612], [8.357144, 49.109561], [8.283608, 49.009955], [8.262576, 48.988457], [8.230227, 48.965539], [8.199892, 48.95825], [8.200305, 48.958563], [8.18873, 48.965746], [8.090441, 48.979182], [7.931898, 49.034838], [7.913811, 49.036181], [7.856864, 49.032254], [7.773665, 49.048118], [7.762606, 49.046155], [7.739145, 49.037731], [7.726949, 49.035664], [7.717337, 49.036595], [7.69615, 49.041555], [7.685091, 49.042796], [7.672482, 49.041039], [7.660803, 49.037731], [7.648814, 49.035716], [7.644932, 49.036295], [7.634965, 49.037783], [7.625663, 49.043002], [7.615948, 49.055973], [7.60861, 49.061968], [7.586389, 49.069564], [7.542671, 49.074577], [7.520863, 49.083672], [7.507738, 49.094576], [7.485103, 49.118708], [7.471047, 49.12832], [7.472804, 49.131628], [7.475285, 49.133901], [7.482726, 49.137054], [7.476112, 49.151523], [7.458025, 49.155864], [7.414823, 49.157776], [7.410483, 49.168938], [7.391052, 49.170023], [7.371634, 49.166174], [7.371261, 49.166612], [7.369194, 49.16904], [7.349144, 49.168679], [7.33023, 49.179402], [7.294677, 49.205162], [7.293901, 49.207255], [7.292351, 49.216996], [7.290336, 49.222784], [7.286925, 49.230794], [7.286615, 49.235548], [7.288165, 49.240199], [7.294211, 49.248415], [7.295762, 49.250198], [7.296537, 49.250482], [7.300103, 49.250948], [7.302428, 49.250793], [7.303978, 49.250534], [7.304908, 49.250327], [7.305839, 49.250172], [7.307389, 49.250069], [7.311936, 49.250431], [7.314572, 49.251103], [7.316742, 49.251929], [7.318603, 49.252989], [7.320618, 49.254513], [7.323254, 49.256735], [7.32992, 49.264177], [7.333331, 49.271825], [7.334726, 49.279215], [7.335811, 49.282987], [7.337361, 49.286088], [7.339997, 49.288826], [7.342787, 49.290997], [7.349609, 49.294718], [7.352709, 49.297715], [7.354259, 49.301797], [7.35674, 49.312727], [7.358445, 49.315672], [7.363096, 49.31898], [7.37462, 49.324638], [7.378806, 49.327429], [7.382526, 49.330839], [7.387332, 49.336834], [7.387953, 49.340399], [7.386867, 49.343862], [7.383457, 49.348151], [7.384232, 49.351665], [7.384852, 49.353835], [7.390588, 49.360708], [7.385162, 49.369674], [7.375395, 49.373369], [7.351159, 49.379312], [7.301188, 49.384841], [7.291421, 49.38882], [7.293436, 49.391456], [7.294522, 49.392541], [7.294987, 49.39342], [7.295762, 49.394246], [7.293436, 49.398587], [7.276383, 49.412126], [7.252302, 49.430988], [7.246101, 49.446129], [7.250907, 49.450987], [7.254782, 49.451659], [7.259795, 49.454501], [7.279174, 49.470779], [7.287545, 49.475482], [7.295142, 49.478789], [7.305374, 49.482045], [7.308474, 49.485404], [7.309094, 49.490261], [7.308164, 49.497263], [7.307234, 49.500441], [7.305839, 49.502508], [7.303823, 49.503232], [7.299793, 49.503955], [7.295762, 49.504265], [7.293591, 49.507108], [7.292351, 49.511914], [7.292351, 49.525194], [7.290956, 49.534341], [7.279484, 49.548914], [7.273438, 49.561678], [7.273283, 49.576716], [7.270647, 49.577801], [7.267546, 49.578499], [7.26181, 49.575992], [7.255919, 49.572323], [7.247186, 49.568344], [7.237884, 49.566174], [7.219126, 49.563538], [7.208429, 49.564365], [7.202227, 49.56545], [7.199592, 49.567311], [7.196595, 49.57005], [7.159543, 49.587103], [7.137942, 49.6009], [7.132826, 49.602011], [7.072003, 49.603536], [7.065182, 49.604931], [7.060221, 49.607515], [6.998777, 49.629477], [6.978623, 49.619581], [6.97113, 49.618677], [6.962139, 49.623586], [6.948806, 49.627462], [6.94214, 49.627927], [6.936404, 49.627152], [6.859716, 49.594492], [6.712335, 49.550309], [6.697297, 49.548087], [6.693525, 49.547932], [6.669805, 49.549379], [6.605106, 49.530207], [6.489971, 49.533824], [6.356491, 49.525918], [6.348809, 49.52529], [6.350754, 49.53491], [6.350754, 49.566588], [6.356438, 49.577595], [6.371528, 49.592995], [6.397573, 49.613872], [6.407701, 49.627411], [6.415246, 49.634646], [6.417933, 49.639142], [6.417003, 49.645756], [6.410905, 49.649632], [6.404498, 49.652474], [6.402741, 49.655782], [6.418243, 49.669889], [6.491727, 49.700792], [6.489764, 49.702962], [6.482942, 49.708078], [6.486353, 49.712936], [6.491004, 49.714434], [6.499686, 49.712212], [6.492554, 49.718413], [6.4878, 49.725596], [6.485526, 49.733761], [6.48625, 49.742701], [6.495965, 49.748231], [6.496378, 49.752106], [6.493691, 49.756551], [6.493794, 49.76363], [6.498549, 49.785386], [6.499996, 49.786058], [6.500099, 49.794481], [6.502269, 49.795876], [6.502579, 49.79567], [6.497205, 49.799442], [6.493278, 49.799597], [6.462478, 49.805488], [6.414523, 49.805488], [6.397056, 49.808589], [6.380106, 49.815565], [6.351374, 49.83329], [6.334424, 49.840215], [6.325639, 49.84037], [6.310653, 49.834479], [6.302592, 49.834944], [6.301558, 49.838303], [6.295568, 49.848616], [6.291533, 49.855563], [6.286779, 49.86104], [6.272206, 49.867138], [6.238306, 49.876905], [6.2227, 49.887137], [6.189834, 49.938297], [6.172677, 49.956228], [6.161928, 49.942482], [6.15397, 49.951216], [6.138777, 49.979328], [6.121517, 49.996278], [6.117177, 50.004391], [6.119967, 50.015501], [6.113766, 50.036378], [6.107255, 50.044595], [6.096403, 50.048626], [6.105704, 50.060305], [6.109425, 50.06356], [6.107151, 50.063767], [6.101157, 50.063405]]]}}, {"type": "Feature", "properties": {"code": "DE-SL", "name": "Saarland", "country": "DE", "level": "region", "type": "land"}, "geometry": {"type": "Polygon", "coordinates": [[[6.345307, 49.455349], [6.34538, 49.462718], [6.342279, 49.493001], [6.348809, 49.52529], [6.356491, 49.525918], [6.489971, 49.533824], [6.605106, 49.530207], [6.669805, 49.549379], [6.693525, 49.547932], [6.697297, 49.548087], [6.712335, 49.550309], [6.859716, 49.594492], [6.936404, 49.627152], [6.94214, 49.627927], [6.948806, 49.627462], [6.962139, 49.623586], [6.97113, 49.618677], [6.978623, 49.619581], [6.998777, 49.629477], [7.060221, 49.607515], [7.065182, 49.604931], [7.072003, 49.603536], [7.132826, 49.602011], [7.137942, 49.6009], [7.159543, 49.587103], [7.196595, 49.57005], [7.199592, 49.567311], [7.202227, 49.56545], [7.208429, 49.564365], [7.219126, 49.563538], [7.237884, 49.566174], [7.247186, 49.568344], [7.255919, 49.572323], [7.26181, 49.575992], [7.267546, 49.578499], [7.270647, 49.577801], [7.273283, 49.576716], [7.273438, 49.561678], [7.279484, 49.548914], [7.290956, 49.534341], [7.292351, 49.525194], [7.292351, 49.511914], [7.293591, 49.507108], [7.295762, 49.504265], [7.299793, 49.503955], [7.303823, 49.503232], [7.305839, 49.502508], [7.307234, 49.500441], [7.308164, 49.497263], [7.309094, 49.490261], [7.308474, 49.485404], [7.305374, 49.482045], [7.295142, 49.478789], [7.287545, 49.475482], [7.279174, 49.470779], [7.259795, 49.454501], [7.254782, 49.451659], [7.250907, 49.450987], [7.246101, 49.446129], [7.252302, 49.430988], [7.276383, 49.412126], [7.293436, 49.398587], [7.295762, 49.394246], [7.294987, 49.39342], [7.294522, 49.392541], [7.293436, 49.391456], [7.291421, 49.38882], [7.301188, 49.384841], [7.351159, 49.379312], [7.375395, 49.373369], [7.385162, 49.369674], [7.390588, 49.360708], [7.384852, 49.353835], [7.384232, 49.351665], [7.383457, 49.348151], [7.386867, 49.343862], [7.387953, 49.340399], [7.387332, 49.336834], [7.382526, 49.330839], [7.378806, 49.327429], [7.37462, 49.324638], [7.363096, 49.31898], [7.358445, 49.315672], [7.35674, 49.312727], [7.354259, 49.301797], [7.352709, 49.297715], [7.349609, 49.294718], [7.342787, 49.290997], [7.339997, 49.288826], [7.337361, 49.286088], [7.335811, 49.282987], [7.334726, 49.279215], [7.333331, 49.271825], [7.32992, 49.264177], [7.323254, 49.256735], [7.320618, 49.254513], [7.318603, 49.252989], [7.316742, 49.251929], [7.314572, 49.251103], [7.311936, 49.250431], [7.307389, 49.250069], [7.305839, 49.250172], [7.304908, 49.250327], [7.303978, 49.250534], [7.302428, 49.250793], [7.300103, 49.250948], [7.296537, 49.250482], [7.295762, 49.250198], [7.294211, 49.248415], [7.288165, 49.240199], [7.286615, 49.235548], [7.286925, 49.230794], [7.290336, 49.222784], [7.292351, 49.216996], [7.293901, 49.207255], [7.294677, 49.205162], [7.33023, 49.179402], [7.349144, 49.168679], [7.369194, 49.16904], [7.371261, 49.166612], [7.371634, 49.166174], [7.367591, 49.165372], [7.350951, 49.159171], [7.3463, 49.15421], [7.339066, 49.139689], [7.334002, 49.13416], [7.326457, 49.131834], [7.305993, 49.130129], [7.297105, 49.128114], [7.2908, 49.123101], [7.280258, 49.108993], [7.274367, 49.105014], [7.268062, 49.105634], [7.241191, 49.113902], [7.154994, 49.114419], [7.139285, 49.117933], [7.123575, 49.123308], [7.085335, 49.141549], [7.079857, 49.142014], [7.070762, 49.136123], [7.071589, 49.130594], [7.074793, 49.125375], [7.073242, 49.12031], [7.042546, 49.107598], [7.020532, 49.118967], [7.008957, 49.146407], [7.009474, 49.181702], [6.987873, 49.182425], [6.925448, 49.205576], [6.914389, 49.206662], [6.885243, 49.204801], [6.843489, 49.211054], [6.833464, 49.209452], [6.827676, 49.195551], [6.835221, 49.179377], [6.839045, 49.162788], [6.821785, 49.147751], [6.809072, 49.145839], [6.770108, 49.155295], [6.725563, 49.155554], [6.713781, 49.158861], [6.700965, 49.172865], [6.703756, 49.185113], [6.70882, 49.197773], [6.702516, 49.213638], [6.698485, 49.213586], [6.685049, 49.207799], [6.680605, 49.207489], [6.677918, 49.211054], [6.675954, 49.218909], [6.674817, 49.221131], [6.671613, 49.225317], [6.663758, 49.243869], [6.659521, 49.246763], [6.645671, 49.250018], [6.640297, 49.252757], [6.63916, 49.256788], [6.641227, 49.266916], [6.639677, 49.271154], [6.573169, 49.313115], [6.556426, 49.326396], [6.550122, 49.338023], [6.555599, 49.34717], [6.573376, 49.347738], [6.577717, 49.3558], [6.574306, 49.361794], [6.52573, 49.395487], [6.518806, 49.402154], [6.520769, 49.402567], [6.520563, 49.408148], [6.517876, 49.416416], [6.511674, 49.424736], [6.494518, 49.435537], [6.402741, 49.465457], [6.391682, 49.466697], [6.383517, 49.46463], [6.3645, 49.456104], [6.353855, 49.45476], [6.345307, 49.455349]]]}}, {"type": "Feature", "properties": {"code": "DE-SH", "name": "Schleswig-Holstein", "country": "DE", "level": "region", "type": "land"}, "geometry": {"type": "MultiPolygon", "coordinates": [[[[8.824246, 54.9059], [8.904138, 54.897942], [8.982686, 54.879339], [9.194766, 54.8504], [9.21151, 54.841822], [9.216057, 54.831745], [9.219054, 54.817792], [9.226392, 54.805906], [9.244066, 54.801772], [9.317033, 54.801617], [9.332019, 54.803219], [9.341734, 54.809059], [9.355997, 54.811332], [9.366952, 54.817017], [9.385039, 54.819394], [9.405193, 54.808387], [9.422143, 54.80725], [9.436922, 54.810144], [9.437503, 54.810411], [9.451427, 54.81037], [9.510997, 54.827826], [9.529959, 54.841498], [9.554373, 54.847113], [9.566905, 54.860175], [9.579926, 54.866278], [9.583181, 54.830268], [9.631602, 54.819892], [9.693044, 54.81802], [9.73463, 54.807318], [9.752126, 54.799628], [9.778087, 54.793158], [9.801768, 54.783393], [9.812185, 54.766059], [9.823741, 54.756741], [9.849864, 54.759345], [9.895356, 54.769477], [9.891449, 54.790269], [9.91505, 54.791205], [9.94752, 54.779527], [9.97047, 54.762641], [9.984141, 54.728502], [9.990489, 54.720526], [9.999522, 54.712958], [10.01824, 54.701239], [10.005382, 54.695502], [9.992198, 54.696479], [9.979828, 54.699774], [9.97047, 54.701239], [9.971039, 54.699042], [9.9463, 54.687649], [9.943126, 54.687567], [9.936697, 54.685004], [9.932384, 54.685248], [9.929942, 54.683092], [9.929454, 54.673896], [9.944102, 54.673326], [9.970225, 54.677924], [9.996349, 54.678778], [10.011404, 54.66706], [10.022146, 54.672431], [10.033539, 54.672919], [10.039073, 54.666815], [10.031912, 54.652777], [10.036957, 54.638902], [10.037608, 54.619086], [10.031912, 54.577704], [10.026866, 54.559963], [10.02003, 54.545844], [10.010427, 54.534329], [9.997813, 54.523668], [9.965587, 54.506171], [9.925304, 54.493109], [9.882009, 54.484849], [9.840099, 54.482123], [9.840099, 54.475287], [9.883311, 54.462104], [10.124685, 54.495754], [10.143403, 54.491848], [10.203868, 54.461005], [10.18393, 54.449368], [10.183849, 54.438422], [10.191742, 54.426174], [10.197032, 54.410102], [10.191254, 54.396715], [10.177094, 54.384263], [10.159028, 54.375312], [10.141775, 54.37226], [10.144379, 54.370022], [10.147797, 54.368313], [10.148285, 54.36518], [10.141775, 54.358588], [10.152517, 54.351793], [10.155528, 54.343411], [10.151622, 54.33397], [10.141775, 54.324408], [10.163748, 54.329169], [10.180349, 54.341132], [10.203868, 54.37226], [10.217133, 54.405422], [10.224376, 54.413804], [10.234386, 54.417711], [10.272146, 54.420071], [10.285818, 54.42475], [10.292491, 54.430162], [10.297618, 54.435736], [10.306895, 54.441107], [10.31837, 54.443305], [10.36085, 54.441107], [10.382823, 54.43476], [10.44337, 54.406399], [10.601085, 54.365424], [10.690196, 54.31623], [10.731293, 54.310207], [10.77711, 54.315131], [10.810802, 54.327379], [10.867931, 54.358588], [10.90089, 54.371039], [10.935313, 54.379543], [11.018809, 54.385891], [11.018809, 54.379096], [11.000824, 54.378567], [10.975841, 54.378404], [10.993175, 54.373847], [11.010509, 54.377183], [11.033946, 54.367621], [11.104177, 54.39289], [11.135509, 54.385891], [11.098399, 54.361518], [11.087738, 54.351752], [11.081798, 54.354641], [11.06658, 54.358588], [11.077403, 54.342231], [11.086599, 54.302436], [11.094493, 54.283515], [11.087087, 54.270901], [11.087738, 54.253892], [11.094493, 54.225084], [11.09018, 54.207994], [11.080577, 54.198879], [11.070974, 54.192572], [11.06658, 54.183905], [10.95045, 54.139472], [10.91033, 54.109198], [10.892833, 54.102525], [10.852387, 54.094306], [10.844574, 54.094468], [10.836111, 54.089993], [10.829356, 54.092841], [10.822276, 54.097357], [10.813324, 54.097886], [10.805431, 54.094875], [10.801443, 54.092231], [10.762869, 54.05683], [10.752615, 54.050116], [10.752615, 54.043891], [10.76588, 54.024359], [10.780447, 54.009955], [10.799653, 54.000556], [10.826915, 53.995429], [10.865571, 53.997789], [10.875499, 53.995429], [10.882579, 53.985053], [10.883556, 53.973131], [10.88738, 53.963935], [10.90211, 53.961371], [10.906016, 53.961208], [10.904482, 53.957327], [10.904172, 53.931282], [10.907428, 53.928388], [10.910683, 53.924667], [10.915334, 53.922859], [10.91828, 53.921308], [10.920295, 53.920533], [10.960499, 53.912937], [10.961274, 53.911903], [10.960499, 53.911412], [10.958432, 53.911128], [10.956882, 53.910715], [10.954608, 53.909681], [10.950681, 53.907408], [10.945255, 53.905185], [10.91766, 53.902137], [10.912854, 53.902137], [10.911613, 53.902395], [10.910528, 53.902757], [10.908668, 53.903739], [10.906652, 53.90534], [10.905877, 53.907356], [10.906032, 53.908906], [10.906963, 53.910767], [10.908203, 53.912627], [10.908358, 53.914177], [10.907273, 53.915469], [10.894974, 53.917898], [10.891718, 53.919035], [10.888772, 53.919371], [10.885207, 53.919138], [10.861332, 53.909836], [10.812291, 53.882655], [10.792758, 53.875368], [10.772552, 53.869942], [10.766971, 53.867358], [10.76325, 53.865059], [10.755499, 53.854336], [10.754104, 53.851675], [10.751313, 53.843122], [10.751003, 53.841003], [10.751003, 53.83891], [10.751623, 53.836559], [10.753018, 53.83413], [10.761545, 53.822503], [10.762785, 53.819945], [10.764956, 53.811289], [10.767436, 53.804726], [10.771002, 53.793332], [10.769607, 53.782661], [10.767436, 53.774599], [10.758444, 53.751913], [10.757824, 53.749174], [10.75891, 53.747882], [10.760925, 53.746694], [10.769297, 53.745815], [10.778133, 53.745841], [10.805935, 53.74119], [10.809656, 53.739201], [10.817407, 53.73331], [10.825159, 53.725403], [10.846604, 53.708531], [10.857456, 53.702588], [10.865518, 53.699875], [10.878851, 53.701968], [10.886292, 53.70189], [10.895594, 53.700909], [10.914559, 53.696774], [10.925256, 53.692434], [10.938123, 53.684708], [10.942774, 53.680548], [10.945565, 53.67706], [10.94572, 53.674114], [10.9451, 53.671324], [10.94541, 53.668146], [10.946495, 53.664942], [10.955022, 53.655459], [10.956158, 53.652901], [10.956469, 53.650343], [10.956158, 53.647656], [10.955642, 53.644581], [10.955952, 53.641842], [10.955952, 53.639104], [10.954918, 53.636623], [10.953161, 53.634272], [10.947735, 53.630784], [10.939829, 53.628717], [10.940604, 53.611405], [10.952696, 53.584378], [10.953781, 53.57797], [10.953006, 53.573681], [10.949596, 53.572079], [10.942309, 53.569702], [10.943394, 53.568798], [10.950991, 53.567868], [10.954401, 53.566136], [10.953316, 53.564793], [10.949751, 53.562519], [10.944325, 53.559729], [10.938123, 53.552545], [10.933473, 53.5496], [10.928977, 53.548463], [10.926031, 53.549858], [10.923861, 53.551848], [10.922931, 53.554638], [10.921845, 53.560504], [10.920605, 53.563087], [10.919055, 53.565413], [10.917194, 53.567738], [10.914869, 53.569702], [10.911458, 53.571356], [10.907738, 53.572208], [10.903552, 53.572338], [10.857767, 53.568203], [10.853271, 53.568358], [10.849705, 53.569108], [10.841437, 53.571872], [10.83322, 53.571872], [10.829655, 53.570064], [10.828259, 53.567428], [10.828569, 53.564638], [10.83105, 53.556344], [10.83322, 53.551021], [10.833375, 53.547791], [10.832445, 53.544071], [10.825624, 53.534717], [10.823918, 53.531281], [10.823608, 53.52849], [10.821903, 53.522832], [10.821438, 53.519834], [10.822523, 53.516475], [10.820353, 53.514796], [10.80485, 53.509396], [10.76015, 53.488157], [10.755344, 53.486942], [10.745112, 53.485883], [10.725682, 53.481129], [10.708163, 53.479449], [10.704288, 53.47777], [10.701652, 53.475548], [10.698551, 53.469372], [10.697156, 53.465419], [10.694521, 53.460096], [10.690955, 53.457719], [10.686304, 53.456841], [10.674625, 53.459399], [10.669044, 53.45927], [10.661138, 53.458184], [10.647185, 53.453947], [10.640829, 53.450975], [10.636798, 53.447875], [10.635403, 53.445239], [10.627186, 53.413691], [10.626411, 53.40749], [10.626721, 53.404441], [10.627186, 53.401547], [10.625791, 53.397258], [10.622225, 53.391005], [10.612097, 53.380928], [10.601245, 53.371833], [10.569515, 53.363875], [10.528381, 53.372401], [10.386426, 53.423871], [10.350511, 53.432036], [10.32798, 53.432656], [10.323174, 53.450433], [10.320693, 53.455652], [10.318833, 53.455859], [10.314957, 53.4556], [10.313407, 53.455239], [10.312632, 53.454929], [10.277854, 53.477511], [10.269792, 53.48149], [10.247623, 53.488777], [10.222767, 53.513013], [10.21393, 53.518827], [10.197497, 53.521746], [10.186645, 53.525312], [10.183234, 53.528955], [10.182149, 53.534045], [10.182304, 53.54097], [10.180754, 53.549626], [10.174087, 53.565981], [10.172847, 53.570529], [10.173157, 53.573784], [10.175483, 53.575438], [10.178118, 53.576523], [10.195946, 53.579211], [10.206023, 53.581872], [10.208659, 53.583035], [10.210674, 53.584352], [10.211604, 53.585567], [10.21238, 53.588151], [10.21331, 53.60169], [10.215325, 53.614195], [10.21672, 53.617709], [10.219976, 53.622877], [10.221216, 53.626184], [10.222767, 53.633652], [10.221526, 53.637812], [10.218891, 53.64024], [10.21455, 53.641842], [10.209124, 53.644788], [10.206799, 53.650472], [10.206488, 53.656984], [10.205403, 53.662358], [10.204783, 53.662823], [10.16923, 53.678636], [10.165974, 53.682098], [10.164734, 53.684527], [10.165819, 53.687369], [10.16985, 53.693596], [10.179823, 53.705611], [10.191141, 53.715171], [10.192846, 53.717703], [10.194861, 53.722535], [10.193776, 53.725093], [10.191916, 53.726566], [10.18742, 53.727522], [10.181994, 53.72778], [10.176878, 53.727212], [10.17109, 53.7253], [10.153572, 53.715636], [10.147991, 53.713673], [10.142255, 53.713311], [10.092904, 53.720184], [10.090268, 53.72008], [10.088718, 53.719719], [10.086392, 53.718892], [10.082052, 53.71636], [10.078176, 53.712897], [10.065153, 53.680806], [10.060192, 53.677964], [10.052234, 53.674864], [10.039057, 53.676259], [10.032856, 53.676285], [10.025879, 53.67551], [10.013632, 53.673003], [10.008206, 53.670678], [10.00371, 53.666802], [9.994047, 53.651428], [9.989861, 53.64856], [9.98428, 53.646881], [9.980404, 53.646726], [9.952809, 53.650369], [9.927332, 53.645666], [9.82863, 53.597246], [9.816073, 53.593111], [9.812507, 53.593887], [9.810492, 53.59461], [9.809097, 53.595282], [9.808012, 53.596109], [9.806926, 53.597142], [9.806151, 53.599054], [9.806461, 53.601896], [9.807546, 53.606496], [9.810492, 53.615074], [9.810027, 53.617864], [9.806926, 53.61988], [9.79871, 53.623239], [9.796539, 53.624634], [9.788168, 53.62758], [9.776489, 53.629388], [9.771683, 53.629698], [9.768427, 53.629182], [9.766567, 53.626288], [9.765017, 53.618872], [9.763311, 53.616573], [9.760211, 53.614195], [9.75618, 53.611818], [9.75401, 53.610036], [9.752769, 53.607891], [9.751684, 53.604687], [9.750599, 53.598021], [9.748894, 53.591975], [9.740884, 53.572751], [9.74081, 53.572575], [9.692393, 53.575914], [9.655772, 53.584621], [9.583669, 53.612454], [9.550792, 53.634589], [9.539073, 53.66649], [9.536143, 53.693752], [9.532237, 53.711168], [9.522227, 53.71662], [9.475271, 53.732164], [9.460216, 53.735419], [9.435802, 53.748684], [9.412446, 53.778754], [9.396658, 53.811021], [9.395193, 53.831], [9.358735, 53.839545], [9.295584, 53.871894], [9.257823, 53.885565], [9.22047, 53.890774], [9.093435, 53.892483], [9.055431, 53.902899], [9.029959, 53.907131], [9.018321, 53.902737], [9.007823, 53.892483], [8.98463, 53.89704], [8.949474, 53.912909], [8.916026, 53.937405], [8.833344, 54.036444], [8.871837, 54.046942], [8.890636, 54.047797], [8.914561, 54.043891], [8.953868, 54.028306], [8.975352, 54.024075], [8.997244, 54.030219], [9.004893, 54.041164], [9.013031, 54.060981], [9.018565, 54.082424], [9.018321, 54.097886], [9.006684, 54.10814], [8.988129, 54.117865], [8.974457, 54.128079], [8.977306, 54.139472], [8.977306, 54.145697], [8.952891, 54.150092], [8.917979, 54.146308], [8.885427, 54.13703], [8.867442, 54.12519], [8.860688, 54.12519], [8.833344, 54.153144], [8.815684, 54.175605], [8.812836, 54.180487], [8.820974, 54.200507], [8.836274, 54.21776], [8.84669, 54.233547], [8.83961, 54.248725], [8.83961, 54.255561], [8.851899, 54.261054], [8.894216, 54.268215], [8.911469, 54.269192], [8.922048, 54.274237], [8.937511, 54.286689], [8.953136, 54.302558], [8.963145, 54.317613], [8.940278, 54.315009], [8.902599, 54.295844], [8.881114, 54.290269], [8.883067, 54.293606], [8.885916, 54.300727], [8.88795, 54.303941], [8.857595, 54.301825], [8.805431, 54.292426], [8.774669, 54.290269], [8.738943, 54.293891], [8.723481, 54.290269], [8.690196, 54.27147], [8.678477, 54.269192], [8.651866, 54.274848], [8.623383, 54.290107], [8.602712, 54.312079], [8.599864, 54.33808], [8.614024, 54.348375], [8.641368, 54.355658], [8.672048, 54.35928], [8.695567, 54.358588], [8.695567, 54.365424], [8.677582, 54.367906], [8.663829, 54.375556], [8.650645, 54.377997], [8.634776, 54.365424], [8.626231, 54.37641], [8.629161, 54.387681], [8.638438, 54.398139], [8.648448, 54.406399], [8.66977, 54.400824], [8.750824, 54.413804], [8.860688, 54.413804], [8.886078, 54.417792], [8.907237, 54.425523], [8.949474, 54.447333], [8.988048, 54.458441], [9.004731, 54.465888], [9.011485, 54.482123], [9.011567, 54.506334], [8.986095, 54.529283], [8.90447, 54.580634], [8.892833, 54.591254], [8.88795, 54.601874], [8.878754, 54.606513], [8.858165, 54.606147], [8.837087, 54.602688], [8.825857, 54.598131], [8.819021, 54.605618], [8.853282, 54.619289], [8.81837, 54.673651], [8.805431, 54.687567], [8.776703, 54.697984], [8.722667, 54.725531], [8.688731, 54.735297], [8.688731, 54.742174], [8.694347, 54.76024], [8.681326, 54.780585], [8.661876, 54.800605], [8.648448, 54.817857], [8.642751, 54.844184], [8.647227, 54.867377], [8.660776, 54.896311], [8.695882, 54.889984], [8.732779, 54.889054], [8.800889, 54.903833], [8.824246, 54.9059]]], [[[8.963145, 54.523668], [8.958507, 54.522447], [8.956309, 54.519436], [8.955821, 54.51496], [8.956879, 54.509426], [8.938487, 54.499091], [8.925792, 54.486762], [8.911306, 54.475491], [8.88795, 54.468451], [8.844493, 54.466498], [8.823904, 54.470852], [8.812836, 54.482123], [8.823741, 54.485541], [8.825531, 54.491197], [8.820974, 54.49726], [8.812836, 54.501939], [8.844493, 54.519721], [8.879649, 54.52912], [8.9192, 54.530463], [8.963145, 54.523668]]], [[[11.255626, 54.478705], [11.31422, 54.413804], [11.188487, 54.426174], [11.170177, 54.420071], [11.174653, 54.416002], [11.179047, 54.414211], [11.138845, 54.412665], [11.112641, 54.415229], [11.101329, 54.423489], [11.103282, 54.443834], [11.098643, 54.451646], [11.084321, 54.454779], [11.058116, 54.455268], [11.047374, 54.453274], [11.039887, 54.447333], [11.032481, 54.447333], [11.029145, 54.454657], [11.025727, 54.458808], [11.020356, 54.45897], [11.008474, 54.454657], [11.005707, 54.468451], [11.033702, 54.508857], [11.072927, 54.531195], [11.121267, 54.535956], [11.206554, 54.514472], [11.232107, 54.501654], [11.240001, 54.495551], [11.255626, 54.478705]]], [[[8.332367, 54.693793], [8.382335, 54.639146], [8.401378, 54.632961], [8.387706, 54.626125], [8.353689, 54.618964], [8.330251, 54.631415], [8.311371, 54.651353], [8.291515, 54.66706], [8.320486, 54.698717], [8.33839, 54.71015], [8.360362, 54.71483], [8.360688, 54.710028], [8.359141, 54.70893], [8.356293, 54.709174], [8.353526, 54.707994], [8.342459, 54.701402], [8.332367, 54.693793]]], [[[8.497569, 54.756415], [8.553233, 54.754462], [8.575938, 54.746405], [8.593761, 54.728502], [8.593761, 54.721666], [8.58546, 54.713609], [8.574067, 54.694403], [8.565766, 54.687567], [8.552094, 54.685004], [8.535167, 54.686184], [8.519867, 54.689602], [8.511241, 54.693793], [8.485199, 54.688056], [8.45281, 54.693834], [8.394542, 54.71483], [8.414236, 54.735785], [8.436778, 54.748481], [8.464122, 54.754788], [8.497569, 54.756415]]], [[[8.360362, 54.948188], [8.354503, 54.912746], [8.388357, 54.894232], [8.436534, 54.887274], [8.65447, 54.893622], [8.629405, 54.882148], [8.504405, 54.886176], [8.48878, 54.881293], [8.461192, 54.868801], [8.446056, 54.866278], [8.377126, 54.866278], [8.370616, 54.868232], [8.36199, 54.876939], [8.353526, 54.87934], [8.343923, 54.879096], [8.337413, 54.87759], [8.30714, 54.865383], [8.302013, 54.862616], [8.299327, 54.855292], [8.297862, 54.835598], [8.294932, 54.831529], [8.29835, 54.776923], [8.295746, 54.759101], [8.290701, 54.745307], [8.284434, 54.742377], [8.277843, 54.756415], [8.277029, 54.782782], [8.288585, 54.891303], [8.298025, 54.912543], [8.373709, 55.03498], [8.415782, 55.065334], [8.46339, 55.050686], [8.402354, 55.048774], [8.394542, 55.04385], [8.422211, 55.042182], [8.430431, 55.030015], [8.42156, 55.016262], [8.38087, 55.003079], [8.36199, 54.986802], [8.351573, 54.966742], [8.360362, 54.948188]]], [[[8.634532, 54.542629], [8.698904, 54.55858], [8.700938, 54.547756], [8.692882, 54.523261], [8.66977, 54.501899], [8.641287, 54.492377], [8.618826, 54.492621], [8.60613, 54.499213], [8.595876, 54.513658], [8.602061, 54.529771], [8.620128, 54.537909], [8.627452, 54.539944], [8.634532, 54.542629]]], [[[7.904145, 54.180406], [7.899181, 54.178168], [7.897716, 54.182318], [7.893565, 54.183092], [7.890391, 54.187567], [7.885916, 54.19066], [7.879893, 54.193915], [7.894542, 54.194648], [7.900645, 54.19066], [7.904145, 54.180406]]], [[[7.912364, 54.192288], [7.929861, 54.195299], [7.933442, 54.189887], [7.917654, 54.186998], [7.912364, 54.192288]]]]}}, {"type": "Feature", "properties": {"code": "DE-NI", "name": "Niedersachsen", "country": "DE", "level": "region", "type": "land"}, "geometry": {"type": "MultiPolygon", "coordinates": [[[[7.072151, 52.841317], [7.079857, 52.854424], [7.161919, 52.932636], [7.183623, 52.966122], [7.192821, 52.998006], [7.194372, 53.033844], [7.18507, 53.105442], [7.181349, 53.114175], [7.176492, 53.119394], [7.172668, 53.125751], [7.171944, 53.137714], [7.174425, 53.145775], [7.188584, 53.167789], [7.195405, 53.184998], [7.198506, 53.200578], [7.197472, 53.216624], [7.194591, 53.245022], [7.204438, 53.248277], [7.215831, 53.255601], [7.22462, 53.262926], [7.233572, 53.273627], [7.23699, 53.285549], [7.229503, 53.296576], [7.254731, 53.319525], [7.268321, 53.323676], [7.291515, 53.32392], [7.313162, 53.320502], [7.347667, 53.307359], [7.366547, 53.302802], [7.34254, 53.324042], [7.302908, 53.33275], [7.075206, 53.337592], [7.038259, 53.348578], [7.023611, 53.37641], [7.023285, 53.450507], [7.02768, 53.467353], [7.047048, 53.497707], [7.051443, 53.5126], [7.059744, 53.521715], [7.079356, 53.521552], [7.11964, 53.516303], [7.125011, 53.524359], [7.134532, 53.527411], [7.141775, 53.537177], [7.139985, 53.549791], [7.131114, 53.556952], [7.101899, 53.565741], [7.088878, 53.573717], [7.086762, 53.586859], [7.100922, 53.597886], [7.133149, 53.611274], [7.169444, 53.635484], [7.188975, 53.6435], [7.226085, 53.66649], [7.305024, 53.684801], [7.458832, 53.695136], [7.469574, 53.690741], [7.480235, 53.682034], [7.503917, 53.678656], [7.651378, 53.696967], [7.951427, 53.72191], [8.031423, 53.708075], [8.031423, 53.700629], [8.024913, 53.672553], [8.052908, 53.636298], [8.094086, 53.604722], [8.127615, 53.590766], [8.127615, 53.584621], [8.119151, 53.571926], [8.134613, 53.56745], [8.156749, 53.563666], [8.167979, 53.553209], [8.164887, 53.535224], [8.155447, 53.526028], [8.1338, 53.516303], [8.115733, 53.510728], [8.076345, 53.508612], [8.058767, 53.502021], [8.076996, 53.468695], [8.086192, 53.456122], [8.099783, 53.447414], [8.112478, 53.451077], [8.123871, 53.454006], [8.140636, 53.453599], [8.152354, 53.449774], [8.171397, 53.436591], [8.178559, 53.433743], [8.186697, 53.429511], [8.194835, 53.420111], [8.205333, 53.410712], [8.219737, 53.40644], [8.236501, 53.406724], [8.248709, 53.408393], [8.259451, 53.412299], [8.271739, 53.419501], [8.292817, 53.440497], [8.315115, 53.474921], [8.320486, 53.509223], [8.291515, 53.529364], [8.252208, 53.523098], [8.231212, 53.525214], [8.233165, 53.539862], [8.24171, 53.556301], [8.248871, 53.590277], [8.257335, 53.604438], [8.270681, 53.61286], [8.287608, 53.616889], [8.329356, 53.618109], [8.348481, 53.61286], [8.363292, 53.600572], [8.375499, 53.5869], [8.387706, 53.577135], [8.428071, 53.564765], [8.513438, 53.554755], [8.552094, 53.543606], [8.552094, 53.5362], [8.528168, 53.523912], [8.506196, 53.507961], [8.490001, 53.486396], [8.483897, 53.457343], [8.485037, 53.40119], [8.490896, 53.376451], [8.504405, 53.358059], [8.507335, 53.382799], [8.496755, 53.445258], [8.497569, 53.474758], [8.512869, 53.496487], [8.535818, 53.506171], [8.556651, 53.518215], [8.557203, 53.519941], [8.560904, 53.5157], [8.572996, 53.501851], [8.578267, 53.499241], [8.585554, 53.500326], [8.587414, 53.500352], [8.587879, 53.500326], [8.588344, 53.500171], [8.595011, 53.492187], [8.597491, 53.490585], [8.599506, 53.489733], [8.601057, 53.490017], [8.602814, 53.490482], [8.623588, 53.502213], [8.639091, 53.516656], [8.640641, 53.519886], [8.641881, 53.525312], [8.642656, 53.531901], [8.641881, 53.539316], [8.635215, 53.559884], [8.631494, 53.567532], [8.623588, 53.577092], [8.621107, 53.582259], [8.620177, 53.587608], [8.621727, 53.591484], [8.622968, 53.59399], [8.625293, 53.596806], [8.628239, 53.599364], [8.631804, 53.602], [8.630874, 53.603964], [8.625293, 53.604997], [8.584314, 53.603938], [8.562454, 53.606263], [8.513414, 53.617012], [8.513038, 53.617097], [8.508311, 53.625149], [8.501231, 53.644192], [8.487071, 53.666938], [8.483897, 53.68358], [8.486095, 53.700426], [8.492198, 53.715155], [8.529633, 53.770697], [8.556163, 53.830959], [8.573253, 53.857652], [8.587576, 53.870429], [8.607107, 53.881537], [8.629242, 53.88939], [8.651866, 53.892483], [8.672699, 53.891588], [8.684581, 53.888495], [8.709158, 53.871975], [8.74464, 53.854153], [8.782481, 53.842475], [8.860688, 53.831], [8.903575, 53.831732], [8.976248, 53.842434], [9.016287, 53.840522], [9.035004, 53.853583], [9.114513, 53.865139], [9.193614, 53.864691], [9.210704, 53.871975], [9.224294, 53.865912], [9.240733, 53.864163], [9.274669, 53.865139], [9.283376, 53.86164], [9.305349, 53.84455], [9.40268, 53.742418], [9.442882, 53.714301], [9.470958, 53.700629], [9.484711, 53.69009], [9.498383, 53.659857], [9.567068, 53.599595], [9.582367, 53.591295], [9.600922, 53.58633], [9.624766, 53.584621], [9.637218, 53.581], [9.696625, 53.556627], [9.763972, 53.54768], [9.764707, 53.54376], [9.768427, 53.508155], [9.777264, 53.502316], [9.779331, 53.500094], [9.780726, 53.49658], [9.782432, 53.494306], [9.785222, 53.492446], [9.791423, 53.48981], [9.793749, 53.487795], [9.796074, 53.484281], [9.800725, 53.475238], [9.804756, 53.469191], [9.810647, 53.46237], [9.816693, 53.456944], [9.824445, 53.451415], [9.857207, 53.432863], [9.861238, 53.432243], [9.865114, 53.433405], [9.877516, 53.444774], [9.882787, 53.447229], [9.890849, 53.449038], [9.895706, 53.44865], [9.900047, 53.446609], [9.905473, 53.441234], [9.908109, 53.430796], [9.908729, 53.421546], [9.909349, 53.418083], [9.912915, 53.415603], [9.918961, 53.415603], [9.938805, 53.421882], [9.945006, 53.422838], [9.950018, 53.422011], [9.968467, 53.414466], [9.975288, 53.414053], [9.985365, 53.41506], [10.011307, 53.421494], [10.027895, 53.427489], [10.030375, 53.429194], [10.03084, 53.431158], [10.030685, 53.43307], [10.030065, 53.434517], [10.0296, 53.436635], [10.029445, 53.438392], [10.032391, 53.440976], [10.038747, 53.443095], [10.076005, 53.450433], [10.083137, 53.450898], [10.099105, 53.439477], [10.111197, 53.433896], [10.131403, 53.430589], [10.143081, 53.422683], [10.153572, 53.413639], [10.16985, 53.406611], [10.186541, 53.404389], [10.241577, 53.406611], [10.243747, 53.409402], [10.266071, 53.427075], [10.275993, 53.430796], [10.285347, 53.432656], [10.32798, 53.432656], [10.350511, 53.432036], [10.386426, 53.423871], [10.528381, 53.372401], [10.569515, 53.363875], [10.601245, 53.371833], [10.675504, 53.373693], [10.709714, 53.368345], [10.731573, 53.351989], [10.734312, 53.33783], [10.734622, 53.321707], [10.739428, 53.308452], [10.755809, 53.302948], [10.775136, 53.300235], [10.786815, 53.29344], [10.80733, 53.275637], [10.839266, 53.260109], [10.930217, 53.228457], [11.040081, 53.166393], [11.06809, 53.155515], [11.07765, 53.149004], [11.089432, 53.144198], [11.099716, 53.148539], [11.109276, 53.155774], [11.124934, 53.16213], [11.133099, 53.167608], [11.143434, 53.172672], [11.156146, 53.173861], [11.164518, 53.170863], [11.170409, 53.165463], [11.176145, 53.158874], [11.184052, 53.152105], [11.194335, 53.140943], [11.201363, 53.140478], [11.214489, 53.149004], [11.224669, 53.153035], [11.232317, 53.148798], [11.239707, 53.142028], [11.25583, 53.136188], [11.262445, 53.130711], [11.27409, 53.117544], [11.274517, 53.117061], [11.290918, 53.098516], [11.327609, 53.07242], [11.344145, 53.066322], [11.365643, 53.063996], [11.384246, 53.067123], [11.416854, 53.080895], [11.437938, 53.08384], [11.460934, 53.079422], [11.490699, 53.060741], [11.509303, 53.056503], [11.532299, 53.054643], [11.58134, 53.042861], [11.56191, 53.01002], [11.551988, 53.005654], [11.538965, 53.00555], [11.530749, 53.007695], [11.525168, 53.008238], [11.515091, 53.006739], [11.509768, 53.003845], [11.506823, 53.001132], [11.501862, 52.991908], [11.500931, 52.989143], [11.496281, 52.969403], [11.496281, 52.963021], [11.496591, 52.959972], [11.497986, 52.954494], [11.500466, 52.949533], [11.502017, 52.944159], [11.500156, 52.942609], [11.498296, 52.941833], [11.479382, 52.941239], [11.470391, 52.940076], [11.412358, 52.906435], [11.408741, 52.905246], [11.373704, 52.899562], [11.312881, 52.883801], [11.292262, 52.883181], [11.284459, 52.885299], [11.278723, 52.884318], [11.272832, 52.882095], [11.264305, 52.877548], [11.258104, 52.876308], [11.253298, 52.876153], [11.250507, 52.876928], [11.248182, 52.877858], [11.246167, 52.879563], [11.244306, 52.881579], [11.242911, 52.884059], [11.240896, 52.886152], [11.237898, 52.887857], [11.225341, 52.890984], [11.22224, 52.892482], [11.21976, 52.894446], [11.216969, 52.896255], [11.213559, 52.897753], [11.165293, 52.903257], [11.10664, 52.900596], [11.098889, 52.901422], [11.080905, 52.90752], [11.050778, 52.912274], [11.034345, 52.913075], [11.014656, 52.911861], [11.002512, 52.908709], [11.000652, 52.907649], [10.999877, 52.9069], [10.998792, 52.905867], [10.997396, 52.903903], [10.995846, 52.901371], [10.994761, 52.898477], [10.993986, 52.895505], [10.993676, 52.892637], [10.993521, 52.887625], [10.993055, 52.885997], [10.99166, 52.883904], [10.989335, 52.882121], [10.970421, 52.873104], [10.960654, 52.865146], [10.941689, 52.859074], [10.914094, 52.853725], [10.898901, 52.848919], [10.885517, 52.847162], [10.842522, 52.84848], [10.795393, 52.846335], [10.76201, 52.838377], [10.758599, 52.835096], [10.76077, 52.829954], [10.76046, 52.826492], [10.757824, 52.821737], [10.756739, 52.818172], [10.757049, 52.815174], [10.75922, 52.810007], [10.759995, 52.807242], [10.76015, 52.804297], [10.76015, 52.801351], [10.757359, 52.792437], [10.756739, 52.789491], [10.756894, 52.786494], [10.757979, 52.783626], [10.759375, 52.781688], [10.763715, 52.777347], [10.774257, 52.761689], [10.778753, 52.758382], [10.791672, 52.750372], [10.793843, 52.747943], [10.794773, 52.740373], [10.796168, 52.734094], [10.800974, 52.722467], [10.805935, 52.7181], [10.811206, 52.716059], [10.821748, 52.716059], [10.828724, 52.713785], [10.836941, 52.710271], [10.84707, 52.697352], [10.884897, 52.651412], [10.91983, 52.619476], [10.928202, 52.614205], [10.933783, 52.612913], [10.937348, 52.613843], [10.948665, 52.620509], [10.952076, 52.621801], [10.957192, 52.622525], [10.96329, 52.622111], [10.973367, 52.619321], [10.976777, 52.616272], [10.977708, 52.613171], [10.976312, 52.610587], [10.974297, 52.608314], [10.969336, 52.60436], [10.952696, 52.593276], [10.950371, 52.591157], [10.948355, 52.588935], [10.947115, 52.586351], [10.946495, 52.583612], [10.945875, 52.567929], [10.946495, 52.562942], [10.94913, 52.553743], [10.951301, 52.548989], [10.953678, 52.545475], [10.955848, 52.543382], [10.960809, 52.539687], [10.963755, 52.53806], [10.96639, 52.536199], [10.994141, 52.508992], [10.999567, 52.502584], [11.001737, 52.49814], [10.998947, 52.497054], [10.994451, 52.496899], [10.976002, 52.499483], [10.971351, 52.499586], [10.966856, 52.499121], [10.96267, 52.498346], [10.955642, 52.496047], [10.952541, 52.494419], [10.950061, 52.492455], [10.948355, 52.490181], [10.94727, 52.487804], [10.946805, 52.484187], [10.946185, 52.482843], [10.945255, 52.481603], [10.943239, 52.479588], [10.941379, 52.476435], [10.940449, 52.472766], [10.939054, 52.462121], [11.010729, 52.403468], [11.01538, 52.400626], [11.020857, 52.398301], [11.024423, 52.397215], [11.037601, 52.394838], [11.066953, 52.379749], [11.070053, 52.376545], [11.072999, 52.372178], [11.072017, 52.368535], [11.070467, 52.364737], [11.069123, 52.358458], [11.066746, 52.355693], [11.0638, 52.353833], [11.047057, 52.350965], [11.018997, 52.348743], [11.008403, 52.346314], [11.001427, 52.34373], [10.999257, 52.34249], [10.999257, 52.34032], [11.000032, 52.338149], [11.000807, 52.333343], [11.001737, 52.33045], [11.002977, 52.328848], [11.005923, 52.327685], [11.013829, 52.325799], [11.020702, 52.323163], [11.022873, 52.321639], [11.023958, 52.320424], [11.024733, 52.318306], [11.025198, 52.31598], [11.026128, 52.31381], [11.027524, 52.312259], [11.030469, 52.310192], [11.033725, 52.306472], [11.033725, 52.303707], [11.032019, 52.301382], [11.021012, 52.295723], [11.01569, 52.291692], [11.014139, 52.289677], [11.01476, 52.287403], [11.027214, 52.275156], [11.033415, 52.271125], [11.037446, 52.269006], [11.042096, 52.263477], [11.044577, 52.261772], [11.047988, 52.261203], [11.055894, 52.262598], [11.0607, 52.26141], [11.06225, 52.258516], [11.061785, 52.250868], [11.062715, 52.245907], [11.063645, 52.243685], [11.066333, 52.243504], [11.068503, 52.245028], [11.070467, 52.24694], [11.072637, 52.249938], [11.073464, 52.250764], [11.075634, 52.251281], [11.078425, 52.250971], [11.082921, 52.247147], [11.084471, 52.243659], [11.085246, 52.240093], [11.085091, 52.230714], [11.084316, 52.22782], [11.082921, 52.225133], [11.080905, 52.222833], [11.07827, 52.220999], [11.072017, 52.218751], [11.057909, 52.217071], [11.037446, 52.211465], [11.03419, 52.209604], [11.029074, 52.206116], [11.020702, 52.19405], [11.019307, 52.189993], [11.019307, 52.186867], [11.022718, 52.181983], [11.025043, 52.179348], [11.027214, 52.177539], [11.030004, 52.175834], [11.03326, 52.174438], [11.037135, 52.173327], [11.041631, 52.172836], [11.045972, 52.173146], [11.050468, 52.1717], [11.054344, 52.168392], [11.057909, 52.158005], [11.057909, 52.152838], [11.056514, 52.148859], [11.048298, 52.139712], [11.043337, 52.1355], [11.038221, 52.131702], [11.013829, 52.118938], [10.9929, 52.1116], [10.958122, 52.10483], [10.951611, 52.102376], [10.94882, 52.09974], [10.947735, 52.096975], [10.94851, 52.094857], [10.949441, 52.093668], [10.951766, 52.092221], [10.967166, 52.084935], [10.969336, 52.08354], [10.970111, 52.081214], [10.970731, 52.07708], [10.969956, 52.068915], [10.968406, 52.064574], [10.965925, 52.061422], [10.96298, 52.05982], [10.959052, 52.05858], [10.955538, 52.05796], [10.945565, 52.057701], [10.896214, 52.058528], [10.876215, 52.056668], [10.850325, 52.05026], [10.717465, 52.050234], [10.660828, 52.044731], [10.652456, 52.042612], [10.651061, 52.040286], [10.651216, 52.037703], [10.651991, 52.035015], [10.652146, 52.03238], [10.651216, 52.029796], [10.643309, 52.024473], [10.635093, 52.017755], [10.621605, 52.010521], [10.615042, 52.008815], [10.609306, 52.008195], [10.580006, 52.010314], [10.573805, 52.008867], [10.570084, 52.0068], [10.569619, 52.00419], [10.570084, 52.002149], [10.570549, 52.001219], [10.571169, 52.00034], [10.572719, 51.998609], [10.586207, 51.987163], [10.587757, 51.985354], [10.588532, 51.983752], [10.590238, 51.976156], [10.615352, 51.968404], [10.618608, 51.966053], [10.624706, 51.960291], [10.629357, 51.958302], [10.634783, 51.957656], [10.641914, 51.958922], [10.64455, 51.958689], [10.64548, 51.957087], [10.644395, 51.954814], [10.641759, 51.953057], [10.626876, 51.948922], [10.623621, 51.947579], [10.618143, 51.943445], [10.615042, 51.934246], [10.613027, 51.924531], [10.613492, 51.923136], [10.615042, 51.920707], [10.631837, 51.913679], [10.635248, 51.91156], [10.638193, 51.906754], [10.641139, 51.891562], [10.640984, 51.886652], [10.639899, 51.883552], [10.638503, 51.88226], [10.636333, 51.880658], [10.634318, 51.878642], [10.630907, 51.873656], [10.628737, 51.871459], [10.625791, 51.869935], [10.618143, 51.867997], [10.614422, 51.866188], [10.611012, 51.863553], [10.607601, 51.85885], [10.604345, 51.856318], [10.600625, 51.854561], [10.587137, 51.850996], [10.582176, 51.84774], [10.580161, 51.844898], [10.580161, 51.830273], [10.577835, 51.80521], [10.5783, 51.800404], [10.578921, 51.799629], [10.580006, 51.796632], [10.582486, 51.784488], [10.583881, 51.780302], [10.585277, 51.777925], [10.590393, 51.775083], [10.595509, 51.771466], [10.597679, 51.76945], [10.60295, 51.765781], [10.609151, 51.762732], [10.616128, 51.760045], [10.619228, 51.758546], [10.622225, 51.755549], [10.624551, 51.751622], [10.628272, 51.741183], [10.630132, 51.738393], [10.638193, 51.731365], [10.64424, 51.721339], [10.64641, 51.719841], [10.658192, 51.713665], [10.661138, 51.711004], [10.664083, 51.707232], [10.668269, 51.698292], [10.669199, 51.692969], [10.669044, 51.66987], [10.697621, 51.637365], [10.64889, 51.619744], [10.631372, 51.607031], [10.629667, 51.603207], [10.629202, 51.600985], [10.630752, 51.599176], [10.635093, 51.595197], [10.640829, 51.588583], [10.650596, 51.581658], [10.652301, 51.580805], [10.654161, 51.578247], [10.655402, 51.574423], [10.653386, 51.565793], [10.649976, 51.562486], [10.645325, 51.561142], [10.641604, 51.56215], [10.638348, 51.563545], [10.624396, 51.573157], [10.618453, 51.573441], [10.610391, 51.572563], [10.561971, 51.557422], [10.557475, 51.556595], [10.526624, 51.555406], [10.514222, 51.556285], [10.478823, 51.574708], [10.431023, 51.590701], [10.421721, 51.591864], [10.414279, 51.589823], [10.400482, 51.587963], [10.385237, 51.587808], [10.378416, 51.586774], [10.37485, 51.58574], [10.374075, 51.584035], [10.374075, 51.582588], [10.37423, 51.581761], [10.37485, 51.580935], [10.377796, 51.578041], [10.378571, 51.576775], [10.379346, 51.574682], [10.379501, 51.571995], [10.377951, 51.56631], [10.375315, 51.560677], [10.364618, 51.542436], [10.357642, 51.536389], [10.341364, 51.528948], [10.338212, 51.525951], [10.337282, 51.522954], [10.335111, 51.521197], [10.332321, 51.519801], [10.323794, 51.517269], [10.306431, 51.510551], [10.301625, 51.507218], [10.298679, 51.504092], [10.297439, 51.49988], [10.294493, 51.493498], [10.291238, 51.491276], [10.286897, 51.490062], [10.282505, 51.489441], [10.239561, 51.472104], [10.232275, 51.470089], [10.222767, 51.470037], [10.218736, 51.470812], [10.2161, 51.472311], [10.214395, 51.474016], [10.21393, 51.475153], [10.213465, 51.477013], [10.212845, 51.478047], [10.209589, 51.479494], [10.204473, 51.480114], [10.194706, 51.47939], [10.18959, 51.477892], [10.18587, 51.47598], [10.183544, 51.474016], [10.181374, 51.471871], [10.180133, 51.469675], [10.179668, 51.467531], [10.179978, 51.466161], [10.181219, 51.464559], [10.182149, 51.462802], [10.181994, 51.461355], [10.179823, 51.458177], [10.172227, 51.449341], [10.168455, 51.446653], [10.163339, 51.444819], [10.149851, 51.442648], [10.146751, 51.440633], [10.146285, 51.438282], [10.146595, 51.437171], [10.149696, 51.431796], [10.099725, 51.433037], [10.084687, 51.431073], [10.078796, 51.42513], [10.07337, 51.420841], [10.069184, 51.420066], [10.066084, 51.420944], [10.045723, 51.432106], [10.041692, 51.432261], [10.039677, 51.430556], [10.037041, 51.427559], [10.032081, 51.4242], [10.017663, 51.419497], [10.011462, 51.416759], [10.000093, 51.408232], [9.949243, 51.381799], [9.91462, 51.397664], [9.905783, 51.403684], [9.905628, 51.405131], [9.905318, 51.411281], [9.904233, 51.416965], [9.901598, 51.418981], [9.897567, 51.419084], [9.894156, 51.417895], [9.891521, 51.416345], [9.884958, 51.411177], [9.882322, 51.410893], [9.869765, 51.410893], [9.865579, 51.410144], [9.862789, 51.408697], [9.861858, 51.406733], [9.861703, 51.404408], [9.862789, 51.40154], [9.863874, 51.399679], [9.865424, 51.397638], [9.867129, 51.395985], [9.875501, 51.384719], [9.875501, 51.381722], [9.873175, 51.37888], [9.866044, 51.37335], [9.860928, 51.372058], [9.856432, 51.37211], [9.852402, 51.374281], [9.849146, 51.376503], [9.844495, 51.381515], [9.838914, 51.390455], [9.837209, 51.393607], [9.832816, 51.397587], [9.825995, 51.400894], [9.808012, 51.40725], [9.800725, 51.408852], [9.796384, 51.408387], [9.795919, 51.406733], [9.796384, 51.404305], [9.797314, 51.402237], [9.7984, 51.400584], [9.801655, 51.397199], [9.79871, 51.394538], [9.792043, 51.390352], [9.767962, 51.385649], [9.75587, 51.379164], [9.71365, 51.36379], [9.712565, 51.362602], [9.712565, 51.361103], [9.71272, 51.358829], [9.715356, 51.354333], [9.718921, 51.35069], [9.742848, 51.334645], [9.750754, 51.331337], [9.754475, 51.330872], [9.756955, 51.332138], [9.759436, 51.334283], [9.769978, 51.340562], [9.775249, 51.341879], [9.779486, 51.341879], [9.781657, 51.340872], [9.783207, 51.339916], [9.784757, 51.338701], [9.784757, 51.337539], [9.784292, 51.335885], [9.782742, 51.333844], [9.779951, 51.331389], [9.778659, 51.330743], [9.777574, 51.329994], [9.776179, 51.329167], [9.774474, 51.327772], [9.773388, 51.326687], [9.772768, 51.325291], [9.772613, 51.323431], [9.772923, 51.32108], [9.773078, 51.319038], [9.769513, 51.314878], [9.762071, 51.309323], [9.733546, 51.293252], [9.725639, 51.290668], [9.722022, 51.290461], [9.71148, 51.291521], [9.682644, 51.314956], [9.669467, 51.319555], [9.662284, 51.318935], [9.655928, 51.319503], [9.586268, 51.339451], [9.56937, 51.342344], [9.541258, 51.358312], [9.535522, 51.363739], [9.534747, 51.366581], [9.538157, 51.366219], [9.553505, 51.36193], [9.562548, 51.360638], [9.567044, 51.360612], [9.57092, 51.361387], [9.57216, 51.363997], [9.57123, 51.368389], [9.564564, 51.376761], [9.562859, 51.38136], [9.563634, 51.384461], [9.572005, 51.389706], [9.574641, 51.391954], [9.576966, 51.395261], [9.578982, 51.397587], [9.582082, 51.398827], [9.585958, 51.398568], [9.592934, 51.396966], [9.59681, 51.397018], [9.604251, 51.398827], [9.632518, 51.400946], [9.636239, 51.403736], [9.638564, 51.408697], [9.634689, 51.434018], [9.635309, 51.437739], [9.636549, 51.441667], [9.637014, 51.447403], [9.635309, 51.451278], [9.630968, 51.455387], [9.630038, 51.45841], [9.630968, 51.460735], [9.636549, 51.465024], [9.63872, 51.468022], [9.638254, 51.470295], [9.635619, 51.472052], [9.627867, 51.474171], [9.623062, 51.477323], [9.616395, 51.483783], [9.59681, 51.511585], [9.594795, 51.518199], [9.59681, 51.520576], [9.605957, 51.521093], [9.609677, 51.521972], [9.61252, 51.523677], [9.614535, 51.527398], [9.61562, 51.533056], [9.61593, 51.543986], [9.61717, 51.549825], [9.619651, 51.552487], [9.623062, 51.552254], [9.629728, 51.549567], [9.632518, 51.548843], [9.636549, 51.54843], [9.641045, 51.548585], [9.644766, 51.550032], [9.645076, 51.551686], [9.635464, 51.56215], [9.633914, 51.566], [9.633914, 51.568894], [9.635619, 51.570858], [9.637789, 51.57215], [9.639805, 51.572615], [9.64182, 51.572511], [9.643991, 51.571917], [9.668382, 51.560316], [9.671327, 51.559282], [9.677373, 51.560781], [9.686055, 51.571943], [9.66647, 51.584965], [9.659804, 51.595146], [9.657168, 51.603931], [9.654377, 51.608168], [9.650812, 51.611217], [9.630968, 51.617211], [9.627402, 51.62026], [9.625387, 51.624033], [9.623372, 51.629459], [9.620891, 51.631112], [9.61624, 51.630647], [9.605026, 51.627469], [9.592624, 51.625738], [9.585338, 51.625996], [9.577121, 51.627082], [9.564719, 51.630389], [9.560223, 51.6338], [9.556192, 51.638218], [9.55304, 51.640001], [9.549319, 51.640259], [9.545754, 51.639303], [9.542653, 51.637779], [9.537537, 51.634161], [9.535212, 51.632146], [9.532576, 51.630286], [9.527925, 51.628787], [9.520949, 51.628089], [9.507771, 51.628399], [9.499555, 51.630105], [9.494387, 51.632094], [9.492062, 51.634265], [9.490822, 51.636797], [9.490356, 51.639639], [9.490201, 51.642636], [9.490512, 51.646021], [9.490356, 51.649302], [9.486946, 51.653282], [9.482915, 51.654677], [9.466792, 51.655013], [9.448499, 51.644031], [9.440075, 51.649044], [9.393722, 51.640052], [9.378787, 51.640388], [9.376152, 51.642119], [9.374446, 51.644393], [9.373051, 51.647261], [9.372431, 51.650982], [9.372431, 51.656253], [9.373206, 51.661446], [9.374756, 51.665012], [9.376927, 51.667441], [9.379717, 51.669146], [9.386383, 51.671782], [9.388761, 51.674159], [9.390001, 51.67775], [9.387675, 51.684908], [9.38721, 51.689403], [9.387985, 51.693021], [9.389846, 51.695088], [9.393101, 51.697568], [9.393567, 51.700617], [9.392946, 51.705268], [9.390001, 51.717257], [9.389536, 51.723923], [9.389846, 51.729401], [9.391086, 51.733845], [9.392326, 51.735344], [9.394187, 51.736713], [9.396357, 51.737876], [9.399303, 51.740253], [9.401318, 51.742682], [9.403023, 51.745421], [9.404419, 51.749761], [9.405349, 51.752139], [9.406589, 51.753224], [9.409535, 51.754722], [9.422557, 51.759632], [9.428138, 51.762732], [9.433719, 51.767202], [9.436665, 51.770458], [9.446018, 51.785082], [9.451909, 51.797769], [9.453149, 51.805779], [9.452064, 51.816088], [9.452839, 51.820972], [9.454545, 51.824072], [9.461676, 51.82862], [9.462141, 51.830118], [9.460901, 51.831669], [9.457645, 51.833064], [9.449429, 51.835053], [9.444158, 51.835234], [9.44054, 51.83849], [9.440075, 51.840764], [9.441626, 51.843037], [9.450979, 51.850531], [9.456095, 51.85575], [9.45842, 51.859264], [9.461211, 51.865362], [9.457955, 51.867429], [9.455165, 51.868204], [9.449739, 51.867067], [9.443383, 51.865], [9.433099, 51.862571], [9.41031, 51.860349], [9.36561, 51.861486], [9.360184, 51.860969], [9.34251, 51.856241], [9.332123, 51.854768], [9.321995, 51.856267], [9.336154, 51.88226], [9.338324, 51.893422], [9.336464, 51.900915], [9.334604, 51.905773], [9.333208, 51.908098], [9.330728, 51.91125], [9.32587, 51.916108], [9.302151, 51.923239], [9.288973, 51.92373], [9.263187, 51.921121], [9.257296, 51.921327], [9.25528, 51.922361], [9.257761, 51.924221], [9.264892, 51.928407], [9.269233, 51.931456], [9.273109, 51.935487], [9.274711, 51.937502], [9.285873, 51.964968], [9.287268, 51.970472], [9.286028, 51.972771], [9.247529, 51.983649], [9.243343, 51.983752], [9.238227, 51.983391], [9.234041, 51.98259], [9.230166, 51.981169], [9.22784, 51.979877], [9.22598, 51.978275], [9.224275, 51.976259], [9.223654, 51.974967], [9.223344, 51.97352], [9.223654, 51.971402], [9.219159, 51.970316], [9.20996, 51.971608], [9.184535, 51.97936], [9.175389, 51.983184], [9.171048, 51.985974], [9.172598, 51.987163], [9.174769, 51.988455], [9.176319, 51.990005], [9.177094, 51.991504], [9.176939, 51.993933], [9.176629, 51.995638], [9.176784, 51.996723], [9.177404, 51.997679], [9.178799, 51.998609], [9.184845, 52.000961], [9.190426, 52.004061], [9.193217, 52.006232], [9.196008, 52.009177], [9.197093, 52.010934], [9.197868, 52.013156], [9.198798, 52.016954], [9.197868, 52.019357], [9.185621, 52.037289], [9.177404, 52.053257], [9.176629, 52.056771], [9.176939, 52.058812], [9.177714, 52.060388], [9.188256, 52.072171], [9.189806, 52.074961], [9.189496, 52.079018], [9.188256, 52.085038], [9.177094, 52.094857], [9.149292, 52.102195], [9.14092, 52.107672], [9.140145, 52.110179], [9.1403, 52.112478], [9.141696, 52.115476], [9.145106, 52.12116], [9.146346, 52.125888], [9.142936, 52.128989], [9.135494, 52.131909], [9.063974, 52.138032], [9.043769, 52.136405], [9.030901, 52.137102], [9.015553, 52.135862], [9.003616, 52.133407], [8.99881, 52.133201], [8.996485, 52.134105], [8.997415, 52.137128], [9.001601, 52.142554], [9.003461, 52.144363], [9.005787, 52.146998], [9.007337, 52.149479], [9.007802, 52.152579], [9.007492, 52.155938], [9.005942, 52.161028], [9.004236, 52.164465], [8.994314, 52.177952], [8.988062, 52.188494], [9.019429, 52.194075], [9.041753, 52.192887], [9.045939, 52.194075], [9.047644, 52.196194], [9.045784, 52.204437], [9.042839, 52.21025], [9.040823, 52.213015], [9.039118, 52.216038], [9.038498, 52.218622], [9.041908, 52.223789], [9.048575, 52.227639], [9.070485, 52.236915], [9.072656, 52.239189], [9.070796, 52.240248], [9.0663, 52.241463], [9.044079, 52.244667], [9.010903, 52.254098], [8.992712, 52.256862], [8.989612, 52.258283], [8.986666, 52.26048], [8.983256, 52.264975], [8.982481, 52.267921], [8.982791, 52.270117], [8.984961, 52.273657], [8.986976, 52.279471], [8.989147, 52.288385], [8.993333, 52.316032], [8.99509, 52.322491], [9.001136, 52.332878], [9.004236, 52.336547], [9.007802, 52.339235], [9.012608, 52.340604], [9.018034, 52.341069], [9.041133, 52.339235], [9.049195, 52.339803], [9.057618, 52.344325], [9.062889, 52.346159], [9.073896, 52.348743], [9.077927, 52.352412], [9.095445, 52.375718], [9.128363, 52.408455], [9.110845, 52.442071], [9.10976, 52.446256], [9.108984, 52.451527], [9.11131, 52.453388], [9.117356, 52.45623], [9.121077, 52.457574], [9.126038, 52.460622], [9.130223, 52.46455], [9.134564, 52.471836], [9.134099, 52.474885], [9.131619, 52.476746], [9.123712, 52.477676], [9.119836, 52.478503], [9.115961, 52.480001], [9.112705, 52.481603], [9.110535, 52.482973], [9.096685, 52.495452], [9.090949, 52.497442], [9.085678, 52.498191], [9.081182, 52.497571], [9.02563, 52.479562], [8.99912, 52.462767], [8.993953, 52.458426], [8.984031, 52.444758], [8.969303, 52.416336], [8.966668, 52.413132], [8.963877, 52.410626], [8.961241, 52.409075], [8.894372, 52.399954], [8.888016, 52.397577], [8.859129, 52.39104], [8.826728, 52.388792], [8.723995, 52.395614], [8.712781, 52.397396], [8.711076, 52.398611], [8.708595, 52.400936], [8.70751, 52.403365], [8.706735, 52.407292], [8.70658, 52.41215], [8.7072, 52.417654], [8.710301, 52.42879], [8.710611, 52.432097], [8.709526, 52.434603], [8.70627, 52.439254], [8.70472, 52.442536], [8.704255, 52.446773], [8.70441, 52.451579], [8.706735, 52.461062], [8.7072, 52.464705], [8.70658, 52.471113], [8.703634, 52.480156], [8.676194, 52.511007], [8.667513, 52.514934], [8.659606, 52.519844], [8.642811, 52.524055], [8.63661, 52.524184], [8.632114, 52.523926], [8.582608, 52.509121], [8.566485, 52.507131], [8.516979, 52.508113], [8.49667, 52.506511], [8.491864, 52.50323], [8.481116, 52.498036], [8.472124, 52.494574], [8.465768, 52.491318], [8.463908, 52.489768], [8.462667, 52.488114], [8.461737, 52.486151], [8.453986, 52.461501], [8.452125, 52.457987], [8.448095, 52.454628], [8.441118, 52.451062], [8.423703, 52.445998], [8.366911, 52.441399], [8.358384, 52.44282], [8.350633, 52.445326], [8.346602, 52.445998], [8.323813, 52.445946], [8.301437, 52.451114], [8.321332, 52.410238], [8.326448, 52.404864], [8.33389, 52.398352], [8.398899, 52.379594], [8.427734, 52.366778], [8.435072, 52.361455], [8.440963, 52.353756], [8.449645, 52.338098], [8.456001, 52.321303], [8.460187, 52.304198], [8.460962, 52.286576], [8.458792, 52.250093], [8.460962, 52.214333], [8.463908, 52.204772], [8.465613, 52.203791], [8.486852, 52.195057], [8.497601, 52.189192], [8.498376, 52.186841], [8.497135, 52.18343], [8.491864, 52.176195], [8.486232, 52.170046], [8.480961, 52.165292], [8.475845, 52.161674], [8.466078, 52.156713], [8.426029, 52.140978], [8.421688, 52.137851], [8.418277, 52.133717], [8.410216, 52.118783], [8.40789, 52.115605], [8.405875, 52.114235], [8.400759, 52.112427], [8.393628, 52.111264], [8.266865, 52.133614], [8.234723, 52.116147], [8.217669, 52.103332], [8.211468, 52.096665], [8.199014, 52.089534], [8.181031, 52.083074], [8.110441, 52.066538], [8.074577, 52.074703], [8.038249, 52.070724], [8.022901, 52.06615], [7.979441, 52.04039], [7.97386, 52.038452], [7.969829, 52.038529], [7.965178, 52.041217], [7.947815, 52.047289], [7.919703, 52.053102], [7.914742, 52.054652], [7.912417, 52.056022], [7.9042, 52.071887], [7.900169, 52.078165], [7.891643, 52.089767], [7.893193, 52.095167], [7.904665, 52.10297], [7.922183, 52.111548], [7.947195, 52.118705], [7.966574, 52.12147], [7.979441, 52.121883], [7.99019, 52.123227], [7.994375, 52.127826], [7.996856, 52.133485], [7.997166, 52.13842], [8.003522, 52.150874], [8.013909, 52.164051], [8.01732, 52.170046], [8.017475, 52.174128], [8.013754, 52.175963], [8.008483, 52.17772], [7.9905, 52.181751], [7.978201, 52.182242], [7.960217, 52.180045], [7.947505, 52.179813], [7.942544, 52.181466], [7.938668, 52.184102], [7.936808, 52.190458], [7.934327, 52.194851], [7.933087, 52.195264], [7.924044, 52.196401], [7.914742, 52.196711], [7.907766, 52.198313], [7.90358, 52.20038], [7.900634, 52.204927], [7.900789, 52.207873], [7.9042, 52.211465], [7.917378, 52.220069], [7.923269, 52.226425], [7.925439, 52.230352], [7.925594, 52.233401], [7.924199, 52.236192], [7.918618, 52.242858], [7.916447, 52.247044], [7.916137, 52.249163], [7.916292, 52.250687], [7.920013, 52.254278], [7.938203, 52.265854], [7.944249, 52.271358], [7.946265, 52.274277], [7.94642, 52.27699], [7.940839, 52.283269], [7.934793, 52.288617], [7.932777, 52.291175], [7.931382, 52.293863], [7.929211, 52.299909], [7.929677, 52.303009], [7.932157, 52.305335], [7.935878, 52.306368], [7.966418, 52.309107], [7.969984, 52.310037], [7.97355, 52.312104], [7.972775, 52.314637], [7.970449, 52.31753], [7.960682, 52.326677], [7.942234, 52.347606], [7.928746, 52.359879], [7.920013, 52.364918], [7.911021, 52.371326], [7.90575, 52.377268], [7.899704, 52.378457], [7.894898, 52.378612], [7.829269, 52.362721], [7.822603, 52.363264], [7.816195, 52.365124], [7.805188, 52.373703], [7.801777, 52.375796], [7.734133, 52.401918], [7.709793, 52.407344], [7.705608, 52.40998], [7.70292, 52.413339], [7.694394, 52.447755], [7.692068, 52.453284], [7.688658, 52.457935], [7.685402, 52.459796], [7.680596, 52.462018], [7.609076, 52.475557], [7.60551, 52.475609], [7.601169, 52.474472], [7.598844, 52.472921], [7.594038, 52.468322], [7.581894, 52.436386], [7.583134, 52.432821], [7.586235, 52.42755], [7.593883, 52.425172], [7.600704, 52.419643], [7.602565, 52.417214], [7.6021, 52.415406], [7.595123, 52.413959], [7.590576, 52.410315], [7.58701, 52.40476], [7.580809, 52.39042], [7.575693, 52.382927], [7.574763, 52.383004], [7.573057, 52.382074], [7.570577, 52.380162], [7.565771, 52.37515], [7.561585, 52.371842], [7.5605, 52.371584], [7.558485, 52.371429], [7.539726, 52.373393], [7.533318, 52.373496], [7.519056, 52.371842], [7.51363, 52.370034], [7.467379, 52.346392], [7.416478, 52.313965], [7.409036, 52.310554], [7.398339, 52.307324], [7.372605, 52.30394], [7.368109, 52.302648], [7.363251, 52.300581], [7.348523, 52.292106], [7.300568, 52.271797], [7.259175, 52.266164], [7.121509, 52.26265], [7.115773, 52.259756], [7.108486, 52.255002], [7.094379, 52.248697], [7.053089, 52.237923], [7.026683, 52.238621], [7.0266, 52.238623], [7.020739, 52.245262], [7.011851, 52.26663], [7.012471, 52.284949], [7.019705, 52.300039], [7.039756, 52.328616], [7.048231, 52.365074], [7.034175, 52.390783], [6.9733, 52.451373], [6.966995, 52.449565], [6.960794, 52.442847], [6.951493, 52.437472], [6.926481, 52.432976], [6.90023, 52.431917], [6.872014, 52.434733], [6.820338, 52.446826], [6.741169, 52.453673], [6.714814, 52.461553], [6.695074, 52.475609], [6.688976, 52.490518], [6.687529, 52.50814], [6.684015, 52.525994], [6.671716, 52.541678], [6.688253, 52.542582], [6.743753, 52.559713], [6.71099, 52.576637], [6.703962, 52.583071], [6.703652, 52.59139], [6.7082, 52.599685], [6.710164, 52.60865], [6.701792, 52.619115], [6.719083, 52.626759], [6.737035, 52.634695], [6.770522, 52.641026], [6.8654, 52.641956], [6.91842, 52.632189], [6.967719, 52.636659], [6.982808, 52.632783], [7.018465, 52.625988], [7.036655, 52.647382], [7.043993, 52.682625], [7.053295, 52.790577], [7.061977, 52.824012], [7.072151, 52.841317]], [[8.56447, 53.211791], [8.560594, 53.212566], [8.529537, 53.224659], [8.518685, 53.226105], [8.49605, 53.224038], [8.501373, 53.217062], [8.504577, 53.211068], [8.513, 53.19975], [8.554445, 53.189596], [8.578061, 53.179778], [8.589223, 53.178977], [8.61103, 53.180062], [8.617231, 53.176858], [8.631494, 53.159572], [8.633355, 53.141408], [8.63382, 53.138979], [8.635835, 53.133915], [8.638005, 53.130297], [8.653818, 53.115725], [8.692937, 53.088104], [8.699604, 53.085856], [8.701774, 53.083427], [8.702704, 53.079861], [8.702394, 53.054359], [8.702704, 53.052731], [8.702549, 53.051697], [8.702394, 53.051129], [8.703945, 53.050483], [8.704875, 53.049553], [8.719499, 53.047925], [8.758567, 53.052111], [8.768333, 53.054643], [8.771796, 53.054643], [8.777067, 53.053351], [8.824661, 53.035006], [8.834479, 53.033533], [8.844091, 53.033197], [8.858044, 53.035678], [8.86316, 53.03728], [8.86595, 53.039734], [8.86595, 53.042654], [8.865485, 53.045393], [8.86564, 53.046866], [8.86595, 53.047512], [8.914526, 53.024619], [8.922898, 53.027435], [8.957676, 53.042602], [8.972714, 53.052576], [8.974109, 53.056374], [8.975349, 53.061878], [8.976744, 53.075624], [8.97907, 53.08167], [8.981395, 53.085933], [8.988217, 53.091592], [8.989922, 53.093607], [8.988217, 53.097173], [8.986046, 53.100067], [8.961552, 53.115828], [8.957831, 53.121926], [8.958296, 53.123295], [8.960466, 53.12606], [8.972094, 53.132468], [8.975194, 53.13469], [8.975349, 53.137015], [8.973024, 53.139547], [8.949459, 53.156032], [8.939382, 53.16182], [8.93623, 53.162802], [8.932974, 53.162983], [8.928479, 53.161122], [8.926308, 53.15934], [8.923983, 53.156601], [8.919332, 53.149779], [8.917782, 53.146937], [8.916696, 53.143966], [8.915766, 53.142338], [8.914371, 53.140633], [8.912356, 53.139341], [8.90941, 53.138514], [8.903984, 53.13761], [8.894992, 53.13885], [8.860524, 53.149263], [8.84068, 53.157944], [8.825746, 53.167143], [8.823886, 53.168073], [8.811638, 53.169571], [8.783733, 53.169003], [8.778617, 53.170269], [8.756551, 53.178718], [8.751435, 53.181457], [8.749265, 53.183886], [8.749885, 53.185488], [8.750195, 53.186883], [8.749885, 53.18833], [8.748955, 53.189596], [8.747559, 53.190759], [8.745544, 53.191611], [8.733142, 53.192671], [8.710456, 53.191766], [8.70658, 53.191121], [8.70472, 53.189932], [8.703634, 53.189519], [8.701154, 53.189105], [8.690302, 53.188433], [8.676814, 53.190371], [8.617852, 53.204841], [8.590205, 53.215357], [8.585089, 53.215408], [8.56633, 53.211843], [8.56447, 53.211791]]], [[[6.798106, 53.604438], [6.775645, 53.602484], [6.740896, 53.593451], [6.722423, 53.590766], [6.722423, 53.584621], [6.733572, 53.582017], [6.742198, 53.578355], [6.749522, 53.572414], [6.756521, 53.562893], [6.747569, 53.565985], [6.73463, 53.575181], [6.726085, 53.577135], [6.715994, 53.576077], [6.701182, 53.571438], [6.695079, 53.570299], [6.677094, 53.575629], [6.663341, 53.587348], [6.659516, 53.599107], [6.671153, 53.604438], [6.747325, 53.618354], [6.784679, 53.620063], [6.798106, 53.604438]]], [[[6.87379, 53.672756], [6.910818, 53.683661], [7.047048, 53.694159], [7.08546, 53.686998], [6.87379, 53.672756]]], [[[7.133149, 53.708075], [7.178966, 53.724066], [7.232921, 53.729438], [7.346202, 53.727973], [7.34669, 53.723212], [7.345063, 53.722073], [7.342296, 53.722113], [7.295746, 53.711005], [7.173595, 53.701402], [7.133149, 53.708075]]], [[[7.366547, 53.727973], [7.383067, 53.734849], [7.403494, 53.736721], [7.422618, 53.734198], [7.435557, 53.727973], [7.432384, 53.724066], [7.429047, 53.72248], [7.421235, 53.721137], [7.381196, 53.728502], [7.366547, 53.727973]]], [[[8.120128, 53.721137], [8.13266, 53.734036], [8.152354, 53.739163], [8.174815, 53.737006], [8.195974, 53.727973], [8.181651, 53.727973], [8.171723, 53.725572], [8.155772, 53.716376], [8.15089, 53.714301], [8.142263, 53.715644], [8.136729, 53.717963], [8.130707, 53.718451], [8.120128, 53.714301], [8.120128, 53.721137]]], [[[7.517426, 53.762112], [7.606619, 53.7626], [7.62672, 53.755276], [7.627208, 53.750922], [7.625743, 53.749945], [7.623302, 53.749986], [7.620616, 53.749091], [7.547699, 53.750434], [7.513927, 53.74551], [7.511241, 53.727973], [7.481944, 53.727118], [7.472992, 53.731879], [7.469574, 53.745347], [7.47462, 53.756822], [7.48699, 53.76142], [7.517426, 53.762112]]], [[[7.660899, 53.762112], [7.68629, 53.780992], [7.728282, 53.786566], [7.812836, 53.783149], [7.812836, 53.776353], [7.798595, 53.776353], [7.776215, 53.767971], [7.74822, 53.760932], [7.719493, 53.759914], [7.694998, 53.769517], [7.685883, 53.761786], [7.677094, 53.757799], [7.66863, 53.75788], [7.660899, 53.762112]]], [[[7.87379, 53.776353], [7.854503, 53.784573], [7.858897, 53.79092], [7.87672, 53.794867], [7.897634, 53.796291], [7.914073, 53.795356], [7.928966, 53.792548], [7.955577, 53.782904], [7.946056, 53.784003], [7.935313, 53.783149], [7.89324, 53.788967], [7.875255, 53.788398], [7.87379, 53.776353]]]]}}, {"type": "Feature", "properties": {"code": "DE-NW", "name": "Nordrhein-Westfalen", "country": "DE", "level": "region", "type": "land"}, "geometry": {"type": "Polygon", "coordinates": [[[6.771576, 52.108793], [6.830673, 52.112893], [6.843282, 52.119998], [6.8654, 52.1478], [6.88483, 52.160332], [6.927721, 52.171907], [6.947668, 52.182811], [6.97113, 52.206272], [6.981878, 52.213997], [7.02632, 52.230637], [7.029111, 52.235779], [7.0266, 52.238623], [7.026683, 52.238621], [7.053089, 52.237923], [7.094379, 52.248697], [7.108486, 52.255002], [7.115773, 52.259756], [7.121509, 52.26265], [7.259175, 52.266164], [7.300568, 52.271797], [7.348523, 52.292106], [7.363251, 52.300581], [7.368109, 52.302648], [7.372605, 52.30394], [7.398339, 52.307324], [7.409036, 52.310554], [7.416478, 52.313965], [7.467379, 52.346392], [7.51363, 52.370034], [7.519056, 52.371842], [7.533318, 52.373496], [7.539726, 52.373393], [7.558485, 52.371429], [7.5605, 52.371584], [7.561585, 52.371842], [7.565771, 52.37515], [7.570577, 52.380162], [7.573057, 52.382074], [7.574763, 52.383004], [7.575693, 52.382927], [7.580809, 52.39042], [7.58701, 52.40476], [7.590576, 52.410315], [7.595123, 52.413959], [7.6021, 52.415406], [7.602565, 52.417214], [7.600704, 52.419643], [7.593883, 52.425172], [7.586235, 52.42755], [7.583134, 52.432821], [7.581894, 52.436386], [7.594038, 52.468322], [7.598844, 52.472921], [7.601169, 52.474472], [7.60551, 52.475609], [7.609076, 52.475557], [7.680596, 52.462018], [7.685402, 52.459796], [7.688658, 52.457935], [7.692068, 52.453284], [7.694394, 52.447755], [7.70292, 52.413339], [7.705608, 52.40998], [7.709793, 52.407344], [7.734133, 52.401918], [7.801777, 52.375796], [7.805188, 52.373703], [7.816195, 52.365124], [7.822603, 52.363264], [7.829269, 52.362721], [7.894898, 52.378612], [7.899704, 52.378457], [7.90575, 52.377268], [7.911021, 52.371326], [7.920013, 52.364918], [7.928746, 52.359879], [7.942234, 52.347606], [7.960682, 52.326677], [7.970449, 52.31753], [7.972775, 52.314637], [7.97355, 52.312104], [7.969984, 52.310037], [7.966418, 52.309107], [7.935878, 52.306368], [7.932157, 52.305335], [7.929677, 52.303009], [7.929211, 52.299909], [7.931382, 52.293863], [7.932777, 52.291175], [7.934793, 52.288617], [7.940839, 52.283269], [7.94642, 52.27699], [7.946265, 52.274277], [7.944249, 52.271358], [7.938203, 52.265854], [7.920013, 52.254278], [7.916292, 52.250687], [7.916137, 52.249163], [7.916447, 52.247044], [7.918618, 52.242858], [7.924199, 52.236192], [7.925594, 52.233401], [7.925439, 52.230352], [7.923269, 52.226425], [7.917378, 52.220069], [7.9042, 52.211465], [7.900789, 52.207873], [7.900634, 52.204927], [7.90358, 52.20038], [7.907766, 52.198313], [7.914742, 52.196711], [7.924044, 52.196401], [7.933087, 52.195264], [7.934327, 52.194851], [7.936808, 52.190458], [7.938668, 52.184102], [7.942544, 52.181466], [7.947505, 52.179813], [7.960217, 52.180045], [7.978201, 52.182242], [7.9905, 52.181751], [8.008483, 52.17772], [8.013754, 52.175963], [8.017475, 52.174128], [8.01732, 52.170046], [8.013909, 52.164051], [8.003522, 52.150874], [7.997166, 52.13842], [7.996856, 52.133485], [7.994375, 52.127826], [7.99019, 52.123227], [7.979441, 52.121883], [7.966574, 52.12147], [7.947195, 52.118705], [7.922183, 52.111548], [7.904665, 52.10297], [7.893193, 52.095167], [7.891643, 52.089767], [7.900169, 52.078165], [7.9042, 52.071887], [7.912417, 52.056022], [7.914742, 52.054652], [7.919703, 52.053102], [7.947815, 52.047289], [7.965178, 52.041217], [7.969829, 52.038529], [7.97386, 52.038452], [7.979441, 52.04039], [8.022901, 52.06615], [8.038249, 52.070724], [8.074577, 52.074703], [8.110441, 52.066538], [8.181031, 52.083074], [8.199014, 52.089534], [8.211468, 52.096665], [8.217669, 52.103332], [8.234723, 52.116147], [8.266865, 52.133614], [8.393628, 52.111264], [8.400759, 52.112427], [8.405875, 52.114235], [8.40789, 52.115605], [8.410216, 52.118783], [8.418277, 52.133717], [8.421688, 52.137851], [8.426029, 52.140978], [8.466078, 52.156713], [8.475845, 52.161674], [8.480961, 52.165292], [8.486232, 52.170046], [8.491864, 52.176195], [8.497135, 52.18343], [8.498376, 52.186841], [8.497601, 52.189192], [8.486852, 52.195057], [8.465613, 52.203791], [8.463908, 52.204772], [8.460962, 52.214333], [8.458792, 52.250093], [8.460962, 52.286576], [8.460187, 52.304198], [8.456001, 52.321303], [8.449645, 52.338098], [8.440963, 52.353756], [8.435072, 52.361455], [8.427734, 52.366778], [8.398899, 52.379594], [8.33389, 52.398352], [8.326448, 52.404864], [8.321332, 52.410238], [8.301437, 52.451114], [8.323813, 52.445946], [8.346602, 52.445998], [8.350633, 52.445326], [8.358384, 52.44282], [8.366911, 52.441399], [8.423703, 52.445998], [8.441118, 52.451062], [8.448095, 52.454628], [8.452125, 52.457987], [8.453986, 52.461501], [8.461737, 52.486151], [8.462667, 52.488114], [8.463908, 52.489768], [8.465768, 52.491318], [8.472124, 52.494574], [8.481116, 52.498036], [8.491864, 52.50323], [8.49667, 52.506511], [8.516979, 52.508113], [8.566485, 52.507131], [8.582608, 52.509121], [8.632114, 52.523926], [8.63661, 52.524184], [8.642811, 52.524055], [8.659606, 52.519844], [8.667513, 52.514934], [8.676194, 52.511007], [8.703634, 52.480156], [8.70658, 52.471113], [8.7072, 52.464705], [8.706735, 52.461062], [8.70441, 52.451579], [8.704255, 52.446773], [8.70472, 52.442536], [8.70627, 52.439254], [8.709526, 52.434603], [8.710611, 52.432097], [8.710301, 52.42879], [8.7072, 52.417654], [8.70658, 52.41215], [8.706735, 52.407292], [8.70751, 52.403365], [8.708595, 52.400936], [8.711076, 52.398611], [8.712781, 52.397396], [8.723995, 52.395614], [8.826728, 52.388792], [8.859129, 52.39104], [8.888016, 52.397577], [8.894372, 52.399954], [8.961241, 52.409075], [8.963877, 52.410626], [8.966668, 52.413132], [8.969303, 52.416336], [8.984031, 52.444758], [8.993953, 52.458426], [8.99912, 52.462767], [9.02563, 52.479562], [9.081182, 52.497571], [9.085678, 52.498191], [9.090949, 52.497442], [9.096685, 52.495452], [9.110535, 52.482973], [9.112705, 52.481603], [9.115961, 52.480001], [9.119836, 52.478503], [9.123712, 52.477676], [9.131619, 52.476746], [9.134099, 52.474885], [9.134564, 52.471836], [9.130223, 52.46455], [9.126038, 52.460622], [9.121077, 52.457574], [9.117356, 52.45623], [9.11131, 52.453388], [9.108984, 52.451527], [9.10976, 52.446256], [9.110845, 52.442071], [9.128363, 52.408455], [9.095445, 52.375718], [9.077927, 52.352412], [9.073896, 52.348743], [9.062889, 52.346159], [9.057618, 52.344325], [9.049195, 52.339803], [9.041133, 52.339235], [9.018034, 52.341069], [9.012608, 52.340604], [9.007802, 52.339235], [9.004236, 52.336547], [9.001136, 52.332878], [8.99509, 52.322491], [8.993333, 52.316032], [8.989147, 52.288385], [8.986976, 52.279471], [8.984961, 52.273657], [8.982791, 52.270117], [8.982481, 52.267921], [8.983256, 52.264975], [8.986666, 52.26048], [8.989612, 52.258283], [8.992712, 52.256862], [9.010903, 52.254098], [9.044079, 52.244667], [9.0663, 52.241463], [9.070796, 52.240248], [9.072656, 52.239189], [9.070485, 52.236915], [9.048575, 52.227639], [9.041908, 52.223789], [9.038498, 52.218622], [9.039118, 52.216038], [9.040823, 52.213015], [9.042839, 52.21025], [9.045784, 52.204437], [9.047644, 52.196194], [9.045939, 52.194075], [9.041753, 52.192887], [9.019429, 52.194075], [8.988062, 52.188494], [8.994314, 52.177952], [9.004236, 52.164465], [9.005942, 52.161028], [9.007492, 52.155938], [9.007802, 52.152579], [9.007337, 52.149479], [9.005787, 52.146998], [9.003461, 52.144363], [9.001601, 52.142554], [8.997415, 52.137128], [8.996485, 52.134105], [8.99881, 52.133201], [9.003616, 52.133407], [9.015553, 52.135862], [9.030901, 52.137102], [9.043769, 52.136405], [9.063974, 52.138032], [9.135494, 52.131909], [9.142936, 52.128989], [9.146346, 52.125888], [9.145106, 52.12116], [9.141696, 52.115476], [9.1403, 52.112478], [9.140145, 52.110179], [9.14092, 52.107672], [9.149292, 52.102195], [9.177094, 52.094857], [9.188256, 52.085038], [9.189496, 52.079018], [9.189806, 52.074961], [9.188256, 52.072171], [9.177714, 52.060388], [9.176939, 52.058812], [9.176629, 52.056771], [9.177404, 52.053257], [9.185621, 52.037289], [9.197868, 52.019357], [9.198798, 52.016954], [9.197868, 52.013156], [9.197093, 52.010934], [9.196008, 52.009177], [9.193217, 52.006232], [9.190426, 52.004061], [9.184845, 52.000961], [9.178799, 51.998609], [9.177404, 51.997679], [9.176784, 51.996723], [9.176629, 51.995638], [9.176939, 51.993933], [9.177094, 51.991504], [9.176319, 51.990005], [9.174769, 51.988455], [9.172598, 51.987163], [9.171048, 51.985974], [9.175389, 51.983184], [9.184535, 51.97936], [9.20996, 51.971608], [9.219159, 51.970316], [9.223654, 51.971402], [9.223344, 51.97352], [9.223654, 51.974967], [9.224275, 51.976259], [9.22598, 51.978275], [9.22784, 51.979877], [9.230166, 51.981169], [9.234041, 51.98259], [9.238227, 51.983391], [9.243343, 51.983752], [9.247529, 51.983649], [9.286028, 51.972771], [9.287268, 51.970472], [9.285873, 51.964968], [9.274711, 51.937502], [9.273109, 51.935487], [9.269233, 51.931456], [9.264892, 51.928407], [9.257761, 51.924221], [9.25528, 51.922361], [9.257296, 51.921327], [9.263187, 51.921121], [9.288973, 51.92373], [9.302151, 51.923239], [9.32587, 51.916108], [9.330728, 51.91125], [9.333208, 51.908098], [9.334604, 51.905773], [9.336464, 51.900915], [9.338324, 51.893422], [9.336154, 51.88226], [9.321995, 51.856267], [9.332123, 51.854768], [9.34251, 51.856241], [9.360184, 51.860969], [9.36561, 51.861486], [9.41031, 51.860349], [9.433099, 51.862571], [9.443383, 51.865], [9.449739, 51.867067], [9.455165, 51.868204], [9.457955, 51.867429], [9.461211, 51.865362], [9.45842, 51.859264], [9.456095, 51.85575], [9.450979, 51.850531], [9.441626, 51.843037], [9.440075, 51.840764], [9.44054, 51.83849], [9.444158, 51.835234], [9.449429, 51.835053], [9.457645, 51.833064], [9.460901, 51.831669], [9.462141, 51.830118], [9.461676, 51.82862], [9.454545, 51.824072], [9.452839, 51.820972], [9.452064, 51.816088], [9.453149, 51.805779], [9.451909, 51.797769], [9.446018, 51.785082], [9.436665, 51.770458], [9.433719, 51.767202], [9.428138, 51.762732], [9.422557, 51.759632], [9.409535, 51.754722], [9.406589, 51.753224], [9.405349, 51.752139], [9.404419, 51.749761], [9.403023, 51.745421], [9.401318, 51.742682], [9.399303, 51.740253], [9.396357, 51.737876], [9.394187, 51.736713], [9.392326, 51.735344], [9.391086, 51.733845], [9.389846, 51.729401], [9.389536, 51.723923], [9.390001, 51.717257], [9.392946, 51.705268], [9.393567, 51.700617], [9.393101, 51.697568], [9.389846, 51.695088], [9.387985, 51.693021], [9.38721, 51.689403], [9.387675, 51.684908], [9.390001, 51.67775], [9.388761, 51.674159], [9.386383, 51.671782], [9.379717, 51.669146], [9.376927, 51.667441], [9.374756, 51.665012], [9.373206, 51.661446], [9.372431, 51.656253], [9.372431, 51.650982], [9.373051, 51.647261], [9.374446, 51.644393], [9.376152, 51.642119], [9.378787, 51.640388], [9.393722, 51.640052], [9.440075, 51.649044], [9.424262, 51.631526], [9.417751, 51.627133], [9.345921, 51.612302], [9.337084, 51.608995], [9.333053, 51.606669], [9.333829, 51.605274], [9.337239, 51.603], [9.339255, 51.601941], [9.352122, 51.596489], [9.353827, 51.595456], [9.354758, 51.594164], [9.355068, 51.592639], [9.354913, 51.591089], [9.354292, 51.589513], [9.350262, 51.583622], [9.348556, 51.580469], [9.346696, 51.575922], [9.343905, 51.570677], [9.34344, 51.569101], [9.342975, 51.567576], [9.340185, 51.561298], [9.335999, 51.553959], [9.331503, 51.549541], [9.326025, 51.545536], [9.315793, 51.539903], [9.310988, 51.535614], [9.307112, 51.530757], [9.302771, 51.523419], [9.299515, 51.52006], [9.29626, 51.517579], [9.282927, 51.512877], [9.270473, 51.505745], [9.262877, 51.502231], [9.252335, 51.500216], [9.232801, 51.492465], [9.227995, 51.489674], [9.224275, 51.487038], [9.221949, 51.483705], [9.220244, 51.480321], [9.218849, 51.476755], [9.218538, 51.475205], [9.218538, 51.472414], [9.218693, 51.469779], [9.218538, 51.468383], [9.218022, 51.466161], [9.217092, 51.463577], [9.214766, 51.458668], [9.212441, 51.456963], [9.210115, 51.456136], [9.198488, 51.457867], [9.193372, 51.456394], [9.157974, 51.438876], [9.153788, 51.438282], [9.145881, 51.438256], [9.108674, 51.442907], [9.089709, 51.452906], [9.084903, 51.457066], [9.084438, 51.458461], [9.084283, 51.45996], [9.085523, 51.470037], [9.085988, 51.471406], [9.086609, 51.473448], [9.084593, 51.483008], [9.078547, 51.488485], [9.074826, 51.490966], [9.071261, 51.491896], [9.066455, 51.491689], [9.064129, 51.491379], [9.04966, 51.49603], [9.030126, 51.505358], [9.02129, 51.507993], [9.015398, 51.509156], [8.99943, 51.503937], [8.958141, 51.497219], [8.906154, 51.480915], [8.902434, 51.478202], [8.900883, 51.476212], [8.899488, 51.473758], [8.898093, 51.469417], [8.898093, 51.46673], [8.898868, 51.464766], [8.900263, 51.463164], [8.908945, 51.455464], [8.91034, 51.453862], [8.912666, 51.450245], [8.914216, 51.445801], [8.916076, 51.436421], [8.916386, 51.434484], [8.915921, 51.42513], [8.916231, 51.422908], [8.917006, 51.421461], [8.918402, 51.420479], [8.920417, 51.419911], [8.941243, 51.417999], [8.943878, 51.417069], [8.946669, 51.41557], [8.949614, 51.412366], [8.949459, 51.408852], [8.947444, 51.404485], [8.942483, 51.396243], [8.938762, 51.393013], [8.935145, 51.391282], [8.893597, 51.38999], [8.883365, 51.38751], [8.858044, 51.375417], [8.855718, 51.374849], [8.853238, 51.374642], [8.850757, 51.374694], [8.829673, 51.378854], [8.824816, 51.380327], [8.8197, 51.381205], [8.814584, 51.381722], [8.808848, 51.381722], [8.79629, 51.380378], [8.772571, 51.375417], [8.751745, 51.373609], [8.734537, 51.374125], [8.727716, 51.373092], [8.7041, 51.366322], [8.685496, 51.363428], [8.68162, 51.362007], [8.679605, 51.360612], [8.67945, 51.358829], [8.673249, 51.352163], [8.662087, 51.348236], [8.653973, 51.34405], [8.653353, 51.342655], [8.653198, 51.341259], [8.652578, 51.339864], [8.651183, 51.336867], [8.648237, 51.334438], [8.615526, 51.313638], [8.593925, 51.295991], [8.588499, 51.28997], [8.578112, 51.27594], [8.576252, 51.27222], [8.575632, 51.270204], [8.575942, 51.268809], [8.576717, 51.267465], [8.578112, 51.266173], [8.579973, 51.264907], [8.584469, 51.262504], [8.590825, 51.259766], [8.59439, 51.257543], [8.595321, 51.256226], [8.595941, 51.254908], [8.597026, 51.250903], [8.598266, 51.247673], [8.599041, 51.246278], [8.600127, 51.244883], [8.601574, 51.243617], [8.603589, 51.242557], [8.60793, 51.241317], [8.617231, 51.240232], [8.622037, 51.240361], [8.624983, 51.240852], [8.627618, 51.241937], [8.629944, 51.243849], [8.635215, 51.250464], [8.636145, 51.251213], [8.637695, 51.252169], [8.639866, 51.253048], [8.644827, 51.254055], [8.665342, 51.255166], [8.685651, 51.25899], [8.707665, 51.269171], [8.712316, 51.270566], [8.716864, 51.271134], [8.719034, 51.270695], [8.721204, 51.269894], [8.722755, 51.268706], [8.723685, 51.267362], [8.72415, 51.265838], [8.723685, 51.264158], [8.720119, 51.257466], [8.719809, 51.256252], [8.720119, 51.255115], [8.721825, 51.25434], [8.729576, 51.251833], [8.731126, 51.250593], [8.731746, 51.249818], [8.736707, 51.237028], [8.737793, 51.233721], [8.738103, 51.231809], [8.744149, 51.214962], [8.744924, 51.210518], [8.748955, 51.198529], [8.749575, 51.197185], [8.749885, 51.195945], [8.75159, 51.190519], [8.75221, 51.187754], [8.75252, 51.184215], [8.75221, 51.177936], [8.751435, 51.174861], [8.750195, 51.172794], [8.717949, 51.15016], [8.697743, 51.132848], [8.695728, 51.130497], [8.695573, 51.129231], [8.695573, 51.127861], [8.696038, 51.12644], [8.696968, 51.125097], [8.705495, 51.11626], [8.70689, 51.113547], [8.707355, 51.108767], [8.70627, 51.106338], [8.70441, 51.104736], [8.678985, 51.09608], [8.665807, 51.089233], [8.663482, 51.088484], [8.660846, 51.088174], [8.658366, 51.088355], [8.627153, 51.0936], [8.524731, 51.093316], [8.520545, 51.084944], [8.524111, 51.08019], [8.528141, 51.076314], [8.535118, 51.067426], [8.537443, 51.06324], [8.538218, 51.060165], [8.535893, 51.056057], [8.534963, 51.050269], [8.536668, 51.043913], [8.542559, 51.030322], [8.544419, 51.024664], [8.544884, 51.020659], [8.538218, 51.013372], [8.527521, 51.005362], [8.526126, 51.00376], [8.523025, 50.999575], [8.51946, 50.993529], [8.514654, 50.987431], [8.512328, 50.9834], [8.510933, 50.981643], [8.509538, 50.980299], [8.507367, 50.979421], [8.505042, 50.978852], [8.497135, 50.977716], [8.490624, 50.972961], [8.478015, 50.954875], [8.469644, 50.943764], [8.469023, 50.941645], [8.468403, 50.936581], [8.468093, 50.920768], [8.466233, 50.916712], [8.463752, 50.914489], [8.461272, 50.914515], [8.449955, 50.916324], [8.444064, 50.916014], [8.427114, 50.908728], [8.400604, 50.892346], [8.396883, 50.888832], [8.397658, 50.883871], [8.397813, 50.879194], [8.396573, 50.87674], [8.394868, 50.875086], [8.374197, 50.864648], [8.368616, 50.862684], [8.36412, 50.861599], [8.351098, 50.861469], [8.33668, 50.859893], [8.320195, 50.861805], [8.314459, 50.864492], [8.306088, 50.877463], [8.303297, 50.879634], [8.299576, 50.880874], [8.287484, 50.880461], [8.283453, 50.879427], [8.280508, 50.878187], [8.268416, 50.86842], [8.225266, 50.843693], [8.22325, 50.842142], [8.21891, 50.837569], [8.216584, 50.835864], [8.197154, 50.827053], [8.195448, 50.825813], [8.194363, 50.824392], [8.187232, 50.811524], [8.139276, 50.784962], [8.13416, 50.781345], [8.133385, 50.780002], [8.13292, 50.778374], [8.13292, 50.776901], [8.13354, 50.775661], [8.13478, 50.774472], [8.136951, 50.773439], [8.138966, 50.772767], [8.140826, 50.771837], [8.141912, 50.770596], [8.142222, 50.769201], [8.141757, 50.766359], [8.141912, 50.765067], [8.142997, 50.763723], [8.145012, 50.762328], [8.167388, 50.751579], [8.171729, 50.748531], [8.173124, 50.747135], [8.174364, 50.745585], [8.174985, 50.74388], [8.17514, 50.742071], [8.169559, 50.715871], [8.166923, 50.707861], [8.164598, 50.705432], [8.161342, 50.704115], [8.151058, 50.702745], [8.146718, 50.699955], [8.143927, 50.697784], [8.13447, 50.684038], [8.10672, 50.695045], [8.095506, 50.697138], [8.08946, 50.696802], [8.0645, 50.689516], [8.059229, 50.689051], [8.056284, 50.690911], [8.054578, 50.698611], [8.052408, 50.703986], [8.050393, 50.707344], [8.033753, 50.726], [7.99143, 50.760985], [7.981146, 50.773542], [7.980526, 50.777934], [7.981301, 50.78504], [7.983782, 50.794523], [7.983937, 50.802998], [7.982231, 50.810568], [7.97665, 50.826975], [7.973395, 50.833177], [7.970294, 50.837026], [7.967659, 50.837466], [7.964868, 50.837414], [7.962078, 50.836897], [7.94921, 50.832531], [7.946575, 50.832091], [7.942544, 50.83204], [7.934482, 50.835244], [7.923889, 50.841135], [7.893503, 50.862555], [7.885597, 50.866921], [7.85919, 50.872657], [7.849888, 50.876171], [7.846167, 50.878859], [7.844617, 50.881959], [7.845237, 50.885111], [7.846943, 50.890563], [7.849268, 50.895033], [7.852059, 50.899167], [7.856399, 50.908211], [7.859655, 50.922473], [7.801622, 50.932705], [7.7886, 50.930277], [7.757542, 50.911311], [7.755682, 50.906609], [7.754132, 50.900046], [7.757852, 50.875345], [7.759248, 50.870461], [7.76085, 50.867128], [7.762865, 50.864492], [7.765966, 50.862684], [7.768291, 50.859532], [7.770461, 50.854881], [7.771237, 50.843977], [7.770306, 50.839352], [7.767671, 50.836484], [7.765345, 50.836225], [7.76333, 50.836381], [7.740644, 50.841962], [7.738164, 50.8416], [7.734288, 50.839998], [7.71863, 50.827802], [7.712894, 50.824417], [7.675635, 50.809974], [7.693929, 50.798037], [7.698735, 50.791913], [7.69951, 50.78765], [7.699355, 50.78442], [7.69889, 50.781629], [7.697184, 50.778529], [7.696099, 50.777056], [7.694084, 50.775712], [7.692068, 50.775066], [7.689588, 50.774731], [7.686642, 50.774937], [7.684317, 50.775816], [7.682767, 50.776849], [7.680906, 50.778761], [7.679821, 50.779743], [7.677496, 50.779175], [7.674085, 50.777211], [7.665093, 50.76685], [7.662148, 50.764499], [7.659202, 50.76331], [7.627214, 50.755636], [7.617913, 50.752303], [7.613417, 50.749409], [7.610471, 50.745843], [7.60613, 50.738092], [7.603185, 50.735095], [7.599464, 50.733441], [7.581429, 50.735715], [7.577088, 50.735663], [7.571817, 50.734991], [7.563291, 50.732769], [7.532388, 50.720987], [7.448621, 50.706156], [7.411052, 50.708197], [7.386867, 50.70365], [7.380046, 50.698844], [7.380821, 50.697216], [7.382837, 50.695743], [7.384387, 50.693805], [7.384542, 50.691531], [7.383147, 50.683832], [7.382992, 50.680809], [7.383767, 50.677114], [7.383922, 50.673161], [7.383457, 50.66838], [7.376945, 50.661869], [7.37462, 50.657451], [7.37338, 50.653394], [7.373845, 50.647296], [7.37307, 50.644454], [7.371519, 50.642594], [7.344493, 50.630088], [7.340462, 50.6289], [7.293901, 50.619805], [7.282584, 50.618823], [7.226257, 50.621407], [7.224242, 50.622492], [7.222846, 50.624326], [7.221761, 50.627556], [7.220521, 50.629726], [7.218816, 50.631768], [7.21773, 50.632698], [7.215715, 50.633912], [7.208584, 50.63647], [7.202382, 50.637736], [7.199075, 50.63753], [7.196905, 50.636315], [7.195354, 50.633551], [7.194114, 50.631122], [7.185743, 50.619004], [7.178611, 50.617376], [7.154582, 50.601124], [7.14373, 50.598979], [7.121819, 50.604198], [7.118098, 50.60394], [7.115308, 50.602493], [7.112982, 50.598256], [7.110037, 50.594225], [7.105231, 50.589109], [7.09872, 50.586809], [7.093604, 50.586163], [7.090503, 50.586525], [7.074328, 50.592054], [7.061616, 50.592933], [7.051849, 50.590349], [6.998932, 50.566604], [6.971285, 50.559653], [6.953612, 50.558051], [6.944775, 50.55632], [6.939349, 50.55477], [6.937644, 50.553142], [6.936404, 50.551592], [6.934699, 50.548827], [6.928497, 50.541101], [6.913253, 50.529423], [6.889533, 50.524927], [6.887673, 50.523816], [6.885192, 50.521774], [6.886123, 50.51702], [6.887673, 50.512731], [6.889223, 50.505961], [6.890153, 50.496582], [6.887828, 50.476661], [6.880697, 50.467721], [6.873565, 50.462191], [6.863643, 50.460693], [6.859716, 50.460693], [6.852895, 50.461416], [6.846228, 50.462915], [6.840182, 50.465499], [6.836307, 50.467721], [6.834136, 50.469219], [6.82809, 50.475162], [6.822199, 50.482759], [6.820649, 50.486014], [6.814602, 50.486376], [6.776569, 50.476868], [6.760136, 50.470666], [6.759825, 50.469194], [6.760291, 50.467333], [6.761531, 50.464414], [6.761841, 50.46015], [6.760911, 50.454233], [6.75533, 50.445448], [6.753004, 50.440487], [6.752539, 50.436818], [6.754089, 50.43501], [6.75688, 50.433563], [6.770057, 50.429687], [6.773313, 50.428137], [6.776259, 50.426225], [6.777654, 50.423951], [6.778274, 50.421393], [6.778119, 50.409895], [6.779359, 50.40049], [6.781375, 50.393074], [6.7837, 50.388811], [6.786335, 50.3854], [6.795482, 50.376254], [6.798118, 50.372843], [6.799513, 50.369639], [6.801218, 50.36336], [6.799978, 50.359485], [6.797653, 50.356694], [6.795017, 50.355609], [6.770367, 50.352637], [6.718226, 50.341579], [6.701638, 50.343697], [6.689029, 50.353929], [6.681897, 50.357934], [6.6712, 50.362353], [6.663294, 50.362094], [6.656938, 50.359149], [6.649806, 50.354653], [6.635492, 50.350312], [6.625105, 50.350312], [6.619524, 50.350932], [6.618284, 50.352922], [6.619524, 50.355609], [6.62278, 50.359485], [6.624795, 50.362508], [6.622625, 50.366151], [6.616268, 50.369484], [6.598905, 50.375194], [6.590533, 50.3769], [6.585573, 50.37739], [6.578545, 50.375013], [6.572808, 50.373618], [6.532191, 50.369458], [6.528005, 50.368476], [6.525628, 50.3669], [6.480979, 50.346255], [6.464495, 50.341915], [6.458138, 50.34101], [6.454418, 50.342561], [6.450387, 50.353568], [6.448062, 50.356461], [6.444651, 50.359252], [6.428063, 50.364833], [6.421707, 50.368399], [6.419381, 50.370673], [6.418296, 50.373205], [6.416591, 50.375375], [6.413748, 50.378321], [6.406307, 50.382248], [6.401811, 50.383385], [6.397625, 50.38323], [6.395145, 50.382041], [6.392354, 50.380026], [6.390959, 50.37752], [6.390804, 50.375375], [6.391734, 50.372223], [6.424032, 50.33915], [6.425582, 50.336979], [6.426357, 50.335326], [6.426512, 50.333724], [6.425737, 50.332432], [6.420311, 50.329848], [6.398401, 50.323182], [6.3734, 50.32308], [6.372458, 50.329436], [6.337732, 50.368089], [6.336388, 50.379923], [6.343313, 50.393308], [6.350444, 50.416872], [6.351167, 50.433564], [6.347343, 50.436974], [6.340212, 50.437853], [6.331634, 50.446896], [6.326156, 50.457025], [6.323262, 50.466016], [6.325743, 50.474026], [6.336905, 50.481003], [6.318715, 50.481674], [6.27541, 50.48803], [6.260114, 50.492681], [6.25784, 50.494077], [6.255566, 50.494593], [6.253086, 50.494077], [6.250915, 50.492681], [6.217119, 50.486015], [6.207197, 50.486325], [6.199239, 50.490408], [6.19066, 50.501828], [6.182599, 50.506582], [6.190557, 50.515212], [6.178878, 50.515781], [6.170817, 50.517951], [6.169473, 50.522499], [6.177328, 50.530198], [6.160688, 50.543583], [6.179085, 50.561979], [6.210608, 50.578671], [6.232932, 50.587146], [6.232932, 50.590763], [6.244301, 50.599548], [6.251329, 50.608437], [6.249055, 50.614431], [6.180015, 50.615516], [6.159448, 50.622389], [6.147769, 50.636755], [6.161102, 50.642181], [6.100227, 50.701299], [6.081003, 50.713495], [6.064363, 50.714477], [6.024779, 50.707552], [6.01155, 50.708534], [6.007623, 50.716905], [6.011343, 50.727447], [6.010826, 50.737059], [5.994187, 50.742589], [5.99274, 50.744449], [5.992636, 50.746258], [5.993256, 50.748066], [5.99491, 50.749927], [5.997081, 50.762949], [5.990569, 50.769047], [5.980647, 50.773439], [5.972999, 50.781811], [5.968762, 50.794627], [5.983955, 50.792198], [5.998321, 50.800725], [6.003592, 50.81261], [6.001421, 50.821809], [6.000491, 50.830439], [6.009276, 50.840464], [6.023022, 50.845425], [6.045553, 50.844184], [6.056715, 50.852659], [6.062813, 50.862943], [6.063123, 50.870901], [6.054648, 50.891468], [6.056508, 50.898083], [6.061779, 50.903509], [6.063743, 50.90754], [6.031084, 50.914723], [6.007519, 50.924076], [5.999871, 50.929399], [5.997287, 50.937357], [5.99584, 50.951775], [5.999664, 50.960095], [6.005762, 50.968518], [6.003695, 50.973737], [5.967832, 50.970998], [5.94158, 50.976476], [5.927731, 50.977665], [5.914192, 50.975236], [5.88825, 50.967123], [5.874607, 50.965366], [5.873574, 50.990584], [5.858174, 51.019342], [5.85249, 51.042751], [5.880498, 51.052053], [5.894348, 51.047144], [5.906233, 51.037403], [5.919566, 51.029703], [5.937963, 51.030943], [5.950262, 51.03947], [5.969485, 51.06492], [5.982921, 51.074687], [6.075422, 51.120369], [6.132369, 51.139825], [6.147252, 51.152254], [6.126272, 51.164578], [6.149113, 51.176335], [6.157071, 51.179254], [6.134126, 51.184215], [6.08431, 51.162692], [6.060849, 51.170909], [6.053718, 51.189383], [6.056612, 51.211707], [6.06519, 51.231629], [6.075422, 51.242661], [6.096506, 51.25881], [6.147769, 51.318161], [6.158208, 51.324594], [6.183632, 51.335705], [6.193554, 51.344516], [6.198929, 51.35697], [6.202029, 51.378881], [6.207817, 51.387666], [6.192727, 51.398957], [6.194071, 51.417379], [6.201719, 51.438644], [6.205337, 51.458436], [6.200479, 51.476575], [6.193348, 51.509338], [6.15304, 51.538431], [6.086481, 51.595534], [6.08214, 51.607807], [6.087514, 51.622096], [6.099193, 51.644472], [6.031497, 51.662998], [6.008553, 51.681188], [6.021989, 51.709506], [6.012067, 51.715863], [5.989742, 51.726379], [5.97827, 51.729789], [5.949228, 51.729376], [5.939306, 51.731882], [5.940133, 51.742631], [5.946056, 51.746288], [5.962354, 51.756351], [5.964111, 51.776556], [5.950778, 51.795909], [5.928041, 51.806736], [5.931451, 51.81565], [5.948091, 51.822962], [5.988916, 51.827458], [6.008243, 51.832574], [6.028913, 51.842108], [6.043279, 51.846862], [6.084, 51.853658], [6.116453, 51.848283], [6.140018, 51.844537], [6.156141, 51.842056], [6.142705, 51.855182], [6.105394, 51.87947], [6.092992, 51.88531], [6.126995, 51.89673], [6.159241, 51.887299], [6.191384, 51.87115], [6.22518, 51.862546], [6.256393, 51.866809], [6.264661, 51.866189], [6.271792, 51.8619], [6.282851, 51.849601], [6.287399, 51.846165], [6.325743, 51.842547], [6.341969, 51.836682], [6.344966, 51.821102], [6.382483, 51.827587], [6.386617, 51.837561], [6.378453, 51.860117], [6.442531, 51.848361], [6.462892, 51.848361], [6.479428, 51.853012], [6.528624, 51.876421], [6.628153, 51.897505], [6.716675, 51.899262], [6.743753, 51.908331], [6.767008, 51.925514], [6.789849, 51.951145], [6.798014, 51.956701], [6.805662, 51.957527], [6.810726, 51.960576], [6.811656, 51.972798], [6.809176, 51.979542], [6.804008, 51.984373], [6.77817, 52.001271], [6.712851, 52.023854], [6.69094, 52.027859], [6.675024, 52.034809], [6.672957, 52.050054], [6.679881, 52.060467], [6.688873, 52.063102], [6.699415, 52.063567], [6.711404, 52.067288], [6.719465, 52.073567], [6.72763, 52.086305], [6.732901, 52.091989], [6.749851, 52.102867], [6.765871, 52.108397], [6.771576, 52.108793]]]}}, {"type": "Feature", "properties": {"code": "DE-BW", "name": "Baden-Württemberg", "country": "DE", "level": "region", "type": "land"}, "geometry": {"type": "Polygon", "coordinates": [[[9.549887, 47.533534], [9.547482, 47.534547], [9.273211, 47.65009], [9.234351, 47.656162], [9.196937, 47.656136], [9.183398, 47.670425], [9.128104, 47.670425], [9.016586, 47.6789], [8.997673, 47.673835], [8.981756, 47.662156], [8.945376, 47.654302], [8.906205, 47.651795], [8.881711, 47.656136], [8.852668, 47.670786], [8.851935, 47.671282], [8.837786, 47.680838], [8.837682, 47.687788], [8.856079, 47.690682], [8.830241, 47.707192], [8.797581, 47.720034], [8.77071, 47.720861], [8.761718, 47.70125], [8.769883, 47.695074], [8.71707, 47.694558], [8.715106, 47.701069], [8.712625, 47.708691], [8.704667, 47.715332], [8.70043, 47.723496], [8.703737, 47.730033], [8.71707, 47.743547], [8.719757, 47.747319], [8.713142, 47.757422], [8.703324, 47.758714], [8.692265, 47.757164], [8.68193, 47.75874], [8.674488, 47.766698], [8.666633, 47.778273], [8.657022, 47.788118], [8.644102, 47.791012], [8.635007, 47.784604], [8.62984, 47.762796], [8.617437, 47.757319], [8.607619, 47.762254], [8.604105, 47.774398], [8.603175, 47.787317], [8.601624, 47.794603], [8.583124, 47.800236], [8.558216, 47.801166], [8.5423, 47.795017], [8.551602, 47.779255], [8.536512, 47.774088], [8.482665, 47.766853], [8.471503, 47.76706], [8.463648, 47.763907], [8.450109, 47.750471], [8.445458, 47.743185], [8.437913, 47.723186], [8.427268, 47.716468], [8.401947, 47.707089], [8.392128, 47.699519], [8.390991, 47.692129], [8.395229, 47.684817], [8.397709, 47.67629], [8.391301, 47.665464], [8.407011, 47.661562], [8.411972, 47.661045], [8.437603, 47.647842], [8.458274, 47.639884], [8.476051, 47.640401], [8.49083, 47.645568], [8.504679, 47.65226], [8.519666, 47.657351], [8.568241, 47.662932], [8.582194, 47.66133], [8.593589, 47.658169], [8.598214, 47.656885], [8.607309, 47.656291], [8.601624, 47.632598], [8.595113, 47.63482], [8.594493, 47.640969], [8.593563, 47.642571], [8.589222, 47.642468], [8.583951, 47.641124], [8.580334, 47.639005], [8.57806, 47.633476], [8.579714, 47.628929], [8.582091, 47.625027], [8.582504, 47.62159], [8.581264, 47.614769], [8.581781, 47.607664], [8.580644, 47.600171], [8.576305, 47.595023], [8.574133, 47.592445], [8.560697, 47.589396], [8.551719, 47.596863], [8.549638, 47.598594], [8.537752, 47.612134], [8.522353, 47.621901], [8.49238, 47.619833], [8.461788, 47.606139], [8.450109, 47.589034], [8.448869, 47.58428], [8.4211, 47.581112], [8.41807, 47.580766], [8.354094, 47.581024], [8.316164, 47.587846], [8.306345, 47.592187], [8.299317, 47.601824], [8.293943, 47.611462], [8.288569, 47.615803], [8.276993, 47.61663], [8.251051, 47.622004], [8.232965, 47.621952], [8.179015, 47.615803], [8.173847, 47.613529], [8.168886, 47.608646], [8.162065, 47.603762], [8.143771, 47.600067], [8.122067, 47.592135], [8.113902, 47.587846], [8.105427, 47.581257], [8.101397, 47.576193], [8.096952, 47.571852], [8.087237, 47.567382], [8.042279, 47.560561], [7.912157, 47.560561], [7.90947, 47.564798], [7.907507, 47.574177], [7.904303, 47.583557], [7.898205, 47.587846], [7.833713, 47.590481], [7.819657, 47.595339], [7.801467, 47.576089], [7.78555, 47.563196], [7.76674, 47.555961], [7.72732, 47.550423], [7.683438, 47.544257], [7.661423, 47.546246], [7.646901, 47.551445], [7.609747, 47.564746], [7.612337, 47.564731], [7.635895, 47.564591], [7.646541, 47.571542], [7.659666, 47.596579], [7.637032, 47.594977], [7.586028, 47.584619], [7.59011, 47.594822], [7.592487, 47.598414], [7.590317, 47.607948], [7.585046, 47.613167], [7.578638, 47.61694], [7.572643, 47.622004], [7.550112, 47.652441], [7.536573, 47.665205], [7.521794, 47.670425], [7.517866, 47.675024], [7.514662, 47.685798], [7.511872, 47.707322], [7.515386, 47.713316], [7.531922, 47.725202], [7.537813, 47.731816], [7.53833, 47.748146], [7.525928, 47.783157], [7.528615, 47.797032], [7.542878, 47.829433], [7.548459, 47.834239], [7.561998, 47.839226], [7.564168, 47.850414], [7.559001, 47.869017], [7.559207, 47.873461], [7.558381, 47.875994], [7.557864, 47.878526], [7.559001, 47.882711], [7.561998, 47.887052], [7.568613, 47.891367], [7.572643, 47.896302], [7.578948, 47.906328], [7.580808, 47.910798], [7.579568, 47.92705], [7.584942, 47.940408], [7.611607, 47.959399], [7.621116, 47.97144], [7.618945, 48.002652], [7.575744, 48.053709], [7.572643, 48.094972], [7.578948, 48.11448], [7.581976, 48.121353], [7.585666, 48.129725], [7.5929, 48.138665], [7.599722, 48.144711], [7.604786, 48.152566], [7.60675, 48.166984], [7.613364, 48.179205], [7.676616, 48.2384], [7.687158, 48.252921], [7.693463, 48.269871], [7.69553, 48.29018], [7.702454, 48.311187], [7.718578, 48.319997], [7.736974, 48.326664], [7.75072, 48.341366], [7.75196, 48.355344], [7.746896, 48.368677], [7.740385, 48.381441], [7.737181, 48.393481], [7.738318, 48.406607], [7.745656, 48.433014], [7.75072, 48.444408], [7.757645, 48.453891], [7.764156, 48.460351], [7.76922, 48.470066], [7.771287, 48.489109], [7.776455, 48.498178], [7.788444, 48.506343], [7.813455, 48.519468], [7.813455, 48.526341], [7.801673, 48.54758], [7.801777, 48.582359], [7.810252, 48.615018], [7.852419, 48.658685], [7.864098, 48.664162], [7.880635, 48.667728], [7.895931, 48.676513], [7.92332, 48.698217], [7.935205, 48.703333], [7.948434, 48.71186], [7.959183, 48.721368], [7.963627, 48.729275], [7.964867, 48.748343], [7.970138, 48.757283], [7.981507, 48.759764], [8.009619, 48.760074], [8.017267, 48.761831], [8.022952, 48.765087], [8.025122, 48.770616], [8.027293, 48.780021], [8.031943, 48.785344], [8.036594, 48.788289], [8.038765, 48.79077], [8.04755, 48.791028], [8.08424, 48.804051], [8.090338, 48.807513], [8.10274, 48.821311], [8.148112, 48.903734], [8.179325, 48.942698], [8.199892, 48.95825], [8.230227, 48.965539], [8.262576, 48.988457], [8.283608, 49.009955], [8.357144, 49.109561], [8.361588, 49.119612], [8.380657, 49.214852], [8.387323, 49.231982], [8.398123, 49.239295], [8.410836, 49.243661], [8.479876, 49.296991], [8.483441, 49.309549], [8.459877, 49.315026], [8.46184, 49.323475], [8.497756, 49.37647], [8.497652, 49.386495], [8.491141, 49.403083], [8.490314, 49.411222], [8.492019, 49.413212], [8.501476, 49.42918], [8.504577, 49.431092], [8.49388, 49.442615], [8.477808, 49.446388], [8.459567, 49.447783], [8.442513, 49.452176], [8.442513, 49.458997], [8.463597, 49.465844], [8.463597, 49.472691], [8.450162, 49.491243], [8.427734, 49.534238], [8.408355, 49.555218], [8.41683, 49.579455], [8.449645, 49.588317], [8.458016, 49.58886], [8.462047, 49.588498], [8.474449, 49.585759], [8.498221, 49.573383], [8.566175, 49.527313], [8.588189, 49.53199], [8.59129, 49.533824], [8.595166, 49.535426], [8.596561, 49.536305], [8.609015, 49.539147], [8.612581, 49.540801], [8.615061, 49.542764], [8.616611, 49.545038], [8.617387, 49.547079], [8.617387, 49.549689], [8.616766, 49.55297], [8.614441, 49.560593], [8.605139, 49.583485], [8.604829, 49.585449], [8.597956, 49.60581], [8.597801, 49.6086], [8.598886, 49.609995], [8.601367, 49.610977], [8.671543, 49.622553], [8.675729, 49.622501], [8.678365, 49.621261], [8.67914, 49.614595], [8.681, 49.612062], [8.691697, 49.602296], [8.693092, 49.597464], [8.692627, 49.593743], [8.691387, 49.591857], [8.689217, 49.589402], [8.687201, 49.586586], [8.686891, 49.585527], [8.687046, 49.584157], [8.691542, 49.573693], [8.703634, 49.553771], [8.70596, 49.550878], [8.708905, 49.547932], [8.711231, 49.546072], [8.718104, 49.541783], [8.745854, 49.529949], [8.764923, 49.523799], [8.781563, 49.52199], [8.802491, 49.523592], [8.807607, 49.523489], [8.810863, 49.52199], [8.815669, 49.517288], [8.8197, 49.508761], [8.82156, 49.506746], [8.823886, 49.504886], [8.828433, 49.502819], [8.841766, 49.502405], [8.890496, 49.506126], [8.893287, 49.50132], [8.893597, 49.500493], [8.893752, 49.498994], [8.893442, 49.496643], [8.892512, 49.493672], [8.890651, 49.489951], [8.887861, 49.485714], [8.88476, 49.481993], [8.876957, 49.475482], [8.874012, 49.4745], [8.870601, 49.4745], [8.86502, 49.476825], [8.860989, 49.479616], [8.855253, 49.48468], [8.852308, 49.484732], [8.848897, 49.483388], [8.833394, 49.471244], [8.830914, 49.468557], [8.829208, 49.465508], [8.828588, 49.462201], [8.828588, 49.458015], [8.829053, 49.453855], [8.832619, 49.438275], [8.832619, 49.435432], [8.831689, 49.4329], [8.829983, 49.430704], [8.827968, 49.429386], [8.817684, 49.425976], [8.815204, 49.424684], [8.813654, 49.423495], [8.812723, 49.422255], [8.811328, 49.417139], [8.810398, 49.409439], [8.810863, 49.406597], [8.812568, 49.404246], [8.814429, 49.403005], [8.816754, 49.402204], [8.830758, 49.399259], [8.838665, 49.399233], [8.846261, 49.396288], [8.852308, 49.39745], [8.861144, 49.401739], [8.878818, 49.4144], [8.891272, 49.425201], [8.892977, 49.427578], [8.894062, 49.430316], [8.897783, 49.442176], [8.899178, 49.444889], [8.901349, 49.446595], [8.903984, 49.447163], [8.907085, 49.445199], [8.908635, 49.440032], [8.910495, 49.438326], [8.914061, 49.437655], [8.920107, 49.43874], [8.940313, 49.447318], [8.944033, 49.452021], [8.945584, 49.455095], [8.942948, 49.461994], [8.941243, 49.465146], [8.939072, 49.468454], [8.93437, 49.473518], [8.928324, 49.478582], [8.927238, 49.480158], [8.927238, 49.481528], [8.930339, 49.484215], [8.95318, 49.50039], [8.95318, 49.500751], [8.953335, 49.501888], [8.953645, 49.502741], [8.957831, 49.503697], [9.011368, 49.504291], [9.019429, 49.50349], [9.022065, 49.50287], [9.035087, 49.50132], [9.039893, 49.502767], [9.044854, 49.503852], [9.06816, 49.518476], [9.076377, 49.518993], [9.087074, 49.518011], [9.099011, 49.518916], [9.101956, 49.518476], [9.103662, 49.518063], [9.105522, 49.516823], [9.113015, 49.51026], [9.115651, 49.508606], [9.118441, 49.507624], [9.121232, 49.507263], [9.124642, 49.507676], [9.126813, 49.508167], [9.127433, 49.511138], [9.125262, 49.516099], [9.116116, 49.527416], [9.105987, 49.537132], [9.103972, 49.539612], [9.099476, 49.546537], [9.09498, 49.550826], [9.078392, 49.562763], [9.074671, 49.56682], [9.073741, 49.570101], [9.074981, 49.572272], [9.080097, 49.573822], [9.093585, 49.565399], [9.099166, 49.564882], [9.101801, 49.565269], [9.11069, 49.575114], [9.118441, 49.571212], [9.122007, 49.570876], [9.178799, 49.578964], [9.193682, 49.577233], [9.25342, 49.577568], [9.259001, 49.578835], [9.264117, 49.581367], [9.268613, 49.586689], [9.270628, 49.589867], [9.273729, 49.59842], [9.275641, 49.6009], [9.278897, 49.603433], [9.288198, 49.609065], [9.289594, 49.610538], [9.289749, 49.612166], [9.288973, 49.614388], [9.286338, 49.626609], [9.288663, 49.630253], [9.293779, 49.633276], [9.307732, 49.638624], [9.315638, 49.640459], [9.3237, 49.641363], [9.337859, 49.640898], [9.348091, 49.64219], [9.376617, 49.650458], [9.379252, 49.650148], [9.382663, 49.649114], [9.394807, 49.640485], [9.400078, 49.639709], [9.404419, 49.640071], [9.422867, 49.651233], [9.419301, 49.658184], [9.416356, 49.662214], [9.415736, 49.66268], [9.415271, 49.6633], [9.415736, 49.668157], [9.427208, 49.708181], [9.426278, 49.709473], [9.424262, 49.711178], [9.421317, 49.712883], [9.401938, 49.718464], [9.399923, 49.718516], [9.397132, 49.718154], [9.394807, 49.717431], [9.392946, 49.716242], [9.391706, 49.715002], [9.390621, 49.713245], [9.38783, 49.705649], [9.385608, 49.702212], [9.383283, 49.700016], [9.379252, 49.698414], [9.376152, 49.697742], [9.372586, 49.697716], [9.368865, 49.698414], [9.367005, 49.700946], [9.367315, 49.704563], [9.370571, 49.711876], [9.371191, 49.715364], [9.36995, 49.719136], [9.36654, 49.721255], [9.360959, 49.723115], [9.327111, 49.726526], [9.319049, 49.728283], [9.315483, 49.73035], [9.313623, 49.732107], [9.313003, 49.735027], [9.313003, 49.739187], [9.317964, 49.74469], [9.319204, 49.747972], [9.320289, 49.749677], [9.319979, 49.750349], [9.319049, 49.752364], [9.312331, 49.765671], [9.317809, 49.771303], [9.328351, 49.778357], [9.339771, 49.783163], [9.351864, 49.785747], [9.400595, 49.783525], [9.43682, 49.792103], [9.472528, 49.795591], [9.490977, 49.795255], [9.544823, 49.778719], [9.556967, 49.777996], [9.569111, 49.780321], [9.574382, 49.782336], [9.601926, 49.770838], [9.612365, 49.772234], [9.629418, 49.776497], [9.638254, 49.780063], [9.642905, 49.782595], [9.646316, 49.783628], [9.649262, 49.783163], [9.652517, 49.781251], [9.654533, 49.776962], [9.654533, 49.774714], [9.653137, 49.772389], [9.649727, 49.769598], [9.648176, 49.767712], [9.647401, 49.766007], [9.647401, 49.764611], [9.648486, 49.759237], [9.650347, 49.754173], [9.650657, 49.751641], [9.650657, 49.750245], [9.650037, 49.748953], [9.648486, 49.746628], [9.646936, 49.744819], [9.645696, 49.742752], [9.644921, 49.740013], [9.645076, 49.736448], [9.647091, 49.730712], [9.646936, 49.728851], [9.645386, 49.727508], [9.640425, 49.725415], [9.63872, 49.72389], [9.638254, 49.722262], [9.639495, 49.717147], [9.639495, 49.714976], [9.638564, 49.713038], [9.631898, 49.703271], [9.630968, 49.701049], [9.630503, 49.699034], [9.631123, 49.697639], [9.631898, 49.696708], [9.636084, 49.694021], [9.643835, 49.690843], [9.652672, 49.688285], [9.66678, 49.6872], [9.673188, 49.687975], [9.677529, 49.690533], [9.678459, 49.692549], [9.679234, 49.695494], [9.680009, 49.701876], [9.681249, 49.705313], [9.682334, 49.706992], [9.684815, 49.708594], [9.695512, 49.71172], [9.698457, 49.713762], [9.702643, 49.720015], [9.703728, 49.720738], [9.704969, 49.721255], [9.707449, 49.721255], [9.709775, 49.719782], [9.71086, 49.715519], [9.711015, 49.710403], [9.71179, 49.706579], [9.712565, 49.704253], [9.722177, 49.690068], [9.724244, 49.688518], [9.7275, 49.687303], [9.731995, 49.688905], [9.734631, 49.690688], [9.740367, 49.696812], [9.760366, 49.709343], [9.761296, 49.710248], [9.764087, 49.712186], [9.768427, 49.714123], [9.784447, 49.718464], [9.792509, 49.721978], [9.794524, 49.721306], [9.797159, 49.719601], [9.803516, 49.712883], [9.831731, 49.690714], [9.832971, 49.688673], [9.833436, 49.686218], [9.833746, 49.682032], [9.832816, 49.661672], [9.833901, 49.652939], [9.834677, 49.65113], [9.835658, 49.649321], [9.840464, 49.645135], [9.874726, 49.620847], [9.879842, 49.616145], [9.881547, 49.613458], [9.882322, 49.611184], [9.882322, 49.609375], [9.881702, 49.608135], [9.880927, 49.606042], [9.879997, 49.604259], [9.878291, 49.601934], [9.870695, 49.596405], [9.861703, 49.588085], [9.859843, 49.585242], [9.859223, 49.581677], [9.859378, 49.578524], [9.860928, 49.573228], [9.860773, 49.571186], [9.859843, 49.567931], [9.858138, 49.565657], [9.856122, 49.563848], [9.842015, 49.554185], [9.839069, 49.551239], [9.839224, 49.548165], [9.841705, 49.545607], [9.848991, 49.542661], [9.855192, 49.542041], [9.863874, 49.545038], [9.867439, 49.548449], [9.86961, 49.552221], [9.87147, 49.558784], [9.873331, 49.561161], [9.876586, 49.562867], [9.880772, 49.563952], [9.886818, 49.564934], [9.888523, 49.565864], [9.890384, 49.567569], [9.893226, 49.570928], [9.898652, 49.575941], [9.901598, 49.577749], [9.905473, 49.579506], [9.909194, 49.579816], [9.912915, 49.579041], [9.917255, 49.575631], [9.918651, 49.573409], [9.918961, 49.571832], [9.918341, 49.569972], [9.91586, 49.566587], [9.914, 49.564934], [9.912605, 49.563383], [9.912295, 49.56235], [9.912915, 49.561471], [9.926247, 49.554443], [9.928728, 49.552221], [9.929813, 49.550361], [9.931673, 49.536796], [9.934154, 49.528579], [9.934154, 49.524032], [9.933534, 49.519148], [9.932138, 49.514239], [9.931673, 49.510208], [9.931983, 49.506229], [9.936789, 49.486437], [9.936634, 49.484732], [9.936014, 49.48313], [9.936324, 49.481735], [9.938805, 49.480468], [9.947693, 49.479306], [10.019678, 49.480339], [10.027895, 49.483233], [10.037196, 49.488117], [10.065774, 49.509226], [10.067479, 49.511888], [10.066859, 49.517185], [10.065929, 49.519665], [10.063913, 49.521784], [10.062518, 49.522636], [10.060348, 49.524419], [10.059366, 49.525401], [10.05828, 49.52628], [10.05735, 49.527287], [10.061123, 49.531912], [10.085152, 49.544315], [10.092904, 49.541834], [10.096159, 49.540516], [10.10174, 49.537597], [10.102671, 49.536021], [10.102671, 49.534005], [10.09926, 49.528605], [10.09802, 49.527158], [10.0974, 49.525815], [10.096004, 49.523592], [10.096469, 49.52168], [10.09864, 49.519458], [10.105306, 49.516125], [10.108872, 49.51504], [10.111972, 49.514549], [10.115228, 49.514885], [10.117915, 49.514885], [10.11993, 49.51473], [10.123341, 49.513748], [10.127527, 49.511448], [10.128922, 49.508761], [10.128922, 49.505557], [10.125822, 49.499976], [10.121481, 49.493775], [10.120551, 49.49207], [10.121946, 49.487161], [10.132023, 49.472381], [10.124426, 49.455948], [10.121016, 49.451194], [10.115073, 49.446646], [10.112902, 49.444527], [10.112437, 49.44215], [10.114608, 49.440316], [10.134038, 49.435742], [10.138224, 49.434192], [10.140394, 49.432874], [10.142255, 49.430782], [10.17109, 49.384324], [10.171555, 49.382051], [10.16985, 49.380294], [10.162098, 49.381172], [10.157293, 49.382438], [10.151091, 49.384686], [10.14427, 49.384376], [10.139619, 49.383549], [10.121791, 49.369545], [10.121326, 49.351639], [10.11931, 49.348073], [10.119155, 49.34164], [10.121791, 49.33487], [10.131558, 49.326085], [10.138379, 49.323036], [10.14365, 49.321538], [10.146906, 49.321228], [10.149541, 49.320762], [10.150936, 49.320142], [10.152642, 49.319135], [10.154037, 49.31668], [10.154192, 49.313347], [10.146751, 49.29911], [10.147526, 49.295544], [10.150161, 49.290583], [10.157448, 49.280713], [10.159773, 49.275339], [10.159153, 49.268931], [10.157448, 49.266761], [10.154192, 49.265675], [10.150006, 49.265985], [10.140084, 49.268518], [10.137139, 49.269809], [10.132643, 49.272342], [10.130627, 49.272703], [10.128922, 49.272032], [10.127527, 49.269913], [10.126752, 49.267587], [10.127372, 49.263815], [10.130007, 49.260249], [10.143805, 49.250482], [10.14427, 49.250017], [10.1452, 49.246142], [10.145355, 49.237253], [10.145045, 49.233869], [10.1452, 49.229347], [10.147061, 49.225445], [10.150161, 49.22175], [10.156672, 49.21741], [10.159928, 49.214619], [10.161323, 49.212139], [10.159308, 49.208986], [10.157293, 49.20772], [10.154967, 49.207126], [10.150626, 49.206868], [10.148611, 49.206402], [10.146906, 49.205395], [10.147681, 49.203483], [10.150316, 49.200925], [10.158688, 49.196041], [10.176723, 49.188083], [10.180599, 49.185887], [10.184784, 49.182941], [10.205093, 49.163769], [10.218736, 49.155088], [10.221061, 49.154494], [10.223387, 49.154804], [10.234445, 49.159765], [10.237081, 49.160385], [10.239406, 49.160565], [10.241732, 49.160462], [10.243902, 49.15992], [10.245763, 49.158989], [10.261421, 49.149093], [10.263281, 49.147595], [10.264831, 49.143667], [10.265761, 49.138241], [10.264056, 49.126821], [10.262041, 49.122067], [10.260025, 49.118837], [10.258475, 49.117416], [10.257235, 49.11602], [10.256305, 49.114625], [10.253979, 49.110439], [10.252894, 49.109044], [10.251189, 49.107675], [10.248863, 49.106719], [10.246693, 49.10615], [10.244522, 49.10584], [10.240492, 49.10584], [10.236151, 49.106383], [10.23398, 49.106305], [10.231965, 49.105582], [10.23057, 49.10429], [10.22964, 49.102972], [10.23119, 49.100957], [10.234911, 49.09876], [10.245763, 49.094678], [10.255374, 49.092533], [10.259715, 49.092094], [10.261421, 49.091061], [10.262506, 49.089252], [10.261265, 49.085635], [10.25925, 49.081656], [10.25894, 49.080209], [10.25925, 49.078839], [10.263126, 49.074963], [10.278319, 49.066411], [10.278319, 49.06052], [10.277234, 49.057368], [10.276303, 49.056024], [10.274598, 49.053182], [10.274288, 49.051632], [10.274443, 49.050185], [10.277078, 49.048376], [10.282194, 49.046464], [10.300385, 49.042123], [10.305345, 49.041684], [10.312632, 49.042226], [10.315887, 49.042071], [10.320073, 49.041141], [10.337282, 49.034165], [10.339452, 49.033545], [10.342449, 49.033286], [10.354231, 49.03339], [10.357177, 49.031581], [10.359967, 49.028377], [10.363533, 49.020807], [10.367254, 49.010807], [10.3733, 49.005407], [10.415055, 48.98285], [10.422806, 48.972618], [10.435673, 48.9628], [10.437379, 48.961818], [10.438774, 48.960629], [10.439859, 48.959492], [10.441565, 48.957193], [10.44575, 48.948847], [10.448541, 48.946315], [10.454174, 48.943576], [10.456809, 48.941612], [10.458824, 48.93939], [10.46022, 48.936781], [10.4627, 48.930399], [10.467506, 48.921149], [10.468126, 48.917996], [10.467351, 48.914999], [10.462545, 48.912415], [10.459445, 48.911278], [10.448231, 48.908617], [10.445595, 48.907661], [10.44482, 48.906472], [10.44575, 48.904819], [10.453864, 48.90022], [10.455569, 48.898928], [10.456344, 48.894458], [10.456344, 48.887662], [10.452933, 48.860532], [10.452468, 48.859008], [10.451797, 48.857587], [10.448386, 48.850559], [10.448076, 48.849628], [10.448386, 48.847949], [10.449316, 48.845649], [10.457119, 48.836735], [10.458049, 48.835159], [10.45898, 48.833505], [10.459135, 48.83056], [10.458359, 48.826322], [10.455569, 48.817692], [10.454019, 48.813765], [10.452313, 48.811336], [10.450866, 48.810122], [10.4442, 48.806479], [10.441099, 48.804205], [10.439394, 48.799864], [10.439084, 48.793818], [10.440169, 48.780227], [10.439704, 48.774801], [10.438619, 48.771804], [10.436139, 48.770512], [10.434588, 48.769168], [10.433658, 48.767928], [10.432418, 48.765783], [10.431798, 48.763432], [10.431488, 48.760822], [10.431643, 48.755887], [10.432728, 48.750513], [10.433038, 48.749609], [10.433968, 48.747981], [10.441099, 48.741806], [10.460685, 48.734984], [10.467351, 48.735837], [10.469056, 48.735423], [10.471072, 48.733744], [10.474637, 48.728628], [10.477118, 48.721574], [10.495101, 48.699457], [10.451797, 48.672792], [10.438464, 48.667572], [10.436604, 48.668141], [10.435208, 48.669071], [10.433658, 48.67088], [10.432573, 48.672792], [10.431953, 48.675246], [10.432108, 48.677649], [10.432573, 48.679277], [10.433813, 48.681525], [10.437999, 48.687416], [10.437844, 48.690155], [10.437069, 48.692739], [10.437999, 48.695374], [10.44141, 48.696356], [10.443425, 48.697648], [10.444355, 48.699302], [10.44172, 48.702635], [10.439394, 48.704004], [10.435208, 48.705115], [10.431023, 48.705089], [10.424201, 48.701989], [10.378881, 48.667262], [10.374695, 48.665118], [10.371905, 48.664498], [10.370199, 48.66504], [10.368029, 48.666694], [10.361673, 48.674006], [10.354386, 48.686228], [10.351131, 48.68876], [10.346015, 48.69], [10.325344, 48.688966], [10.320073, 48.690052], [10.316353, 48.691395], [10.311702, 48.694082], [10.302865, 48.700542], [10.298059, 48.703487], [10.293873, 48.703022], [10.289843, 48.700077], [10.282505, 48.691137], [10.273513, 48.683902], [10.271807, 48.683127], [10.270412, 48.681137], [10.269482, 48.669484], [10.273358, 48.662353], [10.277078, 48.658529], [10.280024, 48.656539], [10.282039, 48.654912], [10.2839, 48.652586], [10.285502, 48.648943], [10.287052, 48.646928], [10.289222, 48.645351], [10.293408, 48.643646], [10.298989, 48.64207], [10.304725, 48.63977], [10.309996, 48.636825], [10.314802, 48.633052], [10.320383, 48.629487], [10.328755, 48.62636], [10.331235, 48.624888], [10.332941, 48.623286], [10.333561, 48.620934], [10.333561, 48.617214], [10.32922, 48.613674], [10.326585, 48.612175], [10.318678, 48.610341], [10.313097, 48.60817], [10.311857, 48.606749], [10.311082, 48.604915], [10.311702, 48.600496], [10.312322, 48.598119], [10.313252, 48.595897], [10.315732, 48.59228], [10.320693, 48.586595], [10.322244, 48.583598], [10.323794, 48.579464], [10.324414, 48.573159], [10.324104, 48.568483], [10.322864, 48.561972], [10.312477, 48.543446], [10.311392, 48.539777], [10.311392, 48.537219], [10.312632, 48.535952], [10.314337, 48.534506], [10.317283, 48.533265], [10.319453, 48.532645], [10.317438, 48.531663], [10.314957, 48.531095], [10.276768, 48.529725], [10.268242, 48.528304], [10.265606, 48.527167], [10.262351, 48.525385], [10.25677, 48.520915], [10.254289, 48.518021], [10.253204, 48.516341], [10.250568, 48.505153], [10.153417, 48.465828], [10.148146, 48.466448], [10.146285, 48.467042], [10.144115, 48.468101], [10.14241, 48.46929], [10.141324, 48.470633], [10.140549, 48.472494], [10.139929, 48.479057], [10.139154, 48.481201], [10.138069, 48.483062], [10.136984, 48.484147], [10.133418, 48.48686], [10.131868, 48.487402], [10.130007, 48.487842], [10.125046, 48.4881], [10.121171, 48.487222], [10.108717, 48.481511], [10.10143, 48.477093], [10.098175, 48.476008], [10.080191, 48.472907], [10.067944, 48.472235], [10.064068, 48.471228], [10.059056, 48.468437], [10.050529, 48.462236], [10.046033, 48.457999], [10.040762, 48.450015], [10.040297, 48.446346], [10.041072, 48.44247], [10.043863, 48.436579], [10.036576, 48.433401], [9.980559, 48.381337], [9.989551, 48.370174], [9.996682, 48.370174], [9.998853, 48.370485], [9.999938, 48.370381], [10.001023, 48.370097], [10.001953, 48.369761], [10.003038, 48.368934], [10.003865, 48.368056], [10.022314, 48.340693], [10.035801, 48.324596], [10.049909, 48.310592], [10.054095, 48.304855], [10.069959, 48.268966], [10.109337, 48.148017], [10.136209, 48.107296], [10.139309, 48.094429], [10.140084, 48.083629], [10.137604, 48.056912], [10.130162, 48.034924], [10.100655, 47.979604], [10.093214, 47.976555], [10.090888, 47.975263], [10.087788, 47.973093], [10.085462, 47.970147], [10.085307, 47.965961], [10.087013, 47.960277], [10.095539, 47.948236], [10.097555, 47.946118], [10.109492, 47.937798], [10.110267, 47.933948], [10.109182, 47.910151], [10.107786, 47.902709], [10.106236, 47.897749], [10.10205, 47.893485], [10.100965, 47.890307], [10.098175, 47.877931], [10.097089, 47.875373], [10.095539, 47.87359], [10.092594, 47.871497], [10.091198, 47.870903], [10.090113, 47.870153], [10.086547, 47.867156], [10.086082, 47.865864], [10.086547, 47.864546], [10.088098, 47.862376], [10.092594, 47.861162], [10.094919, 47.861136], [10.096934, 47.861368], [10.099105, 47.862298], [10.09988, 47.862298], [10.100965, 47.862195], [10.102205, 47.861782], [10.103911, 47.859921], [10.107631, 47.854237], [10.110887, 47.844909], [10.129542, 47.816513], [10.123806, 47.814498], [10.122411, 47.814239], [10.120085, 47.813516], [10.11807, 47.811914], [10.11652, 47.809614], [10.114453, 47.805894], [10.112282, 47.803852], [10.109492, 47.802457], [10.092439, 47.802147], [10.089338, 47.801682], [10.087478, 47.800752], [10.084997, 47.798943], [10.080346, 47.793155], [10.079261, 47.790003], [10.080191, 47.787032], [10.086082, 47.782613], [10.093214, 47.778634], [10.096779, 47.774707], [10.099105, 47.770056], [10.100965, 47.768712], [10.104066, 47.768041], [10.111972, 47.768067], [10.113988, 47.767317], [10.1159, 47.76525], [10.11714, 47.762821], [10.11807, 47.758687], [10.119155, 47.729593], [10.122721, 47.71099], [10.126442, 47.70081], [10.130162, 47.693859], [10.131248, 47.690991], [10.131403, 47.687916], [10.130162, 47.683136], [10.128612, 47.679881], [10.127062, 47.677297], [10.124736, 47.675281], [10.121481, 47.673886], [10.111972, 47.674713], [10.093369, 47.679726], [10.091974, 47.679829], [10.090113, 47.679261], [10.088408, 47.677013], [10.086703, 47.672543], [10.085462, 47.658022], [10.075695, 47.649702], [10.069184, 47.657582], [10.065153, 47.664274], [10.060348, 47.67554], [10.057815, 47.678227], [10.052699, 47.679726], [10.045878, 47.680449], [10.033941, 47.680036], [10.009136, 47.675385], [9.987535, 47.667246], [9.969707, 47.662362], [9.953274, 47.659468], [9.929193, 47.659262], [9.905008, 47.663215], [9.872245, 47.673421], [9.864649, 47.674816], [9.852867, 47.671819], [9.834211, 47.665101], [9.760056, 47.620375], [9.715046, 47.604847], [9.686365, 47.611358], [9.680009, 47.611564], [9.664299, 47.606397], [9.660579, 47.602004], [9.659183, 47.599472], [9.658718, 47.597663], [9.654533, 47.59601], [9.646781, 47.593994], [9.619961, 47.590506], [9.61438, 47.588878], [9.61221, 47.587742], [9.601461, 47.577096], [9.554435, 47.533016], [9.554144, 47.532743], [9.549887, 47.533534]]]}}, {"type": "Feature", "properties": {"code": "DE-BB", "name": "Brandenburg", "country": "DE", "level": "region", "type": "land"}, "geometry": {"type": "Polygon", "coordinates": [[[14.607965, 52.596463], [14.613712, 52.592527], [14.644821, 52.576921], [14.616813, 52.541032], [14.609061, 52.517803], [14.627665, 52.507416], [14.632316, 52.496745], [14.615779, 52.473284], [14.591595, 52.449797], [14.539815, 52.421866], [14.545396, 52.382153], [14.569167, 52.338512], [14.590148, 52.309418], [14.584153, 52.291228], [14.606581, 52.275751], [14.640481, 52.265054], [14.668903, 52.260997], [14.696911, 52.253478], [14.712414, 52.235908], [14.712104, 52.215444], [14.69257, 52.19958], [14.69257, 52.193379], [14.70704, 52.179452], [14.703216, 52.165163], [14.692467, 52.146973], [14.686369, 52.121032], [14.696394, 52.106691], [14.761403, 52.076667], [14.743007, 52.062534], [14.735359, 52.054033], [14.732155, 52.045067], [14.730294, 52.035895], [14.726057, 52.026438], [14.704456, 52.002227], [14.699082, 51.992512], [14.695568, 51.931457], [14.687093, 51.911897], [14.671693, 51.893888], [14.653296, 51.878617], [14.595936, 51.842418], [14.58281, 51.825081], [14.585807, 51.803893], [14.60224, 51.788313], [14.620327, 51.780536], [14.634176, 51.769012], [14.638103, 51.742631], [14.648439, 51.717206], [14.67097, 51.700773], [14.719546, 51.675632], [14.732465, 51.658347], [14.742283, 51.632974], [14.743937, 51.606644], [14.732155, 51.58662], [14.712724, 51.567422], [14.704559, 51.547992], [14.70677, 51.540828], [14.706576, 51.540834], [14.663374, 51.542074], [14.620379, 51.553262], [14.595368, 51.562486], [14.573509, 51.56507], [14.55258, 51.564501], [14.509275, 51.556853], [14.377242, 51.515512], [14.338588, 51.509931], [14.30474, 51.52409], [14.268928, 51.532359], [14.220972, 51.536286], [14.158754, 51.526881], [14.118549, 51.51298], [14.106147, 51.5059], [14.067028, 51.473861], [14.061137, 51.466368], [14.060672, 51.45872], [14.059277, 51.450736], [14.043929, 51.428076], [13.987911, 51.377872], [13.970341, 51.359191], [13.966621, 51.358106], [13.960575, 51.357046], [13.956079, 51.358726], [13.945847, 51.359863], [13.938405, 51.361361], [13.873396, 51.356297], [13.766478, 51.347977], [13.73108, 51.350173], [13.614394, 51.355315], [13.568299, 51.364824], [13.555121, 51.366271], [13.545509, 51.365625], [13.533882, 51.363739], [13.521738, 51.366942], [13.50515, 51.382497], [13.491198, 51.38937], [13.479519, 51.393349], [13.472077, 51.399214], [13.45766, 51.406992], [13.410789, 51.421409], [13.397767, 51.421719], [13.38738, 51.419704], [13.377923, 51.413245], [13.363143, 51.408335], [13.270849, 51.388595], [13.252194, 51.385236], [13.239172, 51.398672], [13.232454, 51.401411], [13.21938, 51.402935], [13.214522, 51.396605], [13.203463, 51.397664], [13.198812, 51.393969], [13.193696, 51.390972], [13.18765, 51.385236], [13.184085, 51.386528], [13.181294, 51.388026], [13.177728, 51.393478], [13.176023, 51.396501], [13.174628, 51.400455], [13.173853, 51.403736], [13.173853, 51.406837], [13.175093, 51.409214], [13.177263, 51.411229], [13.18858, 51.417844], [13.190906, 51.419704], [13.193231, 51.422598], [13.198192, 51.432804], [13.197469, 51.447093], [13.199949, 51.458048], [13.198089, 51.466678], [13.191991, 51.469882], [13.189045, 51.476186], [13.190751, 51.478098], [13.192921, 51.479959], [13.196022, 51.48138], [13.203773, 51.48417], [13.207391, 51.486496], [13.210491, 51.490863], [13.210336, 51.496495], [13.208476, 51.503833], [13.20305, 51.518044], [13.199639, 51.524349], [13.196022, 51.528638], [13.175093, 51.536545], [13.165326, 51.545304], [13.165481, 51.551272], [13.167651, 51.554683], [13.169512, 51.558869], [13.171527, 51.566207], [13.169202, 51.570599], [13.166101, 51.573312], [13.153854, 51.578247], [13.140935, 51.585379], [13.137369, 51.586619], [13.133648, 51.586671], [13.130238, 51.585689], [13.127292, 51.584138], [13.122641, 51.583105], [13.11489, 51.585017], [13.101092, 51.590908], [13.073135, 51.612354], [13.061663, 51.615093], [13.082282, 51.638399], [13.090498, 51.643515], [13.150443, 51.672867], [13.178348, 51.696586], [13.181604, 51.70855], [13.174473, 51.719944], [13.164706, 51.730047], [13.15897, 51.74108], [13.157264, 51.748547], [13.156489, 51.775083], [13.157885, 51.782111], [13.163466, 51.789036], [13.193851, 51.81906], [13.228165, 51.843012], [13.236846, 51.855491], [13.217933, 51.860556], [13.18455, 51.862054], [13.179124, 51.861383], [13.173077, 51.858437], [13.165171, 51.84867], [13.16083, 51.844381], [13.153389, 51.846706], [13.148273, 51.849497], [13.139384, 51.856628], [13.132253, 51.857558], [13.066159, 51.852649], [13.04771, 51.857145], [12.991538, 51.881562], [12.984252, 51.886239], [12.979911, 51.891846], [12.974123, 51.896936], [12.962031, 51.903706], [12.951179, 51.906935], [12.930715, 51.909235], [12.884775, 51.909597], [12.876868, 51.910811], [12.871907, 51.912878], [12.864259, 51.928588], [12.859143, 51.935125], [12.844105, 51.941688], [12.805761, 51.944427], [12.794754, 51.946235], [12.705406, 51.980393], [12.666752, 51.994449], [12.661016, 51.994759], [12.654814, 51.994449], [12.653419, 51.992046], [12.653109, 51.989127], [12.650939, 51.985845], [12.646443, 51.98246], [12.634299, 51.978998], [12.621587, 51.973934], [12.607634, 51.965407], [12.561539, 51.971712], [12.54433, 51.977887], [12.49746, 52.000496], [12.477306, 52.017084], [12.471518, 52.019978], [12.466557, 52.021528], [12.462526, 52.021114], [12.459581, 52.019771], [12.457255, 52.017652], [12.453845, 52.012743], [12.449814, 52.010831], [12.443768, 52.009642], [12.431831, 52.009384], [12.42563, 52.010211], [12.420824, 52.011606], [12.409455, 52.018324], [12.379224, 52.031114], [12.370697, 52.036101], [12.365116, 52.04008], [12.364186, 52.045118], [12.364186, 52.048348], [12.363876, 52.05088], [12.361344, 52.057701], [12.299126, 52.109688], [12.280522, 52.122168], [12.260523, 52.128291], [12.256338, 52.130823], [12.252772, 52.134337], [12.246106, 52.147644], [12.219699, 52.163741], [12.216598, 52.166325], [12.207607, 52.178185], [12.19908, 52.19392], [12.1997, 52.196504], [12.201561, 52.199812], [12.209002, 52.207201], [12.222024, 52.232368], [12.244969, 52.247199], [12.246519, 52.249214], [12.248069, 52.252418], [12.245589, 52.253917], [12.239853, 52.259084], [12.236442, 52.264665], [12.233342, 52.267869], [12.229621, 52.27004], [12.219854, 52.270608], [12.214428, 52.27345], [12.209002, 52.279006], [12.206211, 52.294328], [12.205746, 52.301692], [12.206676, 52.306885], [12.208072, 52.309469], [12.214738, 52.319468], [12.217529, 52.325049], [12.218614, 52.32784], [12.221404, 52.33293], [12.233962, 52.346237], [12.235202, 52.350035], [12.234737, 52.353135], [12.233186, 52.356443], [12.231481, 52.360835], [12.229466, 52.368328], [12.231016, 52.372152], [12.233186, 52.375873], [12.233652, 52.379206], [12.231636, 52.38347], [12.231946, 52.386467], [12.233342, 52.388792], [12.245279, 52.402538], [12.24931, 52.408274], [12.256182, 52.421658], [12.257423, 52.426878], [12.257268, 52.430909], [12.255562, 52.433182], [12.251067, 52.437084], [12.249206, 52.438944], [12.247036, 52.442355], [12.247656, 52.444706], [12.24931, 52.446463], [12.260213, 52.450649], [12.266104, 52.456488], [12.275251, 52.471681], [12.286723, 52.484213], [12.287963, 52.487365], [12.289049, 52.491473], [12.287808, 52.499276], [12.288274, 52.506201], [12.290754, 52.510361], [12.295095, 52.516123], [12.293855, 52.517777], [12.291064, 52.518087], [12.283933, 52.515684], [12.280057, 52.514909], [12.276026, 52.514521], [12.271995, 52.515038], [12.267965, 52.515038], [12.264244, 52.514469], [12.260833, 52.513307], [12.256027, 52.514159], [12.25024, 52.517156], [12.235357, 52.532479], [12.229931, 52.536949], [12.222489, 52.540669], [12.216908, 52.542116], [12.211792, 52.54222], [12.208382, 52.541134], [12.205901, 52.539145], [12.204506, 52.536483], [12.202181, 52.527466], [12.20063, 52.52483], [12.198305, 52.522686], [12.195824, 52.520774], [12.192982, 52.518965], [12.190088, 52.517622], [12.18244, 52.515348], [12.168643, 52.513746], [12.15593, 52.515916], [12.152985, 52.517518], [12.149574, 52.519947], [12.147714, 52.522996], [12.146008, 52.528086], [12.146318, 52.531833], [12.147559, 52.534778], [12.152365, 52.538654], [12.155775, 52.540669], [12.158876, 52.54315], [12.162596, 52.546767], [12.161666, 52.548963], [12.159031, 52.550436], [12.154535, 52.551108], [12.144768, 52.550824], [12.135001, 52.549661], [12.129989, 52.549609], [12.123942, 52.551005], [12.123322, 52.552994], [12.124253, 52.555035], [12.150814, 52.579995], [12.152985, 52.586455], [12.155, 52.596531], [12.15686, 52.620406], [12.159186, 52.630354], [12.161976, 52.63609], [12.166317, 52.636581], [12.185696, 52.635857], [12.194429, 52.637304], [12.204661, 52.64118], [12.209777, 52.645753], [12.215823, 52.653376], [12.225745, 52.672599], [12.228226, 52.681849], [12.228071, 52.690169], [12.225745, 52.693192], [12.2228, 52.69544], [12.213343, 52.700143], [12.210242, 52.702572], [12.207607, 52.706111], [12.205591, 52.712958], [12.203731, 52.717403], [12.201561, 52.720581], [12.19629, 52.725206], [12.193292, 52.728151], [12.190398, 52.732699], [12.190088, 52.736058], [12.191019, 52.738978], [12.195359, 52.742931], [12.204971, 52.748822], [12.208692, 52.751923], [12.208382, 52.754816], [12.206521, 52.758382], [12.202646, 52.761018], [12.19939, 52.76417], [12.1966, 52.768149], [12.194222, 52.775513], [12.195049, 52.779234], [12.197065, 52.782205], [12.229621, 52.798741], [12.233962, 52.809774], [12.233186, 52.816311], [12.213808, 52.854604], [12.208382, 52.861735], [12.203266, 52.865921], [12.191742, 52.867833], [12.17965, 52.871553], [12.174999, 52.872484], [12.170658, 52.872174], [12.136345, 52.865817], [12.125958, 52.865507], [12.11123, 52.866644], [12.112315, 52.878013], [12.1103, 52.881114], [12.107199, 52.885144], [12.100688, 52.88964], [12.096967, 52.891087], [12.092937, 52.891656], [12.022657, 52.886281], [11.997645, 52.886798], [11.982607, 52.883051], [11.965503, 52.885222], [11.938217, 52.895015], [11.92473, 52.89827], [11.90685, 52.89951], [11.896721, 52.901732], [11.831867, 52.928242], [11.833469, 52.932635], [11.845407, 52.943539], [11.850781, 52.955114], [11.838585, 52.959455], [11.807269, 52.960334], [11.793265, 52.967155], [11.762879, 52.995112], [11.747376, 52.993045], [11.721745, 52.984156], [11.711668, 52.982038], [11.694201, 52.98395], [11.689137, 52.989944], [11.687587, 52.999504], [11.68061, 53.012165], [11.669087, 53.017281], [11.635962, 53.018108], [11.622268, 53.022397], [11.630536, 53.02759], [11.636272, 53.037125], [11.636169, 53.039347], [11.635807, 53.046246], [11.625678, 53.050302], [11.58134, 53.042861], [11.532299, 53.054643], [11.509303, 53.056503], [11.490699, 53.060741], [11.460934, 53.079422], [11.437938, 53.08384], [11.416854, 53.080895], [11.384246, 53.067123], [11.365643, 53.063996], [11.344145, 53.066322], [11.327609, 53.07242], [11.290918, 53.098516], [11.274517, 53.117061], [11.27409, 53.117544], [11.27452, 53.117575], [11.296299, 53.11913], [11.319633, 53.116019], [11.352301, 53.116019], [11.375635, 53.109797], [11.394302, 53.108241], [11.395858, 53.122241], [11.398969, 53.133131], [11.414525, 53.137797], [11.447193, 53.137797], [11.475194, 53.128464], [11.501639, 53.11913], [11.528085, 53.120686], [11.548307, 53.130019], [11.555243, 53.146059], [11.550903, 53.15319], [11.548267, 53.170037], [11.545166, 53.177013], [11.53974, 53.182594], [11.532144, 53.187658], [11.529508, 53.195177], [11.53571, 53.205021], [11.579945, 53.229568], [11.599633, 53.237319], [11.6541, 53.24967], [11.688414, 53.25091], [11.700196, 53.248378], [11.731869, 53.23269], [11.744314, 53.215578], [11.764537, 53.223356], [11.786316, 53.228023], [11.808094, 53.228023], [11.839206, 53.226467], [11.836095, 53.240468], [11.815951, 53.250109], [11.824943, 53.253494], [11.833624, 53.255509], [11.860985, 53.251357], [11.884319, 53.268469], [11.92318, 53.279901], [11.940078, 53.282691], [11.958988, 53.277802], [11.979211, 53.290247], [11.996323, 53.298025], [12.011879, 53.299581], [12.021212, 53.315137], [12.022768, 53.329137], [12.049213, 53.340027], [12.063739, 53.356123], [12.068855, 53.355917], [12.078054, 53.357958], [12.095417, 53.363694], [12.10999, 53.36496], [12.118516, 53.366872], [12.122857, 53.36695], [12.128438, 53.365683], [12.144148, 53.355271], [12.148334, 53.35447], [12.155, 53.35602], [12.159341, 53.35757], [12.17903, 53.367105], [12.186936, 53.368965], [12.191949, 53.369275], [12.197685, 53.368474], [12.203576, 53.366407], [12.210242, 53.360671], [12.219234, 53.349457], [12.226365, 53.342868], [12.233652, 53.340775], [12.29649, 53.331345], [12.332819, 53.318348], [12.339175, 53.316255], [12.369302, 53.302121], [12.373023, 53.299176], [12.378449, 53.295817], [12.380619, 53.293853], [12.386665, 53.290701], [12.415191, 53.280986], [12.418291, 53.278919], [12.427025, 53.270392], [12.430125, 53.26848], [12.436482, 53.267137], [12.445783, 53.266361], [12.481492, 53.267912], [12.49684, 53.271374], [12.512188, 53.272692], [12.618176, 53.256284], [12.623602, 53.256233], [12.637296, 53.252254], [12.664271, 53.235717], [12.706181, 53.228741], [12.730986, 53.227966], [12.739667, 53.224555], [12.741838, 53.210577], [12.741373, 53.203678], [12.742148, 53.201352], [12.743543, 53.198665], [12.745713, 53.196857], [12.748401, 53.195461], [12.753361, 53.193653], [12.758322, 53.193007], [12.765454, 53.192852], [12.809482, 53.198665], [12.823486, 53.198045], [12.830463, 53.196908], [12.837439, 53.195048], [12.851702, 53.187736], [12.858523, 53.185901], [12.866429, 53.185359], [12.882294, 53.186315], [12.889891, 53.187581], [12.899192, 53.190035], [12.906014, 53.190759], [12.932885, 53.190914], [12.940637, 53.192257], [12.945908, 53.193963], [12.949163, 53.195513], [12.953194, 53.195306], [12.956915, 53.193601], [12.95924, 53.188976], [12.957845, 53.186315], [12.95521, 53.184196], [12.948698, 53.181302], [12.946063, 53.179442], [12.944047, 53.177581], [12.945908, 53.174171], [12.951489, 53.17107], [12.975363, 53.164998], [13.000995, 53.167659], [13.026265, 53.183007], [13.030761, 53.187245], [13.041354, 53.194893], [13.04709, 53.197993], [13.076391, 53.209207], [13.089568, 53.216907], [13.098612, 53.22086], [13.101867, 53.222876], [13.104348, 53.224969], [13.106208, 53.227061], [13.107448, 53.228922], [13.108379, 53.230601], [13.109154, 53.232875], [13.111324, 53.238249], [13.113029, 53.240756], [13.116595, 53.243107], [13.121246, 53.245484], [13.129928, 53.248094], [13.135664, 53.250548], [13.138299, 53.253649], [13.141555, 53.25569], [13.145896, 53.257602], [13.154009, 53.259282], [13.160985, 53.258713], [13.168116, 53.256595], [13.180984, 53.246621], [13.187495, 53.23874], [13.190131, 53.236544], [13.20243, 53.233159], [13.23049, 53.233185], [13.234211, 53.243443], [13.235451, 53.250264], [13.236536, 53.253132], [13.239637, 53.258197], [13.249404, 53.271167], [13.254726, 53.276412], [13.266198, 53.282898], [13.282321, 53.287781], [13.308521, 53.289306], [13.329502, 53.286722], [13.351826, 53.280598], [13.369861, 53.273751], [13.388155, 53.270935], [13.405828, 53.274681], [13.458435, 53.300158], [13.468977, 53.302328], [13.480449, 53.308607], [13.493523, 53.31933], [13.507166, 53.342403], [13.525924, 53.366562], [13.53135, 53.385424], [13.538947, 53.396664], [13.552951, 53.404596], [13.571554, 53.410513], [13.607108, 53.411417], [13.629711, 53.424029], [13.648379, 53.444252], [13.709048, 53.475364], [13.744826, 53.478476], [13.77905, 53.47692], [13.808606, 53.484698], [13.80394, 53.497143], [13.7788, 53.525247], [13.780605, 53.543811], [13.797717, 53.542256], [13.822607, 53.518922], [13.869275, 53.508032], [13.870831, 53.486254], [13.899751, 53.454722], [13.905054, 53.441141], [13.92061, 53.427141], [13.990613, 53.430252], [14.05013, 53.427644], [14.071504, 53.422474], [14.096394, 53.419363], [14.116617, 53.436474], [14.141507, 53.439586], [14.177286, 53.428696], [14.219287, 53.430252], [14.242621, 53.427141], [14.244177, 53.400695], [14.23951, 53.382028], [14.223954, 53.360249], [14.188175, 53.326026], [14.104132, 53.291993], [14.102891, 53.284603], [14.103202, 53.272511], [14.145059, 53.268739], [14.182938, 53.262951], [14.248844, 53.259135], [14.262844, 53.265357], [14.269067, 53.279358], [14.295512, 53.287136], [14.323513, 53.308914], [14.391091, 53.333954], [14.391261, 53.334017], [14.398015, 53.315222], [14.399565, 53.306747], [14.400185, 53.288609], [14.403286, 53.27879], [14.409384, 53.272434], [14.42468, 53.264657], [14.428607, 53.259076], [14.44163, 53.251841], [14.415585, 53.22099], [14.408247, 53.214402], [14.397705, 53.210991], [14.387783, 53.202077], [14.380651, 53.189855], [14.377861, 53.176549], [14.381478, 53.160296], [14.387473, 53.146137], [14.38954, 53.131668], [14.359568, 53.075056], [14.356777, 53.066684], [14.343341, 53.048624], [14.312645, 53.029219], [14.253734, 53.000875], [14.192859, 52.981651], [14.14449, 52.959921], [14.14449, 52.953694], [14.150485, 52.943643], [14.16268, 52.908167], [14.164954, 52.895661], [14.16082, 52.876748], [14.150485, 52.86463], [14.123923, 52.850651], [14.135395, 52.836595], [14.152758, 52.828327], [14.173739, 52.824348], [14.19596, 52.823366], [14.21601, 52.817992], [14.24867, 52.794582], [14.275955, 52.78572], [14.382202, 52.738152], [14.397705, 52.727119], [14.431915, 52.686088], [14.442353, 52.679964], [14.46137, 52.674564], [14.490102, 52.650638], [14.549943, 52.636194], [14.607965, 52.596463]], [[13.626331, 52.487029], [13.623386, 52.490646], [13.625091, 52.498088], [13.648501, 52.531626], [13.64757, 52.539274], [13.626486, 52.541134], [13.611604, 52.545243], [13.603077, 52.550514], [13.590933, 52.553382], [13.569074, 52.563407], [13.50329, 52.610174], [13.500499, 52.613068], [13.500034, 52.613895], [13.499259, 52.619424], [13.499259, 52.624282], [13.500809, 52.629398], [13.502515, 52.638544], [13.50236, 52.64087], [13.501274, 52.643505], [13.499724, 52.645262], [13.483549, 52.654151], [13.479415, 52.657768], [13.476728, 52.661618], [13.473783, 52.663556], [13.468512, 52.663323], [13.445102, 52.649707], [13.442467, 52.647278], [13.440141, 52.644384], [13.438436, 52.641593], [13.434095, 52.640947], [13.431305, 52.640947], [13.412029, 52.648725], [13.388775, 52.636891], [13.383349, 52.630845], [13.382109, 52.628312], [13.379783, 52.626271], [13.374202, 52.624902], [13.364229, 52.62361], [13.326556, 52.625212], [13.310227, 52.629656], [13.306971, 52.631155], [13.304491, 52.633067], [13.303095, 52.635289], [13.303715, 52.644539], [13.30263, 52.647149], [13.299685, 52.651308], [13.300305, 52.653221], [13.301855, 52.654797], [13.302785, 52.656192], [13.300305, 52.656941], [13.289143, 52.657122], [13.285887, 52.656063], [13.282476, 52.65397], [13.279996, 52.648415], [13.27674, 52.643919], [13.272555, 52.639165], [13.261547, 52.633067], [13.252659, 52.629889], [13.223514, 52.627253], [13.220723, 52.625987], [13.211266, 52.609606], [13.210026, 52.606763], [13.209251, 52.603818], [13.209251, 52.600872], [13.210336, 52.598392], [13.211886, 52.596221], [13.214987, 52.593017], [13.216072, 52.591441], [13.216847, 52.589452], [13.216847, 52.587436], [13.207546, 52.586765], [13.164861, 52.598185], [13.157419, 52.600304], [13.154784, 52.599555], [13.152304, 52.597927], [13.148893, 52.592862], [13.146826, 52.590511], [13.145482, 52.588005], [13.144862, 52.585163], [13.147446, 52.580977], [13.148428, 52.575706], [13.147808, 52.566533], [13.143312, 52.551935], [13.140935, 52.524288], [13.156644, 52.50695], [13.156489, 52.504186], [13.156799, 52.501033], [13.129618, 52.481603], [13.126517, 52.480001], [13.119541, 52.477702], [13.116595, 52.47597], [13.114425, 52.4738], [13.112874, 52.471113], [13.110549, 52.465015], [13.109154, 52.458581], [13.109154, 52.455403], [13.110549, 52.449874], [13.111789, 52.447367], [13.116905, 52.441502], [13.11675, 52.440469], [13.112409, 52.438298], [13.109774, 52.436541], [13.107448, 52.434526], [13.105743, 52.432278], [13.105278, 52.429901], [13.105433, 52.428325], [13.104193, 52.426826], [13.103108, 52.425844], [13.093651, 52.418713], [13.0921, 52.416749], [13.091635, 52.415251], [13.09179, 52.414217], [13.0921, 52.4137], [13.092721, 52.413261], [13.094891, 52.411995], [13.111944, 52.403985], [13.11799, 52.402021], [13.121711, 52.401143], [13.156489, 52.396854], [13.15928, 52.397112], [13.163311, 52.398146], [13.166566, 52.401556], [13.169512, 52.403675], [13.172612, 52.405174], [13.214057, 52.417059], [13.219638, 52.417111], [13.226769, 52.415922], [13.239637, 52.411065], [13.248163, 52.40507], [13.252194, 52.40476], [13.25824, 52.40551], [13.285732, 52.412021], [13.291158, 52.414114], [13.292398, 52.414837], [13.294259, 52.415096], [13.295964, 52.41401], [13.29922, 52.41029], [13.304801, 52.40228], [13.309193, 52.401091], [13.312707, 52.400497], [13.336633, 52.405949], [13.34578, 52.407396], [13.349346, 52.405897], [13.354617, 52.401918], [13.36552, 52.395458], [13.371515, 52.389516], [13.375752, 52.38657], [13.394046, 52.381222], [13.425672, 52.381092], [13.427532, 52.38812], [13.427532, 52.390704], [13.426912, 52.393701], [13.424742, 52.398869], [13.424122, 52.401608], [13.424018, 52.40445], [13.424948, 52.407344], [13.427119, 52.409463], [13.430064, 52.411091], [13.43363, 52.412305], [13.448978, 52.415897], [13.458125, 52.416749], [13.463086, 52.415897], [13.468047, 52.4137], [13.473317, 52.407525], [13.475798, 52.403649], [13.479519, 52.400471], [13.484376, 52.398662], [13.494918, 52.397939], [13.503135, 52.398146], [13.50608, 52.398792], [13.509181, 52.399903], [13.511971, 52.40166], [13.514452, 52.403675], [13.519723, 52.404864], [13.528095, 52.404915], [13.565818, 52.395665], [13.584732, 52.388896], [13.609898, 52.38378], [13.615014, 52.38347], [13.626486, 52.3844], [13.632378, 52.381868], [13.637338, 52.375976], [13.641214, 52.360732], [13.642609, 52.347477], [13.642609, 52.34479], [13.64354, 52.343524], [13.64447, 52.342025], [13.653978, 52.342335], [13.667001, 52.359647], [13.671187, 52.362101], [13.673357, 52.362851], [13.696146, 52.367553], [13.698007, 52.368122], [13.700022, 52.369052], [13.701417, 52.370008], [13.703484, 52.371946], [13.705345, 52.374271], [13.706688, 52.378044], [13.706895, 52.383159], [13.704518, 52.39197], [13.704518, 52.397887], [13.7086, 52.404605], [13.712321, 52.407913], [13.716042, 52.410393], [13.734335, 52.419643], [13.736661, 52.422769], [13.738521, 52.426645], [13.738056, 52.433131], [13.738521, 52.436309], [13.739761, 52.439487], [13.743017, 52.441502], [13.749528, 52.444861], [13.750923, 52.446877], [13.750923, 52.450287], [13.742552, 52.456359], [13.736196, 52.459796], [13.696301, 52.470803], [13.677543, 52.485531], [13.66452, 52.489768], [13.626331, 52.487029]]]}}, {"type": "Feature", "properties": {"code": "DE-HB", "name": "Bremen", "country": "DE", "level": "region", "type": "land"}, "geometry": {"type": "MultiPolygon", "coordinates": [[[[8.557203, 53.519941], [8.565766, 53.546698], [8.560802, 53.551703], [8.535167, 53.590766], [8.527517, 53.596625], [8.5171, 53.610175], [8.513038, 53.617097], [8.513414, 53.617012], [8.562454, 53.606263], [8.584314, 53.603938], [8.625293, 53.604997], [8.630874, 53.603964], [8.631804, 53.602], [8.628239, 53.599364], [8.625293, 53.596806], [8.622968, 53.59399], [8.621727, 53.591484], [8.620177, 53.587608], [8.621107, 53.582259], [8.623588, 53.577092], [8.631494, 53.567532], [8.635215, 53.559884], [8.641881, 53.539316], [8.642656, 53.531901], [8.641881, 53.525312], [8.640641, 53.519886], [8.639091, 53.516656], [8.623588, 53.502213], [8.602814, 53.490482], [8.601057, 53.490017], [8.599506, 53.489733], [8.597491, 53.490585], [8.595011, 53.492187], [8.588344, 53.500171], [8.587879, 53.500326], [8.587414, 53.500352], [8.585554, 53.500326], [8.578267, 53.499241], [8.572996, 53.501851], [8.560904, 53.5157], [8.557203, 53.519941]]], [[[8.518685, 53.226105], [8.529537, 53.224659], [8.560594, 53.212566], [8.56447, 53.211791], [8.56633, 53.211843], [8.585089, 53.215408], [8.590205, 53.215357], [8.617852, 53.204841], [8.676814, 53.190371], [8.690302, 53.188433], [8.701154, 53.189105], [8.703634, 53.189519], [8.70472, 53.189932], [8.70658, 53.191121], [8.710456, 53.191766], [8.733142, 53.192671], [8.745544, 53.191611], [8.747559, 53.190759], [8.748955, 53.189596], [8.749885, 53.18833], [8.750195, 53.186883], [8.749885, 53.185488], [8.749265, 53.183886], [8.751435, 53.181457], [8.756551, 53.178718], [8.778617, 53.170269], [8.783733, 53.169003], [8.811638, 53.169571], [8.823886, 53.168073], [8.825746, 53.167143], [8.84068, 53.157944], [8.860524, 53.149263], [8.894992, 53.13885], [8.903984, 53.13761], [8.90941, 53.138514], [8.912356, 53.139341], [8.914371, 53.140633], [8.915766, 53.142338], [8.916696, 53.143966], [8.917782, 53.146937], [8.919332, 53.149779], [8.923983, 53.156601], [8.926308, 53.15934], [8.928479, 53.161122], [8.932974, 53.162983], [8.93623, 53.162802], [8.939382, 53.16182], [8.949459, 53.156032], [8.973024, 53.139547], [8.975349, 53.137015], [8.975194, 53.13469], [8.972094, 53.132468], [8.960466, 53.12606], [8.958296, 53.123295], [8.957831, 53.121926], [8.961552, 53.115828], [8.986046, 53.100067], [8.988217, 53.097173], [8.989922, 53.093607], [8.988217, 53.091592], [8.981395, 53.085933], [8.97907, 53.08167], [8.976744, 53.075624], [8.975349, 53.061878], [8.974109, 53.056374], [8.972714, 53.052576], [8.957676, 53.042602], [8.922898, 53.027435], [8.914526, 53.024619], [8.86595, 53.047512], [8.86564, 53.046866], [8.865485, 53.045393], [8.86595, 53.042654], [8.86595, 53.039734], [8.86316, 53.03728], [8.858044, 53.035678], [8.844091, 53.033197], [8.834479, 53.033533], [8.824661, 53.035006], [8.777067, 53.053351], [8.771796, 53.054643], [8.768333, 53.054643], [8.758567, 53.052111], [8.719499, 53.047925], [8.704875, 53.049553], [8.703945, 53.050483], [8.702394, 53.051129], [8.702549, 53.051697], [8.702704, 53.052731], [8.702394, 53.054359], [8.702704, 53.079861], [8.701774, 53.083427], [8.699604, 53.085856], [8.692937, 53.088104], [8.653818, 53.115725], [8.638005, 53.130297], [8.635835, 53.133915], [8.63382, 53.138979], [8.633355, 53.141408], [8.631494, 53.159572], [8.617231, 53.176858], [8.61103, 53.180062], [8.589223, 53.178977], [8.578061, 53.179778], [8.554445, 53.189596], [8.513, 53.19975], [8.504577, 53.211068], [8.501373, 53.217062], [8.49605, 53.224038], [8.518685, 53.226105]]]]}}, {"type": "Feature", "properties": {"code": "DE-HH", "name": "Hamburg", "country": "DE", "level": "region", "type": "land"}, "geometry": {"type": "Polygon", "coordinates": [[[9.763972, 53.54768], [9.819021, 53.540351], [9.832042, 53.543606], [9.819591, 53.556627], [9.782074, 53.569729], [9.74081, 53.572575], [9.740884, 53.572751], [9.748894, 53.591975], [9.750599, 53.598021], [9.751684, 53.604687], [9.752769, 53.607891], [9.75401, 53.610036], [9.75618, 53.611818], [9.760211, 53.614195], [9.763311, 53.616573], [9.765017, 53.618872], [9.766567, 53.626288], [9.768427, 53.629182], [9.771683, 53.629698], [9.776489, 53.629388], [9.788168, 53.62758], [9.796539, 53.624634], [9.79871, 53.623239], [9.806926, 53.61988], [9.810027, 53.617864], [9.810492, 53.615074], [9.807546, 53.606496], [9.806461, 53.601896], [9.806151, 53.599054], [9.806926, 53.597142], [9.808012, 53.596109], [9.809097, 53.595282], [9.810492, 53.59461], [9.812507, 53.593887], [9.816073, 53.593111], [9.82863, 53.597246], [9.927332, 53.645666], [9.952809, 53.650369], [9.980404, 53.646726], [9.98428, 53.646881], [9.989861, 53.64856], [9.994047, 53.651428], [10.00371, 53.666802], [10.008206, 53.670678], [10.013632, 53.673003], [10.025879, 53.67551], [10.032856, 53.676285], [10.039057, 53.676259], [10.052234, 53.674864], [10.060192, 53.677964], [10.065153, 53.680806], [10.078176, 53.712897], [10.082052, 53.71636], [10.086392, 53.718892], [10.088718, 53.719719], [10.090268, 53.72008], [10.092904, 53.720184], [10.142255, 53.713311], [10.147991, 53.713673], [10.153572, 53.715636], [10.17109, 53.7253], [10.176878, 53.727212], [10.181994, 53.72778], [10.18742, 53.727522], [10.191916, 53.726566], [10.193776, 53.725093], [10.194861, 53.722535], [10.192846, 53.717703], [10.191141, 53.715171], [10.179823, 53.705611], [10.16985, 53.693596], [10.165819, 53.687369], [10.164734, 53.684527], [10.165974, 53.682098], [10.16923, 53.678636], [10.204783, 53.662823], [10.205403, 53.662358], [10.206488, 53.656984], [10.206799, 53.650472], [10.209124, 53.644788], [10.21455, 53.641842], [10.218891, 53.64024], [10.221526, 53.637812], [10.222767, 53.633652], [10.221216, 53.626184], [10.219976, 53.622877], [10.21672, 53.617709], [10.215325, 53.614195], [10.21331, 53.60169], [10.21238, 53.588151], [10.211604, 53.585567], [10.210674, 53.584352], [10.208659, 53.583035], [10.206023, 53.581872], [10.195946, 53.579211], [10.178118, 53.576523], [10.175483, 53.575438], [10.173157, 53.573784], [10.172847, 53.570529], [10.174087, 53.565981], [10.180754, 53.549626], [10.182304, 53.54097], [10.182149, 53.534045], [10.183234, 53.528955], [10.186645, 53.525312], [10.197497, 53.521746], [10.21393, 53.518827], [10.222767, 53.513013], [10.247623, 53.488777], [10.269792, 53.48149], [10.277854, 53.477511], [10.312632, 53.454929], [10.313407, 53.455239], [10.314957, 53.4556], [10.318833, 53.455859], [10.320693, 53.455652], [10.323174, 53.450433], [10.32798, 53.432656], [10.285347, 53.432656], [10.275993, 53.430796], [10.266071, 53.427075], [10.243747, 53.409402], [10.241577, 53.406611], [10.186541, 53.404389], [10.16985, 53.406611], [10.153572, 53.413639], [10.143081, 53.422683], [10.131403, 53.430589], [10.111197, 53.433896], [10.099105, 53.439477], [10.083137, 53.450898], [10.076005, 53.450433], [10.038747, 53.443095], [10.032391, 53.440976], [10.029445, 53.438392], [10.0296, 53.436635], [10.030065, 53.434517], [10.030685, 53.43307], [10.03084, 53.431158], [10.030375, 53.429194], [10.027895, 53.427489], [10.011307, 53.421494], [9.985365, 53.41506], [9.975288, 53.414053], [9.968467, 53.414466], [9.950018, 53.422011], [9.945006, 53.422838], [9.938805, 53.421882], [9.918961, 53.415603], [9.912915, 53.415603], [9.909349, 53.418083], [9.908729, 53.421546], [9.908109, 53.430796], [9.905473, 53.441234], [9.900047, 53.446609], [9.895706, 53.44865], [9.890849, 53.449038], [9.882787, 53.447229], [9.877516, 53.444774], [9.865114, 53.433405], [9.861238, 53.432243], [9.857207, 53.432863], [9.824445, 53.451415], [9.816693, 53.456944], [9.810647, 53.46237], [9.804756, 53.469191], [9.800725, 53.475238], [9.796074, 53.484281], [9.793749, 53.487795], [9.791423, 53.48981], [9.785222, 53.492446], [9.782432, 53.494306], [9.780726, 53.49658], [9.779331, 53.500094], [9.777264, 53.502316], [9.768427, 53.508155], [9.764707, 53.54376], [9.763972, 53.54768]]]}}, {"type": "Feature", "properties": {"code": "DE-HE", "name": "Hessen", "country": "DE", "level": "region", "type": "land"}, "geometry": {"type": "Polygon", "coordinates": [[[9.949243, 51.381799], [9.930433, 51.371697], [9.926712, 51.36733], [9.923457, 51.360276], [9.923767, 51.356297], [9.925162, 51.3533], [9.926712, 51.351], [9.927797, 51.348339], [9.928728, 51.342293], [9.929813, 51.339657], [9.931673, 51.33759], [9.937254, 51.334231], [9.940665, 51.331492], [9.942835, 51.326583], [9.945781, 51.317436], [9.944851, 51.308031], [9.947021, 51.303949], [9.949863, 51.303019], [9.953584, 51.303794], [9.958545, 51.30276], [9.964746, 51.299918], [9.972808, 51.291547], [9.978854, 51.287955], [9.98397, 51.285785], [9.988776, 51.28563], [9.999783, 51.286327], [10.002418, 51.285965], [10.025104, 51.280023], [10.040297, 51.279093], [10.049134, 51.27656], [10.052544, 51.273873], [10.053785, 51.271005], [10.048514, 51.262892], [10.048514, 51.25775], [10.050994, 51.253978], [10.05363, 51.251704], [10.069339, 51.243642], [10.07182, 51.239431], [10.07399, 51.227829], [10.077246, 51.224884], [10.081276, 51.22323], [10.085772, 51.222869], [10.089648, 51.221938], [10.096159, 51.219303], [10.100345, 51.218114], [10.105151, 51.217494], [10.111817, 51.215582], [10.117295, 51.214704], [10.127372, 51.21398], [10.133263, 51.212947], [10.1421, 51.208606], [10.148456, 51.206952], [10.153882, 51.206332], [10.163184, 51.206849], [10.172847, 51.206074], [10.186335, 51.200958], [10.197032, 51.194705], [10.217185, 51.18747], [10.23026, 51.184318], [10.231965, 51.182509], [10.232895, 51.179874], [10.232585, 51.178582], [10.229174, 51.172897], [10.214085, 51.16127], [10.208504, 51.151142], [10.207729, 51.146853], [10.207574, 51.14091], [10.202768, 51.120213], [10.198737, 51.116338], [10.196412, 51.115873], [10.194861, 51.118017], [10.193621, 51.122358], [10.191451, 51.124012], [10.18556, 51.127009], [10.185094, 51.127836], [10.184629, 51.129334], [10.18587, 51.130885], [10.186335, 51.133055], [10.185404, 51.135122], [10.177498, 51.142202], [10.173622, 51.144837], [10.166439, 51.145406], [10.156517, 51.144966], [10.134348, 51.141065], [10.127837, 51.138274], [10.125977, 51.136104], [10.129232, 51.134657], [10.132023, 51.132952], [10.134193, 51.130833], [10.135743, 51.128507], [10.136829, 51.125924], [10.138379, 51.123598], [10.140394, 51.121583], [10.143495, 51.120136], [10.147216, 51.119309], [10.165664, 51.117268], [10.169075, 51.115485], [10.168765, 51.110731], [10.165199, 51.102514], [10.152022, 51.089182], [10.147371, 51.081172], [10.14427, 51.07417], [10.141324, 51.064067], [10.141014, 51.058693], [10.14241, 51.05523], [10.14644, 51.0543], [10.155742, 51.05368], [10.159928, 51.052982], [10.163184, 51.051613], [10.168765, 51.048306], [10.172072, 51.04691], [10.175948, 51.046135], [10.18959, 51.045877], [10.193156, 51.044843], [10.195171, 51.042905], [10.198272, 51.038125], [10.205403, 51.031717], [10.207574, 51.028824], [10.209589, 51.024483], [10.208659, 51.020865], [10.194086, 50.99929], [10.191141, 50.996629], [10.187885, 50.995699], [10.165044, 50.996422], [10.14303, 50.993839], [10.137914, 50.993994], [10.133263, 50.994562], [10.129542, 50.995596], [10.124271, 50.998076], [10.122721, 50.999316], [10.122411, 51.000143], [10.122411, 51.001177], [10.123651, 51.005698], [10.123186, 51.008024], [10.121171, 51.009031], [10.11807, 51.008799], [10.107631, 51.005983], [10.104376, 51.005853], [10.093369, 51.008515], [10.063138, 51.008644], [10.051149, 51.007016], [10.026189, 50.995725], [10.023554, 50.982108], [10.026344, 50.97601], [10.02929, 50.974305], [10.033011, 50.972574], [10.037352, 50.968465], [10.043088, 50.961644], [10.046033, 50.949035], [10.044638, 50.943867], [10.041382, 50.940922], [10.025414, 50.938028], [10.013322, 50.937046], [9.978079, 50.939423], [9.974668, 50.940043], [9.972963, 50.940974], [9.971102, 50.942317], [9.967692, 50.943247], [9.962731, 50.943118], [9.955909, 50.941852], [9.953274, 50.938958], [9.951879, 50.935909], [9.951259, 50.929734], [9.952654, 50.926504], [9.955599, 50.924799], [9.95932, 50.925057], [9.962111, 50.926478], [9.967227, 50.930122], [9.969707, 50.929088], [9.971412, 50.925677], [9.970327, 50.914205], [9.971567, 50.908986], [9.974203, 50.906144], [9.977769, 50.906454], [9.980869, 50.907642], [9.983505, 50.909399], [9.98583, 50.911415], [9.98769, 50.913792], [9.989861, 50.915807], [9.992031, 50.917564], [9.994667, 50.919063], [9.997457, 50.920122], [10.000248, 50.920768], [10.002728, 50.921078], [10.006191, 50.920975], [10.008516, 50.92051], [10.011307, 50.919631], [10.021383, 50.915265], [10.032701, 50.908753], [10.035956, 50.905653], [10.039367, 50.901493], [10.044173, 50.892501], [10.047583, 50.88878], [10.055955, 50.882631], [10.02898, 50.862374], [10.026034, 50.858756], [10.023244, 50.854364], [10.02681, 50.846819], [10.026034, 50.837026], [10.023089, 50.833306], [10.018748, 50.831678], [10.013477, 50.831549], [10.007121, 50.830644], [9.998232, 50.827337], [9.992496, 50.825839], [9.972498, 50.824288], [9.95777, 50.820309], [9.951879, 50.817544], [9.949398, 50.815193], [9.949863, 50.812713], [9.949708, 50.809948], [9.944386, 50.802739], [9.94268, 50.799587], [9.942215, 50.796435], [9.94206, 50.793179], [9.942835, 50.790337], [9.945006, 50.78473], [9.945781, 50.781242], [9.946246, 50.776591], [9.944851, 50.774472], [9.94268, 50.774472], [9.940975, 50.775893], [9.938805, 50.776436], [9.935549, 50.775919], [9.931053, 50.774317], [9.926092, 50.773232], [9.920666, 50.763775], [9.932138, 50.755636], [9.935549, 50.750985], [9.936014, 50.748789], [9.936014, 50.742562], [9.934774, 50.736697], [9.933379, 50.732821], [9.930123, 50.727188], [9.91648, 50.711427], [9.912605, 50.704554], [9.91214, 50.699929], [9.914, 50.695252], [9.913225, 50.692668], [9.906713, 50.686777], [9.904078, 50.684969], [9.900977, 50.683573], [9.897412, 50.682488], [9.893071, 50.679878], [9.888213, 50.675925], [9.881237, 50.667114], [9.879067, 50.662102], [9.878136, 50.657012], [9.878446, 50.652051], [9.877671, 50.643602], [9.879532, 50.637116], [9.882632, 50.634016], [9.886973, 50.63324], [9.894621, 50.635049], [9.898032, 50.636341], [9.901598, 50.637271], [9.905473, 50.637555], [9.909659, 50.63678], [9.925782, 50.630062], [9.933999, 50.628047], [9.9433, 50.627143], [9.947693, 50.627427], [9.951414, 50.628383], [9.954204, 50.630192], [9.95715, 50.635359], [9.960405, 50.639648], [9.95994, 50.64187], [9.95746, 50.644299], [9.949553, 50.650294], [9.947331, 50.652929], [9.946711, 50.655513], [9.947176, 50.658355], [9.948623, 50.660732], [9.950949, 50.662748], [9.954514, 50.663885], [9.970792, 50.666572], [9.977924, 50.668846], [9.990636, 50.674427], [9.997612, 50.676235], [10.004175, 50.676545], [10.008361, 50.676184], [10.025104, 50.672618], [10.042623, 50.671274], [10.052079, 50.669569], [10.056885, 50.66776], [10.060348, 50.665874], [10.062828, 50.662954], [10.07368, 50.645152], [10.076005, 50.622001], [10.0743, 50.619624], [10.07244, 50.617841], [10.069804, 50.619236], [10.064998, 50.619004], [10.058591, 50.616833], [10.048359, 50.609547], [10.045878, 50.60549], [10.045723, 50.602235], [10.047738, 50.600478], [10.048824, 50.597713], [10.049289, 50.594121], [10.047894, 50.576086], [10.048049, 50.572934], [10.048359, 50.570014], [10.049134, 50.567353], [10.050064, 50.565079], [10.056885, 50.554434], [10.055955, 50.549473], [10.047428, 50.532265], [10.045413, 50.526374], [10.044483, 50.521904], [10.044793, 50.519552], [10.047428, 50.516968], [10.055025, 50.516503], [10.048979, 50.5056], [10.047738, 50.502628], [10.046033, 50.499192], [10.044483, 50.497021], [10.023089, 50.474465], [10.012702, 50.4609], [10.000868, 50.448446], [9.980869, 50.437335], [9.918341, 50.413771], [9.858913, 50.398991], [9.847441, 50.397958], [9.838759, 50.398113], [9.834987, 50.398681], [9.828475, 50.400697], [9.819484, 50.405373], [9.814368, 50.409068], [9.806771, 50.416561], [9.804446, 50.418215], [9.80181, 50.419248], [9.799175, 50.419533], [9.796074, 50.41899], [9.784447, 50.415424], [9.778969, 50.414262], [9.766722, 50.402092], [9.742848, 50.347108], [9.746258, 50.333155], [9.747033, 50.328065], [9.747963, 50.323544], [9.749049, 50.31512], [9.748584, 50.30556], [9.744708, 50.301374], [9.738352, 50.29755], [9.721712, 50.290393], [9.704349, 50.285355], [9.693807, 50.283649], [9.680319, 50.279515], [9.673498, 50.275123], [9.665385, 50.268146], [9.658253, 50.254349], [9.657788, 50.247269], [9.659804, 50.24236], [9.665074, 50.238433], [9.663369, 50.235952], [9.661199, 50.23435], [9.630503, 50.228304], [9.612054, 50.22417], [9.59774, 50.224015], [9.593089, 50.224712], [9.590144, 50.225643], [9.587508, 50.227529], [9.585803, 50.228278], [9.583787, 50.22895], [9.580377, 50.229131], [9.575881, 50.228872], [9.560068, 50.225668], [9.557588, 50.225798], [9.555417, 50.226702], [9.55335, 50.228123], [9.548699, 50.232851], [9.545754, 50.235022], [9.543273, 50.236081], [9.541103, 50.236572], [9.538932, 50.236365], [9.529786, 50.232955], [9.526065, 50.232903], [9.519864, 50.233885], [9.511027, 50.23621], [9.507926, 50.23559], [9.506221, 50.233162], [9.505291, 50.226728], [9.508547, 50.20691], [9.507306, 50.202569], [9.50033, 50.188875], [9.498728, 50.184095], [9.498108, 50.181123], [9.498418, 50.178798], [9.49909, 50.176808], [9.500175, 50.175413], [9.50157, 50.174509], [9.504361, 50.173682], [9.521879, 50.172287], [9.52529, 50.17146], [9.52746, 50.170013], [9.5287, 50.168618], [9.52901, 50.166861], [9.52715, 50.163502], [9.514903, 50.148361], [9.511802, 50.142857], [9.510407, 50.137741], [9.511027, 50.134511], [9.516763, 50.116218], [9.514128, 50.11291], [9.506686, 50.108105], [9.445863, 50.091413], [9.430463, 50.089837], [9.406744, 50.092343], [9.399923, 50.097563], [9.393101, 50.103867], [9.391396, 50.106296], [9.387365, 50.114693], [9.385608, 50.117096], [9.384058, 50.118905], [9.377547, 50.123246], [9.367935, 50.12738], [9.329126, 50.139291], [9.323855, 50.139524], [9.310988, 50.138594], [9.306337, 50.139059], [9.299205, 50.140816], [9.29595, 50.141436], [9.251405, 50.142211], [9.240553, 50.144175], [9.235127, 50.14433], [9.22877, 50.143813], [9.197868, 50.138025], [9.193527, 50.136527], [9.191357, 50.134718], [9.190271, 50.130377], [9.190737, 50.125261], [9.190426, 50.123117], [9.188101, 50.119835], [9.170738, 50.106606], [9.156113, 50.099733], [9.149292, 50.097563], [9.146191, 50.097563], [9.146501, 50.099268], [9.148207, 50.101852], [9.154253, 50.108027], [9.155338, 50.10981], [9.154873, 50.111205], [9.152548, 50.11229], [9.13906, 50.115003], [9.133634, 50.117251], [9.121077, 50.123866], [9.116891, 50.125261], [9.11379, 50.125726], [9.110845, 50.125881], [9.107899, 50.125416], [9.057463, 50.110068], [9.02439, 50.105081], [9.019119, 50.103557], [9.014468, 50.10087], [9.012143, 50.099061], [9.010282, 50.096839], [9.008887, 50.093377], [9.008112, 50.088674], [9.007957, 50.074256], [9.007337, 50.0702], [9.005942, 50.06635], [9.002996, 50.064283], [8.99943, 50.063249], [8.99509, 50.063043], [8.990852, 50.063663], [8.988062, 50.062474], [8.97876, 50.055033], [8.976589, 50.052785], [8.983411, 50.049969], [8.992351, 50.045731], [8.997415, 50.044956], [9.001911, 50.048367], [9.011678, 50.049503], [9.021445, 50.048367], [9.02594, 50.044956], [9.026871, 50.043147], [9.032142, 50.021366], [9.041753, 50.011728], [9.040513, 50.000359], [9.041288, 49.998706], [9.045164, 49.992608], [9.052347, 49.983668], [9.053122, 49.981652], [9.050952, 49.981136], [9.049195, 49.980154], [9.028111, 49.985425], [9.026095, 49.911476], [9.026716, 49.907393], [9.039893, 49.882408], [9.049195, 49.866052], [9.061804, 49.839852], [9.065059, 49.836803], [9.067695, 49.832824], [9.068935, 49.831429], [9.070175, 49.830576], [9.072346, 49.830292], [9.073431, 49.830576], [9.074981, 49.831584], [9.076687, 49.833806], [9.082888, 49.841041], [9.085833, 49.843263], [9.088004, 49.844116], [9.089554, 49.843986], [9.091259, 49.843315], [9.0925, 49.842126], [9.092965, 49.839801], [9.092655, 49.835692], [9.090329, 49.828018], [9.089864, 49.821559], [9.090794, 49.814996], [9.095755, 49.804971], [9.099166, 49.800268], [9.103662, 49.796366], [9.108674, 49.794429], [9.11286, 49.793757], [9.117821, 49.794274], [9.122007, 49.795436], [9.126503, 49.796082], [9.130223, 49.796186], [9.132859, 49.795514], [9.13596, 49.793964], [9.13937, 49.790863], [9.14092, 49.787349], [9.140455, 49.78368], [9.135804, 49.77766], [9.122162, 49.7658], [9.119681, 49.761924], [9.119526, 49.757764], [9.122937, 49.753863], [9.130999, 49.750581], [9.146657, 49.746215], [9.148982, 49.743579], [9.148517, 49.73991], [9.135339, 49.721875], [9.132859, 49.717302], [9.131774, 49.713297], [9.131619, 49.708723], [9.133479, 49.703478], [9.135029, 49.700429], [9.135029, 49.697949], [9.133324, 49.695985], [9.127588, 49.692006], [9.122937, 49.689913], [9.118751, 49.688595], [9.115031, 49.688182], [9.107589, 49.68813], [9.103662, 49.687768], [9.099476, 49.686425], [9.098856, 49.681309], [9.100251, 49.672937], [9.110225, 49.645807], [9.11131, 49.639813], [9.108364, 49.635291], [9.105987, 49.633198], [9.103042, 49.631183], [9.099476, 49.629684], [9.091259, 49.625162], [9.081182, 49.618315], [9.078702, 49.615887], [9.076532, 49.61444], [9.072656, 49.610874], [9.072966, 49.60705], [9.076687, 49.603277], [9.096375, 49.591082], [9.11069, 49.575114], [9.101801, 49.565269], [9.099166, 49.564882], [9.093585, 49.565399], [9.080097, 49.573822], [9.074981, 49.572272], [9.073741, 49.570101], [9.074671, 49.56682], [9.078392, 49.562763], [9.09498, 49.550826], [9.099476, 49.546537], [9.103972, 49.539612], [9.105987, 49.537132], [9.116116, 49.527416], [9.125262, 49.516099], [9.127433, 49.511138], [9.126813, 49.508167], [9.124642, 49.507676], [9.121232, 49.507263], [9.118441, 49.507624], [9.115651, 49.508606], [9.113015, 49.51026], [9.105522, 49.516823], [9.103662, 49.518063], [9.101956, 49.518476], [9.099011, 49.518916], [9.087074, 49.518011], [9.076377, 49.518993], [9.06816, 49.518476], [9.044854, 49.503852], [9.039893, 49.502767], [9.035087, 49.50132], [9.022065, 49.50287], [9.019429, 49.50349], [9.011368, 49.504291], [8.957831, 49.503697], [8.953645, 49.502741], [8.953335, 49.501888], [8.95318, 49.500751], [8.95318, 49.50039], [8.930339, 49.484215], [8.927238, 49.481528], [8.927238, 49.480158], [8.928324, 49.478582], [8.93437, 49.473518], [8.939072, 49.468454], [8.941243, 49.465146], [8.942948, 49.461994], [8.945584, 49.455095], [8.944033, 49.452021], [8.940313, 49.447318], [8.920107, 49.43874], [8.914061, 49.437655], [8.910495, 49.438326], [8.908635, 49.440032], [8.907085, 49.445199], [8.903984, 49.447163], [8.901349, 49.446595], [8.899178, 49.444889], [8.897783, 49.442176], [8.894062, 49.430316], [8.892977, 49.427578], [8.891272, 49.425201], [8.878818, 49.4144], [8.861144, 49.401739], [8.852308, 49.39745], [8.846261, 49.396288], [8.838665, 49.399233], [8.830758, 49.399259], [8.816754, 49.402204], [8.814429, 49.403005], [8.812568, 49.404246], [8.810863, 49.406597], [8.810398, 49.409439], [8.811328, 49.417139], [8.812723, 49.422255], [8.813654, 49.423495], [8.815204, 49.424684], [8.817684, 49.425976], [8.827968, 49.429386], [8.829983, 49.430704], [8.831689, 49.4329], [8.832619, 49.435432], [8.832619, 49.438275], [8.829053, 49.453855], [8.828588, 49.458015], [8.828588, 49.462201], [8.829208, 49.465508], [8.830914, 49.468557], [8.833394, 49.471244], [8.848897, 49.483388], [8.852308, 49.484732], [8.855253, 49.48468], [8.860989, 49.479616], [8.86502, 49.476825], [8.870601, 49.4745], [8.874012, 49.4745], [8.876957, 49.475482], [8.88476, 49.481993], [8.887861, 49.485714], [8.890651, 49.489951], [8.892512, 49.493672], [8.893442, 49.496643], [8.893752, 49.498994], [8.893597, 49.500493], [8.893287, 49.50132], [8.890496, 49.506126], [8.841766, 49.502405], [8.828433, 49.502819], [8.823886, 49.504886], [8.82156, 49.506746], [8.8197, 49.508761], [8.815669, 49.517288], [8.810863, 49.52199], [8.807607, 49.523489], [8.802491, 49.523592], [8.781563, 49.52199], [8.764923, 49.523799], [8.745854, 49.529949], [8.718104, 49.541783], [8.711231, 49.546072], [8.708905, 49.547932], [8.70596, 49.550878], [8.703634, 49.553771], [8.691542, 49.573693], [8.687046, 49.584157], [8.686891, 49.585527], [8.687201, 49.586586], [8.689217, 49.589402], [8.691387, 49.591857], [8.692627, 49.593743], [8.693092, 49.597464], [8.691697, 49.602296], [8.681, 49.612062], [8.67914, 49.614595], [8.678365, 49.621261], [8.675729, 49.622501], [8.671543, 49.622553], [8.601367, 49.610977], [8.598886, 49.609995], [8.597801, 49.6086], [8.597956, 49.60581], [8.604829, 49.585449], [8.605139, 49.583485], [8.614441, 49.560593], [8.616766, 49.55297], [8.617387, 49.549689], [8.617387, 49.547079], [8.616611, 49.545038], [8.615061, 49.542764], [8.612581, 49.540801], [8.609015, 49.539147], [8.596561, 49.536305], [8.595166, 49.535426], [8.59129, 49.533824], [8.588189, 49.53199], [8.566175, 49.527313], [8.498221, 49.573383], [8.474449, 49.585759], [8.462047, 49.588498], [8.458016, 49.58886], [8.449645, 49.588317], [8.41683, 49.579455], [8.400035, 49.610409], [8.375437, 49.641105], [8.360555, 49.664462], [8.36226, 49.690921], [8.37921, 49.710403], [8.406443, 49.722418], [8.439103, 49.726526], [8.460807, 49.743786], [8.473829, 49.757454], [8.47662, 49.767505], [8.462512, 49.771071], [8.442203, 49.768048], [8.423807, 49.767298], [8.415797, 49.777737], [8.41373, 49.784713], [8.408665, 49.792672], [8.389804, 49.815306], [8.386341, 49.823833], [8.384222, 49.832307], [8.38045, 49.842591], [8.370477, 49.856595], [8.347584, 49.878532], [8.340091, 49.891012], [8.355129, 49.925635], [8.33544, 49.959638], [8.228108, 50.038186], [8.213018, 50.044439], [8.200719, 50.0463], [8.173796, 50.045783], [8.048532, 50.018368], [8.009723, 49.999326], [7.961923, 49.983099], [7.918566, 49.973875], [7.878155, 49.972945], [7.860275, 49.990024], [7.857278, 50.002581], [7.849836, 50.010746], [7.785034, 50.048522], [7.775112, 50.05108], [7.771392, 50.053483], [7.810769, 50.073171], [7.828494, 50.078856], [7.838881, 50.084359], [7.842757, 50.088209], [7.843222, 50.097149], [7.844307, 50.1018], [7.846943, 50.106761], [7.854539, 50.115779], [7.85919, 50.118698], [7.863841, 50.119577], [7.867561, 50.11844], [7.872884, 50.117871], [7.87831, 50.118156], [7.886682, 50.120171], [7.892573, 50.120972], [7.896294, 50.120714], [7.899859, 50.11875], [7.905285, 50.114228], [7.909316, 50.11167], [7.913037, 50.109732], [7.919393, 50.107872], [7.921718, 50.108802], [7.922494, 50.11167], [7.922804, 50.115236], [7.923424, 50.118156], [7.924974, 50.122367], [7.929832, 50.131617], [7.930607, 50.134408], [7.930452, 50.136346], [7.928746, 50.13849], [7.926059, 50.139989], [7.907301, 50.146862], [7.9042, 50.148671], [7.900324, 50.151668], [7.896759, 50.155027], [7.895984, 50.162313], [7.898154, 50.171331], [7.910091, 50.188952], [7.916447, 50.195929], [7.922183, 50.200089], [7.939443, 50.204998], [7.952931, 50.211173], [7.980371, 50.219416], [7.986624, 50.224867], [7.99081, 50.22727], [7.99329, 50.228356], [7.995616, 50.227994], [7.998251, 50.226909], [8.003677, 50.223317], [8.007398, 50.220139], [8.011274, 50.217969], [8.015925, 50.216186], [8.023056, 50.215876], [8.027087, 50.217969], [8.030497, 50.222697], [8.042021, 50.233833], [8.043571, 50.236417], [8.042641, 50.238433], [8.033598, 50.245719], [8.033443, 50.248225], [8.034218, 50.251713], [8.038249, 50.258845], [8.041711, 50.261842], [8.045742, 50.263341], [8.096126, 50.262049], [8.112301, 50.264684], [8.117572, 50.267165], [8.120518, 50.268922], [8.122068, 50.27166], [8.122688, 50.274399], [8.122688, 50.277913], [8.121913, 50.280652], [8.118812, 50.285716], [8.10734, 50.31109], [8.100674, 50.319461], [8.098658, 50.320546], [8.08946, 50.323673], [8.080003, 50.330313], [8.073182, 50.338581], [8.054578, 50.366022], [8.049463, 50.371293], [8.032048, 50.376719], [8.030032, 50.378889], [8.028947, 50.382248], [8.028637, 50.386279], [8.025691, 50.388268], [8.022281, 50.389121], [7.980061, 50.395787], [7.975565, 50.398371], [7.973395, 50.400257], [7.9751, 50.405141], [7.987554, 50.411859], [7.992515, 50.421315], [7.996236, 50.432167], [8.000422, 50.440332], [8.015459, 50.450203], [8.01825, 50.453045], [8.01918, 50.454905], [8.01763, 50.45599], [8.008328, 50.45922], [8.005072, 50.46077], [8.002282, 50.46245], [8.000422, 50.464104], [7.999336, 50.465912], [7.998406, 50.472165], [7.998251, 50.474284], [7.997941, 50.475834], [8.000267, 50.508829], [8.002747, 50.516478], [8.004452, 50.520741], [8.009258, 50.522033], [8.015149, 50.524591], [8.02104, 50.528441], [8.030962, 50.537794], [8.035923, 50.541566], [8.041556, 50.54446], [8.052873, 50.546011], [8.06264, 50.546476], [8.066981, 50.545907], [8.070391, 50.544357], [8.087445, 50.530172], [8.090235, 50.528622], [8.093336, 50.52751], [8.103619, 50.526529], [8.107185, 50.526529], [8.110131, 50.527149], [8.114626, 50.528777], [8.130439, 50.536295], [8.13478, 50.53906], [8.137261, 50.541566], [8.138656, 50.543427], [8.154211, 50.569472], [8.163822, 50.585802], [8.160877, 50.588359], [8.159637, 50.590814], [8.150593, 50.593811], [8.147803, 50.597067], [8.143927, 50.602648], [8.140516, 50.617531], [8.1354, 50.626678], [8.121603, 50.645798], [8.120053, 50.64988], [8.120673, 50.652645], [8.122223, 50.655616], [8.126564, 50.661146], [8.130439, 50.667399], [8.13447, 50.684038], [8.143927, 50.697784], [8.146718, 50.699955], [8.151058, 50.702745], [8.161342, 50.704115], [8.164598, 50.705432], [8.166923, 50.707861], [8.169559, 50.715871], [8.17514, 50.742071], [8.174985, 50.74388], [8.174364, 50.745585], [8.173124, 50.747135], [8.171729, 50.748531], [8.167388, 50.751579], [8.145012, 50.762328], [8.142997, 50.763723], [8.141912, 50.765067], [8.141757, 50.766359], [8.142222, 50.769201], [8.141912, 50.770596], [8.140826, 50.771837], [8.138966, 50.772767], [8.136951, 50.773439], [8.13478, 50.774472], [8.13354, 50.775661], [8.13292, 50.776901], [8.13292, 50.778374], [8.133385, 50.780002], [8.13416, 50.781345], [8.139276, 50.784962], [8.187232, 50.811524], [8.194363, 50.824392], [8.195448, 50.825813], [8.197154, 50.827053], [8.216584, 50.835864], [8.21891, 50.837569], [8.22325, 50.842142], [8.225266, 50.843693], [8.268416, 50.86842], [8.280508, 50.878187], [8.283453, 50.879427], [8.287484, 50.880461], [8.299576, 50.880874], [8.303297, 50.879634], [8.306088, 50.877463], [8.314459, 50.864492], [8.320195, 50.861805], [8.33668, 50.859893], [8.351098, 50.861469], [8.36412, 50.861599], [8.368616, 50.862684], [8.374197, 50.864648], [8.394868, 50.875086], [8.396573, 50.87674], [8.397813, 50.879194], [8.397658, 50.883871], [8.396883, 50.888832], [8.400604, 50.892346], [8.427114, 50.908728], [8.444064, 50.916014], [8.449955, 50.916324], [8.461272, 50.914515], [8.463752, 50.914489], [8.466233, 50.916712], [8.468093, 50.920768], [8.468403, 50.936581], [8.469023, 50.941645], [8.469644, 50.943764], [8.478015, 50.954875], [8.490624, 50.972961], [8.497135, 50.977716], [8.505042, 50.978852], [8.507367, 50.979421], [8.509538, 50.980299], [8.510933, 50.981643], [8.512328, 50.9834], [8.514654, 50.987431], [8.51946, 50.993529], [8.523025, 50.999575], [8.526126, 51.00376], [8.527521, 51.005362], [8.538218, 51.013372], [8.544884, 51.020659], [8.544419, 51.024664], [8.542559, 51.030322], [8.536668, 51.043913], [8.534963, 51.050269], [8.535893, 51.056057], [8.538218, 51.060165], [8.537443, 51.06324], [8.535118, 51.067426], [8.528141, 51.076314], [8.524111, 51.08019], [8.520545, 51.084944], [8.524731, 51.093316], [8.627153, 51.0936], [8.658366, 51.088355], [8.660846, 51.088174], [8.663482, 51.088484], [8.665807, 51.089233], [8.678985, 51.09608], [8.70441, 51.104736], [8.70627, 51.106338], [8.707355, 51.108767], [8.70689, 51.113547], [8.705495, 51.11626], [8.696968, 51.125097], [8.696038, 51.12644], [8.695573, 51.127861], [8.695573, 51.129231], [8.695728, 51.130497], [8.697743, 51.132848], [8.717949, 51.15016], [8.750195, 51.172794], [8.751435, 51.174861], [8.75221, 51.177936], [8.75252, 51.184215], [8.75221, 51.187754], [8.75159, 51.190519], [8.749885, 51.195945], [8.749575, 51.197185], [8.748955, 51.198529], [8.744924, 51.210518], [8.744149, 51.214962], [8.738103, 51.231809], [8.737793, 51.233721], [8.736707, 51.237028], [8.731746, 51.249818], [8.731126, 51.250593], [8.729576, 51.251833], [8.721825, 51.25434], [8.720119, 51.255115], [8.719809, 51.256252], [8.720119, 51.257466], [8.723685, 51.264158], [8.72415, 51.265838], [8.723685, 51.267362], [8.722755, 51.268706], [8.721204, 51.269894], [8.719034, 51.270695], [8.716864, 51.271134], [8.712316, 51.270566], [8.707665, 51.269171], [8.685651, 51.25899], [8.665342, 51.255166], [8.644827, 51.254055], [8.639866, 51.253048], [8.637695, 51.252169], [8.636145, 51.251213], [8.635215, 51.250464], [8.629944, 51.243849], [8.627618, 51.241937], [8.624983, 51.240852], [8.622037, 51.240361], [8.617231, 51.240232], [8.60793, 51.241317], [8.603589, 51.242557], [8.601574, 51.243617], [8.600127, 51.244883], [8.599041, 51.246278], [8.598266, 51.247673], [8.597026, 51.250903], [8.595941, 51.254908], [8.595321, 51.256226], [8.59439, 51.257543], [8.590825, 51.259766], [8.584469, 51.262504], [8.579973, 51.264907], [8.578112, 51.266173], [8.576717, 51.267465], [8.575942, 51.268809], [8.575632, 51.270204], [8.576252, 51.27222], [8.578112, 51.27594], [8.588499, 51.28997], [8.593925, 51.295991], [8.615526, 51.313638], [8.648237, 51.334438], [8.651183, 51.336867], [8.652578, 51.339864], [8.653198, 51.341259], [8.653353, 51.342655], [8.653973, 51.34405], [8.662087, 51.348236], [8.673249, 51.352163], [8.67945, 51.358829], [8.679605, 51.360612], [8.68162, 51.362007], [8.685496, 51.363428], [8.7041, 51.366322], [8.727716, 51.373092], [8.734537, 51.374125], [8.751745, 51.373609], [8.772571, 51.375417], [8.79629, 51.380378], [8.808848, 51.381722], [8.814584, 51.381722], [8.8197, 51.381205], [8.824816, 51.380327], [8.829673, 51.378854], [8.850757, 51.374694], [8.853238, 51.374642], [8.855718, 51.374849], [8.858044, 51.375417], [8.883365, 51.38751], [8.893597, 51.38999], [8.935145, 51.391282], [8.938762, 51.393013], [8.942483, 51.396243], [8.947444, 51.404485], [8.949459, 51.408852], [8.949614, 51.412366], [8.946669, 51.41557], [8.943878, 51.417069], [8.941243, 51.417999], [8.920417, 51.419911], [8.918402, 51.420479], [8.917006, 51.421461], [8.916231, 51.422908], [8.915921, 51.42513], [8.916386, 51.434484], [8.916076, 51.436421], [8.914216, 51.445801], [8.912666, 51.450245], [8.91034, 51.453862], [8.908945, 51.455464], [8.900263, 51.463164], [8.898868, 51.464766], [8.898093, 51.46673], [8.898093, 51.469417], [8.899488, 51.473758], [8.900883, 51.476212], [8.902434, 51.478202], [8.906154, 51.480915], [8.958141, 51.497219], [8.99943, 51.503937], [9.015398, 51.509156], [9.02129, 51.507993], [9.030126, 51.505358], [9.04966, 51.49603], [9.064129, 51.491379], [9.066455, 51.491689], [9.071261, 51.491896], [9.074826, 51.490966], [9.078547, 51.488485], [9.084593, 51.483008], [9.086609, 51.473448], [9.085988, 51.471406], [9.085523, 51.470037], [9.084283, 51.45996], [9.084438, 51.458461], [9.084903, 51.457066], [9.089709, 51.452906], [9.108674, 51.442907], [9.145881, 51.438256], [9.153788, 51.438282], [9.157974, 51.438876], [9.193372, 51.456394], [9.198488, 51.457867], [9.210115, 51.456136], [9.212441, 51.456963], [9.214766, 51.458668], [9.217092, 51.463577], [9.218022, 51.466161], [9.218538, 51.468383], [9.218693, 51.469779], [9.218538, 51.472414], [9.218538, 51.475205], [9.218849, 51.476755], [9.220244, 51.480321], [9.221949, 51.483705], [9.224275, 51.487038], [9.227995, 51.489674], [9.232801, 51.492465], [9.252335, 51.500216], [9.262877, 51.502231], [9.270473, 51.505745], [9.282927, 51.512877], [9.29626, 51.517579], [9.299515, 51.52006], [9.302771, 51.523419], [9.307112, 51.530757], [9.310988, 51.535614], [9.315793, 51.539903], [9.326025, 51.545536], [9.331503, 51.549541], [9.335999, 51.553959], [9.340185, 51.561298], [9.342975, 51.567576], [9.34344, 51.569101], [9.343905, 51.570677], [9.346696, 51.575922], [9.348556, 51.580469], [9.350262, 51.583622], [9.354292, 51.589513], [9.354913, 51.591089], [9.355068, 51.592639], [9.354758, 51.594164], [9.353827, 51.595456], [9.352122, 51.596489], [9.339255, 51.601941], [9.337239, 51.603], [9.333829, 51.605274], [9.333053, 51.606669], [9.337084, 51.608995], [9.345921, 51.612302], [9.417751, 51.627133], [9.424262, 51.631526], [9.440075, 51.649044], [9.448499, 51.644031], [9.466792, 51.655013], [9.482915, 51.654677], [9.486946, 51.653282], [9.490356, 51.649302], [9.490512, 51.646021], [9.490201, 51.642636], [9.490356, 51.639639], [9.490822, 51.636797], [9.492062, 51.634265], [9.494387, 51.632094], [9.499555, 51.630105], [9.507771, 51.628399], [9.520949, 51.628089], [9.527925, 51.628787], [9.532576, 51.630286], [9.535212, 51.632146], [9.537537, 51.634161], [9.542653, 51.637779], [9.545754, 51.639303], [9.549319, 51.640259], [9.55304, 51.640001], [9.556192, 51.638218], [9.560223, 51.6338], [9.564719, 51.630389], [9.577121, 51.627082], [9.585338, 51.625996], [9.592624, 51.625738], [9.605026, 51.627469], [9.61624, 51.630647], [9.620891, 51.631112], [9.623372, 51.629459], [9.625387, 51.624033], [9.627402, 51.62026], [9.630968, 51.617211], [9.650812, 51.611217], [9.654377, 51.608168], [9.657168, 51.603931], [9.659804, 51.595146], [9.66647, 51.584965], [9.686055, 51.571943], [9.677373, 51.560781], [9.671327, 51.559282], [9.668382, 51.560316], [9.643991, 51.571917], [9.64182, 51.572511], [9.639805, 51.572615], [9.637789, 51.57215], [9.635619, 51.570858], [9.633914, 51.568894], [9.633914, 51.566], [9.635464, 51.56215], [9.645076, 51.551686], [9.644766, 51.550032], [9.641045, 51.548585], [9.636549, 51.54843], [9.632518, 51.548843], [9.629728, 51.549567], [9.623062, 51.552254], [9.619651, 51.552487], [9.61717, 51.549825], [9.61593, 51.543986], [9.61562, 51.533056], [9.614535, 51.527398], [9.61252, 51.523677], [9.609677, 51.521972], [9.605957, 51.521093], [9.59681, 51.520576], [9.594795, 51.518199], [9.59681, 51.511585], [9.616395, 51.483783], [9.623062, 51.477323], [9.627867, 51.474171], [9.635619, 51.472052], [9.638254, 51.470295], [9.63872, 51.468022], [9.636549, 51.465024], [9.630968, 51.460735], [9.630038, 51.45841], [9.630968, 51.455387], [9.635309, 51.451278], [9.637014, 51.447403], [9.636549, 51.441667], [9.635309, 51.437739], [9.634689, 51.434018], [9.638564, 51.408697], [9.636239, 51.403736], [9.632518, 51.400946], [9.604251, 51.398827], [9.59681, 51.397018], [9.592934, 51.396966], [9.585958, 51.398568], [9.582082, 51.398827], [9.578982, 51.397587], [9.576966, 51.395261], [9.574641, 51.391954], [9.572005, 51.389706], [9.563634, 51.384461], [9.562859, 51.38136], [9.564564, 51.376761], [9.57123, 51.368389], [9.57216, 51.363997], [9.57092, 51.361387], [9.567044, 51.360612], [9.562548, 51.360638], [9.553505, 51.36193], [9.538157, 51.366219], [9.534747, 51.366581], [9.535522, 51.363739], [9.541258, 51.358312], [9.56937, 51.342344], [9.586268, 51.339451], [9.655928, 51.319503], [9.662284, 51.318935], [9.669467, 51.319555], [9.682644, 51.314956], [9.71148, 51.291521], [9.722022, 51.290461], [9.725639, 51.290668], [9.733546, 51.293252], [9.762071, 51.309323], [9.769513, 51.314878], [9.773078, 51.319038], [9.772923, 51.32108], [9.772613, 51.323431], [9.772768, 51.325291], [9.773388, 51.326687], [9.774474, 51.327772], [9.776179, 51.329167], [9.777574, 51.329994], [9.778659, 51.330743], [9.779951, 51.331389], [9.782742, 51.333844], [9.784292, 51.335885], [9.784757, 51.337539], [9.784757, 51.338701], [9.783207, 51.339916], [9.781657, 51.340872], [9.779486, 51.341879], [9.775249, 51.341879], [9.769978, 51.340562], [9.759436, 51.334283], [9.756955, 51.332138], [9.754475, 51.330872], [9.750754, 51.331337], [9.742848, 51.334645], [9.718921, 51.35069], [9.715356, 51.354333], [9.71272, 51.358829], [9.712565, 51.361103], [9.712565, 51.362602], [9.71365, 51.36379], [9.75587, 51.379164], [9.767962, 51.385649], [9.792043, 51.390352], [9.79871, 51.394538], [9.801655, 51.397199], [9.7984, 51.400584], [9.797314, 51.402237], [9.796384, 51.404305], [9.795919, 51.406733], [9.796384, 51.408387], [9.800725, 51.408852], [9.808012, 51.40725], [9.825995, 51.400894], [9.832816, 51.397587], [9.837209, 51.393607], [9.838914, 51.390455], [9.844495, 51.381515], [9.849146, 51.376503], [9.852402, 51.374281], [9.856432, 51.37211], [9.860928, 51.372058], [9.866044, 51.37335], [9.873175, 51.37888], [9.875501, 51.381722], [9.875501, 51.384719], [9.867129, 51.395985], [9.865424, 51.397638], [9.863874, 51.399679], [9.862789, 51.40154], [9.861703, 51.404408], [9.861858, 51.406733], [9.862789, 51.408697], [9.865579, 51.410144], [9.869765, 51.410893], [9.882322, 51.410893], [9.884958, 51.411177], [9.891521, 51.416345], [9.894156, 51.417895], [9.897567, 51.419084], [9.901598, 51.418981], [9.904233, 51.416965], [9.905318, 51.411281], [9.905628, 51.405131], [9.905783, 51.403684], [9.91462, 51.397664], [9.949243, 51.381799]]]}}, {"type": "Feature", "properties": {"code": "DE-TH", "name": "Thüringen", "country": "DE", "level": "region", "type": "land"}, "geometry": {"type": "Polygon", "coordinates": [[[9.949863, 51.303019], [9.947021, 51.303949], [9.944851, 51.308031], [9.945781, 51.317436], [9.942835, 51.326583], [9.940665, 51.331492], [9.937254, 51.334231], [9.931673, 51.33759], [9.929813, 51.339657], [9.928728, 51.342293], [9.927797, 51.348339], [9.926712, 51.351], [9.925162, 51.3533], [9.923767, 51.356297], [9.923457, 51.360276], [9.926712, 51.36733], [9.930433, 51.371697], [9.949243, 51.381799], [10.000093, 51.408232], [10.011462, 51.416759], [10.017663, 51.419497], [10.032081, 51.4242], [10.037041, 51.427559], [10.039677, 51.430556], [10.041692, 51.432261], [10.045723, 51.432106], [10.066084, 51.420944], [10.069184, 51.420066], [10.07337, 51.420841], [10.078796, 51.42513], [10.084687, 51.431073], [10.099725, 51.433037], [10.149696, 51.431796], [10.146595, 51.437171], [10.146285, 51.438282], [10.146751, 51.440633], [10.149851, 51.442648], [10.163339, 51.444819], [10.168455, 51.446653], [10.172227, 51.449341], [10.179823, 51.458177], [10.181994, 51.461355], [10.182149, 51.462802], [10.181219, 51.464559], [10.179978, 51.466161], [10.179668, 51.467531], [10.180133, 51.469675], [10.181374, 51.471871], [10.183544, 51.474016], [10.18587, 51.47598], [10.18959, 51.477892], [10.194706, 51.47939], [10.204473, 51.480114], [10.209589, 51.479494], [10.212845, 51.478047], [10.213465, 51.477013], [10.21393, 51.475153], [10.214395, 51.474016], [10.2161, 51.472311], [10.218736, 51.470812], [10.222767, 51.470037], [10.232275, 51.470089], [10.239561, 51.472104], [10.282505, 51.489441], [10.286897, 51.490062], [10.291238, 51.491276], [10.294493, 51.493498], [10.297439, 51.49988], [10.298679, 51.504092], [10.301625, 51.507218], [10.306431, 51.510551], [10.323794, 51.517269], [10.332321, 51.519801], [10.335111, 51.521197], [10.337282, 51.522954], [10.338212, 51.525951], [10.341364, 51.528948], [10.357642, 51.536389], [10.364618, 51.542436], [10.375315, 51.560677], [10.377951, 51.56631], [10.379501, 51.571995], [10.379346, 51.574682], [10.378571, 51.576775], [10.377796, 51.578041], [10.37485, 51.580935], [10.37423, 51.581761], [10.374075, 51.582588], [10.374075, 51.584035], [10.37485, 51.58574], [10.378416, 51.586774], [10.385237, 51.587808], [10.400482, 51.587963], [10.414279, 51.589823], [10.421721, 51.591864], [10.431023, 51.590701], [10.478823, 51.574708], [10.514222, 51.556285], [10.526624, 51.555406], [10.557475, 51.556595], [10.561971, 51.557422], [10.610391, 51.572563], [10.618453, 51.573441], [10.624396, 51.573157], [10.638348, 51.563545], [10.641604, 51.56215], [10.645325, 51.561142], [10.649976, 51.562486], [10.653386, 51.565793], [10.655402, 51.574423], [10.654161, 51.578247], [10.652301, 51.580805], [10.650596, 51.581658], [10.640829, 51.588583], [10.635093, 51.595197], [10.630752, 51.599176], [10.629202, 51.600985], [10.629667, 51.603207], [10.631372, 51.607031], [10.64889, 51.619744], [10.697621, 51.637365], [10.713434, 51.631112], [10.803455, 51.632559], [10.810431, 51.631267], [10.818803, 51.628942], [10.840507, 51.619899], [10.84862, 51.617857], [10.853581, 51.617108], [10.878385, 51.617392], [10.890943, 51.609589], [10.924171, 51.600933], [10.937503, 51.600675], [10.941844, 51.59853], [10.945565, 51.594732], [10.950371, 51.586206], [10.952076, 51.581245], [10.951921, 51.576955], [10.947735, 51.5737], [10.943394, 51.572253], [10.938588, 51.572072], [10.934868, 51.572821], [10.927426, 51.575354], [10.923551, 51.576025], [10.91921, 51.576129], [10.915799, 51.575069], [10.913164, 51.573441], [10.911458, 51.571116], [10.912078, 51.565483], [10.915644, 51.557267], [10.926341, 51.539903], [10.932542, 51.532824], [10.938123, 51.528276], [10.941534, 51.526984], [10.94479, 51.525537], [10.946805, 51.522644], [10.947735, 51.518535], [10.945255, 51.502335], [10.94541, 51.499544], [10.94665, 51.496754], [10.94882, 51.492671], [10.960809, 51.477323], [10.970111, 51.469546], [10.971506, 51.466575], [10.971816, 51.462699], [10.965615, 51.443785], [10.96453, 51.436344], [10.96453, 51.427817], [10.972592, 51.418205], [10.999102, 51.408749], [11.153821, 51.396863], [11.196196, 51.397432], [11.288955, 51.388853], [11.314896, 51.383324], [11.367193, 51.357486], [11.394478, 51.325136], [11.45189, 51.271496], [11.443364, 51.259171], [11.434217, 51.250593], [11.422435, 51.243746], [11.397113, 51.234728], [11.352413, 51.230052], [11.346419, 51.228553], [11.340476, 51.224496], [11.33722, 51.22137], [11.333035, 51.216306], [11.336135, 51.211396], [11.344507, 51.204394], [11.367038, 51.195118], [11.388587, 51.189899], [11.398819, 51.182768], [11.420265, 51.159668], [11.425691, 51.146594], [11.426466, 51.143597], [11.427396, 51.139024], [11.427861, 51.133572], [11.427551, 51.129128], [11.426156, 51.127086], [11.42228, 51.125924], [11.419024, 51.125484], [11.417319, 51.123857], [11.416544, 51.122203], [11.419799, 51.110989], [11.42352, 51.103754], [11.42507, 51.101558], [11.427396, 51.098793], [11.429876, 51.097166], [11.433287, 51.095615], [11.444294, 51.092179], [11.449875, 51.09099], [11.504652, 51.089233], [11.508683, 51.089879], [11.512404, 51.090964], [11.515711, 51.092386], [11.524082, 51.097191], [11.530904, 51.099569], [11.535245, 51.100292], [11.58134, 51.09621], [11.60754, 51.097088], [11.627539, 51.095641], [11.634877, 51.096158], [11.643093, 51.098277], [11.663092, 51.101248], [11.667743, 51.100654], [11.673634, 51.099104], [11.689137, 51.091869], [11.693685, 51.088329], [11.69601, 51.083936], [11.696165, 51.07435], [11.697405, 51.06417], [11.706242, 51.054558], [11.709187, 51.047246], [11.714613, 51.042673], [11.72066, 51.036265], [11.722055, 51.033578], [11.724535, 51.025103], [11.725931, 51.022674], [11.728411, 51.020194], [11.732597, 51.017455], [11.73947, 51.014716], [11.746601, 51.012804], [11.759314, 51.019057], [11.839981, 51.022829], [11.848972, 51.024069], [11.860651, 51.022622], [11.88251, 51.012055], [11.931396, 50.998076], [11.940233, 50.99327], [11.946124, 50.989343], [11.95062, 50.981953], [11.952015, 50.977767], [11.956821, 50.973504], [11.960852, 50.970998], [11.99346, 50.959836], [11.99532, 50.953118], [11.99563, 50.950999], [11.998265, 50.949294], [12.004622, 50.949035], [12.03878, 50.951722], [12.056763, 50.955081], [12.060174, 50.956218], [12.067925, 50.956115], [12.120377, 50.944539], [12.125648, 50.94441], [12.131694, 50.945185], [12.140892, 50.94857], [12.149109, 50.953531], [12.153605, 50.953479], [12.159496, 50.952007], [12.177789, 50.940483], [12.185231, 50.936891], [12.192569, 50.928365], [12.200785, 50.927899], [12.218924, 50.937382], [12.215048, 50.945986], [12.217063, 50.954203], [12.245589, 50.976527], [12.251997, 50.982211], [12.275406, 51.009755], [12.276026, 51.012856], [12.275406, 51.016783], [12.270755, 51.023087], [12.266724, 51.026085], [12.262384, 51.028281], [12.246416, 51.032596], [12.244245, 51.036058], [12.244555, 51.042466], [12.24931, 51.056625], [12.265174, 51.07404], [12.266569, 51.076185], [12.264554, 51.083756], [12.328943, 51.087838], [12.483662, 51.058331], [12.491414, 51.028462], [12.494514, 51.024586], [12.521954, 50.995027], [12.532393, 50.979679], [12.545726, 50.971256], [12.559833, 50.96645], [12.573786, 50.963143], [12.602208, 50.952472], [12.626082, 50.928675], [12.647218, 50.899943], [12.647373, 50.896739], [12.646908, 50.892398], [12.636159, 50.889401], [12.630268, 50.886507], [12.627943, 50.884595], [12.618796, 50.875345], [12.61089, 50.870125], [12.608409, 50.870151], [12.606084, 50.871701], [12.601743, 50.876378], [12.597557, 50.877567], [12.593681, 50.877799], [12.58593, 50.875913], [12.581589, 50.875448], [12.549291, 50.87829], [12.527535, 50.876585], [12.52273, 50.877257], [12.507847, 50.88152], [12.505676, 50.872916], [12.503506, 50.871314], [12.500715, 50.869686], [12.462837, 50.856638], [12.442063, 50.841238], [12.424389, 50.82434], [12.420669, 50.823668], [12.417671, 50.82372], [12.417361, 50.826045], [12.413641, 50.827389], [12.406509, 50.828784], [12.377364, 50.827234], [12.370542, 50.825994], [12.364186, 50.823255], [12.339175, 50.80956], [12.330803, 50.806357], [12.258043, 50.792507], [12.256803, 50.782327], [12.26905, 50.773594], [12.285483, 50.769305], [12.288584, 50.765894], [12.289049, 50.76331], [12.287188, 50.760881], [12.279437, 50.755455], [12.272926, 50.749926], [12.271375, 50.749202], [12.26905, 50.748427], [12.265794, 50.74791], [12.259748, 50.748195], [12.255097, 50.746412], [12.249206, 50.742588], [12.241558, 50.731116], [12.240163, 50.725741], [12.241248, 50.722176], [12.244969, 50.721814], [12.248586, 50.721969], [12.254012, 50.723054], [12.258043, 50.723132], [12.262849, 50.722176], [12.268895, 50.718248], [12.2706, 50.714889], [12.26967, 50.711427], [12.267345, 50.707861], [12.265484, 50.700988], [12.26719, 50.695459], [12.271995, 50.686881], [12.275716, 50.682746], [12.278817, 50.679698], [12.281917, 50.678251], [12.285483, 50.67701], [12.289669, 50.676184], [12.298971, 50.67577], [12.312355, 50.6767], [12.321812, 50.674013], [12.301503, 50.65156], [12.297575, 50.648407], [12.289979, 50.643421], [12.258973, 50.628176], [12.252927, 50.626316], [12.228071, 50.625437], [12.209002, 50.627866], [12.191639, 50.627504], [12.186936, 50.626367], [12.182595, 50.623551], [12.176859, 50.617996], [12.158721, 50.603733], [12.160271, 50.583683], [12.157791, 50.57743], [12.153295, 50.568232], [12.149419, 50.564614], [12.145388, 50.562547], [12.135415, 50.560997], [12.123632, 50.557534], [12.118361, 50.556966], [12.114176, 50.557328], [12.1103, 50.558568], [12.107354, 50.560015], [12.104719, 50.561617], [12.096967, 50.563296], [12.081154, 50.561255], [12.058779, 50.537536], [12.048547, 50.531567], [12.044051, 50.531257], [12.03909, 50.531386], [12.034904, 50.531903], [12.031183, 50.532962], [12.028083, 50.534487], [12.025861, 50.535882], [12.024517, 50.537122], [12.017799, 50.543995], [12.015319, 50.545339], [12.010358, 50.546657], [12.001056, 50.548207], [11.993925, 50.547406], [11.989429, 50.546114], [11.987103, 50.544047], [11.986173, 50.5426], [11.983693, 50.53999], [11.981832, 50.537329], [11.968293, 50.527355], [11.944729, 50.515857], [11.934032, 50.506271], [11.927675, 50.497357], [11.925815, 50.492319], [11.925815, 50.488391], [11.92752, 50.486066], [11.930156, 50.484206], [11.942403, 50.47834], [11.945194, 50.475162], [11.947054, 50.471028], [11.947519, 50.462243], [11.945194, 50.458316], [11.937132, 50.4532], [11.936047, 50.449867], [11.935892, 50.444932], [11.934342, 50.442089], [11.931086, 50.440332], [11.914963, 50.436948], [11.910622, 50.435371], [11.906075, 50.433227], [11.899718, 50.429325], [11.897393, 50.426276], [11.897393, 50.423408], [11.9053, 50.415166], [11.88127, 50.407001], [11.872278, 50.402712], [11.867472, 50.401317], [11.849592, 50.398319], [11.838895, 50.395167], [11.836105, 50.393539], [11.832384, 50.392067], [11.828818, 50.391059], [11.823702, 50.391446], [11.822152, 50.394625], [11.822772, 50.397131], [11.824478, 50.399146], [11.823082, 50.400955], [11.819672, 50.402402], [11.80913, 50.404831], [11.804169, 50.406743], [11.800861, 50.4085], [11.800138, 50.409482], [11.798691, 50.411497], [11.798071, 50.412246], [11.796727, 50.413512], [11.792025, 50.414081], [11.784738, 50.414262], [11.76815, 50.412892], [11.761174, 50.411549], [11.759624, 50.409223], [11.758073, 50.407828], [11.756988, 50.406123], [11.739573, 50.402764], [11.621182, 50.386796], [11.591572, 50.39447], [11.578704, 50.395477], [11.569816, 50.394599], [11.566405, 50.39341], [11.56408, 50.391369], [11.56129, 50.386098], [11.559119, 50.383928], [11.556019, 50.382403], [11.552298, 50.381473], [11.539275, 50.380129], [11.531679, 50.378424], [11.525788, 50.379147], [11.517675, 50.381938], [11.502017, 50.390413], [11.49349, 50.393539], [11.487289, 50.396717], [11.484653, 50.399508], [11.484033, 50.413719], [11.482018, 50.422297], [11.480313, 50.425139], [11.477212, 50.427491], [11.470856, 50.429377], [11.465895, 50.429532], [11.461657, 50.42886], [11.458247, 50.427517], [11.453906, 50.427723], [11.44848, 50.429377], [11.440728, 50.43532], [11.430962, 50.440332], [11.421195, 50.443045], [11.419179, 50.448135], [11.418094, 50.45227], [11.420575, 50.485704], [11.426466, 50.48896], [11.435767, 50.492965], [11.438093, 50.494851], [11.438713, 50.497202], [11.438248, 50.499037], [11.437783, 50.50007], [11.436078, 50.502551], [11.427086, 50.513093], [11.410498, 50.516503], [11.346729, 50.518725], [11.337376, 50.511387], [11.330089, 50.510121], [11.324818, 50.507512], [11.321408, 50.503403], [11.320632, 50.501156], [11.320322, 50.499657], [11.320477, 50.498417], [11.320322, 50.496763], [11.319702, 50.495497], [11.316292, 50.492526], [11.295776, 50.483947], [11.276397, 50.481131], [11.248647, 50.47263], [11.253453, 50.461726], [11.256399, 50.456662], [11.256864, 50.454802], [11.256554, 50.452631], [11.254383, 50.449066], [11.256088, 50.444621], [11.257794, 50.441521], [11.259654, 50.438782], [11.260739, 50.436198], [11.262135, 50.430669], [11.2626, 50.427723], [11.262445, 50.424571], [11.259034, 50.406949], [11.259034, 50.403229], [11.260429, 50.400645], [11.26415, 50.396252], [11.26477, 50.393513], [11.264615, 50.389431], [11.26539, 50.386408], [11.267096, 50.383928], [11.274227, 50.378217], [11.275777, 50.375944], [11.277172, 50.373515], [11.277483, 50.370724], [11.277483, 50.367934], [11.277638, 50.36566], [11.278258, 50.363179], [11.280273, 50.358632], [11.279963, 50.356927], [11.278568, 50.355609], [11.271281, 50.354188], [11.268801, 50.353077], [11.268491, 50.351371], [11.269111, 50.346876], [11.270196, 50.34393], [11.270506, 50.341372], [11.269266, 50.33853], [11.260584, 50.325714], [11.259034, 50.320908], [11.259034, 50.317291], [11.264615, 50.31078], [11.26601, 50.308428], [11.265855, 50.305043], [11.264305, 50.300909], [11.258104, 50.294424], [11.256244, 50.290781], [11.255158, 50.288352], [11.256864, 50.280962], [11.257019, 50.278637], [11.256709, 50.277035], [11.255313, 50.274864], [11.250973, 50.273521], [11.244151, 50.273107], [11.221465, 50.277603], [11.216194, 50.279515], [11.207513, 50.285096], [11.202242, 50.283365], [11.19232, 50.271557], [11.143279, 50.301219], [11.135372, 50.309333], [11.154906, 50.323544], [11.156301, 50.325507], [11.156766, 50.326903], [11.156456, 50.32915], [11.155216, 50.331398], [11.153666, 50.333724], [11.14979, 50.337987], [11.145294, 50.341915], [11.137543, 50.350467], [11.134597, 50.352017], [11.131032, 50.352896], [11.124624, 50.352534], [11.121368, 50.353619], [11.118267, 50.35765], [11.115787, 50.3638], [11.112531, 50.365195], [11.108501, 50.365066], [11.098269, 50.363283], [11.093773, 50.360957], [11.090362, 50.358399], [11.088347, 50.356229], [11.085556, 50.354472], [11.081836, 50.353516], [11.068296, 50.352586], [11.064111, 50.351914], [11.049693, 50.347728], [11.045662, 50.347935], [11.041631, 50.349485], [11.03698, 50.355066], [11.031709, 50.358529], [11.024578, 50.361164], [10.997551, 50.363645], [10.995226, 50.363283], [10.993831, 50.362301], [10.992435, 50.355066], [10.99166, 50.353206], [10.99011, 50.351371], [10.987939, 50.349899], [10.981738, 50.352792], [10.977553, 50.355428], [10.943394, 50.387338], [10.935798, 50.388553], [10.927736, 50.387958], [10.902415, 50.382455], [10.898901, 50.382145], [10.895749, 50.382351], [10.893423, 50.38292], [10.891098, 50.38447], [10.889082, 50.386253], [10.887377, 50.388423], [10.885207, 50.390516], [10.882726, 50.392273], [10.879936, 50.393539], [10.8773, 50.394289], [10.874665, 50.394289], [10.871099, 50.393539], [10.866758, 50.391601], [10.859162, 50.389483], [10.840662, 50.391524], [10.836631, 50.391291], [10.83291, 50.390361], [10.820508, 50.384677], [10.817097, 50.383617], [10.809811, 50.382248], [10.8064, 50.382351], [10.80392, 50.382661], [10.794463, 50.385633], [10.792448, 50.385969], [10.788882, 50.386253], [10.784489, 50.384418], [10.779528, 50.381163], [10.765421, 50.366073], [10.763405, 50.363283], [10.760615, 50.360027], [10.757824, 50.357753], [10.754569, 50.356617], [10.751158, 50.356772], [10.748988, 50.357133], [10.73488, 50.361035], [10.730488, 50.361164], [10.726302, 50.360751], [10.721961, 50.357443], [10.71793, 50.351656], [10.714209, 50.328246], [10.714985, 50.321942], [10.719015, 50.317963], [10.722736, 50.315792], [10.726767, 50.314087], [10.737826, 50.310754], [10.749608, 50.305664], [10.751313, 50.30463], [10.76325, 50.295793], [10.765886, 50.29414], [10.769141, 50.292693], [10.773172, 50.291814], [10.777513, 50.291349], [10.794928, 50.292383], [10.798804, 50.291556], [10.802059, 50.290212], [10.80423, 50.288197], [10.806555, 50.283055], [10.80795, 50.280704], [10.810121, 50.278792], [10.812756, 50.277086], [10.816322, 50.275795], [10.820353, 50.274709], [10.837871, 50.27166], [10.841127, 50.27011], [10.843297, 50.268095], [10.844899, 50.265769], [10.846759, 50.260524], [10.84738, 50.257708], [10.84769, 50.254349], [10.847225, 50.250783], [10.845674, 50.246546], [10.843142, 50.244039], [10.840197, 50.24205], [10.835391, 50.241016], [10.829034, 50.240861], [10.816787, 50.24267], [10.802524, 50.24745], [10.798494, 50.248225], [10.766661, 50.243574], [10.758444, 50.243187], [10.753018, 50.243729], [10.749143, 50.246055], [10.746662, 50.247114], [10.742942, 50.247786], [10.738911, 50.247683], [10.731573, 50.242308], [10.726922, 50.221276], [10.726922, 50.213369], [10.726612, 50.210424], [10.725217, 50.208073], [10.720566, 50.207272], [10.713589, 50.208383], [10.699792, 50.21368], [10.686924, 50.220139], [10.662223, 50.224532], [10.617058, 50.224402], [10.609151, 50.230681], [10.60481, 50.235461], [10.60388, 50.237967], [10.60388, 50.2405], [10.606516, 50.243497], [10.607601, 50.246546], [10.607136, 50.25037], [10.597989, 50.261429], [10.594578, 50.267578], [10.593803, 50.271247], [10.595354, 50.275769], [10.597524, 50.279102], [10.598299, 50.28458], [10.600005, 50.287784], [10.60016, 50.292693], [10.599074, 50.298894], [10.594268, 50.311296], [10.592873, 50.317859], [10.592408, 50.322872], [10.591323, 50.325972], [10.588067, 50.32884], [10.57427, 50.333672], [10.565588, 50.339977], [10.552359, 50.358787], [10.535771, 50.35734], [10.529259, 50.353619], [10.526159, 50.352224], [10.521353, 50.351862], [10.512981, 50.352947], [10.499752, 50.353516], [10.497272, 50.354472], [10.495566, 50.356306], [10.496032, 50.359872], [10.495256, 50.362895], [10.492931, 50.365763], [10.466111, 50.380336], [10.460995, 50.384367], [10.457584, 50.387622], [10.454329, 50.392222], [10.453398, 50.394935], [10.451952, 50.397441], [10.449471, 50.399146], [10.44265, 50.398009], [10.433658, 50.395581], [10.424666, 50.394754], [10.405443, 50.395942], [10.401102, 50.397441], [10.397381, 50.39956], [10.392679, 50.405218], [10.392214, 50.408706], [10.393299, 50.411704], [10.398466, 50.415269], [10.400792, 50.417181], [10.401877, 50.419507], [10.399397, 50.422943], [10.372835, 50.436612], [10.368649, 50.439661], [10.364618, 50.443898], [10.360123, 50.447825], [10.355162, 50.451494], [10.341054, 50.458781], [10.338522, 50.461158], [10.337282, 50.463897], [10.337282, 50.466687], [10.337902, 50.472837], [10.337747, 50.475627], [10.336971, 50.477901], [10.333561, 50.483275], [10.332631, 50.485833], [10.327515, 50.489115], [10.318678, 50.492371], [10.238011, 50.510121], [10.2315, 50.512628], [10.228089, 50.515625], [10.226332, 50.520999], [10.221991, 50.528182], [10.220441, 50.533712], [10.218116, 50.536244], [10.21455, 50.538724], [10.208504, 50.541566], [10.205093, 50.543995], [10.202613, 50.546347], [10.197187, 50.548181], [10.18835, 50.549163], [10.139309, 50.545881], [10.133883, 50.546682], [10.130007, 50.548078], [10.128302, 50.550248], [10.127372, 50.552574], [10.127682, 50.555545], [10.128147, 50.55831], [10.127837, 50.561152], [10.126132, 50.562857], [10.109647, 50.555467], [10.055025, 50.516503], [10.047428, 50.516968], [10.044793, 50.519552], [10.044483, 50.521904], [10.045413, 50.526374], [10.047428, 50.532265], [10.055955, 50.549473], [10.056885, 50.554434], [10.050064, 50.565079], [10.049134, 50.567353], [10.048359, 50.570014], [10.048049, 50.572934], [10.047894, 50.576086], [10.049289, 50.594121], [10.048824, 50.597713], [10.047738, 50.600478], [10.045723, 50.602235], [10.045878, 50.60549], [10.048359, 50.609547], [10.058591, 50.616833], [10.064998, 50.619004], [10.069804, 50.619236], [10.07244, 50.617841], [10.0743, 50.619624], [10.076005, 50.622001], [10.07368, 50.645152], [10.062828, 50.662954], [10.060348, 50.665874], [10.056885, 50.66776], [10.052079, 50.669569], [10.042623, 50.671274], [10.025104, 50.672618], [10.008361, 50.676184], [10.004175, 50.676545], [9.997612, 50.676235], [9.990636, 50.674427], [9.977924, 50.668846], [9.970792, 50.666572], [9.954514, 50.663885], [9.950949, 50.662748], [9.948623, 50.660732], [9.947176, 50.658355], [9.946711, 50.655513], [9.947331, 50.652929], [9.949553, 50.650294], [9.95746, 50.644299], [9.95994, 50.64187], [9.960405, 50.639648], [9.95715, 50.635359], [9.954204, 50.630192], [9.951414, 50.628383], [9.947693, 50.627427], [9.9433, 50.627143], [9.933999, 50.628047], [9.925782, 50.630062], [9.909659, 50.63678], [9.905473, 50.637555], [9.901598, 50.637271], [9.898032, 50.636341], [9.894621, 50.635049], [9.886973, 50.63324], [9.882632, 50.634016], [9.879532, 50.637116], [9.877671, 50.643602], [9.878446, 50.652051], [9.878136, 50.657012], [9.879067, 50.662102], [9.881237, 50.667114], [9.888213, 50.675925], [9.893071, 50.679878], [9.897412, 50.682488], [9.900977, 50.683573], [9.904078, 50.684969], [9.906713, 50.686777], [9.913225, 50.692668], [9.914, 50.695252], [9.91214, 50.699929], [9.912605, 50.704554], [9.91648, 50.711427], [9.930123, 50.727188], [9.933379, 50.732821], [9.934774, 50.736697], [9.936014, 50.742562], [9.936014, 50.748789], [9.935549, 50.750985], [9.932138, 50.755636], [9.920666, 50.763775], [9.926092, 50.773232], [9.931053, 50.774317], [9.935549, 50.775919], [9.938805, 50.776436], [9.940975, 50.775893], [9.94268, 50.774472], [9.944851, 50.774472], [9.946246, 50.776591], [9.945781, 50.781242], [9.945006, 50.78473], [9.942835, 50.790337], [9.94206, 50.793179], [9.942215, 50.796435], [9.94268, 50.799587], [9.944386, 50.802739], [9.949708, 50.809948], [9.949863, 50.812713], [9.949398, 50.815193], [9.951879, 50.817544], [9.95777, 50.820309], [9.972498, 50.824288], [9.992496, 50.825839], [9.998232, 50.827337], [10.007121, 50.830644], [10.013477, 50.831549], [10.018748, 50.831678], [10.023089, 50.833306], [10.026034, 50.837026], [10.02681, 50.846819], [10.023244, 50.854364], [10.026034, 50.858756], [10.02898, 50.862374], [10.055955, 50.882631], [10.047583, 50.88878], [10.044173, 50.892501], [10.039367, 50.901493], [10.035956, 50.905653], [10.032701, 50.908753], [10.021383, 50.915265], [10.011307, 50.919631], [10.008516, 50.92051], [10.006191, 50.920975], [10.002728, 50.921078], [10.000248, 50.920768], [9.997457, 50.920122], [9.994667, 50.919063], [9.992031, 50.917564], [9.989861, 50.915807], [9.98769, 50.913792], [9.98583, 50.911415], [9.983505, 50.909399], [9.980869, 50.907642], [9.977769, 50.906454], [9.974203, 50.906144], [9.971567, 50.908986], [9.970327, 50.914205], [9.971412, 50.925677], [9.969707, 50.929088], [9.967227, 50.930122], [9.962111, 50.926478], [9.95932, 50.925057], [9.955599, 50.924799], [9.952654, 50.926504], [9.951259, 50.929734], [9.951879, 50.935909], [9.953274, 50.938958], [9.955909, 50.941852], [9.962731, 50.943118], [9.967692, 50.943247], [9.971102, 50.942317], [9.972963, 50.940974], [9.974668, 50.940043], [9.978079, 50.939423], [10.013322, 50.937046], [10.025414, 50.938028], [10.041382, 50.940922], [10.044638, 50.943867], [10.046033, 50.949035], [10.043088, 50.961644], [10.037352, 50.968465], [10.033011, 50.972574], [10.02929, 50.974305], [10.026344, 50.97601], [10.023554, 50.982108], [10.026189, 50.995725], [10.051149, 51.007016], [10.063138, 51.008644], [10.093369, 51.008515], [10.104376, 51.005853], [10.107631, 51.005983], [10.11807, 51.008799], [10.121171, 51.009031], [10.123186, 51.008024], [10.123651, 51.005698], [10.122411, 51.001177], [10.122411, 51.000143], [10.122721, 50.999316], [10.124271, 50.998076], [10.129542, 50.995596], [10.133263, 50.994562], [10.137914, 50.993994], [10.14303, 50.993839], [10.165044, 50.996422], [10.187885, 50.995699], [10.191141, 50.996629], [10.194086, 50.99929], [10.208659, 51.020865], [10.209589, 51.024483], [10.207574, 51.028824], [10.205403, 51.031717], [10.198272, 51.038125], [10.195171, 51.042905], [10.193156, 51.044843], [10.18959, 51.045877], [10.175948, 51.046135], [10.172072, 51.04691], [10.168765, 51.048306], [10.163184, 51.051613], [10.159928, 51.052982], [10.155742, 51.05368], [10.14644, 51.0543], [10.14241, 51.05523], [10.141014, 51.058693], [10.141324, 51.064067], [10.14427, 51.07417], [10.147371, 51.081172], [10.152022, 51.089182], [10.165199, 51.102514], [10.168765, 51.110731], [10.169075, 51.115485], [10.165664, 51.117268], [10.147216, 51.119309], [10.143495, 51.120136], [10.140394, 51.121583], [10.138379, 51.123598], [10.136829, 51.125924], [10.135743, 51.128507], [10.134193, 51.130833], [10.132023, 51.132952], [10.129232, 51.134657], [10.125977, 51.136104], [10.127837, 51.138274], [10.134348, 51.141065], [10.156517, 51.144966], [10.166439, 51.145406], [10.173622, 51.144837], [10.177498, 51.142202], [10.185404, 51.135122], [10.186335, 51.133055], [10.18587, 51.130885], [10.184629, 51.129334], [10.185094, 51.127836], [10.18556, 51.127009], [10.191451, 51.124012], [10.193621, 51.122358], [10.194861, 51.118017], [10.196412, 51.115873], [10.198737, 51.116338], [10.202768, 51.120213], [10.207574, 51.14091], [10.207729, 51.146853], [10.208504, 51.151142], [10.214085, 51.16127], [10.229174, 51.172897], [10.232585, 51.178582], [10.232895, 51.179874], [10.231965, 51.182509], [10.23026, 51.184318], [10.217185, 51.18747], [10.197032, 51.194705], [10.186335, 51.200958], [10.172847, 51.206074], [10.163184, 51.206849], [10.153882, 51.206332], [10.148456, 51.206952], [10.1421, 51.208606], [10.133263, 51.212947], [10.127372, 51.21398], [10.117295, 51.214704], [10.111817, 51.215582], [10.105151, 51.217494], [10.100345, 51.218114], [10.096159, 51.219303], [10.089648, 51.221938], [10.085772, 51.222869], [10.081276, 51.22323], [10.077246, 51.224884], [10.07399, 51.227829], [10.07182, 51.239431], [10.069339, 51.243642], [10.05363, 51.251704], [10.050994, 51.253978], [10.048514, 51.25775], [10.048514, 51.262892], [10.053785, 51.271005], [10.052544, 51.273873], [10.049134, 51.27656], [10.040297, 51.279093], [10.025104, 51.280023], [10.002418, 51.285965], [9.999783, 51.286327], [9.988776, 51.28563], [9.98397, 51.285785], [9.978854, 51.287955], [9.972808, 51.291547], [9.964746, 51.299918], [9.958545, 51.30276], [9.953584, 51.303794], [9.949863, 51.303019]]]}}, {"type": "Feature", "properties": {"code": "DE-ST", "name": "Sachsen-Anhalt", "country": "DE", "level": "region", "type": "land"}, "geometry": {"type": "Polygon", "coordinates": [[[10.713434, 51.631112], [10.697621, 51.637365], [10.669044, 51.66987], [10.669199, 51.692969], [10.668269, 51.698292], [10.664083, 51.707232], [10.661138, 51.711004], [10.658192, 51.713665], [10.64641, 51.719841], [10.64424, 51.721339], [10.638193, 51.731365], [10.630132, 51.738393], [10.628272, 51.741183], [10.624551, 51.751622], [10.622225, 51.755549], [10.619228, 51.758546], [10.616128, 51.760045], [10.609151, 51.762732], [10.60295, 51.765781], [10.597679, 51.76945], [10.595509, 51.771466], [10.590393, 51.775083], [10.585277, 51.777925], [10.583881, 51.780302], [10.582486, 51.784488], [10.580006, 51.796632], [10.578921, 51.799629], [10.5783, 51.800404], [10.577835, 51.80521], [10.580161, 51.830273], [10.580161, 51.844898], [10.582176, 51.84774], [10.587137, 51.850996], [10.600625, 51.854561], [10.604345, 51.856318], [10.607601, 51.85885], [10.611012, 51.863553], [10.614422, 51.866188], [10.618143, 51.867997], [10.625791, 51.869935], [10.628737, 51.871459], [10.630907, 51.873656], [10.634318, 51.878642], [10.636333, 51.880658], [10.638503, 51.88226], [10.639899, 51.883552], [10.640984, 51.886652], [10.641139, 51.891562], [10.638193, 51.906754], [10.635248, 51.91156], [10.631837, 51.913679], [10.615042, 51.920707], [10.613492, 51.923136], [10.613027, 51.924531], [10.615042, 51.934246], [10.618143, 51.943445], [10.623621, 51.947579], [10.626876, 51.948922], [10.641759, 51.953057], [10.644395, 51.954814], [10.64548, 51.957087], [10.64455, 51.958689], [10.641914, 51.958922], [10.634783, 51.957656], [10.629357, 51.958302], [10.624706, 51.960291], [10.618608, 51.966053], [10.615352, 51.968404], [10.590238, 51.976156], [10.588532, 51.983752], [10.587757, 51.985354], [10.586207, 51.987163], [10.572719, 51.998609], [10.571169, 52.00034], [10.570549, 52.001219], [10.570084, 52.002149], [10.569619, 52.00419], [10.570084, 52.0068], [10.573805, 52.008867], [10.580006, 52.010314], [10.609306, 52.008195], [10.615042, 52.008815], [10.621605, 52.010521], [10.635093, 52.017755], [10.643309, 52.024473], [10.651216, 52.029796], [10.652146, 52.03238], [10.651991, 52.035015], [10.651216, 52.037703], [10.651061, 52.040286], [10.652456, 52.042612], [10.660828, 52.044731], [10.717465, 52.050234], [10.850325, 52.05026], [10.876215, 52.056668], [10.896214, 52.058528], [10.945565, 52.057701], [10.955538, 52.05796], [10.959052, 52.05858], [10.96298, 52.05982], [10.965925, 52.061422], [10.968406, 52.064574], [10.969956, 52.068915], [10.970731, 52.07708], [10.970111, 52.081214], [10.969336, 52.08354], [10.967166, 52.084935], [10.951766, 52.092221], [10.949441, 52.093668], [10.94851, 52.094857], [10.947735, 52.096975], [10.94882, 52.09974], [10.951611, 52.102376], [10.958122, 52.10483], [10.9929, 52.1116], [11.013829, 52.118938], [11.038221, 52.131702], [11.043337, 52.1355], [11.048298, 52.139712], [11.056514, 52.148859], [11.057909, 52.152838], [11.057909, 52.158005], [11.054344, 52.168392], [11.050468, 52.1717], [11.045972, 52.173146], [11.041631, 52.172836], [11.037135, 52.173327], [11.03326, 52.174438], [11.030004, 52.175834], [11.027214, 52.177539], [11.025043, 52.179348], [11.022718, 52.181983], [11.019307, 52.186867], [11.019307, 52.189993], [11.020702, 52.19405], [11.029074, 52.206116], [11.03419, 52.209604], [11.037446, 52.211465], [11.057909, 52.217071], [11.072017, 52.218751], [11.07827, 52.220999], [11.080905, 52.222833], [11.082921, 52.225133], [11.084316, 52.22782], [11.085091, 52.230714], [11.085246, 52.240093], [11.084471, 52.243659], [11.082921, 52.247147], [11.078425, 52.250971], [11.075634, 52.251281], [11.073464, 52.250764], [11.072637, 52.249938], [11.070467, 52.24694], [11.068503, 52.245028], [11.066333, 52.243504], [11.063645, 52.243685], [11.062715, 52.245907], [11.061785, 52.250868], [11.06225, 52.258516], [11.0607, 52.26141], [11.055894, 52.262598], [11.047988, 52.261203], [11.044577, 52.261772], [11.042096, 52.263477], [11.037446, 52.269006], [11.033415, 52.271125], [11.027214, 52.275156], [11.01476, 52.287403], [11.014139, 52.289677], [11.01569, 52.291692], [11.021012, 52.295723], [11.032019, 52.301382], [11.033725, 52.303707], [11.033725, 52.306472], [11.030469, 52.310192], [11.027524, 52.312259], [11.026128, 52.31381], [11.025198, 52.31598], [11.024733, 52.318306], [11.023958, 52.320424], [11.022873, 52.321639], [11.020702, 52.323163], [11.013829, 52.325799], [11.005923, 52.327685], [11.002977, 52.328848], [11.001737, 52.33045], [11.000807, 52.333343], [11.000032, 52.338149], [10.999257, 52.34032], [10.999257, 52.34249], [11.001427, 52.34373], [11.008403, 52.346314], [11.018997, 52.348743], [11.047057, 52.350965], [11.0638, 52.353833], [11.066746, 52.355693], [11.069123, 52.358458], [11.070467, 52.364737], [11.072017, 52.368535], [11.072999, 52.372178], [11.070053, 52.376545], [11.066953, 52.379749], [11.037601, 52.394838], [11.024423, 52.397215], [11.020857, 52.398301], [11.01538, 52.400626], [11.010729, 52.403468], [10.939054, 52.462121], [10.940449, 52.472766], [10.941379, 52.476435], [10.943239, 52.479588], [10.945255, 52.481603], [10.946185, 52.482843], [10.946805, 52.484187], [10.94727, 52.487804], [10.948355, 52.490181], [10.950061, 52.492455], [10.952541, 52.494419], [10.955642, 52.496047], [10.96267, 52.498346], [10.966856, 52.499121], [10.971351, 52.499586], [10.976002, 52.499483], [10.994451, 52.496899], [10.998947, 52.497054], [11.001737, 52.49814], [10.999567, 52.502584], [10.994141, 52.508992], [10.96639, 52.536199], [10.963755, 52.53806], [10.960809, 52.539687], [10.955848, 52.543382], [10.953678, 52.545475], [10.951301, 52.548989], [10.94913, 52.553743], [10.946495, 52.562942], [10.945875, 52.567929], [10.946495, 52.583612], [10.947115, 52.586351], [10.948355, 52.588935], [10.950371, 52.591157], [10.952696, 52.593276], [10.969336, 52.60436], [10.974297, 52.608314], [10.976312, 52.610587], [10.977708, 52.613171], [10.976777, 52.616272], [10.973367, 52.619321], [10.96329, 52.622111], [10.957192, 52.622525], [10.952076, 52.621801], [10.948665, 52.620509], [10.937348, 52.613843], [10.933783, 52.612913], [10.928202, 52.614205], [10.91983, 52.619476], [10.884897, 52.651412], [10.84707, 52.697352], [10.836941, 52.710271], [10.828724, 52.713785], [10.821748, 52.716059], [10.811206, 52.716059], [10.805935, 52.7181], [10.800974, 52.722467], [10.796168, 52.734094], [10.794773, 52.740373], [10.793843, 52.747943], [10.791672, 52.750372], [10.778753, 52.758382], [10.774257, 52.761689], [10.763715, 52.777347], [10.759375, 52.781688], [10.757979, 52.783626], [10.756894, 52.786494], [10.756739, 52.789491], [10.757359, 52.792437], [10.76015, 52.801351], [10.76015, 52.804297], [10.759995, 52.807242], [10.75922, 52.810007], [10.757049, 52.815174], [10.756739, 52.818172], [10.757824, 52.821737], [10.76046, 52.826492], [10.76077, 52.829954], [10.758599, 52.835096], [10.76201, 52.838377], [10.795393, 52.846335], [10.842522, 52.84848], [10.885517, 52.847162], [10.898901, 52.848919], [10.914094, 52.853725], [10.941689, 52.859074], [10.960654, 52.865146], [10.970421, 52.873104], [10.989335, 52.882121], [10.99166, 52.883904], [10.993055, 52.885997], [10.993521, 52.887625], [10.993676, 52.892637], [10.993986, 52.895505], [10.994761, 52.898477], [10.995846, 52.901371], [10.997396, 52.903903], [10.998792, 52.905867], [10.999877, 52.9069], [11.000652, 52.907649], [11.002512, 52.908709], [11.014656, 52.911861], [11.034345, 52.913075], [11.050778, 52.912274], [11.080905, 52.90752], [11.098889, 52.901422], [11.10664, 52.900596], [11.165293, 52.903257], [11.213559, 52.897753], [11.216969, 52.896255], [11.21976, 52.894446], [11.22224, 52.892482], [11.225341, 52.890984], [11.237898, 52.887857], [11.240896, 52.886152], [11.242911, 52.884059], [11.244306, 52.881579], [11.246167, 52.879563], [11.248182, 52.877858], [11.250507, 52.876928], [11.253298, 52.876153], [11.258104, 52.876308], [11.264305, 52.877548], [11.272832, 52.882095], [11.278723, 52.884318], [11.284459, 52.885299], [11.292262, 52.883181], [11.312881, 52.883801], [11.373704, 52.899562], [11.408741, 52.905246], [11.412358, 52.906435], [11.470391, 52.940076], [11.479382, 52.941239], [11.498296, 52.941833], [11.500156, 52.942609], [11.502017, 52.944159], [11.500466, 52.949533], [11.497986, 52.954494], [11.496591, 52.959972], [11.496281, 52.963021], [11.496281, 52.969403], [11.500931, 52.989143], [11.501862, 52.991908], [11.506823, 53.001132], [11.509768, 53.003845], [11.515091, 53.006739], [11.525168, 53.008238], [11.530749, 53.007695], [11.538965, 53.00555], [11.551988, 53.005654], [11.56191, 53.01002], [11.58134, 53.042861], [11.625678, 53.050302], [11.635807, 53.046246], [11.636169, 53.039347], [11.636272, 53.037125], [11.630536, 53.02759], [11.622268, 53.022397], [11.635962, 53.018108], [11.669087, 53.017281], [11.68061, 53.012165], [11.687587, 52.999504], [11.689137, 52.989944], [11.694201, 52.98395], [11.711668, 52.982038], [11.721745, 52.984156], [11.747376, 52.993045], [11.762879, 52.995112], [11.793265, 52.967155], [11.807269, 52.960334], [11.838585, 52.959455], [11.850781, 52.955114], [11.845407, 52.943539], [11.833469, 52.932635], [11.831867, 52.928242], [11.896721, 52.901732], [11.90685, 52.89951], [11.92473, 52.89827], [11.938217, 52.895015], [11.965503, 52.885222], [11.982607, 52.883051], [11.997645, 52.886798], [12.022657, 52.886281], [12.092937, 52.891656], [12.096967, 52.891087], [12.100688, 52.88964], [12.107199, 52.885144], [12.1103, 52.881114], [12.112315, 52.878013], [12.11123, 52.866644], [12.125958, 52.865507], [12.136345, 52.865817], [12.170658, 52.872174], [12.174999, 52.872484], [12.17965, 52.871553], [12.191742, 52.867833], [12.203266, 52.865921], [12.208382, 52.861735], [12.213808, 52.854604], [12.233186, 52.816311], [12.233962, 52.809774], [12.229621, 52.798741], [12.197065, 52.782205], [12.195049, 52.779234], [12.194222, 52.775513], [12.1966, 52.768149], [12.19939, 52.76417], [12.202646, 52.761018], [12.206521, 52.758382], [12.208382, 52.754816], [12.208692, 52.751923], [12.204971, 52.748822], [12.195359, 52.742931], [12.191019, 52.738978], [12.190088, 52.736058], [12.190398, 52.732699], [12.193292, 52.728151], [12.19629, 52.725206], [12.201561, 52.720581], [12.203731, 52.717403], [12.205591, 52.712958], [12.207607, 52.706111], [12.210242, 52.702572], [12.213343, 52.700143], [12.2228, 52.69544], [12.225745, 52.693192], [12.228071, 52.690169], [12.228226, 52.681849], [12.225745, 52.672599], [12.215823, 52.653376], [12.209777, 52.645753], [12.204661, 52.64118], [12.194429, 52.637304], [12.185696, 52.635857], [12.166317, 52.636581], [12.161976, 52.63609], [12.159186, 52.630354], [12.15686, 52.620406], [12.155, 52.596531], [12.152985, 52.586455], [12.150814, 52.579995], [12.124253, 52.555035], [12.123322, 52.552994], [12.123942, 52.551005], [12.129989, 52.549609], [12.135001, 52.549661], [12.144768, 52.550824], [12.154535, 52.551108], [12.159031, 52.550436], [12.161666, 52.548963], [12.162596, 52.546767], [12.158876, 52.54315], [12.155775, 52.540669], [12.152365, 52.538654], [12.147559, 52.534778], [12.146318, 52.531833], [12.146008, 52.528086], [12.147714, 52.522996], [12.149574, 52.519947], [12.152985, 52.517518], [12.15593, 52.515916], [12.168643, 52.513746], [12.18244, 52.515348], [12.190088, 52.517622], [12.192982, 52.518965], [12.195824, 52.520774], [12.198305, 52.522686], [12.20063, 52.52483], [12.202181, 52.527466], [12.204506, 52.536483], [12.205901, 52.539145], [12.208382, 52.541134], [12.211792, 52.54222], [12.216908, 52.542116], [12.222489, 52.540669], [12.229931, 52.536949], [12.235357, 52.532479], [12.25024, 52.517156], [12.256027, 52.514159], [12.260833, 52.513307], [12.264244, 52.514469], [12.267965, 52.515038], [12.271995, 52.515038], [12.276026, 52.514521], [12.280057, 52.514909], [12.283933, 52.515684], [12.291064, 52.518087], [12.293855, 52.517777], [12.295095, 52.516123], [12.290754, 52.510361], [12.288274, 52.506201], [12.287808, 52.499276], [12.289049, 52.491473], [12.287963, 52.487365], [12.286723, 52.484213], [12.275251, 52.471681], [12.266104, 52.456488], [12.260213, 52.450649], [12.24931, 52.446463], [12.247656, 52.444706], [12.247036, 52.442355], [12.249206, 52.438944], [12.251067, 52.437084], [12.255562, 52.433182], [12.257268, 52.430909], [12.257423, 52.426878], [12.256182, 52.421658], [12.24931, 52.408274], [12.245279, 52.402538], [12.233342, 52.388792], [12.231946, 52.386467], [12.231636, 52.38347], [12.233652, 52.379206], [12.233186, 52.375873], [12.231016, 52.372152], [12.229466, 52.368328], [12.231481, 52.360835], [12.233186, 52.356443], [12.234737, 52.353135], [12.235202, 52.350035], [12.233962, 52.346237], [12.221404, 52.33293], [12.218614, 52.32784], [12.217529, 52.325049], [12.214738, 52.319468], [12.208072, 52.309469], [12.206676, 52.306885], [12.205746, 52.301692], [12.206211, 52.294328], [12.209002, 52.279006], [12.214428, 52.27345], [12.219854, 52.270608], [12.229621, 52.27004], [12.233342, 52.267869], [12.236442, 52.264665], [12.239853, 52.259084], [12.245589, 52.253917], [12.248069, 52.252418], [12.246519, 52.249214], [12.244969, 52.247199], [12.222024, 52.232368], [12.209002, 52.207201], [12.201561, 52.199812], [12.1997, 52.196504], [12.19908, 52.19392], [12.207607, 52.178185], [12.216598, 52.166325], [12.219699, 52.163741], [12.246106, 52.147644], [12.252772, 52.134337], [12.256338, 52.130823], [12.260523, 52.128291], [12.280522, 52.122168], [12.299126, 52.109688], [12.361344, 52.057701], [12.363876, 52.05088], [12.364186, 52.048348], [12.364186, 52.045118], [12.365116, 52.04008], [12.370697, 52.036101], [12.379224, 52.031114], [12.409455, 52.018324], [12.420824, 52.011606], [12.42563, 52.010211], [12.431831, 52.009384], [12.443768, 52.009642], [12.449814, 52.010831], [12.453845, 52.012743], [12.457255, 52.017652], [12.459581, 52.019771], [12.462526, 52.021114], [12.466557, 52.021528], [12.471518, 52.019978], [12.477306, 52.017084], [12.49746, 52.000496], [12.54433, 51.977887], [12.561539, 51.971712], [12.607634, 51.965407], [12.621587, 51.973934], [12.634299, 51.978998], [12.646443, 51.98246], [12.650939, 51.985845], [12.653109, 51.989127], [12.653419, 51.992046], [12.654814, 51.994449], [12.661016, 51.994759], [12.666752, 51.994449], [12.705406, 51.980393], [12.794754, 51.946235], [12.805761, 51.944427], [12.844105, 51.941688], [12.859143, 51.935125], [12.864259, 51.928588], [12.871907, 51.912878], [12.876868, 51.910811], [12.884775, 51.909597], [12.930715, 51.909235], [12.951179, 51.906935], [12.962031, 51.903706], [12.974123, 51.896936], [12.979911, 51.891846], [12.984252, 51.886239], [12.991538, 51.881562], [13.04771, 51.857145], [13.066159, 51.852649], [13.132253, 51.857558], [13.139384, 51.856628], [13.148273, 51.849497], [13.153389, 51.846706], [13.16083, 51.844381], [13.165171, 51.84867], [13.173077, 51.858437], [13.179124, 51.861383], [13.18455, 51.862054], [13.217933, 51.860556], [13.236846, 51.855491], [13.228165, 51.843012], [13.193851, 51.81906], [13.163466, 51.789036], [13.157885, 51.782111], [13.156489, 51.775083], [13.157264, 51.748547], [13.15897, 51.74108], [13.164706, 51.730047], [13.174473, 51.719944], [13.181604, 51.70855], [13.178348, 51.696586], [13.150443, 51.672867], [13.090498, 51.643515], [13.082282, 51.638399], [13.061663, 51.615093], [13.043835, 51.617935], [13.022854, 51.631681], [13.015258, 51.635091], [13.008746, 51.636693], [13.001615, 51.635091], [12.996964, 51.633231], [12.990608, 51.629149], [12.977844, 51.627702], [12.96415, 51.637985], [12.941877, 51.645091], [12.929785, 51.646357], [12.914695, 51.649897], [12.901983, 51.6554], [12.891027, 51.670076], [12.862037, 51.668319], [12.853097, 51.659793], [12.8008, 51.632663], [12.781577, 51.627004], [12.752225, 51.634988], [12.715328, 51.638192], [12.7006, 51.632921], [12.690471, 51.622327], [12.682875, 51.612664], [12.675433, 51.607393], [12.662101, 51.60145], [12.65497, 51.600468], [12.650474, 51.601166], [12.648613, 51.603465], [12.645978, 51.605481], [12.64143, 51.606463], [12.545105, 51.595972], [12.532393, 51.60176], [12.459271, 51.604344], [12.45245, 51.603776], [12.443458, 51.60145], [12.439427, 51.582175], [12.437877, 51.57848], [12.434776, 51.573958], [12.43059, 51.57246], [12.356383, 51.567757], [12.305947, 51.552254], [12.29773, 51.551221], [12.267345, 51.553339], [12.252152, 51.557163], [12.242488, 51.560677], [12.235357, 51.56215], [12.232411, 51.560729], [12.230861, 51.558559], [12.229776, 51.554373], [12.227915, 51.549205], [12.226365, 51.546518], [12.224815, 51.544451], [12.222179, 51.542513], [12.195359, 51.528741], [12.195359, 51.482], [12.190708, 51.47014], [12.187246, 51.469003], [12.183991, 51.467505], [12.18151, 51.465696], [12.175619, 51.45903], [12.173138, 51.457221], [12.161821, 51.45226], [12.157015, 51.449005], [12.15624, 51.446111], [12.15686, 51.443165], [12.158101, 51.440297], [12.158101, 51.428541], [12.158721, 51.425699], [12.160271, 51.423476], [12.162596, 51.421487], [12.167557, 51.414304], [12.170968, 51.39154], [12.170038, 51.375366], [12.171278, 51.37242], [12.174069, 51.367253], [12.178254, 51.362033], [12.184766, 51.35131], [12.186316, 51.343507], [12.186006, 51.336505], [12.184611, 51.331079], [12.183215, 51.32741], [12.181665, 51.324774], [12.179495, 51.322707], [12.176239, 51.32126], [12.172673, 51.320434], [12.158101, 51.319917], [12.152365, 51.317798], [12.146008, 51.313612], [12.136862, 51.30276], [12.133554, 51.296663], [12.132314, 51.291753], [12.132624, 51.289014], [12.133141, 51.286844], [12.133761, 51.285294], [12.135001, 51.283278], [12.136862, 51.281056], [12.140272, 51.273563], [12.141668, 51.252944], [12.160891, 51.236614], [12.164612, 51.226512], [12.168022, 51.197444], [12.167402, 51.194395], [12.166317, 51.191811], [12.164922, 51.18915], [12.163217, 51.186695], [12.158876, 51.182509], [12.15283, 51.177626], [12.153295, 51.170004], [12.162596, 51.167497], [12.184146, 51.164061], [12.179495, 51.136827], [12.188951, 51.124942], [12.206987, 51.115097], [12.211172, 51.111558], [12.212568, 51.10732], [12.212102, 51.103134], [12.214893, 51.094918], [12.218304, 51.0913], [12.222644, 51.088975], [12.264554, 51.083756], [12.266569, 51.076185], [12.265174, 51.07404], [12.24931, 51.056625], [12.244555, 51.042466], [12.244245, 51.036058], [12.246416, 51.032596], [12.262384, 51.028281], [12.266724, 51.026085], [12.270755, 51.023087], [12.275406, 51.016783], [12.276026, 51.012856], [12.275406, 51.009755], [12.251997, 50.982211], [12.245589, 50.976527], [12.217063, 50.954203], [12.215048, 50.945986], [12.218924, 50.937382], [12.200785, 50.927899], [12.192569, 50.928365], [12.185231, 50.936891], [12.177789, 50.940483], [12.159496, 50.952007], [12.153605, 50.953479], [12.149109, 50.953531], [12.140892, 50.94857], [12.131694, 50.945185], [12.125648, 50.94441], [12.120377, 50.944539], [12.067925, 50.956115], [12.060174, 50.956218], [12.056763, 50.955081], [12.03878, 50.951722], [12.004622, 50.949035], [11.998265, 50.949294], [11.99563, 50.950999], [11.99532, 50.953118], [11.99346, 50.959836], [11.960852, 50.970998], [11.956821, 50.973504], [11.952015, 50.977767], [11.95062, 50.981953], [11.946124, 50.989343], [11.940233, 50.99327], [11.931396, 50.998076], [11.88251, 51.012055], [11.860651, 51.022622], [11.848972, 51.024069], [11.839981, 51.022829], [11.759314, 51.019057], [11.746601, 51.012804], [11.73947, 51.014716], [11.732597, 51.017455], [11.728411, 51.020194], [11.725931, 51.022674], [11.724535, 51.025103], [11.722055, 51.033578], [11.72066, 51.036265], [11.714613, 51.042673], [11.709187, 51.047246], [11.706242, 51.054558], [11.697405, 51.06417], [11.696165, 51.07435], [11.69601, 51.083936], [11.693685, 51.088329], [11.689137, 51.091869], [11.673634, 51.099104], [11.667743, 51.100654], [11.663092, 51.101248], [11.643093, 51.098277], [11.634877, 51.096158], [11.627539, 51.095641], [11.60754, 51.097088], [11.58134, 51.09621], [11.535245, 51.100292], [11.530904, 51.099569], [11.524082, 51.097191], [11.515711, 51.092386], [11.512404, 51.090964], [11.508683, 51.089879], [11.504652, 51.089233], [11.449875, 51.09099], [11.444294, 51.092179], [11.433287, 51.095615], [11.429876, 51.097166], [11.427396, 51.098793], [11.42507, 51.101558], [11.42352, 51.103754], [11.419799, 51.110989], [11.416544, 51.122203], [11.417319, 51.123857], [11.419024, 51.125484], [11.42228, 51.125924], [11.426156, 51.127086], [11.427551, 51.129128], [11.427861, 51.133572], [11.427396, 51.139024], [11.426466, 51.143597], [11.425691, 51.146594], [11.420265, 51.159668], [11.398819, 51.182768], [11.388587, 51.189899], [11.367038, 51.195118], [11.344507, 51.204394], [11.336135, 51.211396], [11.333035, 51.216306], [11.33722, 51.22137], [11.340476, 51.224496], [11.346419, 51.228553], [11.352413, 51.230052], [11.397113, 51.234728], [11.422435, 51.243746], [11.434217, 51.250593], [11.443364, 51.259171], [11.45189, 51.271496], [11.394478, 51.325136], [11.367193, 51.357486], [11.314896, 51.383324], [11.288955, 51.388853], [11.196196, 51.397432], [11.153821, 51.396863], [10.999102, 51.408749], [10.972592, 51.418205], [10.96453, 51.427817], [10.96453, 51.436344], [10.965615, 51.443785], [10.971816, 51.462699], [10.971506, 51.466575], [10.970111, 51.469546], [10.960809, 51.477323], [10.94882, 51.492671], [10.94665, 51.496754], [10.94541, 51.499544], [10.945255, 51.502335], [10.947735, 51.518535], [10.946805, 51.522644], [10.94479, 51.525537], [10.941534, 51.526984], [10.938123, 51.528276], [10.932542, 51.532824], [10.926341, 51.539903], [10.915644, 51.557267], [10.912078, 51.565483], [10.911458, 51.571116], [10.913164, 51.573441], [10.915799, 51.575069], [10.91921, 51.576129], [10.923551, 51.576025], [10.927426, 51.575354], [10.934868, 51.572821], [10.938588, 51.572072], [10.943394, 51.572253], [10.947735, 51.5737], [10.951921, 51.576955], [10.952076, 51.581245], [10.950371, 51.586206], [10.945565, 51.594732], [10.941844, 51.59853], [10.937503, 51.600675], [10.924171, 51.600933], [10.890943, 51.609589], [10.878385, 51.617392], [10.853581, 51.617108], [10.84862, 51.617857], [10.840507, 51.619899], [10.818803, 51.628942], [10.810431, 51.631267], [10.803455, 51.632559], [10.713434, 51.631112]]]}}, {"type": "Feature", "properties": {"code": "DE-BE", "name": "Berlin", "country": "DE", "level": "region", "type": "land"}, "geometry": {"type": "Polygon", "coordinates": [[[13.473783, 52.663556], [13.476728, 52.661618], [13.479415, 52.657768], [13.483549, 52.654151], [13.499724, 52.645262], [13.501274, 52.643505], [13.50236, 52.64087], [13.502515, 52.638544], [13.500809, 52.629398], [13.499259, 52.624282], [13.499259, 52.619424], [13.500034, 52.613895], [13.500499, 52.613068], [13.50329, 52.610174], [13.569074, 52.563407], [13.590933, 52.553382], [13.603077, 52.550514], [13.611604, 52.545243], [13.626486, 52.541134], [13.64757, 52.539274], [13.648501, 52.531626], [13.625091, 52.498088], [13.623386, 52.490646], [13.626331, 52.487029], [13.66452, 52.489768], [13.677543, 52.485531], [13.696301, 52.470803], [13.736196, 52.459796], [13.742552, 52.456359], [13.750923, 52.450287], [13.750923, 52.446877], [13.749528, 52.444861], [13.743017, 52.441502], [13.739761, 52.439487], [13.738521, 52.436309], [13.738056, 52.433131], [13.738521, 52.426645], [13.736661, 52.422769], [13.734335, 52.419643], [13.716042, 52.410393], [13.712321, 52.407913], [13.7086, 52.404605], [13.704518, 52.397887], [13.704518, 52.39197], [13.706895, 52.383159], [13.706688, 52.378044], [13.705345, 52.374271], [13.703484, 52.371946], [13.701417, 52.370008], [13.700022, 52.369052], [13.698007, 52.368122], [13.696146, 52.367553], [13.673357, 52.362851], [13.671187, 52.362101], [13.667001, 52.359647], [13.653978, 52.342335], [13.64447, 52.342025], [13.64354, 52.343524], [13.642609, 52.34479], [13.642609, 52.347477], [13.641214, 52.360732], [13.637338, 52.375976], [13.632378, 52.381868], [13.626486, 52.3844], [13.615014, 52.38347], [13.609898, 52.38378], [13.584732, 52.388896], [13.565818, 52.395665], [13.528095, 52.404915], [13.519723, 52.404864], [13.514452, 52.403675], [13.511971, 52.40166], [13.509181, 52.399903], [13.50608, 52.398792], [13.503135, 52.398146], [13.494918, 52.397939], [13.484376, 52.398662], [13.479519, 52.400471], [13.475798, 52.403649], [13.473317, 52.407525], [13.468047, 52.4137], [13.463086, 52.415897], [13.458125, 52.416749], [13.448978, 52.415897], [13.43363, 52.412305], [13.430064, 52.411091], [13.427119, 52.409463], [13.424948, 52.407344], [13.424018, 52.40445], [13.424122, 52.401608], [13.424742, 52.398869], [13.426912, 52.393701], [13.427532, 52.390704], [13.427532, 52.38812], [13.425672, 52.381092], [13.394046, 52.381222], [13.375752, 52.38657], [13.371515, 52.389516], [13.36552, 52.395458], [13.354617, 52.401918], [13.349346, 52.405897], [13.34578, 52.407396], [13.336633, 52.405949], [13.312707, 52.400497], [13.309193, 52.401091], [13.304801, 52.40228], [13.29922, 52.41029], [13.295964, 52.41401], [13.294259, 52.415096], [13.292398, 52.414837], [13.291158, 52.414114], [13.285732, 52.412021], [13.25824, 52.40551], [13.252194, 52.40476], [13.248163, 52.40507], [13.239637, 52.411065], [13.226769, 52.415922], [13.219638, 52.417111], [13.214057, 52.417059], [13.172612, 52.405174], [13.169512, 52.403675], [13.166566, 52.401556], [13.163311, 52.398146], [13.15928, 52.397112], [13.156489, 52.396854], [13.121711, 52.401143], [13.11799, 52.402021], [13.111944, 52.403985], [13.094891, 52.411995], [13.092721, 52.413261], [13.0921, 52.4137], [13.09179, 52.414217], [13.091635, 52.415251], [13.0921, 52.416749], [13.093651, 52.418713], [13.103108, 52.425844], [13.104193, 52.426826], [13.105433, 52.428325], [13.105278, 52.429901], [13.105743, 52.432278], [13.107448, 52.434526], [13.109774, 52.436541], [13.112409, 52.438298], [13.11675, 52.440469], [13.116905, 52.441502], [13.111789, 52.447367], [13.110549, 52.449874], [13.109154, 52.455403], [13.109154, 52.458581], [13.110549, 52.465015], [13.112874, 52.471113], [13.114425, 52.4738], [13.116595, 52.47597], [13.119541, 52.477702], [13.126517, 52.480001], [13.129618, 52.481603], [13.156799, 52.501033], [13.156489, 52.504186], [13.156644, 52.50695], [13.140935, 52.524288], [13.143312, 52.551935], [13.147808, 52.566533], [13.148428, 52.575706], [13.147446, 52.580977], [13.144862, 52.585163], [13.145482, 52.588005], [13.146826, 52.590511], [13.148893, 52.592862], [13.152304, 52.597927], [13.154784, 52.599555], [13.157419, 52.600304], [13.164861, 52.598185], [13.207546, 52.586765], [13.216847, 52.587436], [13.216847, 52.589452], [13.216072, 52.591441], [13.214987, 52.593017], [13.211886, 52.596221], [13.210336, 52.598392], [13.209251, 52.600872], [13.209251, 52.603818], [13.210026, 52.606763], [13.211266, 52.609606], [13.220723, 52.625987], [13.223514, 52.627253], [13.252659, 52.629889], [13.261547, 52.633067], [13.272555, 52.639165], [13.27674, 52.643919], [13.279996, 52.648415], [13.282476, 52.65397], [13.285887, 52.656063], [13.289143, 52.657122], [13.300305, 52.656941], [13.302785, 52.656192], [13.301855, 52.654797], [13.300305, 52.653221], [13.299685, 52.651308], [13.30263, 52.647149], [13.303715, 52.644539], [13.303095, 52.635289], [13.304491, 52.633067], [13.306971, 52.631155], [13.310227, 52.629656], [13.326556, 52.625212], [13.364229, 52.62361], [13.374202, 52.624902], [13.379783, 52.626271], [13.382109, 52.628312], [13.383349, 52.630845], [13.388775, 52.636891], [13.412029, 52.648725], [13.431305, 52.640947], [13.434095, 52.640947], [13.438436, 52.641593], [13.440141, 52.644384], [13.442467, 52.647278], [13.445102, 52.649707], [13.468512, 52.663323], [13.473783, 52.663556]]]}}]}